LoanID,Jurisdiction,Borrower,Sector,OriginalAmount(USDk),OutstandingAmount(USDk),EAD(USDk),Rating,PD,LGD,InterestRate(%),OriginationDate,MaturityDate,Stage,DaysPastDue,DefaultFlag
LON00000,BM,"Webb, Greene and Meyers",InvestmentHoldCo,505.59,482.65,485.56,BB,0.02,0.45,6.31,2022-10-22,2032-05-18,1,0,0
LON00001,JE,Mason-Harmon,Technology,599.15,535.15,538.42,BBB,0.005,0.45,5.63,2020-01-18,2024-04-14,1,0,0
LON00002,GU,Bean Ltd,RealEstate,569.3,467.4,473.55,BBB,0.005,0.35,5.68,2021-07-15,2027-05-08,3,0,0
LON00003,KY,"Russell, Hopkins and Henry",Shipping,225.24,194.45,199.07,AA,0.0005,0.6,4.69,2021-04-23,2031-04-14,1,90,0
LON00004,BM,Young-Macias,RealEstate,1280.18,1172.31,1215.49,AA,0.0005,0.35,6.82,2024-06-02,2027-04-06,2,90,0
LON00005,KY,"Gutierrez, Hart and Medina",Energy,2482.6,2123.88,2163.01,BBB,0.005,0.25,5.58,2020-07-02,2022-02-14,1,0,0
LON00006,BM,"Leach, Diaz and Shaw",Hospitality,1058.65,1055.97,1057.56,AA,0.0005,0.35,8.16,2021-01-16,2025-12-18,1,30,0
LON00007,KY,Lopez and Sons,Energy,1189.46,1016.23,1031.97,B,0.05,0.6,6.11,2023-08-17,2029-05-11,1,90,0
LON00008,BM,Mitchell-Hurst,Energy,765.92,636.4,656.65,BB,0.02,0.45,6.67,2024-02-16,2026-03-09,1,90,0
LON00009,BM,Adams-Taylor,RealEstate,351.89,323.92,334.89,A,0.001,0.25,3.82,2022-01-23,2029-10-15,1,60,0
LON00010,KY,Thomas Group,RealEstate,726.35,568.68,571.78,BB,0.02,0.25,5.58,2024-06-05,2029-06-17,1,0,0
LON00011,BM,Harris-Black,Retail,813.93,644.81,655.41,BBB,0.005,0.45,4.76,2020-06-15,2025-05-24,1,90,0
LON00012,GU,Cline Inc,RealEstate,1022.65,970.58,1001.65,B,0.05,0.45,8.38,2023-11-02,2027-01-23,1,0,0
LON00013,JE,Martinez Group,Hospitality,887.69,857.35,879.81,A,0.001,0.25,4.87,2020-07-03,2025-12-17,1,30,0
LON00014,BM,"Duarte, Pearson and Burke",Shipping,1317.24,1147.05,1184.94,BBB,0.005,0.35,7.74,2021-04-27,2026-03-09,1,0,0
LON00015,BM,Crawford-Mcbride,RealEstate,738.5,702.61,733.21,B,0.05,0.45,5.7,2023-11-07,2032-02-05,1,90,0
LON00016,BM,Johnson LLC,Shipping,1134.03,941.29,977.2,AAA,0.0001,0.25,3.6,2022-06-16,2025-06-13,1,90,0
LON00017,KY,Khan-Carroll,Energy,1282.96,1253.07,1265.48,AAA,0.0001,0.45,7.19,2020-06-29,2029-08-06,1,0,0
LON00018,GU,"Watkins, Ochoa and Martin",Retail,1092.65,858.03,899.84,BBB,0.005,0.45,8.98,2022-12-23,2025-01-17,1,60,0
LON00019,KY,White-Beck,RealEstate,1003.18,925.96,936.04,B,0.05,0.25,5.62,2019-12-27,2028-07-30,2,0,0
LON00020,GU,Castro-Tate,Retail,1763.23,1666.32,1722.32,B,0.05,0.6,8.34,2020-02-28,2027-02-13,1,0,0
LON00021,GU,"Ramirez, Schneider and Johnson",InvestmentHoldCo,972.63,887.32,930.54,AAA,0.0001,0.25,5.65,2021-05-03,2027-06-10,1,30,0
LON00022,BM,Harris Inc,InvestmentHoldCo,710.09,708.34,715.14,B,0.05,0.6,7.61,2020-02-23,2023-01-18,1,0,0
LON00023,GU,Hill PLC,RealEstate,2801.51,2770.87,2844.44,AAA,0.0001,0.35,3.2,2020-12-06,2023-01-05,2,0,0
LON00024,KY,Williams-Reed,Hospitality,362.66,362.08,375.95,BB,0.02,0.25,4.55,2020-05-11,2023-09-16,1,0,0
LON00025,KY,Daniels PLC,Hospitality,835.62,716.01,739.37,BBB,0.005,0.6,7.16,2023-09-13,2033-03-02,1,0,0
LON00026,JE,Farrell-White,Technology,189.35,165.11,172.95,B,0.05,0.35,7.72,2020-07-26,2022-07-20,3,0,0
LON00027,GU,Chavez LLC,Hospitality,239.44,203.39,210.63,BBB,0.005,0.35,4.03,2020-12-03,2021-12-14,1,0,0
LON00028,BM,"Flores, Hebert and Rodriguez",Retail,291.65,250.46,261.25,BBB,0.005,0.6,5.85,2023-03-04,2029-10-24,2,0,0
LON00029,KY,Garcia-Wells,InvestmentHoldCo,638.47,618.41,631.88,BB,0.02,0.45,7.98,2022-09-18,2026-10-03,1,0,0
LON00030,BM,Johnson-Gentry,Shipping,1216.65,1101.51,1116.06,AA,0.0005,0.45,3.16,2023-11-20,2031-11-30,1,0,0
LON00031,BM,Garcia-Hill,PrivateWealth,150.41,134.16,140.84,BBB,0.005,0.35,5.87,2020-03-06,2025-12-03,1,90,0
LON00032,BM,"Hurley, Williams and Stanton",RealEstate,1647.98,1573.28,1627.9,AA,0.0005,0.25,7.66,2020-08-25,2023-01-02,1,90,0
LON00033,JE,Delgado PLC,Energy,172.79,149.43,155.98,A,0.001,0.25,8.24,2023-02-08,2024-08-15,1,60,0
LON00034,BM,Swanson Inc,Energy,827.06,674.94,694.5,A,0.001,0.45,6.34,2023-07-10,2033-04-15,2,30,0
LON00035,BM,"Wolf, Sexton and Mcfarland",Shipping,123.7,107.35,110.4,BB,0.02,0.25,6.33,2021-11-27,2023-11-06,1,0,0
LON00036,BM,"Alexander, Miller and Jones",Energy,980.9,972.43,973.11,BB,0.02,0.6,6.06,2023-10-07,2028-11-23,1,60,0
LON00037,BM,Reynolds LLC,Hospitality,311.03,308.62,315.47,B,0.05,0.25,3.05,2021-03-18,2030-01-03,1,0,0
LON00038,BM,"Erickson, Zhang and Robinson",Retail,1546.87,1276.59,1291.37,A,0.001,0.35,4.04,2019-12-17,2027-01-18,1,0,0
LON00039,GU,"Johnson, Higgins and Howard",Energy,740.68,631.0,654.06,AA,0.0005,0.6,3.9,2022-01-25,2024-03-22,1,0,0
LON00040,JE,Lopez-Washington,PrivateWealth,518.19,412.02,416.6,BB,0.02,0.25,3.1,2023-04-18,2026-12-03,1,0,0
LON00041,KY,Mosley Ltd,Technology,259.6,228.24,228.72,AAA,0.0001,0.35,3.51,2023-02-13,2024-04-02,1,30,0
LON00042,BM,Duncan-Pineda,InvestmentHoldCo,391.94,320.23,332.28,BBB,0.005,0.25,6.47,2022-05-08,2028-03-29,1,90,0
LON00043,KY,Hall-Hamilton,RealEstate,3143.86,2531.86,2560.05,BBB,0.005,0.35,3.47,2020-01-01,2026-10-06,3,90,0
LON00044,KY,Smith-Williamson,Retail,1332.92,1205.46,1236.93,BB,0.02,0.35,3.37,2020-02-12,2025-12-05,1,0,0
LON00045,JE,Garcia-Martinez,PrivateWealth,341.22,317.03,329.33,AAA,0.0001,0.35,3.62,2024-05-01,2026-05-28,1,0,0
LON00046,JE,Garrison Ltd,Hospitality,1165.99,912.66,937.25,BBB,0.005,0.45,7.05,2023-03-12,2032-08-11,1,0,0
LON00047,BM,Goodman-Hoffman,InvestmentHoldCo,749.36,704.39,707.25,A,0.001,0.45,6.42,2020-05-13,2029-04-26,1,90,0
LON00048,BM,"Morris, Campbell and Smith",InvestmentHoldCo,608.72,494.74,513.63,BBB,0.005,0.6,5.76,2019-10-04,2022-02-10,1,90,0
LON00049,BM,Guzman-Bonilla,Retail,1070.35,884.22,916.21,BB,0.02,0.25,3.68,2021-03-07,2022-03-16,2,30,0
LON00050,JE,Flores PLC,Technology,310.91,283.34,292.21,AA,0.0005,0.6,5.45,2019-10-22,2023-02-19,1,0,0
LON00051,KY,Jones Group,RealEstate,596.02,562.4,584.02,BBB,0.005,0.25,6.58,2023-03-12,2027-02-02,1,0,0
LON00052,BM,Lyons Ltd,Shipping,1832.04,1535.45,1587.2,A,0.001,0.35,7.86,2019-12-23,2027-02-08,2,90,0
LON00053,KY,Paul Ltd,Shipping,293.45,254.43,266.66,B,0.05,0.25,4.29,2023-09-02,2028-06-26,1,90,0
LON00054,BM,Roberson-Hood,Energy,304.79,266.22,274.7,BBB,0.005,0.25,3.78,2024-02-03,2026-11-23,1,0,0
LON00055,KY,Byrd Inc,Energy,533.21,484.11,494.26,A,0.001,0.25,8.13,2023-08-13,2032-11-12,1,0,0
LON00056,KY,Harrell-Mercado,Retail,667.93,614.01,615.27,BBB,0.005,0.25,4.67,2021-05-07,2028-12-14,1,30,0
LON00057,KY,Williams-Preston,Shipping,591.82,585.12,597.75,BB,0.02,0.25,7.71,2020-05-19,2024-09-02,1,0,0
LON00058,GU,"Osborne, Castaneda and Holmes",RealEstate,665.67,638.27,664.52,B,0.05,0.6,7.25,2022-04-21,2030-09-06,1,0,0
LON00059,KY,Butler Inc,Hospitality,736.84,663.89,679.27,B,0.05,0.6,6.14,2023-04-05,2029-06-17,2,0,0
LON00060,JE,Jones LLC,Shipping,315.97,281.55,292.76,A,0.001,0.25,4.93,2022-07-21,2031-12-01,1,0,0
LON00061,GU,Hanson and Sons,Technology,3097.3,3066.03,3104.75,BB,0.02,0.45,3.79,2020-05-29,2026-01-30,1,0,0
LON00062,GU,Osborn and Sons,RealEstate,931.17,771.04,778.51,A,0.001,0.25,5.93,2023-01-22,2031-12-31,1,0,0
LON00063,BM,Porter-Ellis,Energy,289.8,277.49,283.21,BB,0.02,0.6,8.86,2019-07-16,2022-09-02,1,0,0
LON00064,KY,Barnes-Torres,InvestmentHoldCo,427.78,403.96,406.47,AA,0.0005,0.35,8.57,2019-08-27,2023-12-14,1,0,0
LON00065,BM,Hayes and Sons,Hospitality,894.98,871.82,879.54,BB,0.02,0.25,7.5,2024-05-20,2033-10-11,1,0,0
LON00066,KY,"Parks, Martinez and Peterson",Hospitality,665.12,664.67,683.76,B,0.05,0.25,5.69,2024-01-29,2032-09-25,1,30,0
LON00067,JE,Young-Johnson,Shipping,1516.72,1201.17,1253.29,B,0.05,0.45,8.81,2022-01-29,2029-02-05,1,0,0
LON00068,JE,Mathis-Mosley,Energy,302.17,302.0,310.18,A,0.001,0.25,7.0,2023-05-07,2031-09-02,1,60,0
LON00069,BM,"Wagner, Fischer and Gates",InvestmentHoldCo,857.5,700.84,729.17,B,0.05,0.35,3.75,2020-10-17,2027-06-20,1,0,0
LON00070,BM,Holmes-Douglas,RealEstate,289.36,244.48,247.76,BBB,0.005,0.45,6.85,2023-08-21,2028-01-30,1,0,0
LON00071,BM,Knight Group,RealEstate,390.47,340.43,352.49,BB,0.02,0.35,5.17,2021-10-21,2024-04-05,1,60,0
LON00072,BM,"Cook, Cole and Haynes",Energy,1166.7,902.75,931.51,A,0.001,0.25,7.11,2019-10-07,2020-11-11,1,60,0
LON00073,BM,"Jones, Rodgers and Watson",Energy,418.5,342.56,351.53,A,0.001,0.35,5.15,2022-04-29,2025-07-03,1,0,0
LON00074,BM,White Group,PrivateWealth,728.79,597.93,612.2,AAA,0.0001,0.35,4.58,2023-01-08,2032-11-07,1,0,0
LON00075,KY,Brewer LLC,Energy,449.61,369.26,373.69,BB,0.02,0.45,6.18,2024-01-07,2029-11-27,3,30,0
LON00076,GU,Moore-Juarez,Energy,849.49,849.28,874.54,A,0.001,0.25,5.11,2022-04-30,2027-02-15,2,60,0
LON00077,BM,Moon LLC,PrivateWealth,237.86,213.16,216.4,B,0.05,0.35,7.73,2019-07-22,2025-04-22,1,90,0
LON00078,GU,Baker-Hubbard,Shipping,5941.14,5260.32,5457.12,BB,0.02,0.35,5.41,2021-08-07,2024-10-10,1,90,0
LON00079,JE,"Sanchez, Rios and Barnes",InvestmentHoldCo,169.02,154.55,160.7,BBB,0.005,0.6,7.99,2023-07-24,2032-05-07,1,0,0
LON00080,JE,Bailey and Sons,Shipping,445.31,374.46,378.23,AA,0.0005,0.45,3.36,2023-05-14,2026-09-05,1,0,0
LON00081,BM,"Guerrero, Lucero and Mcintosh",Energy,1477.83,1388.07,1398.02,A,0.001,0.45,3.55,2019-12-21,2026-10-31,1,30,0
LON00082,JE,Wilson and Sons,RealEstate,2463.6,1960.18,1991.32,A,0.001,0.25,4.11,2021-12-05,2029-04-08,1,30,0
LON00083,BM,Bryan Group,Shipping,892.68,701.77,722.09,BBB,0.005,0.45,3.65,2023-11-13,2028-01-02,1,30,0
LON00084,KY,Lee LLC,Hospitality,2312.37,2006.04,2076.23,BB,0.02,0.6,5.96,2023-11-27,2032-09-30,1,90,0
LON00085,BM,Weaver and Sons,Technology,605.1,473.49,473.85,BBB,0.005,0.25,3.92,2022-03-12,2025-03-08,1,0,0
LON00086,KY,Wagner-Garcia,Energy,232.39,217.47,223.39,AAA,0.0001,0.25,6.26,2023-09-10,2029-09-21,1,0,0
LON00087,JE,"Mason, Whitaker and Manning",Retail,5081.43,4392.92,4557.89,BB,0.02,0.25,5.44,2021-10-31,2031-07-27,1,90,0
LON00088,KY,Perkins PLC,Hospitality,254.79,227.37,236.46,BB,0.02,0.25,3.88,2019-10-09,2024-06-26,3,0,0
LON00089,GU,Gutierrez-Morgan,Retail,1261.05,1130.99,1174.67,AA,0.0005,0.6,3.76,2022-01-05,2027-03-03,1,0,0
LON00090,BM,Mccoy PLC,Energy,2373.43,1839.11,1894.46,BBB,0.005,0.25,5.18,2022-01-08,2024-08-24,1,90,0
LON00091,KY,Johnson Inc,Shipping,1770.94,1633.9,1664.82,BBB,0.005,0.25,3.45,2024-03-07,2033-05-15,1,60,0
LON00092,KY,Moss Ltd,RealEstate,1382.71,1091.21,1145.72,BBB,0.005,0.25,4.06,2019-09-22,2023-03-16,1,90,0
LON00093,KY,Hodge PLC,Retail,1229.54,1116.31,1148.92,A,0.001,0.25,4.55,2024-04-24,2030-04-23,1,0,0
LON00094,KY,Jones-Garcia,Hospitality,1409.34,1108.18,1109.45,BBB,0.005,0.35,3.46,2022-04-10,2023-10-29,1,0,0
LON00095,JE,"Lucero, Pugh and Holt",Technology,358.69,355.94,362.88,BBB,0.005,0.35,4.03,2023-07-03,2025-05-23,1,0,0
LON00096,KY,Woods-Vaughn,Hospitality,1633.45,1338.11,1346.43,A,0.001,0.45,5.73,2023-01-18,2024-08-19,1,0,0
LON00097,JE,Quinn and Sons,InvestmentHoldCo,2541.28,2061.02,2126.9,AAA,0.0001,0.6,5.62,2020-02-15,2028-11-18,1,60,0
LON00098,BM,Cole-Holmes,RealEstate,306.38,239.92,248.06,A,0.001,0.45,6.7,2021-08-14,2023-03-14,1,0,0
LON00099,BM,Wong-Ortiz,PrivateWealth,1466.6,1389.25,1402.67,BBB,0.005,0.35,6.77,2024-06-13,2034-04-20,1,60,0
LON00100,GU,Jackson PLC,Technology,447.6,378.67,394.99,BBB,0.005,0.35,5.58,2022-05-21,2032-04-13,1,0,0
LON00101,BM,"Stevenson, Morris and Williams",Hospitality,865.13,747.91,755.46,A,0.001,0.35,8.26,2020-12-31,2024-03-14,1,60,0
LON00102,KY,Matthews-Elliott,PrivateWealth,171.78,137.16,139.95,B,0.05,0.45,6.65,2021-05-08,2023-03-30,1,0,0
LON00103,KY,"Hart, Gonzalez and Brandt",PrivateWealth,952.5,769.86,803.9,BBB,0.005,0.25,7.97,2022-12-12,2030-02-20,1,60,0
LON00104,BM,Banks-Ray,InvestmentHoldCo,1132.63,934.93,947.69,B,0.05,0.45,8.7,2023-06-11,2028-09-11,2,90,0
LON00105,KY,Lawrence and Sons,Shipping,1301.75,1227.61,1260.6,B,0.05,0.45,5.68,2022-03-26,2031-06-24,1,60,0
LON00106,BM,Good Ltd,RealEstate,692.61,536.71,561.54,BBB,0.005,0.25,6.51,2022-02-24,2027-05-12,1,30,0
LON00107,BM,"Hoover, Gilmore and Ward",Technology,669.52,648.9,657.0,BB,0.02,0.25,8.17,2020-07-01,2028-09-05,2,60,0
LON00108,GU,Duran-Smith,Shipping,2389.36,1933.67,1993.17,BBB,0.005,0.25,4.35,2023-07-18,2027-11-04,1,0,0
LON00109,KY,Johnson Inc,Shipping,794.38,652.59,682.03,AA,0.0005,0.25,8.14,2019-12-19,2021-06-30,2,0,0
LON00110,KY,"Blair, Harrison and Baldwin",PrivateWealth,4942.35,4120.61,4275.17,BB,0.02,0.25,6.84,2023-03-31,2025-07-08,1,0,0
LON00111,GU,"Woodard, Gonzalez and Joyce",Technology,324.28,299.51,309.2,BBB,0.005,0.35,6.47,2021-11-24,2031-09-07,1,60,0
LON00112,KY,Watson PLC,InvestmentHoldCo,654.07,622.18,625.27,BBB,0.005,0.6,7.14,2024-02-06,2027-10-29,1,90,0
LON00113,BM,Coffey-Trujillo,Shipping,381.8,351.91,366.74,BB,0.02,0.35,3.08,2022-03-07,2026-12-01,1,0,0
LON00114,BM,"Hughes, Sanchez and Lyons",Shipping,257.75,220.85,228.03,A,0.001,0.6,5.24,2021-12-06,2023-04-28,1,0,0
LON00115,KY,"Grant, Robbins and Dorsey",RealEstate,338.11,269.96,275.22,A,0.001,0.6,4.49,2022-09-28,2032-06-09,1,0,0
LON00116,BM,Wright-Cannon,Hospitality,398.03,389.48,401.35,BB,0.02,0.25,7.84,2020-03-18,2021-04-30,1,0,0
LON00117,BM,Nichols-Jordan,RealEstate,538.54,446.63,449.38,BBB,0.005,0.35,8.99,2021-10-27,2030-07-25,1,60,0
LON00118,KY,"Boyer, Morgan and Gilbert",InvestmentHoldCo,371.3,312.81,324.66,BBB,0.005,0.25,8.55,2022-09-10,2027-09-27,1,0,0
LON00119,GU,"Walker, Davis and Wilson",PrivateWealth,996.99,898.56,927.95,BBB,0.005,0.25,8.42,2020-08-10,2023-03-19,1,0,0
LON00120,GU,"Anderson, Edwards and Stewart",PrivateWealth,263.75,242.75,250.75,BBB,0.005,0.25,8.89,2024-02-18,2033-12-12,2,0,0
LON00121,KY,"Paul, Rodriguez and Robles",Shipping,389.07,306.36,320.85,BB,0.02,0.35,8.21,2022-08-09,2030-09-30,1,0,0
LON00122,BM,Figueroa-Martin,InvestmentHoldCo,737.52,697.13,709.72,BBB,0.005,0.25,6.4,2019-12-12,2028-11-13,1,0,0
LON00123,BM,Goodman PLC,Retail,964.84,757.69,779.72,A,0.001,0.25,4.78,2021-09-01,2027-07-08,1,90,0
LON00124,GU,Ramos Inc,RealEstate,206.81,159.33,160.45,AAA,0.0001,0.6,4.14,2023-01-24,2026-07-26,1,0,0
LON00125,BM,"Morris, Sullivan and Wagner",Hospitality,176.8,155.56,163.2,BB,0.02,0.45,3.9,2024-05-21,2025-12-29,1,0,0
LON00126,BM,Cantu-Simpson,RealEstate,843.62,839.68,858.92,AA,0.0005,0.25,4.71,2020-07-24,2023-07-07,1,60,0
LON00127,KY,Stokes-Brandt,Shipping,916.27,718.12,728.17,AA,0.0005,0.35,5.76,2021-01-02,2029-01-12,1,0,0
LON00128,BM,Carter-Edwards,Hospitality,2476.78,1922.45,1963.26,BBB,0.005,0.35,6.37,2022-11-30,2026-10-19,1,30,0
LON00129,JE,Brown-Mcgee,Retail,1361.4,1308.19,1373.42,A,0.001,0.25,5.03,2021-07-25,2024-06-05,1,0,0
LON00130,KY,Leblanc Group,Technology,485.49,387.17,396.13,A,0.001,0.35,4.37,2023-05-02,2029-07-07,1,0,0
LON00131,GU,"Williams, Hall and Richard",Technology,242.32,190.2,197.48,AAA,0.0001,0.25,3.87,2023-11-17,2030-11-08,1,0,0
LON00132,BM,Dean-Rivera,PrivateWealth,499.51,465.9,470.55,BB,0.02,0.25,8.74,2020-06-10,2027-10-28,1,0,0
LON00133,BM,Miller-Holt,Shipping,161.4,142.19,146.48,B,0.05,0.25,7.49,2021-11-23,2030-03-17,2,90,0
LON00134,KY,"Silva, Thomas and Ingram",Hospitality,1110.34,969.07,997.96,A,0.001,0.45,8.62,2022-09-29,2032-09-17,1,90,0
LON00135,KY,"Mullins, Dixon and Martin",Shipping,3717.79,3163.61,3309.72,B,0.05,0.25,5.08,2023-09-21,2024-12-15,1,0,0
LON00136,BM,Arnold Inc,Retail,504.88,433.18,453.58,B,0.05,0.25,4.7,2020-05-21,2025-04-22,1,0,0
LON00137,BM,Chapman Ltd,Technology,427.15,335.8,344.35,BBB,0.005,0.35,6.22,2019-10-24,2029-07-16,1,60,0
LON00138,KY,"Miller, Reyes and Johnson",RealEstate,290.29,241.48,246.79,B,0.05,0.25,6.93,2023-10-03,2032-08-16,3,90,0
LON00139,KY,"Shelton, Baker and Olson",Technology,456.84,454.66,466.26,A,0.001,0.35,7.71,2021-03-09,2026-02-12,1,0,0
LON00140,KY,Kelley-Schultz,Shipping,1962.74,1538.96,1598.3,BB,0.02,0.35,6.78,2019-08-30,2021-10-18,1,0,0
LON00141,BM,Coleman Group,Retail,1701.22,1320.52,1370.8,AA,0.0005,0.35,3.89,2024-03-28,2027-10-10,1,90,0
LON00142,KY,"Acosta, Chase and Brooks",InvestmentHoldCo,393.74,390.8,393.07,BB,0.02,0.45,6.21,2021-04-07,2023-03-22,3,60,0
LON00143,KY,"Ramirez, Pacheco and Mcdaniel",Hospitality,268.79,237.79,244.11,B,0.05,0.35,3.47,2020-08-21,2021-09-12,1,60,0
LON00144,KY,Cooper-Davis,Shipping,1313.64,1266.86,1289.23,A,0.001,0.25,4.71,2020-09-14,2026-11-28,1,30,0
LON00145,KY,Ellis-Johnson,Shipping,403.97,327.55,330.26,B,0.05,0.35,6.63,2024-06-07,2030-06-01,1,0,0
LON00146,KY,Wilson Group,Retail,601.94,583.75,611.62,B,0.05,0.6,6.58,2024-01-29,2031-07-05,1,0,0
LON00147,BM,"Mcintosh, Adams and Padilla",InvestmentHoldCo,390.32,315.21,326.26,AA,0.0005,0.25,7.18,2020-11-21,2028-11-11,1,0,0
LON00148,KY,Bradford LLC,Retail,578.48,457.63,468.22,BB,0.02,0.35,3.29,2019-09-11,2026-05-01,1,0,0
LON00149,BM,"Smith, Matthews and Foster",RealEstate,497.97,385.62,393.45,BB,0.02,0.25,4.22,2022-03-27,2024-03-22,1,90,0
LON00150,JE,Rodriguez Ltd,InvestmentHoldCo,642.24,519.43,538.57,BBB,0.005,0.35,5.78,2022-10-16,2030-09-27,1,0,0
LON00151,GU,Clayton-Tucker,Technology,248.22,236.33,244.84,B,0.05,0.25,4.84,2024-03-11,2031-01-04,1,90,0
LON00152,BM,Castillo and Sons,Technology,464.02,406.3,424.58,BBB,0.005,0.35,8.42,2020-10-24,2027-12-23,1,90,0
LON00153,GU,Johnson and Sons,PrivateWealth,179.03,169.28,171.69,BB,0.02,0.25,8.5,2022-07-04,2027-11-08,1,0,0
LON00154,KY,"Robinson, Johnson and Tyler",Energy,1689.72,1318.16,1365.54,BB,0.02,0.25,6.6,2023-07-30,2024-12-21,1,30,0
LON00155,BM,"Newman, Dunn and Ibarra",Technology,6141.3,5255.87,5272.63,A,0.001,0.25,5.29,2019-09-20,2020-12-19,1,0,0
LON00156,BM,Williams-Martin,Hospitality,868.07,681.36,705.84,BB,0.02,0.25,7.94,2022-03-05,2024-05-30,1,0,0
LON00157,BM,Barton-Morris,Technology,533.53,522.02,535.34,BBB,0.005,0.35,5.86,2021-09-02,2027-09-18,1,60,0
LON00158,KY,"Leach, Armstrong and Fletcher",Shipping,1449.91,1364.22,1383.17,AAA,0.0001,0.6,7.55,2019-10-18,2028-03-26,1,0,0
LON00159,KY,"Garcia, Moore and Lopez",Retail,530.14,431.59,447.54,BB,0.02,0.25,7.78,2022-04-29,2023-11-24,1,0,0
LON00160,KY,Dominguez Ltd,PrivateWealth,777.45,615.55,639.26,BBB,0.005,0.35,7.66,2020-08-12,2030-05-21,1,0,0
LON00161,BM,Barrett-Ross,PrivateWealth,627.42,519.06,533.03,B,0.05,0.35,7.03,2023-10-01,2031-03-13,1,30,0
LON00162,KY,Marquez LLC,InvestmentHoldCo,240.31,194.78,195.91,B,0.05,0.45,7.72,2021-05-24,2030-08-26,1,60,0
LON00163,BM,Williams LLC,Shipping,1084.39,892.92,931.37,A,0.001,0.25,3.98,2020-09-22,2027-02-14,1,60,0
LON00164,BM,Moore Ltd,Technology,1362.48,1114.83,1129.05,BBB,0.005,0.45,4.31,2020-03-25,2021-11-18,1,60,0
LON00165,KY,Henry-Alvarado,Energy,771.56,616.74,624.5,BB,0.02,0.45,3.92,2019-10-12,2021-03-28,1,30,0
LON00166,KY,Horn Group,InvestmentHoldCo,817.52,717.7,744.41,AA,0.0005,0.25,3.52,2024-03-14,2030-09-21,1,90,0
LON00167,BM,Brown Ltd,RealEstate,2614.1,2145.05,2157.05,A,0.001,0.25,6.99,2023-02-03,2025-04-12,1,0,0
LON00168,GU,Long-Schmidt,Hospitality,916.62,909.44,953.44,A,0.001,0.35,6.58,2022-06-27,2028-04-25,1,60,0
LON00169,KY,Dudley-Hernandez,Energy,708.99,675.47,682.04,BB,0.02,0.6,7.64,2020-05-02,2024-04-12,1,90,0
LON00170,KY,Reynolds-Raymond,Energy,979.7,865.0,867.67,BB,0.02,0.45,3.52,2020-08-11,2029-09-13,1,90,0
LON00171,BM,Arnold PLC,PrivateWealth,1387.52,1224.59,1284.18,B,0.05,0.25,8.84,2021-05-27,2025-04-04,1,90,0
LON00172,BM,"Bautista, Bowen and Hall",Retail,163.11,156.49,164.03,BB,0.02,0.6,5.58,2019-11-05,2024-09-25,1,30,0
LON00173,JE,Rowland and Sons,PrivateWealth,416.28,374.87,389.63,BB,0.02,0.25,8.39,2020-06-07,2025-10-23,1,60,0
LON00174,KY,Harris-Moore,Energy,242.78,209.57,215.8,AA,0.0005,0.6,7.37,2020-05-17,2029-11-22,1,0,0
LON00175,GU,"Mata, Cross and Ellis",RealEstate,212.94,170.77,177.8,BBB,0.005,0.25,3.66,2021-03-22,2028-06-19,1,60,0
LON00176,KY,Perry and Sons,PrivateWealth,1357.89,1309.92,1355.9,B,0.05,0.25,3.0,2022-09-09,2027-07-14,1,30,0
LON00177,BM,Harris PLC,InvestmentHoldCo,302.09,233.32,234.98,BBB,0.005,0.25,7.88,2020-07-12,2022-02-12,2,30,0
LON00178,KY,Snyder-Sellers,Energy,413.81,322.41,338.28,AA,0.0005,0.35,3.75,2022-03-02,2027-03-09,1,0,0
LON00179,BM,"Bradley, Rosario and Miles",InvestmentHoldCo,2001.9,1810.65,1830.98,B,0.05,0.45,3.16,2022-08-22,2031-03-12,2,30,0
LON00180,KY,"Rogers, Houston and Vasquez",RealEstate,1219.61,1186.41,1227.74,BBB,0.005,0.6,8.84,2019-11-18,2026-05-20,1,0,0
LON00181,JE,"Duffy, Cooper and Hudson",InvestmentHoldCo,272.33,211.56,219.9,BBB,0.005,0.6,6.15,2021-01-21,2025-03-29,2,60,0
LON00182,JE,Gomez Ltd,Energy,1386.32,1242.64,1262.8,B,0.05,0.25,8.61,2020-01-13,2022-06-19,1,60,0
LON00183,GU,"Reed, Tate and Murphy",Technology,423.59,357.91,358.52,A,0.001,0.6,3.11,2019-11-21,2026-09-21,1,0,0
LON00184,BM,"Johnson, Taylor and Ford",Hospitality,737.47,690.26,719.71,B,0.05,0.25,7.06,2021-08-13,2026-02-24,1,90,0
LON00185,BM,Ali-Ortiz,InvestmentHoldCo,1040.76,1016.65,1053.81,BBB,0.005,0.25,3.02,2024-02-17,2033-02-02,2,0,0
LON00186,KY,Tucker-Beck,Energy,221.27,181.9,189.84,BB,0.02,0.25,3.06,2019-11-07,2027-07-17,1,0,0
LON00187,KY,May-Wagner,RealEstate,356.7,276.07,277.19,BB,0.02,0.25,5.34,2021-12-03,2024-04-29,1,0,0
LON00188,KY,"Stephens, Brewer and Moore",InvestmentHoldCo,223.16,173.75,175.84,A,0.001,0.25,8.35,2024-02-07,2025-11-24,2,0,0
LON00189,BM,Brown-Martin,Energy,749.44,672.72,702.75,BBB,0.005,0.35,5.85,2022-01-26,2030-02-16,1,30,0
LON00190,KY,Molina-Perkins,RealEstate,569.48,555.92,567.85,AAA,0.0001,0.45,5.23,2024-02-22,2030-11-10,1,0,0
LON00191,GU,Oneal-Hampton,PrivateWealth,363.67,311.67,315.43,BBB,0.005,0.35,3.76,2022-11-15,2024-03-09,1,0,0
LON00192,GU,Salinas LLC,RealEstate,790.44,659.42,684.89,BB,0.02,0.35,7.58,2022-04-13,2031-06-06,1,30,0
LON00193,GU,Le-Henry,PrivateWealth,411.95,326.54,326.98,A,0.001,0.45,8.06,2020-01-12,2021-01-11,2,0,0
LON00194,GU,Brooks Ltd,Retail,149.1,135.7,139.29,A,0.001,0.6,5.64,2020-01-15,2023-08-10,2,0,0
LON00195,BM,Smith-Medina,Energy,593.91,559.28,560.53,BBB,0.005,0.35,4.74,2023-10-22,2031-02-18,1,0,0
LON00196,BM,Morris Inc,Energy,480.02,373.24,390.51,A,0.001,0.45,5.03,2020-06-05,2028-06-24,2,90,0
LON00197,KY,Campbell Group,PrivateWealth,856.75,767.43,804.17,BBB,0.005,0.25,4.39,2023-04-05,2024-07-30,1,0,0
LON00198,GU,Paul Inc,Technology,285.25,221.26,228.56,BB,0.02,0.35,8.28,2024-03-11,2032-03-05,1,0,0
LON00199,BM,"Compton, Johnson and English",Technology,1713.1,1456.11,1466.12,A,0.001,0.25,3.55,2023-12-12,2028-05-18,2,0,0
LON00200,BM,"Brown, Willis and Hall",Hospitality,2390.51,1990.26,2072.24,AA,0.0005,0.45,6.83,2023-12-09,2031-01-21,2,0,0
LON00201,BM,"Lee, Hansen and Newton",Shipping,502.98,429.5,441.02,BBB,0.005,0.25,5.58,2020-10-19,2027-12-05,1,0,0
LON00202,BM,Zimmerman PLC,InvestmentHoldCo,1274.97,1103.4,1114.34,BB,0.02,0.6,4.41,2023-07-21,2029-06-18,1,60,0
LON00203,BM,Smith LLC,Retail,209.15,186.37,193.7,BB,0.02,0.35,4.15,2019-10-15,2022-12-04,2,0,0
LON00204,KY,Smith PLC,Shipping,814.14,702.32,727.04,BBB,0.005,0.45,6.85,2021-10-07,2031-01-27,1,0,0
LON00205,JE,"Greene, Fischer and Jones",InvestmentHoldCo,633.54,565.12,575.83,BB,0.02,0.6,7.76,2023-09-18,2033-05-19,1,60,0
LON00206,GU,Henry Group,RealEstate,685.09,564.52,577.51,AA,0.0005,0.25,3.4,2024-05-23,2029-10-11,1,30,0
LON00207,KY,"Porter, Riley and Carlson",Technology,366.47,351.0,352.64,BBB,0.005,0.35,5.42,2024-04-16,2027-02-20,1,0,0
LON00208,KY,Bell LLC,PrivateWealth,1079.69,840.68,845.59,BBB,0.005,0.25,8.71,2020-03-02,2029-02-16,1,30,0
LON00209,BM,"Jensen, King and Wells",InvestmentHoldCo,160.71,152.45,158.64,BBB,0.005,0.25,4.93,2021-09-06,2023-01-21,1,90,0
LON00210,KY,Reyes Group,Technology,203.27,166.14,173.86,B,0.05,0.45,4.26,2020-04-02,2029-10-27,1,30,0
LON00211,KY,Garner LLC,Technology,578.62,505.7,525.55,B,0.05,0.45,5.57,2023-09-05,2031-09-01,2,0,0
LON00212,BM,Rice-Thornton,InvestmentHoldCo,1011.69,962.59,974.3,A,0.001,0.35,6.84,2024-02-23,2028-10-12,1,0,0
LON00213,KY,Bryant-Green,Technology,1004.4,837.63,879.48,BBB,0.005,0.45,3.81,2022-04-28,2024-01-05,2,0,0
LON00214,JE,Warren Inc,PrivateWealth,703.87,609.81,622.75,B,0.05,0.25,8.2,2020-07-20,2028-10-12,1,0,0
LON00215,KY,Mcdonald LLC,Retail,552.29,500.09,524.98,BBB,0.005,0.35,6.08,2022-05-21,2030-01-07,1,90,0
LON00216,KY,Morrison-Jacobs,Retail,280.5,246.5,246.67,AA,0.0005,0.25,5.99,2023-04-01,2024-09-10,1,0,0
LON00217,BM,"Rodgers, Armstrong and Hernandez",Shipping,243.42,200.78,208.68,BBB,0.005,0.35,7.97,2021-02-09,2026-12-04,1,0,0
LON00218,BM,Bailey Inc,Shipping,978.24,893.81,914.59,AA,0.0005,0.35,5.86,2023-04-24,2028-01-02,1,60,0
LON00219,GU,"Carter, Joseph and Johnson",Hospitality,2173.79,1960.7,2056.68,BB,0.02,0.45,5.39,2022-03-04,2027-09-27,1,0,0
LON00220,GU,Nguyen-Andrews,RealEstate,956.14,862.5,872.95,BBB,0.005,0.35,8.22,2020-11-13,2024-05-14,1,0,0
LON00221,KY,Peterson Group,Shipping,678.35,590.91,611.49,BBB,0.005,0.25,5.64,2020-12-19,2028-02-25,1,0,0
LON00222,KY,Norris-Barnes,RealEstate,1217.92,987.44,1009.79,B,0.05,0.35,5.3,2022-03-23,2025-07-08,2,60,0
LON00223,BM,"Thomas, Cross and Cruz",Technology,912.03,814.02,842.86,BB,0.02,0.25,8.44,2024-01-07,2030-05-30,2,0,0
LON00224,GU,"Maldonado, Goodwin and Higgins",Shipping,1102.17,1046.55,1051.58,A,0.001,0.35,7.95,2023-09-12,2030-07-01,1,30,0
LON00225,JE,Krueger-Scott,Hospitality,1105.5,1074.27,1098.21,A,0.001,0.45,6.9,2022-07-30,2030-05-23,1,0,0
LON00226,GU,Richard-Torres,Energy,622.47,483.19,489.08,AA,0.0005,0.25,7.11,2021-07-26,2028-02-23,1,30,0
LON00227,KY,"Smith, Phillips and Briggs",Hospitality,1043.22,911.4,956.67,AA,0.0005,0.35,3.01,2021-01-18,2026-04-25,1,60,0
LON00228,BM,Coleman Inc,Energy,487.62,419.17,436.51,AA,0.0005,0.35,7.27,2019-11-10,2029-09-28,1,0,0
LON00229,BM,Bean-Williams,Technology,337.19,284.04,294.96,B,0.05,0.45,4.61,2022-02-03,2031-03-10,1,0,0
LON00230,GU,"Shields, Maldonado and Taylor",Hospitality,567.43,537.69,561.08,BBB,0.005,0.45,4.16,2020-03-24,2029-12-17,1,0,0
LON00231,BM,"Smith, Gomez and Green",Energy,1325.22,1021.31,1062.36,BBB,0.005,0.25,7.75,2019-09-06,2024-12-13,1,0,0
LON00232,KY,Meyer-Brown,RealEstate,656.31,540.07,551.0,BB,0.02,0.45,3.25,2021-04-04,2023-08-18,1,0,0
LON00233,BM,Guerrero-Garcia,Energy,437.75,395.78,396.91,BB,0.02,0.25,4.57,2022-06-20,2025-10-31,1,0,0
LON00234,BM,Lozano Group,PrivateWealth,596.77,487.43,498.4,A,0.001,0.35,4.55,2021-05-01,2026-03-12,3,0,0
LON00235,KY,Long-Boyd,Shipping,447.45,365.09,382.39,BB,0.02,0.35,5.41,2020-02-07,2022-12-16,1,30,0
LON00236,BM,Walker Group,Energy,527.11,430.78,450.44,BBB,0.005,0.6,5.92,2021-04-04,2024-02-26,1,90,0
LON00237,KY,Torres-Adams,Shipping,1023.66,870.2,906.28,B,0.05,0.25,6.99,2023-03-18,2024-07-07,1,30,0
LON00238,KY,"Luna, Howell and Bauer",RealEstate,934.87,771.9,773.95,BBB,0.005,0.25,3.86,2021-05-30,2027-06-23,1,60,0
LON00239,KY,Murray PLC,Energy,594.7,487.24,502.14,AAA,0.0001,0.25,7.67,2023-09-07,2026-08-08,1,0,0
LON00240,KY,"Armstrong, Downs and Hicks",Energy,834.16,651.34,682.07,A,0.001,0.25,5.58,2024-04-14,2031-08-01,1,30,0
LON00241,JE,"Rodriguez, Wright and Armstrong",Shipping,1493.15,1218.12,1269.11,A,0.001,0.6,8.36,2024-03-05,2028-09-25,1,0,0
LON00242,KY,Hancock-Garcia,InvestmentHoldCo,830.59,782.93,797.24,AAA,0.0001,0.6,8.54,2019-12-28,2025-11-26,1,30,0
LON00243,BM,Mitchell-Hart,RealEstate,709.26,652.27,656.54,BBB,0.005,0.45,5.07,2021-01-18,2029-04-30,1,60,0
LON00244,GU,"Williams, Wall and Walker",Retail,580.01,464.24,478.3,AAA,0.0001,0.25,4.84,2022-12-13,2027-05-11,1,0,0
LON00245,KY,Rodriguez-Hahn,Hospitality,2067.59,1979.32,1985.01,BBB,0.005,0.35,8.59,2020-05-13,2021-11-12,1,60,0
LON00246,BM,Roberts Group,PrivateWealth,635.39,498.66,515.54,BB,0.02,0.6,7.39,2022-07-19,2026-05-30,1,0,0
LON00247,BM,"Vaughn, Fischer and Mendoza",Energy,326.95,254.41,257.13,BBB,0.005,0.35,8.14,2024-06-21,2033-12-03,1,30,0
LON00248,GU,Howell-Brown,PrivateWealth,662.3,526.21,535.11,AA,0.0005,0.25,4.09,2023-11-04,2025-02-06,2,90,0
LON00249,JE,Scott PLC,Technology,1366.19,1357.15,1399.14,BB,0.02,0.25,8.41,2022-01-06,2024-04-19,1,90,0
LON00250,KY,Ferrell PLC,RealEstate,581.45,484.06,501.13,A,0.001,0.45,4.14,2020-09-04,2026-08-09,1,0,0
LON00251,KY,Cross-James,InvestmentHoldCo,291.1,282.87,292.82,AA,0.0005,0.35,4.05,2023-04-06,2024-05-03,1,0,0
LON00252,KY,Davis-Carrillo,PrivateWealth,646.3,611.16,613.35,B,0.05,0.35,5.72,2024-06-11,2027-12-05,1,0,0
LON00253,BM,"Woods, Allen and Erickson",Shipping,1088.69,868.63,905.62,BBB,0.005,0.45,7.94,2022-07-31,2031-04-30,1,0,0
LON00254,JE,"Cohen, Delgado and Miller",InvestmentHoldCo,865.02,830.85,846.91,A,0.001,0.35,8.15,2023-06-22,2029-01-14,1,0,0
LON00255,BM,French Inc,InvestmentHoldCo,314.74,254.32,261.11,A,0.001,0.25,4.43,2023-01-04,2027-01-11,1,90,0
LON00256,BM,"Burns, Miranda and Guerrero",Hospitality,995.67,923.15,959.12,BBB,0.005,0.25,8.23,2023-11-25,2031-10-25,1,60,0
LON00257,KY,Blair-English,RealEstate,798.51,741.44,772.41,BBB,0.005,0.25,8.83,2019-09-10,2025-12-22,1,0,0
LON00258,JE,Thornton PLC,PrivateWealth,1527.31,1225.58,1260.11,BBB,0.005,0.35,6.78,2019-07-23,2022-04-30,1,90,0
LON00259,KY,Brooks-Brown,Shipping,640.48,575.02,599.31,B,0.05,0.25,3.75,2023-04-03,2030-12-15,1,90,0
LON00260,KY,"Pearson, Savage and Ho",Energy,1497.52,1348.16,1358.08,BBB,0.005,0.6,6.87,2024-04-25,2032-06-21,2,90,0
LON00261,KY,Johnson PLC,Retail,1307.53,1277.78,1340.67,A,0.001,0.6,7.51,2020-07-31,2024-11-15,1,0,0
LON00262,BM,Matthews Inc,PrivateWealth,1600.44,1576.7,1609.04,BB,0.02,0.25,7.44,2023-12-07,2029-01-25,1,0,0
LON00263,BM,"Daniels, Diaz and Moore",Shipping,685.78,600.06,628.06,A,0.001,0.35,7.58,2021-01-22,2024-12-17,1,0,0
LON00264,GU,"Harris, Maxwell and Young",PrivateWealth,780.9,602.03,622.87,BBB,0.005,0.45,3.94,2022-06-14,2029-12-18,1,30,0
LON00265,GU,Green Group,PrivateWealth,641.98,512.61,517.0,AA,0.0005,0.35,8.13,2023-03-20,2028-03-24,1,30,0
LON00266,GU,"Mcmahon, Mejia and Floyd",Shipping,521.14,449.6,469.81,BBB,0.005,0.25,6.73,2023-09-06,2028-08-04,1,0,0
LON00267,KY,Jones PLC,Retail,2639.39,2579.97,2702.55,A,0.001,0.35,6.17,2019-09-26,2024-06-23,1,0,0
LON00268,BM,"Carroll, Barnes and Sanchez",Shipping,238.13,226.33,235.27,A,0.001,0.6,8.69,2024-03-25,2029-04-13,1,90,0
LON00269,KY,Kelly-Kim,Retail,571.3,447.29,455.47,A,0.001,0.45,6.89,2023-12-16,2031-04-17,1,0,0
LON00270,BM,"Williams, Blake and Pugh",Energy,1226.32,971.53,972.7,BBB,0.005,0.6,8.7,2023-01-20,2026-08-15,1,90,0
LON00271,KY,Brown-Underwood,Shipping,515.93,474.66,480.74,BB,0.02,0.35,7.3,2021-04-06,2029-03-26,3,0,0
LON00272,GU,Foster-Schaefer,Technology,1013.1,871.27,905.09,BBB,0.005,0.45,3.44,2021-10-06,2026-06-14,2,0,0
LON00273,GU,Burnett and Sons,Retail,2493.86,2131.89,2139.82,BBB,0.005,0.35,8.55,2023-09-08,2029-04-10,1,30,0
LON00274,BM,Holder and Sons,Retail,289.64,248.7,258.31,BBB,0.005,0.45,7.12,2024-02-05,2026-10-19,1,0,0
LON00275,KY,Harris-Mason,PrivateWealth,657.79,654.15,659.69,BB,0.02,0.45,5.58,2021-02-07,2030-03-21,2,90,0
LON00276,KY,Williams-Watson,Technology,1165.48,969.93,981.35,B,0.05,0.25,4.15,2021-03-16,2023-07-12,1,0,0
LON00277,KY,"Hill, Hoover and Garcia",Hospitality,573.3,559.67,578.32,B,0.05,0.25,6.2,2023-03-08,2031-09-10,1,0,0
LON00278,KY,Bailey-Johnson,RealEstate,481.58,381.1,397.46,AA,0.0005,0.25,7.47,2019-07-28,2021-12-30,1,0,0
LON00279,BM,Ortega-Payne,Shipping,440.68,396.57,400.46,BBB,0.005,0.6,5.3,2023-12-01,2026-01-09,1,0,0
LON00280,KY,Cardenas Group,Shipping,1158.32,910.34,937.81,A,0.001,0.25,4.93,2022-11-27,2027-08-19,1,90,0
LON00281,GU,"Morales, Moore and Johnson",Retail,719.79,680.88,692.96,A,0.001,0.25,8.09,2022-07-01,2029-09-04,2,0,0
LON00282,KY,"Blanchard, Jones and Harvey",Shipping,847.64,693.14,718.03,B,0.05,0.35,4.81,2022-12-21,2024-05-24,2,60,0
LON00283,KY,Wright LLC,Energy,731.88,621.84,637.57,BBB,0.005,0.35,4.96,2021-12-08,2025-12-22,1,60,0
LON00284,KY,Warren-Williams,Hospitality,675.69,555.72,578.76,BBB,0.005,0.6,5.48,2021-10-18,2022-12-08,1,0,0
LON00285,BM,Glenn-Conway,Shipping,855.22,675.33,689.63,BBB,0.005,0.25,8.8,2024-06-09,2029-01-22,1,0,0
LON00286,JE,Sanchez-Zimmerman,Technology,344.48,287.96,294.59,BBB,0.005,0.45,3.2,2021-09-27,2024-09-14,1,90,0
LON00287,GU,Munoz Inc,Retail,712.1,586.85,602.3,BBB,0.005,0.25,6.02,2023-03-15,2032-10-21,1,30,0
LON00288,KY,Simpson-Foster,Energy,1468.38,1255.84,1266.46,BBB,0.005,0.25,6.7,2020-06-27,2026-10-11,1,0,0
LON00289,KY,Brewer LLC,PrivateWealth,234.8,199.11,204.34,A,0.001,0.35,6.92,2023-02-26,2024-10-29,1,60,0
LON00290,GU,Love-Johnson,Shipping,269.59,213.59,214.11,BBB,0.005,0.25,6.09,2023-06-11,2029-02-11,1,0,0
LON00291,KY,"Brown, Hamilton and Guerrero",Technology,2394.53,1961.85,2006.28,BBB,0.005,0.35,8.4,2022-12-21,2032-12-02,1,0,0
LON00292,BM,Garcia-Thomas,Hospitality,358.33,337.16,341.04,A,0.001,0.6,7.55,2024-05-16,2031-07-16,1,0,0
LON00293,BM,"Stevens, Hancock and Costa",RealEstate,400.99,339.12,354.5,BB,0.02,0.45,4.7,2023-03-12,2026-09-10,1,0,0
LON00294,JE,Porter and Sons,Technology,597.86,497.45,498.37,BBB,0.005,0.45,8.12,2021-09-14,2031-05-06,1,0,0
LON00295,BM,"Alexander, Williams and Horn",Energy,774.86,630.59,659.96,A,0.001,0.45,7.76,2023-09-05,2029-03-08,1,0,0
LON00296,GU,Rodriguez PLC,RealEstate,467.45,423.53,443.76,A,0.001,0.6,8.42,2023-02-04,2028-07-12,1,90,0
LON00297,BM,"Moreno, Flores and Hudson",RealEstate,1051.96,907.41,929.09,BB,0.02,0.25,4.29,2022-01-05,2027-12-15,1,60,0
LON00298,KY,Lee-Williams,PrivateWealth,267.31,209.52,215.25,BB,0.02,0.35,3.59,2023-05-01,2028-08-05,2,0,0
LON00299,KY,Avila-May,PrivateWealth,341.65,297.31,310.15,BBB,0.005,0.25,7.97,2021-06-01,2029-09-04,1,0,0
LON00300,KY,Miller-Erickson,Hospitality,256.81,241.09,252.84,A,0.001,0.6,6.56,2019-08-28,2025-05-23,1,0,0
LON00301,KY,Branch-Henderson,Energy,456.85,370.29,388.52,A,0.001,0.25,4.13,2022-12-13,2028-10-28,1,0,0
LON00302,KY,"Smith, Phillips and Mack",Shipping,518.59,412.27,428.04,B,0.05,0.35,5.43,2020-08-16,2025-01-23,1,0,0
LON00303,KY,Thomas Inc,RealEstate,2053.54,1807.57,1840.74,A,0.001,0.35,3.65,2020-08-26,2024-07-24,1,60,0
LON00304,BM,Olson-Smith,InvestmentHoldCo,781.74,769.66,808.06,A,0.001,0.35,5.59,2023-11-24,2033-11-20,1,30,0
LON00305,JE,"Middleton, Guerrero and Stevenson",InvestmentHoldCo,1935.04,1534.44,1607.37,BB,0.02,0.45,6.32,2019-12-25,2029-12-13,1,0,0
LON00306,KY,Bailey and Sons,Technology,619.93,481.58,498.06,BBB,0.005,0.25,6.03,2024-04-11,2027-05-17,1,30,0
LON00307,KY,Clark Inc,Retail,888.78,817.47,837.7,BB,0.02,0.25,3.11,2023-06-14,2031-10-06,1,0,0
LON00308,KY,Anderson-Harrison,Hospitality,344.84,314.79,325.25,B,0.05,0.35,8.32,2019-09-03,2026-12-01,1,0,0
LON00309,KY,Peterson-Case,Energy,902.83,709.11,710.7,A,0.001,0.25,6.54,2022-06-10,2032-05-28,1,0,0
LON00310,BM,Baker-Guerrero,Hospitality,410.93,321.16,336.87,BBB,0.005,0.25,3.81,2021-01-07,2026-01-23,1,30,0
LON00311,KY,"Weaver, Wood and Hall",Shipping,369.45,311.51,314.89,BB,0.02,0.25,6.11,2020-08-31,2026-08-22,1,0,0
LON00312,KY,Cunningham-Bryan,Hospitality,502.62,446.39,462.36,BBB,0.005,0.25,4.87,2023-12-16,2033-01-04,1,0,0
LON00313,KY,Mendoza-Lee,Hospitality,367.82,325.88,340.69,A,0.001,0.25,8.74,2023-11-24,2030-12-26,1,60,0
LON00314,KY,Martinez PLC,PrivateWealth,1347.03,1094.49,1101.57,BB,0.02,0.45,5.77,2021-07-20,2024-08-23,1,0,0
LON00315,KY,George Group,Hospitality,1024.53,850.99,851.78,BBB,0.005,0.25,5.17,2023-04-30,2030-07-21,1,60,0
LON00316,KY,"Kelly, Fletcher and Bonilla",Retail,759.6,728.94,755.27,AA,0.0005,0.35,6.95,2019-07-04,2024-07-24,1,0,0
LON00317,KY,Young-Smith,PrivateWealth,664.87,552.29,577.22,BB,0.02,0.25,8.2,2024-04-08,2027-10-03,1,0,0
LON00318,BM,"Gonzales, Garrett and Shaw",Energy,566.22,469.36,482.21,B,0.05,0.25,6.48,2020-06-06,2029-04-03,1,30,0
LON00319,KY,"Faulkner, Crawford and Arias",Energy,538.63,501.72,504.22,BB,0.02,0.35,4.49,2023-06-30,2032-07-12,1,90,0
LON00320,KY,Smith Group,Energy,527.12,469.87,478.68,BBB,0.005,0.25,8.43,2021-12-04,2031-10-21,2,0,0
LON00321,BM,Espinoza-Silva,Shipping,206.75,167.5,174.04,BB,0.02,0.35,8.57,2021-09-01,2028-01-08,1,30,0
LON00322,KY,"Hernandez, Page and Hess",Retail,503.35,392.73,399.78,BBB,0.005,0.25,7.58,2022-09-24,2025-03-07,1,0,0
LON00323,BM,Sanchez-Gentry,InvestmentHoldCo,572.96,540.86,562.62,BB,0.02,0.35,5.41,2020-06-05,2029-01-05,1,0,0
LON00324,BM,"Smith, Freeman and Cortez",Technology,1695.18,1342.48,1347.38,BBB,0.005,0.35,8.45,2020-04-28,2021-04-30,1,0,0
LON00325,KY,"Roberson, Garza and Brock",Shipping,973.85,817.21,854.68,AAA,0.0001,0.25,6.16,2022-11-26,2030-08-08,3,0,0
LON00326,GU,Winters LLC,RealEstate,1716.07,1566.35,1579.57,AAA,0.0001,0.6,5.7,2023-04-18,2024-10-23,1,60,0
LON00327,KY,Gray Group,Shipping,794.33,625.27,647.9,BB,0.02,0.6,7.33,2021-08-18,2029-11-20,1,0,0
LON00328,GU,Brown-Garcia,InvestmentHoldCo,1847.39,1647.62,1709.74,BBB,0.005,0.25,7.62,2022-06-10,2029-07-24,1,90,0
LON00329,JE,Hart PLC,Hospitality,823.85,765.69,777.99,A,0.001,0.35,8.77,2021-04-22,2022-06-07,1,90,0
LON00330,KY,Owens-Williams,Hospitality,93.91,91.45,93.58,BBB,0.005,0.35,7.03,2020-08-18,2024-08-21,1,0,0
LON00331,BM,Norton-Mccullough,RealEstate,840.66,805.51,812.2,AAA,0.0001,0.45,7.5,2022-05-11,2024-11-18,2,0,0
LON00332,JE,"Brown, Jackson and Jones",Hospitality,1278.96,991.84,1013.91,A,0.001,0.45,5.36,2022-02-28,2024-06-07,2,0,0
LON00333,KY,Singleton Inc,Energy,827.03,678.05,691.51,BB,0.02,0.45,7.56,2024-06-07,2032-10-23,1,30,0
LON00334,BM,"Turner, Guerrero and Davis",InvestmentHoldCo,590.4,492.08,494.18,AAA,0.0001,0.35,3.59,2023-08-29,2025-12-26,1,60,0
LON00335,KY,Thomas-Martinez,Hospitality,606.5,499.5,502.62,BB,0.02,0.25,6.7,2021-12-31,2025-06-01,1,0,0
LON00336,BM,Simon Group,RealEstate,1941.09,1783.47,1841.71,BB,0.02,0.25,8.37,2022-08-12,2024-03-15,1,0,0
LON00337,KY,"Hartman, Reid and Chapman",Shipping,1444.21,1284.02,1341.78,AA,0.0005,0.35,4.1,2020-02-28,2026-12-04,1,0,0
LON00338,KY,Moore-Owens,InvestmentHoldCo,485.8,379.63,384.9,BBB,0.005,0.45,6.45,2023-05-26,2028-04-18,1,0,0
LON00339,BM,Dorsey-Lewis,Energy,1735.76,1382.83,1448.4,BB,0.02,0.25,8.37,2021-04-08,2031-04-05,1,0,0
LON00340,BM,"Bowers, Matthews and Phillips",PrivateWealth,1157.76,1138.0,1163.97,A,0.001,0.25,3.18,2020-10-27,2024-01-15,1,0,0
LON00341,KY,Carter Inc,Technology,950.27,754.79,785.77,BBB,0.005,0.6,5.86,2022-01-07,2024-10-01,1,90,0
LON00342,KY,"Watson, Hill and Cruz",Hospitality,810.77,761.41,782.0,A,0.001,0.45,4.69,2023-08-16,2031-09-12,1,0,0
LON00343,GU,Williams-Flores,PrivateWealth,365.97,309.16,323.03,A,0.001,0.35,8.53,2023-09-02,2027-06-29,1,60,0
LON00344,BM,"Jackson, Burns and Flores",InvestmentHoldCo,2639.86,2368.97,2373.38,BB,0.02,0.25,5.72,2021-11-09,2030-12-21,1,0,0
LON00345,KY,"Randall, Johnson and Zavala",Shipping,396.68,336.38,345.96,A,0.001,0.35,5.86,2023-01-18,2029-08-16,1,60,0
LON00346,KY,"Finley, Ramos and Patel",PrivateWealth,697.99,688.46,720.87,AAA,0.0001,0.35,6.02,2020-10-11,2025-08-26,1,0,0
LON00347,BM,"Watkins, Bird and Moore",RealEstate,234.15,208.13,209.93,A,0.001,0.45,3.85,2022-12-23,2027-03-27,1,60,0
LON00348,BM,"Jones, Kim and Harrison",Hospitality,1438.86,1277.65,1313.63,A,0.001,0.6,5.44,2020-10-18,2023-01-25,1,90,0
LON00349,KY,Mayo Inc,Hospitality,251.89,224.85,233.93,B,0.05,0.25,7.29,2022-05-13,2031-02-27,2,0,0
LON00350,BM,Douglas-Zavala,Technology,248.75,242.9,244.45,B,0.05,0.35,3.58,2023-06-15,2026-09-25,1,60,0
LON00351,BM,"Garcia, Bradley and Marshall",Technology,804.25,782.76,813.59,AAA,0.0001,0.25,8.69,2021-07-12,2026-08-12,1,0,0
LON00352,KY,Carlson-Stevenson,InvestmentHoldCo,607.05,590.76,603.94,AAA,0.0001,0.45,3.63,2022-07-04,2028-04-28,3,30,0
LON00353,GU,Castaneda-Torres,RealEstate,1135.24,1044.59,1069.33,A,0.001,0.25,8.92,2023-01-20,2026-07-23,2,0,0
LON00354,KY,Brown-White,Hospitality,841.48,680.2,695.76,A,0.001,0.25,8.55,2022-04-18,2032-03-27,1,30,0
LON00355,KY,"Medina, Ochoa and Mccoy",Energy,113.74,90.44,93.57,B,0.05,0.35,8.5,2020-12-27,2028-09-08,1,0,0
LON00356,BM,Wood-Arnold,Shipping,498.9,449.08,452.67,BBB,0.005,0.25,5.13,2021-02-07,2022-05-25,1,0,0
LON00357,GU,"Garcia, Drake and Hess",PrivateWealth,2977.8,2708.03,2749.68,BBB,0.005,0.45,5.21,2023-05-13,2031-05-19,1,30,0
LON00358,BM,"Stewart, Rivera and Payne",Shipping,336.6,309.93,317.11,B,0.05,0.35,6.12,2020-03-06,2024-10-17,1,30,0
LON00359,BM,Love-Aguilar,Shipping,497.54,415.25,433.63,BBB,0.005,0.45,7.58,2023-06-19,2029-03-02,1,90,0
LON00360,BM,Norris PLC,PrivateWealth,455.99,393.67,408.36,A,0.001,0.6,7.91,2022-03-11,2031-12-09,1,0,0
LON00361,JE,Garcia-Gutierrez,PrivateWealth,185.04,180.7,181.56,AA,0.0005,0.25,5.18,2020-03-22,2023-06-10,1,30,0
LON00362,BM,"Jones, Evans and Yates",Hospitality,593.79,577.59,583.48,A,0.001,0.25,5.23,2020-08-23,2028-05-11,1,0,0
LON00363,KY,Hicks-Hanson,Retail,239.54,208.95,211.79,AA,0.0005,0.45,5.69,2021-11-13,2027-11-27,1,0,0
LON00364,BM,Wilson Ltd,Energy,864.3,702.1,719.19,BBB,0.005,0.25,6.4,2023-06-01,2029-12-29,1,0,0
LON00365,KY,Clark-Anderson,InvestmentHoldCo,209.86,161.49,167.24,B,0.05,0.6,6.33,2023-04-02,2027-10-24,1,0,0
LON00366,GU,"Potter, Huber and Davis",Technology,223.05,214.36,222.87,A,0.001,0.6,5.44,2022-01-13,2029-10-30,1,90,0
LON00367,GU,West PLC,Energy,647.53,625.05,655.89,BBB,0.005,0.25,3.99,2022-03-24,2028-05-19,1,0,0
LON00368,KY,"Elliott, Gonzalez and Rodriguez",RealEstate,426.82,376.36,391.24,BBB,0.005,0.45,5.34,2021-03-02,2023-02-13,1,0,0
LON00369,JE,"Williams, Bush and Watson",Energy,222.47,172.84,180.39,BBB,0.005,0.6,3.14,2019-07-30,2023-05-08,3,0,0
LON00370,JE,"Ryan, Hahn and Walls",InvestmentHoldCo,763.32,647.56,649.23,BBB,0.005,0.35,4.11,2020-12-17,2030-06-12,1,0,0
LON00371,KY,"Dudley, Price and Bailey",Energy,293.94,285.35,294.66,B,0.05,0.45,8.41,2022-11-23,2031-08-04,1,0,0
LON00372,GU,Evans-Craig,Technology,840.33,696.85,701.27,BB,0.02,0.6,5.08,2021-11-24,2030-12-31,1,30,0
LON00373,KY,"Mathis, Bradshaw and Allen",Energy,1102.91,909.88,933.94,AA,0.0005,0.45,6.82,2020-08-05,2023-02-01,1,0,0
LON00374,JE,Lopez-Baldwin,Technology,842.84,778.81,817.05,AAA,0.0001,0.35,8.83,2020-07-02,2028-09-19,1,0,0
LON00375,BM,Simmons-Andrews,Hospitality,257.41,244.02,248.84,BB,0.02,0.6,4.5,2020-01-12,2029-05-02,1,60,0
LON00376,KY,Gibbs-Alexander,Shipping,1485.78,1201.39,1207.5,BBB,0.005,0.25,3.6,2021-07-24,2025-07-03,1,0,0
LON00377,KY,Anderson LLC,Shipping,798.51,690.05,713.26,AAA,0.0001,0.25,3.48,2022-08-14,2024-04-29,1,0,0
LON00378,BM,Stewart-Scott,Technology,496.38,430.24,431.74,A,0.001,0.45,6.16,2022-02-22,2024-03-08,1,0,0
LON00379,BM,Harper Group,PrivateWealth,792.45,610.5,615.82,AA,0.0005,0.25,4.48,2023-05-12,2028-06-24,1,0,0
LON00380,KY,Stanley and Sons,Technology,696.61,588.8,616.88,B,0.05,0.35,7.64,2024-06-19,2026-10-30,1,30,0
LON00381,BM,"Kim, Warner and Lee",RealEstate,1395.8,1239.04,1282.15,BB,0.02,0.35,4.66,2022-01-08,2027-01-31,1,30,0
LON00382,GU,Lee-Andrews,RealEstate,925.61,813.7,827.85,A,0.001,0.35,7.91,2019-11-25,2029-04-30,1,0,0
LON00383,BM,Mckay-Lee,PrivateWealth,1410.62,1397.3,1428.29,BB,0.02,0.25,3.91,2019-09-17,2027-06-29,1,0,0
LON00384,BM,Horn Ltd,PrivateWealth,161.97,134.68,136.85,AAA,0.0001,0.35,6.12,2023-07-01,2030-02-22,1,60,0
LON00385,BM,Barton PLC,Technology,166.31,140.23,144.42,BB,0.02,0.35,6.66,2021-05-06,2028-05-11,1,0,0
LON00386,BM,Hall-Bennett,Energy,458.41,376.82,378.79,B,0.05,0.25,4.14,2022-10-27,2029-01-25,1,90,0
LON00387,KY,Copeland Inc,Hospitality,476.12,424.05,442.3,BBB,0.005,0.35,3.3,2022-11-09,2027-12-31,1,0,0
LON00388,KY,Walker-Blake,RealEstate,1380.73,1133.57,1161.11,A,0.001,0.35,3.45,2023-04-28,2024-08-16,1,60,0
LON00389,KY,"Simpson, Parker and Thomas",PrivateWealth,568.2,513.81,536.58,B,0.05,0.35,6.1,2024-01-03,2025-12-20,1,90,0
LON00390,BM,"Jimenez, Rodriguez and Rios",Shipping,1297.2,1200.23,1217.26,A,0.001,0.35,6.65,2021-01-01,2028-09-09,1,0,0
LON00391,GU,Griffin PLC,InvestmentHoldCo,201.89,170.82,177.0,BBB,0.005,0.35,5.9,2021-09-26,2031-05-23,1,0,0
LON00392,GU,"Alexander, Boyer and Carter",InvestmentHoldCo,1097.54,1064.89,1077.41,AAA,0.0001,0.25,5.97,2020-12-28,2029-03-27,1,0,0
LON00393,GU,Hernandez Ltd,InvestmentHoldCo,2625.86,2252.94,2259.73,BBB,0.005,0.25,4.06,2021-05-10,2030-07-04,1,0,0
LON00394,BM,Hunter-Oneal,Retail,523.71,414.31,424.98,BB,0.02,0.25,3.11,2024-02-13,2029-11-27,1,0,0
LON00395,KY,Martin-Martin,RealEstate,899.81,707.88,742.27,BB,0.02,0.25,5.46,2020-06-08,2029-11-25,1,0,0
LON00396,KY,Stanley-Nelson,Technology,666.85,620.65,626.53,A,0.001,0.25,6.64,2020-09-22,2026-09-03,1,60,0
LON00397,JE,Williams Ltd,Retail,467.21,363.34,376.78,AA,0.0005,0.25,4.88,2021-11-30,2024-07-16,1,90,0
LON00398,KY,Jimenez-Davis,Retail,1246.47,1194.39,1214.73,BBB,0.005,0.45,5.66,2019-10-25,2023-12-24,1,0,0
LON00399,JE,"Reed, Gentry and Edwards",Retail,296.65,248.25,250.51,A,0.001,0.45,5.62,2020-01-06,2024-11-02,1,0,0
LON00400,KY,"Graves, Henderson and Howard",Shipping,1833.18,1784.02,1868.6,A,0.001,0.25,7.93,2022-05-24,2029-01-25,1,0,0
LON00401,KY,Mcbride-Patrick,Retail,1239.89,1161.22,1168.4,A,0.001,0.25,6.82,2020-02-10,2022-05-01,1,0,0
LON00402,BM,Hopkins Ltd,PrivateWealth,187.01,176.57,180.9,BBB,0.005,0.35,8.48,2023-03-02,2032-01-24,1,0,0
LON00403,GU,Zhang-Barry,Hospitality,2154.34,1665.34,1672.56,A,0.001,0.25,5.18,2024-04-15,2028-10-01,1,0,0
LON00404,BM,Velasquez-Silva,Technology,890.56,776.71,792.15,BB,0.02,0.6,6.86,2023-08-20,2030-02-28,1,30,0
LON00405,GU,Schwartz-Cunningham,Shipping,923.48,760.04,796.12,A,0.001,0.25,6.48,2020-03-08,2024-12-22,1,0,0
LON00406,BM,Martinez-Mcbride,PrivateWealth,322.19,248.94,260.94,BBB,0.005,0.45,4.46,2021-07-27,2026-05-23,2,60,0
LON00407,KY,"Chavez, Conley and Mcknight",RealEstate,432.22,377.85,383.82,BB,0.02,0.6,4.85,2022-08-18,2032-05-24,1,90,0
LON00408,KY,"Hamilton, Simpson and Wyatt",InvestmentHoldCo,637.81,509.02,521.27,BB,0.02,0.25,5.6,2021-04-05,2022-09-27,1,0,0
LON00409,KY,"Bridges, Sutton and Vasquez",Hospitality,447.64,415.96,417.92,A,0.001,0.35,7.18,2020-03-01,2027-10-22,1,0,0
LON00410,KY,Allen LLC,Hospitality,635.93,500.02,503.52,A,0.001,0.25,3.75,2021-01-02,2029-07-05,1,0,0
LON00411,GU,Hayes-Cisneros,InvestmentHoldCo,559.86,436.42,451.33,BBB,0.005,0.25,6.58,2020-07-19,2029-10-20,1,0,0
LON00412,BM,"Simpson, Cox and Montgomery",RealEstate,428.57,428.04,438.93,BBB,0.005,0.25,5.52,2022-01-04,2026-11-20,1,60,0
LON00413,KY,Ortega-Duffy,Shipping,1889.02,1842.71,1911.27,AA,0.0005,0.25,3.2,2024-01-06,2032-07-14,1,30,0
LON00414,KY,Fischer-Henderson,PrivateWealth,2622.56,2212.74,2298.2,BBB,0.005,0.45,8.29,2021-12-30,2027-10-14,1,0,0
LON00415,BM,"Nelson, Thomas and Serrano",Technology,2024.35,1579.41,1623.95,BB,0.02,0.45,6.48,2021-07-04,2030-12-01,1,0,0
LON00416,BM,Cook-Nguyen,PrivateWealth,706.75,641.6,644.55,BB,0.02,0.6,5.57,2021-11-14,2027-04-26,1,60,0
LON00417,BM,"Fernandez, Armstrong and Evans",PrivateWealth,631.47,509.37,524.27,BB,0.02,0.35,6.29,2023-03-30,2024-06-02,2,0,0
LON00418,GU,"Robertson, Day and Murray",Retail,639.91,527.76,547.11,A,0.001,0.6,7.36,2022-08-24,2026-06-24,1,0,0
LON00419,KY,Steele Ltd,Shipping,1956.56,1703.87,1718.3,AA,0.0005,0.25,5.51,2021-10-24,2025-10-16,1,0,0
LON00420,BM,Thompson and Sons,Hospitality,353.22,333.77,338.29,BBB,0.005,0.25,5.71,2023-12-03,2025-05-23,1,60,0
LON00421,BM,Cardenas-Mendoza,Energy,2300.85,1821.78,1861.91,AA,0.0005,0.25,4.83,2021-11-29,2027-05-20,1,0,0
LON00422,BM,"Green, Davis and Johnson",InvestmentHoldCo,272.17,216.08,217.84,BBB,0.005,0.6,7.9,2022-05-06,2029-01-04,1,30,0
LON00423,GU,Williams-Coleman,InvestmentHoldCo,506.66,472.35,483.5,BBB,0.005,0.6,8.71,2021-04-26,2027-02-22,1,60,0
LON00424,GU,"Beard, Jones and Hill",Hospitality,214.85,177.78,181.54,AA,0.0005,0.6,4.02,2021-04-12,2025-10-21,1,0,0
LON00425,BM,Villarreal and Sons,Energy,387.95,343.35,343.96,A,0.001,0.25,5.57,2022-01-01,2029-09-12,1,0,0
LON00426,BM,Douglas Group,Technology,999.21,972.74,1013.55,BB,0.02,0.35,7.55,2019-11-25,2022-05-06,1,0,0
LON00427,KY,"Fuller, Edwards and Church",RealEstate,3486.18,2689.26,2749.09,AA,0.0005,0.45,3.44,2019-07-10,2026-02-07,1,60,0
LON00428,KY,Mejia and Sons,Technology,1472.17,1442.07,1476.47,AA,0.0005,0.35,8.29,2022-04-24,2032-02-21,1,60,0
LON00429,JE,"Thompson, Fry and Robles",PrivateWealth,1135.37,1027.5,1064.23,B,0.05,0.25,3.49,2020-01-17,2024-08-27,2,0,0
LON00430,KY,Martinez-Davis,Energy,1433.15,1389.14,1445.23,BB,0.02,0.6,5.97,2023-12-31,2025-03-26,1,90,0
LON00431,JE,"Martinez, Rivera and Shelton",RealEstate,2032.58,1615.5,1631.97,A,0.001,0.25,4.93,2021-06-02,2025-06-24,1,90,0
LON00432,GU,Lawrence-Hill,InvestmentHoldCo,2780.93,2634.42,2681.94,B,0.05,0.25,5.32,2022-12-01,2032-06-21,1,30,0
LON00433,BM,Kelley-Oliver,Energy,773.93,720.59,722.41,BBB,0.005,0.25,8.4,2022-05-09,2030-08-20,1,60,0
LON00434,BM,Hamilton Group,Retail,851.36,769.71,806.52,A,0.001,0.25,7.99,2021-05-20,2025-03-04,1,0,0
LON00435,BM,"Brown, Proctor and Harrell",Hospitality,294.53,244.16,245.73,A,0.001,0.6,8.4,2023-10-17,2029-01-31,1,0,0
LON00436,JE,"Newman, Montes and Potter",Shipping,812.37,788.92,820.55,BB,0.02,0.35,8.59,2022-01-18,2024-08-27,1,60,0
LON00437,KY,"Sanders, Green and Padilla",Energy,608.59,552.55,557.47,BB,0.02,0.6,3.74,2020-01-28,2021-05-31,1,0,0
LON00438,BM,Davidson-Miller,InvestmentHoldCo,480.04,418.53,432.36,BBB,0.005,0.35,5.46,2021-12-22,2028-10-29,1,30,0
LON00439,BM,"Lee, Phillips and Morgan",PrivateWealth,809.54,707.99,729.47,AAA,0.0001,0.35,4.27,2020-05-26,2027-07-05,1,30,0
LON00440,KY,Johnson Ltd,Retail,668.81,575.37,585.71,BBB,0.005,0.25,6.04,2024-04-14,2030-10-28,1,0,0
LON00441,KY,Rodriguez and Sons,PrivateWealth,529.96,484.42,485.8,B,0.05,0.25,7.5,2020-05-27,2023-01-14,1,0,0
LON00442,KY,Lewis PLC,Hospitality,1299.46,1175.16,1232.51,BBB,0.005,0.35,6.59,2023-02-14,2025-01-09,1,30,0
LON00443,JE,King and Sons,RealEstate,216.65,192.75,194.73,BB,0.02,0.25,8.69,2024-03-14,2030-08-25,1,30,0
LON00444,KY,"Johnson, Delgado and Martinez",PrivateWealth,1276.67,1149.63,1174.87,B,0.05,0.35,8.51,2022-08-22,2024-11-16,1,0,0
LON00445,KY,Patel Group,PrivateWealth,527.88,451.82,469.24,BB,0.02,0.35,7.57,2022-10-17,2026-10-14,1,0,0
LON00446,JE,King Inc,RealEstate,270.86,215.86,220.53,BBB,0.005,0.35,6.42,2020-10-25,2025-07-15,1,0,0
LON00447,BM,Hamilton Inc,Shipping,1924.54,1524.08,1545.42,AA,0.0005,0.25,7.31,2020-02-07,2027-07-14,1,0,0
LON00448,KY,Rodriguez and Sons,Shipping,511.56,433.6,437.3,B,0.05,0.25,7.03,2023-11-15,2029-08-12,1,0,0
LON00449,BM,"Torres, Jones and White",Shipping,100.38,90.69,92.68,BB,0.02,0.25,7.9,2020-07-26,2023-01-14,1,90,0
LON00450,KY,"Jones, Hernandez and Davis",Shipping,3556.83,2941.12,2973.02,AAA,0.0001,0.6,4.95,2023-09-07,2032-09-28,1,90,0
LON00451,KY,"Russell, Hanson and Castro",Shipping,644.37,550.41,562.5,B,0.05,0.45,5.56,2023-03-01,2026-10-29,1,60,0
LON00452,KY,Keith-Caldwell,Hospitality,119.07,95.46,96.76,BB,0.02,0.25,3.83,2023-01-06,2030-09-22,1,0,0
LON00453,JE,Reynolds Ltd,InvestmentHoldCo,639.73,575.15,583.33,BBB,0.005,0.25,6.25,2020-04-24,2026-01-24,1,60,0
LON00454,GU,"Brennan, Thompson and Mills",RealEstate,538.66,470.61,474.58,BBB,0.005,0.25,6.59,2021-07-10,2024-02-28,1,90,0
LON00455,KY,Miller Group,RealEstate,271.1,238.09,249.52,BBB,0.005,0.45,8.31,2021-07-11,2023-06-30,1,30,0
LON00456,KY,"Morgan, Orozco and Smith",PrivateWealth,1765.85,1552.92,1572.96,BBB,0.005,0.6,5.26,2022-01-28,2026-12-08,1,0,0
LON00457,BM,Quinn-Mills,InvestmentHoldCo,749.02,708.23,710.02,BB,0.02,0.25,7.46,2021-03-22,2028-09-08,1,30,0
LON00458,KY,Norris-Walters,Shipping,750.9,615.93,625.64,BB,0.02,0.35,5.63,2020-09-12,2030-02-22,1,0,0
LON00459,BM,"Miller, Lozano and Stein",Hospitality,1696.28,1679.74,1692.6,BB,0.02,0.45,3.84,2024-06-06,2026-03-30,1,0,0
LON00460,BM,Washington-Contreras,Hospitality,506.2,496.96,500.39,A,0.001,0.25,3.85,2023-06-01,2032-08-21,1,30,0
LON00461,KY,"Olsen, Smith and Jackson",Hospitality,1053.67,969.36,982.34,BB,0.02,0.45,3.18,2021-02-19,2029-11-17,1,30,0
LON00462,KY,Taylor LLC,Shipping,1213.56,987.98,1036.53,AA,0.0005,0.45,7.53,2020-11-12,2028-05-21,2,60,0
LON00463,JE,Burch-Porter,Technology,991.43,881.92,889.91,A,0.001,0.25,6.66,2020-10-17,2022-03-22,2,0,0
LON00464,GU,Townsend-Mcdonald,Retail,753.18,613.07,623.67,BB,0.02,0.45,4.77,2020-10-02,2027-05-04,1,90,0
LON00465,BM,"Morgan, Salazar and Evans",RealEstate,1882.39,1598.33,1674.28,AA,0.0005,0.45,5.49,2022-05-09,2031-02-25,1,90,0
LON00466,JE,Cobb Ltd,InvestmentHoldCo,776.31,721.79,744.59,A,0.001,0.35,6.58,2021-09-27,2031-03-05,1,0,0
LON00467,GU,Cohen-Diaz,InvestmentHoldCo,686.64,652.55,669.81,BBB,0.005,0.25,8.87,2021-06-19,2029-10-29,1,0,0
LON00468,BM,"Blankenship, Jordan and Roberts",Hospitality,778.4,702.61,727.26,B,0.05,0.45,3.94,2023-12-02,2030-08-07,1,0,0
LON00469,BM,"Munoz, Johnson and Mills",RealEstate,617.03,608.32,619.83,BB,0.02,0.25,7.56,2021-09-15,2029-07-18,2,60,0
LON00470,JE,"Mcpherson, Montes and Cervantes",RealEstate,1231.41,1068.49,1080.49,BBB,0.005,0.25,5.37,2022-08-25,2031-10-24,1,90,0
LON00471,KY,Henry-Gonzalez,Hospitality,361.87,324.11,331.24,BBB,0.005,0.35,3.02,2019-10-07,2028-12-08,1,0,0
LON00472,KY,Booth LLC,Retail,246.16,225.12,228.0,BBB,0.005,0.45,8.35,2020-02-15,2023-08-13,1,0,0
LON00473,BM,"Gonzalez, Gibson and Hammond",Retail,1637.23,1427.95,1498.2,BBB,0.005,0.35,3.15,2020-11-13,2023-12-05,1,0,0
LON00474,BM,Edwards-Cortez,RealEstate,423.26,331.3,345.42,BB,0.02,0.25,4.03,2023-05-12,2030-05-20,2,60,0
LON00475,KY,Franklin PLC,Retail,250.41,218.1,225.54,A,0.001,0.45,3.5,2023-11-25,2033-01-15,1,60,0
LON00476,BM,"Rodriguez, Romero and Bryan",InvestmentHoldCo,2277.48,2229.88,2258.75,BBB,0.005,0.25,4.42,2024-04-18,2028-03-26,1,0,0
LON00477,KY,"Higgins, Brown and Bailey",Technology,394.3,339.36,343.03,BB,0.02,0.35,6.61,2021-09-11,2024-03-06,2,0,0
LON00478,KY,"Martinez, Johnson and Gay",Energy,1511.66,1166.66,1214.45,AAA,0.0001,0.25,3.67,2020-01-30,2029-12-27,1,90,0
LON00479,GU,Harvey Inc,Shipping,2222.99,1906.41,1985.73,BB,0.02,0.35,5.54,2020-09-11,2026-11-19,1,0,0
LON00480,KY,"Hanna, Wilson and Pugh",RealEstate,206.62,163.57,170.18,B,0.05,0.25,7.56,2023-09-15,2027-05-06,1,30,0
LON00481,BM,Green LLC,RealEstate,853.8,715.96,745.99,AAA,0.0001,0.45,4.84,2023-10-07,2029-06-05,2,90,0
LON00482,GU,Adams and Sons,Hospitality,190.51,173.04,173.07,BB,0.02,0.35,6.03,2023-07-17,2028-07-21,1,0,0
LON00483,BM,Rios-Hill,InvestmentHoldCo,619.04,534.31,542.69,AA,0.0005,0.35,7.13,2021-01-17,2023-02-13,1,90,0
LON00484,BM,Clay PLC,Shipping,310.48,256.09,257.44,BB,0.02,0.45,7.57,2022-03-30,2023-09-01,1,90,0
LON00485,BM,Meyer-Ward,Hospitality,494.32,407.08,416.75,A,0.001,0.25,7.42,2023-07-11,2029-12-18,1,90,0
LON00486,BM,"Taylor, Burton and Smith",InvestmentHoldCo,1131.55,1070.51,1097.78,BBB,0.005,0.45,4.49,2021-05-24,2024-04-11,2,0,0
LON00487,KY,Garcia-Rios,Shipping,259.49,236.08,237.79,AA,0.0005,0.45,4.98,2020-12-14,2025-11-15,1,0,0
LON00488,KY,Valentine Group,PrivateWealth,1267.89,1060.81,1064.99,AA,0.0005,0.25,5.32,2023-12-31,2026-12-21,1,90,0
LON00489,BM,Taylor Ltd,PrivateWealth,1151.84,911.81,928.37,BB,0.02,0.35,3.26,2023-10-15,2026-06-30,1,0,0
LON00490,BM,"Mcdaniel, Yang and Sanchez",Shipping,596.01,466.5,487.02,A,0.001,0.25,5.65,2020-08-14,2029-04-01,1,30,0
LON00491,BM,Munoz-Young,Energy,1161.27,1007.82,1057.86,B,0.05,0.35,4.8,2020-02-10,2022-03-30,1,0,0
LON00492,KY,Mccann and Sons,InvestmentHoldCo,545.03,523.22,549.34,A,0.001,0.6,3.41,2023-12-18,2033-04-24,1,60,0
LON00493,BM,Davis LLC,Shipping,1090.74,1019.5,1064.83,BB,0.02,0.25,6.24,2023-05-31,2033-01-05,1,0,0
LON00494,BM,Chavez and Sons,Retail,815.88,648.02,653.5,BBB,0.005,0.25,3.83,2024-04-03,2033-09-03,1,0,0
LON00495,KY,White-Lane,RealEstate,340.87,292.61,304.64,A,0.001,0.35,3.51,2019-07-05,2021-01-01,1,0,0
LON00496,BM,Gonzalez Inc,Hospitality,237.47,185.02,192.34,B,0.05,0.25,7.41,2020-02-04,2028-03-27,1,0,0
LON00497,KY,Wood-Hester,Retail,676.05,622.6,651.74,BB,0.02,0.35,8.18,2022-09-02,2030-11-25,1,0,0
LON00498,BM,"Diaz, Simmons and Pope",InvestmentHoldCo,1300.8,1010.59,1014.5,A,0.001,0.25,7.14,2020-05-12,2028-03-18,1,0,0
LON00499,JE,Norris-Higgins,Shipping,1053.98,965.68,998.75,AA,0.0005,0.35,4.63,2024-03-11,2029-11-30,1,30,0
LON00500,KY,Vaughn-Bowman,InvestmentHoldCo,1444.71,1348.68,1383.09,BBB,0.005,0.25,8.02,2023-09-25,2033-05-02,1,0,0
LON00501,KY,Hahn-Perez,PrivateWealth,552.01,445.21,446.96,A,0.001,0.25,8.26,2020-08-13,2028-08-30,1,90,0
LON00502,BM,Briggs PLC,PrivateWealth,645.52,533.0,550.55,BBB,0.005,0.35,3.9,2020-03-26,2026-03-27,1,90,0
LON00503,KY,Williams Ltd,InvestmentHoldCo,963.27,758.19,761.15,BB,0.02,0.6,4.52,2023-07-18,2032-05-03,1,90,0
LON00504,KY,Moore-Mendoza,Technology,1153.18,930.6,972.47,BBB,0.005,0.6,8.51,2023-04-14,2029-11-17,1,60,0
LON00505,BM,"Patterson, Wang and Rodriguez",InvestmentHoldCo,784.36,747.17,777.38,BBB,0.005,0.6,6.74,2023-02-09,2032-12-31,2,30,0
LON00506,KY,"Adams, Dunn and Alvarez",RealEstate,2080.85,1711.74,1750.97,B,0.05,0.6,6.21,2024-06-20,2030-08-21,1,0,0
LON00507,KY,Perry PLC,Technology,729.61,657.28,684.71,BB,0.02,0.35,7.01,2022-02-10,2025-07-27,1,60,0
LON00508,BM,"Burgess, Rodriguez and Graham",RealEstate,533.02,432.38,453.22,BB,0.02,0.35,5.23,2023-02-24,2030-10-26,1,0,0
LON00509,BM,Smith-Herring,Hospitality,378.63,341.1,354.87,B,0.05,0.25,8.52,2022-11-03,2027-01-19,1,60,0
LON00510,KY,Lyons-Hernandez,RealEstate,1738.55,1593.28,1669.76,A,0.001,0.45,7.02,2019-09-08,2022-02-11,3,0,0
LON00511,BM,"Bryant, Miller and Ellis",Retail,993.16,906.95,934.32,BB,0.02,0.6,8.96,2022-03-23,2025-02-15,1,60,0
LON00512,BM,Kramer-Briggs,Retail,301.44,274.38,287.82,BBB,0.005,0.6,8.88,2024-02-07,2025-02-18,1,0,0
LON00513,KY,"Morales, Mcpherson and Fleming",InvestmentHoldCo,509.97,439.72,449.35,BBB,0.005,0.25,7.48,2021-01-23,2022-02-13,1,0,0
LON00514,KY,Reynolds and Sons,Retail,2212.3,1757.56,1777.88,BBB,0.005,0.25,6.75,2024-03-10,2028-12-22,2,0,0
LON00515,BM,Johnson-Vasquez,Shipping,1940.16,1570.59,1623.83,BBB,0.005,0.35,7.22,2024-04-08,2025-08-30,1,60,0
LON00516,BM,"Weiss, Baldwin and Ramirez",Retail,820.32,642.71,656.1,AA,0.0005,0.45,8.74,2023-05-08,2026-08-03,1,0,0
LON00517,KY,"Simmons, Mann and Campbell",InvestmentHoldCo,585.52,472.88,494.2,BBB,0.005,0.45,3.57,2020-04-12,2025-02-24,1,90,0
LON00518,KY,Cox and Sons,Energy,270.05,210.93,216.45,A,0.001,0.25,5.8,2022-12-31,2032-07-12,1,0,0
LON00519,KY,Myers Inc,Hospitality,936.09,781.97,795.2,BBB,0.005,0.35,8.15,2021-09-08,2027-03-10,1,30,0
LON00520,KY,Moore-Montoya,Retail,1424.23,1148.13,1187.39,BB,0.02,0.35,4.45,2022-11-10,2025-07-15,1,60,0
LON00521,BM,Johnson-Hall,Technology,539.41,523.09,544.03,BB,0.02,0.6,4.82,2024-02-17,2025-10-17,1,0,0
LON00522,BM,"Nunez, Stanley and Simmons",PrivateWealth,413.16,364.74,375.9,B,0.05,0.25,8.39,2024-01-25,2026-01-09,1,0,0
LON00523,JE,Bradley Inc,RealEstate,879.0,833.92,834.94,BBB,0.005,0.6,5.28,2021-07-30,2030-10-16,1,60,0
LON00524,KY,Gonzalez and Sons,RealEstate,612.44,567.27,579.02,BBB,0.005,0.25,7.73,2022-07-21,2024-07-22,1,0,0
LON00525,JE,Harris Inc,Retail,1418.77,1253.39,1259.91,AAA,0.0001,0.45,3.6,2019-10-26,2024-06-29,1,0,0
LON00526,KY,"Velasquez, Contreras and Roberson",Technology,1514.02,1259.33,1280.22,BB,0.02,0.45,4.41,2021-10-09,2023-06-19,1,30,0
LON00527,GU,Gomez Ltd,InvestmentHoldCo,1367.72,1306.79,1312.79,AA,0.0005,0.45,7.23,2023-07-15,2029-05-12,1,0,0
LON00528,BM,"Brown, Hicks and Miller",Shipping,607.76,483.05,495.44,BB,0.02,0.25,8.27,2022-07-08,2032-06-27,1,0,0
LON00529,GU,Johnson Ltd,Shipping,593.44,519.68,524.54,BB,0.02,0.25,3.7,2023-07-07,2026-05-22,1,0,0
LON00530,KY,"Moreno, Young and Henry",Retail,386.3,302.8,304.08,AAA,0.0001,0.25,6.96,2023-10-15,2028-05-21,1,30,0
LON00531,BM,"Lewis, Pearson and Fox",Technology,1734.03,1696.95,1711.92,BB,0.02,0.45,7.31,2022-07-27,2031-03-05,1,0,0
LON00532,BM,Ellis Group,Technology,739.27,644.09,672.46,BBB,0.005,0.25,7.33,2024-05-10,2025-11-10,1,0,0
LON00533,KY,Robertson-Reynolds,Retail,1056.46,846.18,878.02,B,0.05,0.25,6.65,2020-05-10,2024-02-23,1,0,0
LON00534,JE,"Parker, Ellis and Gardner",Shipping,926.74,849.74,875.14,BBB,0.005,0.25,6.39,2020-04-08,2029-12-06,1,60,0
LON00535,BM,Rice-Alvarez,Technology,369.44,316.58,319.63,B,0.05,0.35,3.17,2020-08-19,2028-01-19,2,0,0
LON00536,BM,"Watkins, Sanders and Gallagher",InvestmentHoldCo,542.97,523.09,530.81,BB,0.02,0.25,6.58,2024-05-11,2031-06-19,1,0,0
LON00537,KY,"Cisneros, Cook and Adams",InvestmentHoldCo,2313.45,2051.96,2130.77,A,0.001,0.35,8.69,2023-05-28,2029-01-18,1,90,0
LON00538,GU,Gordon-Clay,Hospitality,953.13,878.1,920.06,A,0.001,0.25,8.66,2021-06-24,2024-04-18,3,0,0
LON00539,KY,White Inc,RealEstate,473.79,381.4,397.34,A,0.001,0.25,6.94,2021-02-07,2022-08-09,2,0,0
LON00540,BM,Jackson-Nguyen,Retail,566.42,476.1,478.25,BBB,0.005,0.45,8.34,2022-02-06,2031-12-16,1,0,0
LON00541,KY,Nicholson-Webster,InvestmentHoldCo,1277.52,1158.3,1209.26,BBB,0.005,0.6,3.67,2019-08-06,2025-11-30,1,0,0
LON00542,BM,Howard-Barker,Energy,2034.35,1584.14,1623.68,BB,0.02,0.35,4.05,2022-01-06,2026-11-03,1,0,0
LON00543,BM,"Morris, Reid and Tran",PrivateWealth,201.92,195.94,199.62,AA,0.0005,0.35,6.56,2024-01-06,2028-12-06,1,90,0
LON00544,KY,"Velazquez, Parker and Brown",Hospitality,654.27,613.26,640.14,BBB,0.005,0.25,4.63,2021-03-09,2027-03-17,1,60,0
LON00545,KY,"Greer, Bryant and Weiss",Shipping,1087.9,922.35,940.98,B,0.05,0.35,6.3,2021-05-19,2027-10-18,1,90,0
LON00546,GU,Cole-Young,PrivateWealth,1755.47,1417.56,1423.94,BBB,0.005,0.35,4.46,2024-04-05,2033-02-18,1,0,0
LON00547,BM,Nunez and Sons,RealEstate,692.38,563.7,565.58,BBB,0.005,0.45,7.33,2023-03-29,2025-05-18,1,0,0
LON00548,BM,"King, Dixon and Lopez",PrivateWealth,358.2,352.26,354.08,B,0.05,0.45,6.54,2021-11-06,2023-11-27,1,0,0
LON00549,BM,"Wilson, Henson and Harvey",PrivateWealth,256.03,199.1,203.54,B,0.05,0.35,7.32,2024-05-03,2029-07-31,1,0,0
LON00550,KY,"Woods, Guzman and Jarvis",PrivateWealth,470.23,377.13,388.16,BBB,0.005,0.25,4.19,2021-10-20,2027-12-21,1,0,0
LON00551,KY,Flores-Murphy,RealEstate,685.8,637.78,647.6,B,0.05,0.45,3.82,2022-05-28,2024-01-14,1,0,0
LON00552,GU,"Mullins, Hood and Delacruz",Shipping,823.64,701.14,712.45,BBB,0.005,0.25,7.23,2021-11-29,2029-07-08,1,0,0
LON00553,BM,Ruiz-Williams,PrivateWealth,726.72,682.15,686.38,A,0.001,0.35,4.25,2022-07-02,2026-12-01,1,0,0
LON00554,KY,Hubbard Ltd,Shipping,1438.86,1299.85,1342.59,BBB,0.005,0.45,5.8,2023-06-21,2030-03-05,1,90,0
LON00555,BM,Cline-Scott,Retail,772.92,676.52,692.71,A,0.001,0.45,4.3,2020-01-05,2024-09-03,1,30,0
LON00556,KY,"Hopkins, Rosales and Dodson",Retail,568.16,532.48,541.89,BBB,0.005,0.25,5.91,2023-09-24,2025-12-14,1,0,0
LON00557,BM,Doyle Ltd,InvestmentHoldCo,547.16,443.69,452.39,A,0.001,0.6,5.87,2023-12-04,2028-05-04,1,90,0
LON00558,JE,Cummings-Garcia,Hospitality,775.64,684.39,688.96,B,0.05,0.35,5.76,2019-11-02,2021-06-27,1,0,0
LON00559,KY,"Torres, Martinez and Parsons",PrivateWealth,478.23,372.97,388.56,AA,0.0005,0.25,3.87,2024-05-26,2028-09-05,1,0,0
LON00560,KY,"Holden, Wu and Morgan",Retail,1258.72,1190.27,1210.59,BB,0.02,0.6,7.52,2021-02-23,2023-04-09,1,0,0
LON00561,BM,Yu Inc,Shipping,686.58,654.33,676.12,AAA,0.0001,0.45,3.39,2023-04-02,2029-02-10,1,0,0
LON00562,KY,Taylor and Sons,Hospitality,3791.82,3174.44,3228.37,AA,0.0005,0.25,7.2,2024-01-22,2031-10-04,1,90,0
LON00563,BM,Richardson PLC,RealEstate,4105.96,3385.79,3526.15,BBB,0.005,0.35,3.49,2023-05-25,2031-09-25,1,0,0
LON00564,KY,"Dillon, Fernandez and Jones",Hospitality,494.47,482.54,502.06,AAA,0.0001,0.25,6.34,2024-06-09,2027-02-05,2,0,0
LON00565,BM,"Gould, Giles and Johnson",Hospitality,834.91,695.85,705.83,BBB,0.005,0.25,3.04,2020-09-26,2026-03-12,1,60,0
LON00566,BM,"Simpson, Meyer and Perry",InvestmentHoldCo,275.06,225.72,226.18,B,0.05,0.6,5.59,2022-07-19,2026-08-19,1,0,0
LON00567,KY,Jackson-Benjamin,InvestmentHoldCo,352.66,280.55,288.42,AA,0.0005,0.35,6.02,2024-06-02,2025-12-22,2,0,0
LON00568,BM,"Stewart, Walters and Nguyen",InvestmentHoldCo,1795.45,1601.24,1634.02,B,0.05,0.35,5.16,2020-06-06,2027-11-25,2,90,0
LON00569,BM,Martinez LLC,Hospitality,1276.98,1088.52,1137.9,BB,0.02,0.25,5.67,2021-03-11,2030-06-21,1,0,0
LON00570,BM,Williams-Dennis,Hospitality,590.07,506.37,528.45,B,0.05,0.35,5.27,2021-08-12,2026-04-13,1,0,0
LON00571,KY,Nichols-Long,Retail,662.66,558.39,586.28,AA,0.0005,0.25,6.6,2023-09-26,2028-11-11,1,30,0
LON00572,BM,Clayton Group,PrivateWealth,493.92,493.27,506.08,BB,0.02,0.25,3.08,2021-09-23,2030-12-29,1,60,0
LON00573,BM,Martinez and Sons,Energy,714.1,628.09,641.14,A,0.001,0.6,7.27,2022-01-03,2030-06-25,1,90,0
LON00574,GU,Hall Ltd,Retail,581.14,500.9,521.96,BBB,0.005,0.6,5.47,2019-10-13,2021-01-05,1,60,0
LON00575,KY,"Mckinney, Mcintosh and Harris",Hospitality,647.31,634.79,665.76,BBB,0.005,0.25,6.4,2022-01-15,2023-11-13,1,0,0
LON00576,KY,"Snyder, Whitehead and Erickson",Shipping,883.06,805.13,809.0,BBB,0.005,0.35,3.91,2023-12-05,2033-07-04,1,0,0
LON00577,BM,Moreno Inc,Energy,710.08,649.11,662.63,A,0.001,0.35,3.97,2022-03-26,2026-01-29,1,0,0
LON00578,BM,Shannon Inc,Energy,2044.92,1698.4,1705.05,BB,0.02,0.45,7.64,2021-03-03,2025-10-03,1,60,0
LON00579,KY,"Ramos, Black and Hernandez",Shipping,799.2,731.28,735.17,BBB,0.005,0.35,3.05,2021-10-12,2030-03-19,1,0,0
LON00580,KY,Davis-Shepard,Shipping,478.11,436.68,451.85,AA,0.0005,0.35,6.08,2023-03-16,2025-05-16,1,60,0
LON00581,BM,Williams-Howard,Shipping,1052.24,853.96,867.05,AA,0.0005,0.25,5.83,2020-09-11,2022-11-15,1,60,0
LON00582,BM,"Gallegos, Diaz and Frye",Hospitality,2430.97,2066.81,2089.84,A,0.001,0.25,7.71,2021-01-01,2029-04-04,1,30,0
LON00583,BM,Nichols Group,Technology,1359.97,1184.04,1218.57,BB,0.02,0.45,7.38,2023-05-14,2030-08-13,1,0,0
LON00584,KY,"Thompson, Martinez and Mathis",RealEstate,1294.66,1243.54,1291.85,BBB,0.005,0.45,6.59,2021-06-19,2022-12-29,3,0,0
LON00585,KY,"Washington, Myers and Martinez",RealEstate,1980.13,1524.63,1593.78,BBB,0.005,0.25,6.34,2022-05-22,2025-05-21,1,30,0
LON00586,KY,"Baker, Caldwell and House",Technology,294.61,236.33,242.91,BB,0.02,0.45,8.63,2019-07-16,2028-09-13,1,0,0
LON00587,KY,"Alvarado, Miller and Dudley",Technology,645.4,558.3,568.17,BB,0.02,0.35,5.71,2023-11-19,2025-07-07,1,60,0
LON00588,GU,"Cox, Foster and Huffman",RealEstate,1323.2,1165.4,1176.06,BBB,0.005,0.35,6.12,2021-05-06,2022-07-19,1,0,0
LON00589,BM,Hammond LLC,PrivateWealth,1808.07,1709.33,1745.15,BBB,0.005,0.25,7.43,2020-09-14,2027-09-14,1,0,0
LON00590,BM,Craig Group,RealEstate,409.27,351.44,357.59,BBB,0.005,0.25,4.17,2022-06-11,2024-12-29,1,60,0
LON00591,JE,Oneal-Elliott,Energy,1800.88,1467.31,1472.58,A,0.001,0.25,6.42,2022-07-25,2032-03-24,1,60,0
LON00592,KY,Knapp-White,Hospitality,328.81,280.49,294.2,A,0.001,0.25,4.42,2022-09-30,2031-06-04,2,0,0
LON00593,BM,Anderson Group,Energy,628.11,546.56,565.89,A,0.001,0.25,3.27,2022-09-02,2030-12-21,1,0,0
LON00594,BM,Perez Inc,Retail,531.58,428.41,441.52,A,0.001,0.45,8.85,2021-03-14,2028-02-10,1,0,0
LON00595,BM,Watson Group,InvestmentHoldCo,465.3,428.75,446.47,A,0.001,0.25,7.56,2021-10-04,2030-06-21,1,30,0
LON00596,KY,"Houston, Davis and Gray",Retail,800.5,636.16,648.07,BB,0.02,0.45,7.68,2023-07-25,2029-08-29,2,0,0
LON00597,BM,Cook LLC,InvestmentHoldCo,438.65,385.28,400.96,BBB,0.005,0.45,7.94,2020-01-31,2022-06-21,1,0,0
LON00598,BM,Reid-Johnson,Hospitality,433.25,364.98,370.86,A,0.001,0.35,3.28,2019-12-27,2029-10-13,1,30,0
LON00599,KY,Obrien LLC,Technology,960.21,939.18,981.08,AA,0.0005,0.25,6.83,2024-02-14,2032-05-29,1,0,0
LON00600,KY,"Jones, Kerr and Greene",PrivateWealth,1437.93,1416.69,1440.18,BB,0.02,0.45,6.09,2022-10-21,2024-02-01,1,30,0
LON00601,KY,Marshall-Webb,Technology,892.21,760.99,791.31,A,0.001,0.35,8.92,2023-02-02,2029-04-01,1,30,0
LON00602,KY,Bailey-Gonzalez,Shipping,530.58,428.75,448.61,A,0.001,0.25,5.6,2020-07-21,2022-08-31,1,0,0
LON00603,BM,"Williams, Orozco and Zuniga",Energy,238.02,194.67,197.45,BB,0.02,0.45,6.58,2021-11-16,2028-04-24,2,60,0
LON00604,KY,Butler-Reynolds,InvestmentHoldCo,427.53,362.81,374.52,BBB,0.005,0.35,4.05,2022-06-15,2026-07-14,1,60,0
LON00605,BM,"Foster, Matthews and Henderson",Hospitality,865.01,853.04,863.21,BB,0.02,0.45,7.13,2022-03-13,2030-10-17,1,90,0
LON00606,BM,Poole-Martin,InvestmentHoldCo,814.7,663.15,684.39,BBB,0.005,0.45,8.14,2020-11-15,2028-07-01,1,0,0
LON00607,GU,"Chavez, Huff and Hill",Technology,898.26,753.19,767.63,AA,0.0005,0.25,5.69,2020-01-11,2021-02-08,1,0,0
LON00608,BM,"Butler, Allen and Douglas",Shipping,372.85,340.52,347.08,BBB,0.005,0.6,7.63,2023-05-14,2029-03-17,1,90,0
LON00609,KY,Lamb-Blair,RealEstate,690.13,675.5,680.83,BB,0.02,0.45,7.2,2023-07-06,2024-09-19,2,0,0
LON00610,BM,"Alexander, Nunez and Stewart",PrivateWealth,803.02,768.59,805.21,BB,0.02,0.25,4.34,2024-01-11,2030-11-06,2,0,0
LON00611,BM,King-Johnson,Shipping,431.78,335.07,347.55,B,0.05,0.45,8.6,2019-07-14,2027-07-03,1,30,0
LON00612,KY,Williams-Morgan,PrivateWealth,2107.91,1929.11,1964.8,BB,0.02,0.6,5.88,2021-07-28,2028-04-27,1,0,0
LON00613,BM,Miller Ltd,Energy,877.93,770.45,776.48,A,0.001,0.25,5.49,2019-12-22,2026-10-04,1,60,0
LON00614,BM,Blevins LLC,InvestmentHoldCo,1709.55,1573.26,1588.24,A,0.001,0.35,6.71,2023-09-09,2025-07-03,2,0,0
LON00615,KY,Sharp Inc,Retail,1376.09,1194.51,1232.18,BBB,0.005,0.6,8.76,2024-03-08,2032-10-06,1,0,0
LON00616,BM,Wilson Inc,PrivateWealth,977.09,805.23,834.36,A,0.001,0.35,5.93,2020-09-01,2028-05-24,2,0,0
LON00617,BM,Nguyen and Sons,RealEstate,1036.4,805.21,840.79,BBB,0.005,0.45,3.74,2019-11-22,2024-01-13,1,60,0
LON00618,KY,"Vaughan, Bryant and Smith",PrivateWealth,405.44,312.09,314.59,BB,0.02,0.25,3.6,2020-01-28,2022-02-12,1,0,0
LON00619,KY,Johnson-Romero,InvestmentHoldCo,519.71,421.04,426.34,BBB,0.005,0.45,5.44,2019-12-11,2025-03-17,2,0,0
LON00620,BM,Adams-Barry,InvestmentHoldCo,774.95,754.0,789.86,AAA,0.0001,0.6,3.95,2023-01-24,2030-05-31,1,90,0
LON00621,BM,Stanley-Richardson,Energy,406.73,314.37,325.74,B,0.05,0.6,3.65,2020-12-15,2026-03-01,1,0,0
LON00622,KY,Jones-Hammond,Energy,872.74,855.26,869.19,B,0.05,0.45,7.39,2021-09-28,2029-12-18,2,0,0
LON00623,BM,"Tran, Fox and Torres",Shipping,1107.95,914.16,955.33,BB,0.02,0.6,4.39,2019-11-25,2021-09-02,1,30,0
LON00624,GU,Strong PLC,Retail,1716.16,1328.08,1380.06,AA,0.0005,0.35,4.59,2020-05-29,2024-04-25,1,0,0
LON00625,KY,Cox and Sons,Shipping,1762.0,1495.59,1537.26,BB,0.02,0.35,5.98,2023-06-20,2026-03-23,1,0,0
LON00626,BM,Roberts-Medina,InvestmentHoldCo,184.93,150.42,157.58,BBB,0.005,0.25,8.81,2024-01-14,2026-08-07,1,90,0
LON00627,KY,Jones and Sons,Energy,353.84,294.29,295.47,BB,0.02,0.45,7.15,2019-10-01,2025-01-10,1,0,0
LON00628,BM,"Meyers, Cook and Atkins",Retail,932.93,806.91,832.12,BBB,0.005,0.6,6.41,2023-10-01,2027-03-01,1,0,0
LON00629,GU,"Fox, Ray and Harris",InvestmentHoldCo,588.26,457.01,457.17,AA,0.0005,0.25,5.85,2022-04-17,2023-05-21,1,0,0
LON00630,BM,Jones-Reyes,Hospitality,358.6,339.54,350.78,B,0.05,0.35,7.24,2020-12-25,2027-07-18,3,0,0
LON00631,BM,Wilson-Cole,Energy,413.66,330.71,338.54,A,0.001,0.6,3.68,2024-03-21,2032-03-20,1,0,0
LON00632,BM,"Chung, Grant and Jones",Energy,1665.75,1572.64,1622.94,AA,0.0005,0.25,8.05,2021-04-26,2029-08-14,1,0,0
LON00633,KY,Harris Inc,InvestmentHoldCo,481.83,381.12,399.41,BB,0.02,0.35,8.06,2023-03-29,2032-05-18,2,90,0
LON00634,BM,"Johnson, Crawford and Gordon",Energy,774.56,598.89,606.19,BB,0.02,0.25,8.85,2021-09-22,2029-07-28,2,30,0
LON00635,KY,Hampton Inc,Energy,658.51,565.17,588.37,A,0.001,0.45,8.8,2020-06-03,2023-10-05,1,90,0
LON00636,BM,Murray and Sons,Technology,585.03,499.89,509.68,AA,0.0005,0.25,5.92,2023-01-11,2025-09-04,2,0,0
LON00637,BM,Doyle PLC,Shipping,331.06,273.04,284.2,BBB,0.005,0.35,5.53,2024-01-07,2032-04-03,2,60,0
LON00638,KY,Schmidt and Sons,PrivateWealth,177.64,141.05,146.77,BBB,0.005,0.25,5.32,2022-05-07,2026-04-08,1,30,0
LON00639,KY,Lopez and Sons,Retail,940.06,803.29,821.64,AA,0.0005,0.25,3.94,2023-03-08,2025-03-25,3,60,0
LON00640,GU,Lewis Inc,RealEstate,1401.23,1099.83,1145.36,B,0.05,0.35,6.94,2020-04-20,2026-12-16,1,30,0
LON00641,BM,"White, Howard and Santos",RealEstate,407.75,313.78,324.36,BBB,0.005,0.6,7.97,2020-09-25,2024-08-18,1,0,0
LON00642,GU,"Lee, Phelps and White",Shipping,548.27,447.06,453.22,A,0.001,0.35,8.68,2022-08-06,2025-08-24,1,60,0
LON00643,BM,Bell Group,Shipping,625.01,506.12,515.13,BBB,0.005,0.25,4.74,2023-11-04,2028-12-31,1,90,0
LON00644,BM,"Weaver, Henderson and Benson",PrivateWealth,191.14,179.1,183.23,A,0.001,0.25,8.92,2022-02-01,2029-12-27,1,90,0
LON00645,JE,"Haynes, Shannon and Giles",Retail,256.58,214.55,220.29,B,0.05,0.35,3.15,2022-01-20,2027-03-05,1,0,0
LON00646,JE,Flores-Smith,Technology,202.28,194.09,203.74,BB,0.02,0.25,8.29,2019-09-18,2020-11-20,1,0,0
LON00647,BM,Barron-Phillips,Technology,953.79,854.29,878.35,AA,0.0005,0.25,7.14,2021-11-10,2028-03-29,1,0,0
LON00648,KY,"Bennett, Mcclain and Garcia",Technology,226.54,216.76,223.89,AAA,0.0001,0.25,5.37,2020-07-09,2028-05-14,1,90,0
LON00649,BM,"Faulkner, Roberts and Green",PrivateWealth,1009.95,973.23,995.35,BB,0.02,0.25,5.62,2022-07-16,2025-04-28,1,0,0
LON00650,JE,"Faulkner, Salinas and Patterson",InvestmentHoldCo,709.11,556.92,568.56,BB,0.02,0.45,6.98,2021-05-04,2023-04-08,1,0,0
LON00651,JE,Ingram PLC,InvestmentHoldCo,495.2,491.52,491.76,BBB,0.005,0.35,6.38,2022-03-01,2024-07-06,1,60,0
LON00652,KY,"Neal, Jones and Beck",Hospitality,496.57,432.77,433.79,AA,0.0005,0.25,6.0,2022-11-26,2030-08-09,1,30,0
LON00653,BM,Shaw-Clark,Hospitality,808.95,757.52,776.83,B,0.05,0.25,7.22,2022-09-07,2028-03-11,1,60,0
LON00654,KY,Robertson-Smith,RealEstate,797.65,683.7,691.91,BB,0.02,0.35,7.88,2022-12-27,2027-10-10,1,0,0
LON00655,JE,Farley-Bell,Shipping,889.89,694.74,714.75,BB,0.02,0.6,7.71,2022-09-04,2032-03-29,1,0,0
LON00656,BM,Campbell PLC,Hospitality,901.93,775.33,780.62,BB,0.02,0.25,7.23,2020-01-09,2027-07-07,1,30,0
LON00657,BM,Ramsey-Martin,Energy,954.06,759.98,772.22,BBB,0.005,0.25,5.11,2023-07-02,2032-07-26,1,90,0
LON00658,BM,Murphy Inc,Shipping,447.46,350.94,357.0,A,0.001,0.25,8.84,2022-03-29,2026-11-25,1,0,0
LON00659,JE,Huffman-Wilkins,Shipping,746.58,728.44,756.71,BB,0.02,0.45,5.11,2022-10-04,2029-04-14,1,0,0
LON00660,KY,Stevens PLC,Energy,413.97,395.94,402.66,BB,0.02,0.35,7.34,2021-10-02,2030-01-17,1,30,0
LON00661,GU,Jackson-Gardner,Shipping,692.28,552.11,560.11,BBB,0.005,0.25,6.02,2022-02-16,2029-01-10,1,0,0
LON00662,KY,Johnson and Sons,Shipping,428.19,388.3,393.08,AA,0.0005,0.35,5.43,2021-11-24,2027-04-07,2,30,0
LON00663,KY,"Hooper, Taylor and Avila",Hospitality,1249.41,998.91,1014.77,BBB,0.005,0.35,6.78,2022-11-13,2024-04-30,2,0,0
LON00664,JE,Morris LLC,InvestmentHoldCo,280.74,240.69,250.86,A,0.001,0.6,5.37,2020-08-29,2022-09-07,1,0,0
LON00665,KY,Weaver and Sons,Energy,578.27,471.72,472.6,BBB,0.005,0.35,4.08,2024-03-30,2030-10-10,1,0,0
LON00666,BM,George-Anderson,Hospitality,790.77,682.32,702.18,BB,0.02,0.35,5.69,2023-01-29,2029-02-01,1,0,0
LON00667,GU,Morris and Sons,Energy,651.64,601.33,617.4,AA,0.0005,0.45,7.2,2023-06-29,2028-06-12,1,0,0
LON00668,KY,"Thompson, Bradford and Oneill",Technology,1224.96,1211.38,1223.87,B,0.05,0.25,3.84,2021-03-16,2023-06-05,1,0,0
LON00669,BM,"Moore, Duarte and Hill",Shipping,254.28,209.63,212.39,A,0.001,0.6,8.06,2019-12-16,2023-08-02,1,30,0
LON00670,KY,"Hines, Hernandez and Rhodes",RealEstate,303.86,250.16,261.66,A,0.001,0.45,8.6,2022-01-24,2029-12-13,1,0,0
LON00671,BM,Nguyen and Sons,Technology,595.29,475.58,478.94,A,0.001,0.35,7.94,2020-08-14,2027-10-22,1,90,0
LON00672,JE,"Ramirez, Love and Hughes",Energy,377.52,333.31,339.24,B,0.05,0.25,8.65,2020-09-20,2025-04-29,1,0,0
LON00673,GU,"Mckenzie, Torres and Durham",InvestmentHoldCo,509.07,422.98,435.23,AA,0.0005,0.25,8.39,2023-11-14,2027-07-28,2,0,0
LON00674,KY,Rosales-Carroll,InvestmentHoldCo,823.02,735.66,770.49,BBB,0.005,0.25,6.75,2023-02-21,2027-03-06,1,90,0
LON00675,BM,Yang-Ryan,Shipping,359.61,298.2,302.23,BBB,0.005,0.35,6.84,2024-05-17,2031-11-24,1,0,0
LON00676,KY,Moore Ltd,InvestmentHoldCo,496.29,381.8,392.2,B,0.05,0.35,4.46,2019-09-05,2026-12-10,1,30,0
LON00677,BM,Pham Inc,Energy,1303.22,1169.79,1174.48,BB,0.02,0.25,5.8,2022-08-17,2030-01-29,3,90,0
LON00678,KY,Gonzales-Pope,PrivateWealth,247.08,239.09,244.73,BBB,0.005,0.35,3.53,2020-05-25,2024-04-15,1,0,0
LON00679,JE,Pearson Group,Technology,612.03,533.56,558.46,BBB,0.005,0.35,7.76,2021-01-25,2026-03-23,1,0,0
LON00680,KY,"Anderson, Cook and Silva",PrivateWealth,1936.71,1514.56,1578.86,BBB,0.005,0.35,8.75,2022-09-23,2031-11-18,2,0,0
LON00681,JE,Bailey Group,Retail,866.19,760.61,787.4,B,0.05,0.25,5.7,2021-01-02,2028-01-01,1,0,0
LON00682,KY,Perry and Sons,Technology,257.84,235.37,246.5,AAA,0.0001,0.25,3.45,2023-06-03,2026-04-05,1,0,0
LON00683,GU,Stewart-Anderson,Technology,234.32,212.77,214.01,BBB,0.005,0.45,4.62,2021-02-13,2030-12-23,1,0,0
LON00684,GU,"Fritz, Green and Rose",Retail,673.81,672.99,682.39,BB,0.02,0.25,8.64,2022-02-28,2030-01-10,1,90,0
LON00685,BM,Gomez-Mcpherson,Hospitality,1546.73,1335.64,1380.78,B,0.05,0.25,4.22,2023-05-03,2031-03-30,1,0,0
LON00686,BM,Schmidt-Leonard,Energy,1282.2,1161.94,1200.56,A,0.001,0.25,8.39,2021-09-27,2023-02-05,2,0,0
LON00687,JE,"Adams, Mcdonald and Roberts",Retail,514.46,505.0,510.75,A,0.001,0.25,7.61,2024-03-26,2031-12-26,2,0,0
LON00688,JE,"Ryan, Brown and Obrien",RealEstate,467.62,465.1,467.09,BB,0.02,0.25,6.04,2019-09-05,2028-11-24,1,0,0
LON00689,KY,Sexton-Rogers,Technology,525.1,438.22,449.72,BBB,0.005,0.35,3.03,2023-10-27,2031-05-09,1,0,0
LON00690,GU,Brown Ltd,PrivateWealth,1066.81,832.25,870.26,BB,0.02,0.45,3.3,2020-03-06,2026-06-28,2,90,0
LON00691,BM,"Benjamin, Williams and Walker",RealEstate,557.37,551.18,573.34,BB,0.02,0.35,4.97,2020-09-28,2028-10-11,2,0,0
LON00692,BM,Guerrero Inc,Hospitality,754.41,658.92,676.09,BB,0.02,0.6,7.19,2020-04-05,2029-02-11,1,30,0
LON00693,KY,"Shepard, Weaver and Hughes",Hospitality,997.1,889.99,926.94,BB,0.02,0.6,3.29,2019-11-18,2024-06-25,1,0,0
LON00694,KY,"Briggs, Young and Smith",Technology,431.17,339.55,355.35,B,0.05,0.6,5.33,2023-08-14,2025-06-22,1,0,0
LON00695,BM,Ramsey-Garrett,Shipping,413.02,377.01,392.29,BB,0.02,0.25,8.74,2020-11-13,2027-11-25,1,0,0
LON00696,BM,Lloyd Group,Technology,1278.92,1066.31,1100.14,BBB,0.005,0.35,6.01,2020-03-09,2024-01-24,1,30,0
LON00697,KY,Jones-Evans,Retail,587.41,469.5,492.14,A,0.001,0.25,4.8,2020-06-27,2024-09-27,1,0,0
LON00698,GU,Mcpherson Group,Shipping,782.04,672.06,705.09,A,0.001,0.45,8.63,2022-02-18,2030-10-19,1,0,0
LON00699,KY,Harrison Ltd,Retail,597.98,545.21,563.71,B,0.05,0.6,7.25,2019-09-20,2023-08-28,2,0,0
LON00700,KY,"Yoder, Carlson and Williams",Hospitality,2343.83,1820.76,1851.75,AA,0.0005,0.25,6.44,2019-12-23,2021-12-24,1,0,0
LON00701,BM,Martin Inc,RealEstate,361.48,335.83,347.48,BBB,0.005,0.45,6.48,2022-01-24,2029-12-26,1,60,0
LON00702,JE,Alvarez Group,PrivateWealth,504.47,414.87,423.74,A,0.001,0.35,8.0,2020-12-15,2029-09-16,1,60,0
LON00703,KY,"Leblanc, Sutton and Simpson",Retail,376.41,338.73,354.51,BB,0.02,0.6,5.44,2020-06-14,2026-01-29,1,0,0
LON00704,KY,"White, Sanchez and Vaughn",Technology,436.79,429.05,434.98,B,0.05,0.35,7.23,2023-09-04,2028-07-13,1,30,0
LON00705,KY,Jennings-Hurst,Energy,808.37,690.7,720.33,BBB,0.005,0.35,6.3,2022-01-07,2027-10-23,1,0,0
LON00706,KY,Hess-Hopkins,Shipping,295.43,263.36,271.23,AA,0.0005,0.35,8.8,2022-04-24,2029-07-09,1,30,0
LON00707,BM,Johnson Ltd,Retail,2095.41,1638.08,1665.0,A,0.001,0.25,6.04,2021-05-27,2028-02-04,1,0,0
LON00708,KY,"Love, Morgan and Welch",InvestmentHoldCo,606.55,602.44,623.5,AAA,0.0001,0.6,7.49,2021-06-21,2023-05-04,1,0,0
LON00709,KY,Henry-Lang,Retail,663.03,623.38,652.5,BB,0.02,0.6,8.71,2023-11-17,2033-08-20,1,30,0
LON00710,JE,Johnson-Cole,Technology,241.31,217.67,227.12,BBB,0.005,0.25,8.88,2020-11-05,2025-02-19,1,60,0
LON00711,GU,Hanna LLC,InvestmentHoldCo,3732.73,3038.65,3071.14,AAA,0.0001,0.25,4.69,2023-03-05,2029-03-13,1,0,0
LON00712,KY,"Rodriguez, Benson and Medina",Energy,621.52,518.86,538.11,BB,0.02,0.45,3.65,2021-04-14,2024-05-29,1,0,0
LON00713,GU,"Williams, Smith and Jones",Retail,1153.65,1048.37,1093.53,AA,0.0005,0.35,3.92,2023-06-02,2026-06-03,1,0,0
LON00714,BM,Rose-Hale,Energy,249.88,219.57,229.37,BB,0.02,0.45,3.57,2024-01-15,2026-07-09,2,0,0
LON00715,KY,"Wagner, Kemp and West",Energy,638.6,600.28,616.09,A,0.001,0.25,4.16,2020-09-13,2024-09-20,2,30,0
LON00716,KY,Shelton LLC,Technology,656.19,514.23,523.17,BBB,0.005,0.35,4.79,2022-01-11,2023-02-26,1,0,0
LON00717,KY,Snyder-Travis,Technology,411.13,378.22,395.43,BB,0.02,0.25,5.75,2023-10-14,2029-02-24,1,60,0
LON00718,BM,Carrillo and Sons,Technology,793.04,678.79,679.01,BBB,0.005,0.35,3.3,2020-08-08,2029-08-15,1,0,0
LON00719,KY,"Edwards, Chapman and Gonzalez",Energy,868.51,674.23,693.83,B,0.05,0.25,4.57,2023-10-31,2029-04-07,1,0,0
LON00720,BM,Carter Group,PrivateWealth,542.09,506.73,526.44,BBB,0.005,0.25,4.39,2023-08-22,2030-03-23,3,0,0
LON00721,BM,Wallace LLC,Energy,254.71,212.9,214.09,A,0.001,0.25,7.67,2023-09-12,2031-04-04,1,0,0
LON00722,KY,Smith Group,RealEstate,2223.87,1785.59,1824.02,B,0.05,0.25,5.3,2019-11-27,2024-08-14,1,0,0
LON00723,KY,Casey-Jones,Technology,1022.06,805.96,818.31,AA,0.0005,0.25,8.65,2021-10-19,2023-09-13,2,90,0
LON00724,KY,Martin-Butler,Shipping,481.54,457.79,478.3,BBB,0.005,0.45,5.88,2019-10-28,2025-12-03,1,0,0
LON00725,GU,"Harrison, Massey and Stewart",Retail,382.46,340.78,341.03,BB,0.02,0.45,7.86,2023-08-30,2032-11-04,1,30,0
LON00726,JE,"Sullivan, Walsh and Fisher",Retail,3177.64,2508.11,2566.21,BB,0.02,0.35,6.49,2023-03-12,2028-03-27,1,60,0
LON00727,BM,Williams-Sanchez,Shipping,249.83,214.14,219.8,B,0.05,0.45,3.99,2020-11-16,2023-11-25,1,30,0
LON00728,KY,Jones-Smith,Hospitality,608.12,543.47,551.97,BBB,0.005,0.45,4.39,2022-10-07,2024-05-28,1,0,0
LON00729,KY,"George, Morris and Yu",InvestmentHoldCo,562.8,508.51,519.71,A,0.001,0.35,6.23,2021-04-06,2029-06-02,1,30,0
LON00730,BM,"Baldwin, Griffith and Miller",RealEstate,583.77,458.45,474.58,B,0.05,0.25,4.39,2021-07-07,2023-04-11,1,0,0
LON00731,KY,Douglas-Ingram,Hospitality,531.31,505.06,522.63,A,0.001,0.45,3.81,2019-07-10,2021-12-15,1,30,0
LON00732,GU,Evans-Harrison,RealEstate,738.43,662.03,675.0,A,0.001,0.35,8.24,2021-09-28,2027-04-21,1,0,0
LON00733,BM,Bell PLC,Hospitality,2334.2,2128.79,2233.46,BBB,0.005,0.6,7.38,2022-09-20,2028-04-07,1,0,0
LON00734,BM,Franklin LLC,Hospitality,175.76,140.61,144.16,BBB,0.005,0.25,4.4,2023-06-22,2028-07-07,1,0,0
LON00735,BM,"Clayton, Mcknight and Sellers",RealEstate,143.98,134.31,136.96,BB,0.02,0.25,7.58,2022-09-03,2031-02-11,1,0,0
LON00736,BM,Pham-Benson,Hospitality,528.0,430.35,436.71,A,0.001,0.35,4.36,2022-09-06,2024-04-14,1,0,0
LON00737,KY,"Mitchell, Bryan and Shaw",Energy,527.35,506.14,506.55,BB,0.02,0.35,3.23,2021-09-25,2029-06-26,2,0,0
LON00738,BM,"Petty, Bailey and Boyer",RealEstate,1008.62,847.28,887.55,AA,0.0005,0.35,6.92,2022-03-20,2026-07-13,1,0,0
LON00739,JE,Miller-Hawkins,Hospitality,374.44,354.45,355.09,B,0.05,0.25,8.0,2021-05-23,2026-05-08,1,30,0
LON00740,BM,Parker-Wright,Hospitality,453.17,397.71,414.8,BB,0.02,0.25,8.58,2021-04-24,2027-04-23,1,30,0
LON00741,KY,"Zavala, Dawson and Jones",Shipping,679.18,539.26,565.3,A,0.001,0.6,3.83,2022-05-28,2025-09-18,1,30,0
LON00742,KY,"Harrison, Clark and Allen",RealEstate,1516.77,1306.75,1330.19,B,0.05,0.6,8.41,2021-05-21,2026-08-08,1,90,0
LON00743,BM,Leonard Group,Technology,538.25,459.11,478.1,BBB,0.005,0.45,5.48,2023-07-24,2033-06-26,1,0,0
LON00744,GU,Moreno-Gordon,InvestmentHoldCo,551.2,524.39,524.58,BB,0.02,0.25,4.65,2022-07-12,2030-04-15,1,30,0
LON00745,KY,Thompson-King,PrivateWealth,1590.25,1244.72,1288.64,A,0.001,0.25,5.65,2021-07-03,2031-04-11,1,60,0
LON00746,JE,Wright-Flores,Energy,252.82,199.6,204.15,AA,0.0005,0.25,3.43,2021-05-18,2026-09-26,1,30,0
LON00747,JE,Little-Davis,PrivateWealth,1049.76,923.54,950.33,B,0.05,0.25,8.09,2020-09-03,2028-08-06,3,60,0
LON00748,BM,Miller-Moreno,Technology,2076.06,1655.99,1698.02,BBB,0.005,0.25,6.08,2022-09-11,2031-06-15,2,0,0
LON00749,JE,Juarez-Shannon,Technology,878.25,809.68,820.05,AAA,0.0001,0.45,5.64,2020-11-15,2030-10-09,1,0,0
LON00750,KY,Pennington PLC,Energy,689.83,662.73,691.17,BB,0.02,0.35,7.54,2020-08-04,2025-04-22,1,90,0
LON00751,BM,"Henry, Gutierrez and Nichols",Technology,124.24,122.16,124.48,B,0.05,0.45,3.43,2021-06-23,2025-12-14,1,0,0
LON00752,BM,"Kirk, Dunn and York",Shipping,953.94,736.44,753.67,B,0.05,0.25,3.58,2021-02-15,2028-01-01,1,90,0
LON00753,BM,Hernandez Inc,InvestmentHoldCo,861.82,677.98,693.93,BB,0.02,0.25,4.24,2021-11-26,2029-02-23,1,0,0
LON00754,JE,"Saunders, Young and Allen",Retail,192.01,191.69,200.12,BB,0.02,0.45,3.86,2020-09-06,2029-01-11,1,90,0
LON00755,BM,"Adams, Silva and Mejia",Technology,703.8,599.76,625.19,BBB,0.005,0.25,4.13,2020-06-21,2023-10-28,2,0,0
LON00756,KY,Mason and Sons,RealEstate,1010.0,787.03,818.34,A,0.001,0.6,7.25,2020-07-14,2025-10-25,1,90,0
LON00757,KY,"Solomon, Parker and Foster",Technology,1671.29,1303.57,1356.69,BBB,0.005,0.25,5.6,2022-12-10,2025-02-20,1,0,0
LON00758,KY,Love-Munoz,Shipping,734.85,630.23,657.06,BB,0.02,0.35,3.51,2020-09-02,2025-05-22,1,0,0
LON00759,GU,Navarro-Baker,PrivateWealth,346.67,312.17,326.57,BB,0.02,0.25,8.14,2021-04-20,2030-03-17,1,60,0
LON00760,KY,Wilson-Jones,PrivateWealth,69.21,61.79,63.67,AAA,0.0001,0.6,8.26,2020-09-11,2024-08-01,1,0,0
LON00761,JE,Davis and Sons,RealEstate,596.84,535.63,545.77,AAA,0.0001,0.35,8.25,2020-09-21,2030-02-20,2,0,0
LON00762,BM,"Peterson, Carson and Rodriguez",Technology,1284.78,1194.53,1211.93,BBB,0.005,0.6,5.27,2022-12-17,2031-01-25,1,30,0
LON00763,BM,"Chan, Glover and Guzman",Energy,267.4,220.81,227.57,BB,0.02,0.6,8.22,2023-03-29,2025-03-24,1,0,0
LON00764,GU,Schmidt Group,RealEstate,475.12,463.78,478.8,AAA,0.0001,0.25,4.55,2024-01-15,2028-01-06,3,0,0
LON00765,JE,Jones PLC,InvestmentHoldCo,706.48,548.58,551.47,B,0.05,0.35,4.06,2024-01-30,2033-05-01,1,0,0
LON00766,KY,"Smith, Berry and Walker",RealEstate,948.88,855.44,886.11,AA,0.0005,0.35,6.07,2024-05-04,2033-08-03,1,60,0
LON00767,BM,"Thompson, Figueroa and Gonzales",InvestmentHoldCo,527.36,504.09,513.83,B,0.05,0.45,5.14,2023-02-10,2026-02-17,2,90,0
LON00768,BM,"Knight, Torres and Barrera",Hospitality,917.55,786.77,813.31,AA,0.0005,0.25,4.24,2020-01-17,2021-11-06,1,30,0
LON00769,KY,"Thompson, Alvarado and Hooper",Hospitality,482.07,413.36,426.18,BBB,0.005,0.25,6.17,2021-12-29,2030-12-25,3,0,0
LON00770,BM,Wilson-Carpenter,Shipping,1505.51,1220.35,1221.55,BBB,0.005,0.6,4.47,2020-08-10,2022-12-13,1,90,0
LON00771,KY,Bradford Inc,Hospitality,1532.62,1261.26,1294.79,BBB,0.005,0.25,3.15,2020-12-26,2029-05-20,1,30,0
LON00772,BM,Lutz PLC,Energy,1419.29,1138.29,1153.16,AA,0.0005,0.45,3.13,2022-03-31,2029-08-10,1,30,0
LON00773,BM,"Mccarthy, Livingston and Nelson",Energy,562.0,480.32,487.77,BB,0.02,0.35,7.81,2021-12-15,2029-01-26,2,30,0
LON00774,GU,"Cunningham, Cox and Obrien",Technology,812.09,705.03,707.2,AA,0.0005,0.45,3.3,2020-09-16,2025-08-19,1,30,0
LON00775,KY,Owen Group,InvestmentHoldCo,2851.86,2759.48,2780.28,A,0.001,0.25,3.77,2021-02-28,2025-10-29,2,0,0
LON00776,KY,Tanner-Sullivan,Technology,927.71,776.46,783.43,BBB,0.005,0.25,4.2,2022-02-19,2024-02-22,1,0,0
LON00777,KY,"Hughes, Snyder and Short",Retail,225.0,207.12,217.38,BB,0.02,0.25,6.94,2022-10-01,2030-09-18,1,30,0
LON00778,KY,"Baker, Shaw and Chan",PrivateWealth,2035.45,1805.7,1852.19,BB,0.02,0.25,3.95,2022-10-07,2024-04-30,1,0,0
LON00779,BM,"Molina, Cabrera and Lopez",RealEstate,228.69,209.04,218.23,BBB,0.005,0.45,8.59,2023-09-08,2027-10-03,1,0,0
LON00780,GU,Austin PLC,Retail,414.92,372.15,378.93,B,0.05,0.35,5.55,2023-05-15,2026-01-04,1,0,0
LON00781,KY,Hicks and Sons,Retail,895.51,816.19,832.51,BB,0.02,0.6,3.13,2021-02-18,2026-10-01,1,0,0
LON00782,GU,Price-Torres,RealEstate,1098.34,1015.21,1032.11,A,0.001,0.25,5.63,2019-08-02,2026-12-20,1,0,0
LON00783,KY,Harris-Kerr,InvestmentHoldCo,555.83,518.95,544.04,BBB,0.005,0.45,6.86,2021-11-18,2023-08-06,1,90,0
LON00784,BM,Lang-Steele,Energy,166.56,136.92,143.72,B,0.05,0.25,7.75,2020-05-07,2029-02-28,1,0,0
LON00785,KY,Hamilton LLC,Shipping,1993.04,1549.19,1587.19,BBB,0.005,0.25,8.25,2024-04-30,2029-03-08,1,0,0
LON00786,BM,"Benton, Cantrell and Jefferson",RealEstate,266.82,224.82,235.64,BBB,0.005,0.6,4.82,2022-06-24,2025-08-07,1,0,0
LON00787,BM,Valdez-Santos,InvestmentHoldCo,806.02,623.51,635.43,A,0.001,0.6,7.67,2020-06-19,2024-05-21,1,0,0
LON00788,BM,Tyler-Foster,Shipping,331.8,282.41,290.88,A,0.001,0.25,6.27,2023-12-06,2027-06-02,1,90,0
LON00789,BM,"Tran, Wood and Griffin",InvestmentHoldCo,821.11,685.3,702.62,B,0.05,0.25,5.1,2023-04-27,2029-05-03,1,0,0
LON00790,JE,Montes-Cunningham,Energy,405.7,317.22,326.29,BB,0.02,0.6,7.64,2020-01-07,2026-03-15,2,0,0
LON00791,GU,Kelley-Schwartz,InvestmentHoldCo,491.66,491.34,497.19,AA,0.0005,0.6,3.58,2023-10-07,2029-01-06,1,60,0
LON00792,BM,"Higgins, Huffman and Ray",RealEstate,390.3,361.04,362.06,BBB,0.005,0.35,3.92,2020-12-06,2023-11-10,1,30,0
LON00793,BM,"Brooks, Johnson and Diaz",InvestmentHoldCo,1283.69,1077.15,1092.41,A,0.001,0.35,7.71,2020-01-26,2026-12-17,1,90,0
LON00794,JE,"Lewis, Jackson and Neal",Technology,1848.82,1456.65,1500.7,A,0.001,0.25,8.58,2021-08-25,2023-10-09,1,0,0
LON00795,BM,Thompson Ltd,Energy,1114.25,1049.04,1066.96,BB,0.02,0.45,6.29,2021-01-18,2027-03-20,1,60,0
LON00796,KY,Hull Inc,Retail,868.39,828.49,855.95,BB,0.02,0.25,5.89,2021-08-03,2031-04-07,1,30,0
LON00797,KY,"Jackson, Thompson and Olson",Energy,810.57,721.1,738.2,BB,0.02,0.45,5.53,2021-09-21,2025-01-28,1,90,0
LON00798,JE,"Hutchinson, Jordan and Brown",Technology,550.09,529.95,556.17,BBB,0.005,0.25,6.87,2023-04-08,2028-04-15,2,0,0
LON00799,KY,"Baker, Gardner and Martinez",Retail,255.21,242.62,251.18,A,0.001,0.35,7.17,2022-05-20,2026-03-03,1,0,0
LON00800,KY,Snyder PLC,InvestmentHoldCo,653.48,504.24,526.8,AA,0.0005,0.25,8.08,2022-01-02,2025-09-10,1,0,0
LON00801,KY,"Chapman, Clark and Freeman",Energy,738.03,619.42,646.44,BBB,0.005,0.25,5.86,2021-12-20,2028-04-19,1,0,0
LON00802,KY,Moore Group,PrivateWealth,443.76,434.76,455.62,A,0.001,0.25,7.99,2023-06-29,2028-10-19,1,0,0
LON00803,KY,Stevens-Collins,Hospitality,3032.97,2425.51,2444.71,B,0.05,0.25,8.21,2021-09-07,2027-08-08,1,0,0
LON00804,KY,Herrera-Taylor,Retail,912.14,738.53,767.45,AA,0.0005,0.25,3.99,2024-04-13,2029-07-10,1,0,0
LON00805,KY,"Flores, Watson and Ramirez",PrivateWealth,1214.15,1053.24,1087.89,A,0.001,0.45,3.54,2020-03-10,2024-01-08,1,30,0
LON00806,KY,Flores-Moore,PrivateWealth,1643.13,1385.31,1422.74,B,0.05,0.6,3.22,2020-04-12,2024-08-07,1,0,0
LON00807,JE,Burns-Patterson,RealEstate,1831.49,1597.04,1604.86,A,0.001,0.25,8.54,2022-03-26,2030-03-13,1,30,0
LON00808,BM,Bryant LLC,InvestmentHoldCo,842.63,757.57,765.79,B,0.05,0.6,3.16,2019-08-24,2027-03-07,1,0,0
LON00809,KY,Ward Ltd,Technology,1007.64,936.88,964.27,BBB,0.005,0.35,7.8,2020-02-03,2023-12-22,1,0,0
LON00810,BM,"Webb, Rodriguez and Parker",Energy,1069.6,865.01,904.89,A,0.001,0.25,6.93,2019-10-03,2026-05-18,1,0,0
LON00811,KY,"Lee, Gibson and Montoya",Shipping,1266.53,1190.8,1228.52,B,0.05,0.25,4.19,2023-09-20,2028-06-08,1,60,0
LON00812,BM,Williams-Gilmore,InvestmentHoldCo,423.16,368.37,386.21,AAA,0.0001,0.45,5.37,2019-10-27,2022-12-06,1,60,0
LON00813,KY,"Hoffman, Massey and Glenn",Retail,134.05,133.63,135.39,BB,0.02,0.45,8.6,2020-08-16,2022-07-10,1,30,0
LON00814,JE,Peterson-Carpenter,Retail,779.24,628.27,634.8,BB,0.02,0.6,5.53,2023-08-21,2030-02-16,1,90,0
LON00815,BM,Green-Mullen,Energy,697.15,576.32,577.66,BBB,0.005,0.35,3.1,2019-08-21,2026-12-13,1,0,0
LON00816,BM,Mclean-Hardy,Technology,290.12,289.94,303.4,AA,0.0005,0.25,6.23,2021-11-01,2030-03-01,1,0,0
LON00817,BM,Roberts-Hughes,Technology,516.68,490.66,491.31,AA,0.0005,0.25,3.49,2021-05-25,2025-07-09,1,0,0
LON00818,BM,Butler-Todd,PrivateWealth,482.9,422.32,439.25,AA,0.0005,0.6,3.75,2022-11-27,2025-03-10,1,0,0
LON00819,BM,Smith-Turner,Energy,1308.65,1238.17,1281.7,BBB,0.005,0.25,6.78,2024-06-08,2027-12-08,1,0,0
LON00820,BM,Mitchell Inc,InvestmentHoldCo,687.16,532.27,550.22,AA,0.0005,0.35,3.05,2020-05-01,2029-01-26,1,0,0
LON00821,KY,"Yang, Peterson and Brown",PrivateWealth,465.5,408.93,428.3,A,0.001,0.45,8.6,2020-10-08,2030-07-05,1,30,0
LON00822,BM,"Dunlap, Conley and Harrington",Shipping,1322.62,1118.59,1146.2,BB,0.02,0.35,4.3,2023-05-14,2032-11-07,1,90,0
LON00823,BM,Ferrell-Goodwin,Technology,873.75,770.69,789.72,BBB,0.005,0.45,8.27,2021-07-20,2023-07-06,1,30,0
LON00824,GU,Lee LLC,Technology,1212.45,1076.24,1102.7,AAA,0.0001,0.25,5.34,2020-11-15,2025-04-05,1,90,0
LON00825,GU,Potts-Harris,Shipping,225.57,184.34,190.49,BB,0.02,0.25,4.45,2021-01-22,2027-02-18,1,0,0
LON00826,BM,Hayes LLC,Shipping,1248.73,1102.18,1112.39,B,0.05,0.45,7.81,2021-12-06,2029-12-22,1,0,0
LON00827,GU,"Thomas, Holmes and Tucker",Shipping,716.15,698.43,707.63,BBB,0.005,0.6,8.15,2023-02-26,2024-10-10,1,60,0
LON00828,KY,"Fox, Tucker and Rowe",InvestmentHoldCo,1039.02,898.24,938.67,BBB,0.005,0.45,7.08,2024-02-15,2033-05-21,2,0,0
LON00829,BM,"Bell, Grant and Rice",Hospitality,463.81,367.32,378.97,B,0.05,0.35,8.56,2022-06-06,2025-03-16,1,90,0
LON00830,BM,Jordan LLC,RealEstate,1948.16,1604.02,1674.57,A,0.001,0.35,6.76,2023-01-30,2031-06-07,1,0,0
LON00831,BM,Sullivan-Gilbert,Energy,879.64,753.01,759.91,BBB,0.005,0.45,5.95,2021-11-28,2027-03-20,2,0,0
LON00832,JE,"Diaz, Little and Cross",Retail,1890.1,1465.51,1524.25,AAA,0.0001,0.25,3.65,2020-07-09,2027-05-07,1,0,0
LON00833,KY,Miller-Wagner,Technology,856.0,760.12,783.93,BBB,0.005,0.25,8.83,2021-06-03,2024-04-30,1,90,0
LON00834,BM,Young-Green,Hospitality,484.89,398.26,406.23,A,0.001,0.25,8.17,2019-10-18,2021-11-14,1,0,0
LON00835,KY,Williams-Briggs,RealEstate,380.66,305.45,315.06,BBB,0.005,0.25,7.8,2024-01-24,2033-09-04,1,0,0
LON00836,BM,"Coffey, Boyd and Campbell",InvestmentHoldCo,753.93,742.01,768.33,BBB,0.005,0.25,6.01,2020-06-28,2029-04-08,1,0,0
LON00837,KY,Perez Group,Hospitality,397.27,312.16,319.27,BB,0.02,0.45,4.45,2020-11-26,2024-04-09,1,0,0
LON00838,GU,Taylor-French,InvestmentHoldCo,1193.96,1111.58,1117.46,BBB,0.005,0.35,5.64,2024-03-23,2026-06-15,2,0,0
LON00839,KY,"Miranda, Ferguson and Johnson",RealEstate,358.6,321.17,330.29,B,0.05,0.25,6.3,2024-05-29,2027-04-28,1,0,0
LON00840,BM,Palmer and Sons,Shipping,486.54,461.62,480.77,BB,0.02,0.25,6.31,2019-07-21,2026-09-29,1,0,0
LON00841,BM,Shelton-Hall,InvestmentHoldCo,638.97,546.66,570.87,BBB,0.005,0.25,6.12,2022-08-31,2028-06-22,1,30,0
LON00842,BM,"Kirby, Thompson and Mcintyre",Retail,1132.17,1066.55,1080.37,BBB,0.005,0.35,6.58,2023-03-13,2027-05-27,1,0,0
LON00843,BM,Wright-Phillips,InvestmentHoldCo,647.44,580.84,596.28,BBB,0.005,0.25,7.02,2022-04-25,2027-12-03,1,90,0
LON00844,BM,"Williams, Wu and Small",InvestmentHoldCo,425.13,383.32,396.44,A,0.001,0.35,6.91,2024-04-02,2030-10-17,1,90,0
LON00845,KY,Weiss Group,Shipping,6261.42,5063.26,5292.13,BBB,0.005,0.6,3.5,2023-12-05,2026-09-09,1,0,0
LON00846,BM,"Hunter, Weiss and Graves",Shipping,594.74,586.34,608.25,BBB,0.005,0.6,5.2,2020-08-04,2029-10-06,1,60,0
LON00847,KY,Foster and Sons,Hospitality,822.39,754.05,780.14,BB,0.02,0.45,6.86,2019-09-22,2023-10-24,1,30,0
LON00848,KY,Sampson Ltd,InvestmentHoldCo,277.09,271.8,284.03,B,0.05,0.35,5.02,2021-08-19,2027-09-17,1,60,0
LON00849,KY,Landry-Williams,Hospitality,463.87,441.27,454.28,B,0.05,0.25,8.05,2021-01-15,2023-10-14,1,60,0
LON00850,BM,"Kent, Scott and Lara",Retail,407.26,393.45,407.49,BBB,0.005,0.25,7.42,2024-01-20,2034-01-02,1,0,0
LON00851,BM,Lewis-Dixon,Technology,645.99,605.67,620.74,A,0.001,0.25,6.78,2024-04-14,2028-01-13,1,0,0
LON00852,KY,English Ltd,Energy,1093.28,1014.99,1020.4,AA,0.0005,0.25,3.51,2020-02-01,2023-05-15,1,0,0
LON00853,BM,Ferrell and Sons,InvestmentHoldCo,535.72,501.16,515.16,BB,0.02,0.25,4.3,2020-05-22,2028-10-02,1,0,0
LON00854,GU,Walters and Sons,InvestmentHoldCo,1274.48,1201.82,1251.73,B,0.05,0.45,6.59,2023-02-08,2030-02-14,1,0,0
LON00855,BM,Walsh Group,Technology,1238.21,1004.32,1043.06,BBB,0.005,0.25,6.04,2020-12-19,2029-10-17,1,0,0
LON00856,BM,Garcia LLC,Shipping,997.79,855.71,865.62,AA,0.0005,0.6,7.37,2023-05-09,2025-04-14,1,90,0
LON00857,BM,Harris Inc,Technology,364.91,286.7,296.1,BB,0.02,0.25,5.92,2021-08-26,2027-06-07,1,60,0
LON00858,BM,Russell Group,PrivateWealth,423.8,373.76,378.02,A,0.001,0.35,6.68,2021-02-06,2025-05-21,1,60,0
LON00859,BM,"Reid, Harris and Woods",Retail,506.67,447.88,458.26,A,0.001,0.6,5.85,2021-10-19,2030-07-13,1,0,0
LON00860,KY,Miller Inc,Shipping,280.45,280.16,290.64,BBB,0.005,0.35,3.95,2021-01-29,2027-10-20,1,90,0
LON00861,GU,Reyes Ltd,PrivateWealth,310.06,271.04,281.82,BBB,0.005,0.45,4.05,2022-02-06,2029-10-09,1,0,0
LON00862,KY,"Rice, Foster and Irwin",Technology,829.0,751.41,766.72,BBB,0.005,0.25,8.6,2022-05-13,2030-03-01,1,30,0
LON00863,KY,"Parker, Thompson and Jennings",InvestmentHoldCo,1441.32,1113.44,1150.53,BBB,0.005,0.25,8.5,2023-09-25,2031-04-13,1,0,0
LON00864,KY,White Inc,Technology,703.82,582.67,592.92,AAA,0.0001,0.6,5.64,2020-05-27,2026-09-28,1,0,0
LON00865,BM,Perez Group,PrivateWealth,601.88,497.16,516.58,B,0.05,0.6,3.65,2022-05-28,2030-04-13,1,30,0
LON00866,BM,"Hooper, Collins and Stewart",Shipping,596.13,516.97,532.12,AA,0.0005,0.6,4.62,2023-10-20,2028-01-30,1,0,0
LON00867,KY,Parrish-Johnson,Technology,1832.5,1731.84,1772.1,B,0.05,0.45,5.18,2020-04-13,2023-04-22,1,0,0
LON00868,KY,Hernandez-Johnson,InvestmentHoldCo,86.15,80.2,82.69,BB,0.02,0.45,8.15,2022-02-13,2025-06-21,1,90,0
LON00869,KY,"Martinez, Dudley and Rowe",Shipping,259.74,231.08,235.64,BBB,0.005,0.45,5.34,2024-05-04,2027-12-27,1,0,0
LON00870,KY,Moore Group,Shipping,653.92,553.99,573.88,B,0.05,0.25,4.97,2023-02-10,2025-04-19,1,90,0
LON00871,BM,"Braun, Pena and Collins",Hospitality,385.37,369.8,371.46,AA,0.0005,0.45,6.92,2022-05-05,2027-09-08,1,0,0
LON00872,BM,"Brooks, Marsh and Campbell",PrivateWealth,1103.86,946.43,954.89,B,0.05,0.25,5.7,2022-02-07,2025-03-28,1,30,0
LON00873,KY,Durham Ltd,Hospitality,3218.39,2543.94,2626.28,BB,0.02,0.25,5.37,2022-10-09,2025-04-06,1,30,0
LON00874,BM,Sanchez-Hester,InvestmentHoldCo,832.4,802.11,809.42,BB,0.02,0.25,5.98,2023-09-12,2030-03-23,2,0,0
LON00875,GU,Lindsey Group,RealEstate,379.21,347.14,360.06,BB,0.02,0.25,8.57,2023-07-22,2029-06-01,1,90,0
LON00876,BM,"Johnson, Acevedo and White",Energy,421.88,371.9,376.94,BB,0.02,0.35,5.35,2020-10-29,2026-02-27,1,0,0
LON00877,BM,Meyer-Mcdonald,Hospitality,491.63,382.82,383.27,A,0.001,0.25,6.32,2021-10-08,2030-11-28,1,90,0
LON00878,BM,Washington-Melton,InvestmentHoldCo,1473.18,1371.29,1412.7,A,0.001,0.25,6.54,2020-04-17,2029-01-18,1,90,0
LON00879,BM,Barnes Ltd,Shipping,1200.47,958.83,965.22,BBB,0.005,0.35,7.4,2020-12-30,2023-06-24,1,0,0
LON00880,BM,Lewis-Lewis,InvestmentHoldCo,2116.53,1741.59,1744.51,BBB,0.005,0.25,7.01,2022-07-31,2031-02-24,1,60,0
LON00881,KY,"Lara, Butler and Brown",RealEstate,126.49,100.58,104.63,BB,0.02,0.25,3.23,2023-01-03,2029-02-11,1,90,0
LON00882,GU,Alvarado and Sons,Energy,3256.19,2793.65,2904.27,B,0.05,0.25,8.49,2021-07-27,2024-07-21,1,90,0
LON00883,BM,King PLC,Energy,1572.28,1250.51,1274.97,A,0.001,0.35,5.52,2020-04-02,2029-04-05,1,60,0
LON00884,BM,"Williams, Freeman and Dixon",Retail,1571.06,1271.96,1301.59,B,0.05,0.6,4.75,2019-12-02,2028-05-14,1,0,0
LON00885,BM,Morgan-Roman,Hospitality,440.01,435.55,450.54,BBB,0.005,0.6,3.42,2019-08-08,2026-09-18,1,90,0
LON00886,JE,"Dickerson, Lowe and Mccarty",RealEstate,241.7,199.46,204.57,BB,0.02,0.45,6.2,2019-07-09,2029-01-02,1,90,0
LON00887,GU,Huang-Bass,Retail,855.34,662.11,681.68,BBB,0.005,0.6,6.04,2020-04-14,2025-01-08,1,60,0
LON00888,KY,Chen Group,RealEstate,362.21,350.99,357.28,BB,0.02,0.35,4.35,2022-03-07,2026-05-03,3,90,0
LON00889,BM,"Larson, Campbell and Simmons",Retail,474.04,429.32,450.76,A,0.001,0.35,7.33,2019-08-08,2021-10-02,1,0,0
LON00890,GU,Valdez-Bell,Retail,595.98,587.4,596.62,BBB,0.005,0.35,8.82,2021-01-23,2023-01-27,1,0,0
LON00891,KY,"Winters, Johnson and Wolfe",PrivateWealth,514.4,400.75,407.73,B,0.05,0.6,3.76,2023-12-08,2027-03-14,1,60,0
LON00892,GU,Owens-Ortiz,RealEstate,1293.14,1002.4,1012.21,AA,0.0005,0.35,8.87,2021-04-16,2027-01-08,1,90,0
LON00893,JE,Melton PLC,Technology,392.48,330.71,340.87,AA,0.0005,0.45,4.64,2021-06-03,2024-10-17,1,0,0
LON00894,BM,Davis Inc,InvestmentHoldCo,1837.24,1428.66,1484.28,B,0.05,0.35,8.79,2021-06-19,2026-10-21,1,60,0
LON00895,BM,"Hopkins, Smith and Riley",Retail,675.19,563.69,570.01,BB,0.02,0.25,7.05,2020-06-26,2024-11-27,2,90,0
LON00896,KY,Day LLC,Hospitality,674.96,663.11,690.25,A,0.001,0.45,3.74,2020-10-06,2025-09-26,1,30,0
LON00897,KY,Edwards Group,InvestmentHoldCo,1101.65,852.17,870.21,BBB,0.005,0.35,5.89,2020-01-14,2025-04-14,2,90,0
LON00898,BM,Robinson-Garrison,Energy,875.64,710.8,743.8,B,0.05,0.25,6.36,2022-07-29,2025-08-19,1,90,0
LON00899,BM,Smith Group,PrivateWealth,1779.01,1506.77,1560.71,BBB,0.005,0.6,8.07,2019-12-19,2025-02-23,1,0,0
LON00900,JE,Edwards Group,Hospitality,663.44,534.13,555.36,AA,0.0005,0.25,4.83,2021-03-06,2029-02-24,1,0,0
LON00901,KY,"Carter, Gibbs and Haney",PrivateWealth,1012.25,808.06,819.63,B,0.05,0.6,6.1,2021-04-06,2028-02-17,1,30,0
LON00902,BM,Wilson-Gonzalez,Retail,469.47,420.04,439.31,A,0.001,0.25,3.3,2022-02-14,2027-05-30,1,90,0
LON00903,BM,"Mcmahon, Caldwell and Bell",Energy,763.99,753.6,786.25,AA,0.0005,0.45,4.17,2021-03-09,2023-03-31,1,90,0
LON00904,GU,"Roberts, Fuller and Barber",Technology,90.54,84.41,87.76,BBB,0.005,0.25,5.8,2022-11-01,2029-05-25,1,0,0
LON00905,GU,Ruiz PLC,RealEstate,992.84,918.47,961.4,BBB,0.005,0.25,5.11,2020-10-07,2026-02-21,1,0,0
LON00906,JE,"Cox, Berry and Knight",Technology,269.88,221.97,231.91,BBB,0.005,0.45,7.14,2022-12-18,2024-10-31,1,0,0
LON00907,BM,"Ross, Ellis and Harris",Retail,730.14,724.78,744.41,BBB,0.005,0.45,5.04,2022-05-21,2026-06-04,1,60,0
LON00908,BM,"Gomez, Pierce and Hart",RealEstate,840.85,812.99,834.28,A,0.001,0.45,4.38,2019-12-15,2025-11-30,2,90,0
LON00909,BM,Whitaker-Daniel,Shipping,962.86,754.77,784.18,A,0.001,0.35,4.68,2022-04-20,2028-03-15,3,30,0
LON00910,JE,"Marshall, Curtis and Calhoun",Energy,1849.79,1503.41,1507.99,BBB,0.005,0.35,6.56,2021-11-04,2027-07-11,1,30,0
LON00911,KY,"Smith, Taylor and Vazquez",Energy,723.31,594.68,598.05,BB,0.02,0.25,4.59,2023-05-28,2031-02-01,1,0,0
LON00912,BM,Smith-Douglas,PrivateWealth,943.45,882.02,911.05,BB,0.02,0.35,6.87,2019-12-26,2029-07-30,1,0,0
LON00913,BM,"Barron, Mitchell and Curtis",Shipping,2060.82,1639.58,1719.36,BBB,0.005,0.35,8.63,2021-10-16,2027-11-26,1,90,0
LON00914,BM,Wallace Inc,Hospitality,702.2,631.93,662.42,BB,0.02,0.45,7.45,2024-06-12,2026-06-06,1,90,0
LON00915,KY,Brown-Cunningham,Shipping,821.29,735.86,762.86,AA,0.0005,0.6,6.07,2022-02-07,2024-08-20,2,0,0
LON00916,BM,"Cline, Adams and Terry",Retail,464.02,398.08,412.04,BBB,0.005,0.35,8.81,2024-03-15,2032-04-29,1,0,0
LON00917,BM,"Johnson, Patel and Jimenez",Energy,758.09,624.46,637.04,BBB,0.005,0.35,4.52,2024-04-22,2032-01-22,1,60,0
LON00918,BM,Gomez LLC,Hospitality,2676.36,2247.55,2275.82,BBB,0.005,0.25,7.26,2020-04-26,2026-02-08,1,90,0
LON00919,KY,Garza Group,Retail,1032.43,905.82,922.95,BB,0.02,0.25,7.86,2020-12-13,2027-06-19,1,0,0
LON00920,JE,Hoover-Munoz,InvestmentHoldCo,1106.94,1078.37,1089.17,AA,0.0005,0.35,6.26,2020-09-30,2022-06-05,1,30,0
LON00921,KY,"Rodriguez, Watts and Jackson",Shipping,1094.82,1006.95,1038.44,B,0.05,0.35,5.77,2020-08-10,2026-11-26,1,60,0
LON00922,BM,Bell-Case,Hospitality,855.44,738.22,749.88,BB,0.02,0.25,4.64,2023-10-18,2033-05-26,1,90,0
LON00923,KY,Glover-Moss,Energy,1986.74,1664.36,1737.18,BB,0.02,0.25,4.69,2019-12-10,2029-08-24,1,30,0
LON00924,KY,"Smith, Frazier and Green",Hospitality,436.05,374.47,382.37,BB,0.02,0.35,8.27,2024-02-21,2029-01-05,1,0,0
LON00925,GU,Estrada PLC,Shipping,456.64,455.69,477.95,B,0.05,0.6,5.09,2023-06-26,2027-08-24,1,0,0
LON00926,KY,"Davila, Davis and Greene",Shipping,543.38,523.14,528.34,BB,0.02,0.25,7.28,2023-10-11,2028-01-27,1,0,0
LON00927,KY,"Cisneros, Brown and Tucker",Retail,1123.02,1096.11,1102.35,B,0.05,0.25,5.35,2023-10-19,2025-03-28,2,0,0
LON00928,BM,Shea Ltd,RealEstate,386.17,324.06,325.72,BBB,0.005,0.6,4.17,2024-06-30,2027-05-30,2,30,0
LON00929,KY,Marshall and Sons,Technology,599.7,510.96,515.05,B,0.05,0.25,5.2,2021-07-03,2030-04-20,1,30,0
LON00930,KY,"Morrison, Rivera and Lawson",InvestmentHoldCo,244.17,211.47,218.87,B,0.05,0.6,3.82,2021-02-05,2028-11-08,1,60,0
LON00931,BM,"Douglas, Ruiz and Williams",InvestmentHoldCo,345.11,274.2,275.47,BB,0.02,0.25,5.33,2023-06-11,2027-06-13,2,30,0
LON00932,BM,Wilson-Kim,Energy,497.13,472.34,485.52,BBB,0.005,0.35,3.83,2022-12-10,2031-12-18,1,0,0
LON00933,BM,"Howard, Keller and Chase",Hospitality,487.2,382.01,399.31,A,0.001,0.35,3.16,2023-08-01,2031-12-26,2,60,0
LON00934,BM,Allen Group,PrivateWealth,286.33,286.27,289.22,BBB,0.005,0.45,8.55,2021-06-29,2025-09-20,3,60,0
LON00935,KY,"Phillips, Thomas and Collins",Shipping,785.3,772.3,796.91,BBB,0.005,0.45,8.6,2021-05-03,2023-12-19,1,0,0
LON00936,BM,Williams-Anderson,InvestmentHoldCo,352.99,314.28,327.79,A,0.001,0.45,8.81,2022-05-16,2030-06-21,1,0,0
LON00937,BM,Fuller-Lyons,Hospitality,373.7,367.84,382.24,BBB,0.005,0.45,7.73,2022-03-20,2029-07-05,1,0,0
LON00938,BM,"Ray, Figueroa and Hill",RealEstate,884.77,801.02,818.5,BB,0.02,0.25,3.85,2020-01-09,2024-07-11,1,0,0
LON00939,BM,Washington-Church,PrivateWealth,485.97,404.96,408.08,BBB,0.005,0.25,6.82,2023-10-22,2032-10-25,1,90,0
LON00940,KY,Hicks-Rhodes,PrivateWealth,2208.35,1861.53,1898.93,BBB,0.005,0.35,4.82,2020-07-27,2027-09-18,1,30,0
LON00941,JE,"Brown, Key and Schultz",Energy,698.74,659.33,678.71,AA,0.0005,0.25,3.8,2022-09-18,2032-06-27,1,90,0
LON00942,KY,"Poole, Jimenez and Davidson",Energy,4039.56,3184.52,3205.62,BB,0.02,0.6,3.79,2021-07-08,2024-06-05,1,0,0
LON00943,BM,Mitchell-Mcknight,Shipping,1706.17,1350.59,1408.92,A,0.001,0.45,4.55,2020-07-01,2029-03-07,1,30,0
LON00944,KY,Ryan Ltd,Retail,976.14,787.75,800.56,BB,0.02,0.25,3.09,2020-06-06,2030-01-28,1,0,0
LON00945,BM,Robinson Group,Retail,846.35,822.47,852.69,BB,0.02,0.35,3.4,2021-12-06,2024-12-20,1,30,0
LON00946,JE,Murray Ltd,InvestmentHoldCo,302.76,257.89,265.17,A,0.001,0.6,7.92,2021-07-30,2029-03-26,1,90,0
LON00947,BM,"Foster, Perez and Howard",Hospitality,1417.66,1137.98,1176.79,AA,0.0005,0.25,5.07,2020-03-05,2021-11-13,1,0,0
LON00948,KY,Snyder-Kaiser,Hospitality,1105.94,910.36,927.07,BB,0.02,0.6,6.7,2023-07-28,2026-07-07,1,30,0
LON00949,JE,Young PLC,Energy,378.07,323.01,336.5,B,0.05,0.45,6.67,2024-06-09,2030-05-15,1,60,0
LON00950,JE,Ortiz-Moreno,Hospitality,279.4,241.57,253.09,AA,0.0005,0.35,3.97,2020-08-27,2028-11-27,1,30,0
LON00951,KY,Cummings LLC,Retail,988.58,937.04,977.12,A,0.001,0.45,3.39,2024-06-16,2028-12-22,1,60,0
LON00952,JE,Smith-Harvey,RealEstate,316.03,311.35,311.78,BB,0.02,0.6,8.24,2019-07-25,2028-02-18,1,0,0
LON00953,JE,"Williams, Harris and Chapman",Shipping,559.72,539.86,553.04,BB,0.02,0.6,3.82,2021-07-24,2025-07-22,1,90,0
LON00954,KY,Stewart-Rodriguez,Energy,223.16,174.14,182.03,AA,0.0005,0.25,7.0,2024-03-18,2028-10-02,1,0,0
LON00955,KY,"Harvey, Bowman and Griffin",Hospitality,485.57,415.63,430.33,A,0.001,0.45,3.87,2019-11-01,2025-01-31,1,0,0
LON00956,KY,"Simpson, Oliver and Ward",Energy,371.44,290.56,298.05,A,0.001,0.25,5.4,2020-05-11,2030-04-28,1,0,0
LON00957,GU,Boyd-Pearson,RealEstate,597.59,506.69,525.05,B,0.05,0.6,4.97,2021-08-10,2026-07-21,2,30,0
LON00958,KY,Williams and Sons,Retail,630.88,594.34,622.68,BB,0.02,0.25,8.69,2024-06-18,2032-10-30,1,0,0
LON00959,BM,Edwards LLC,RealEstate,297.64,279.65,284.17,AAA,0.0001,0.6,7.32,2023-06-15,2026-12-07,1,0,0
LON00960,BM,"Bird, Day and Edwards",Technology,558.18,550.9,573.47,A,0.001,0.35,4.13,2023-08-21,2026-09-16,1,90,0
LON00961,BM,Strong-Mitchell,Retail,341.8,289.11,292.46,BB,0.02,0.25,7.77,2022-04-13,2023-11-25,1,0,0
LON00962,KY,Sanchez PLC,Technology,1030.39,845.97,887.51,BBB,0.005,0.25,6.63,2022-01-14,2028-11-25,1,0,0
LON00963,GU,Evans Group,InvestmentHoldCo,827.8,699.43,715.05,BB,0.02,0.25,8.75,2019-07-18,2026-02-18,1,0,0
LON00964,BM,"Wallace, Goodwin and Macdonald",RealEstate,451.38,355.9,369.75,AAA,0.0001,0.25,3.17,2020-04-29,2021-11-28,1,0,0
LON00965,BM,Jacobson-Price,Technology,1599.07,1289.23,1341.57,B,0.05,0.6,6.64,2023-01-03,2026-04-22,1,90,0
LON00966,KY,Fields-Fisher,Energy,381.74,321.53,333.77,BB,0.02,0.25,6.85,2020-04-14,2024-01-16,1,60,0
LON00967,JE,Patrick and Sons,RealEstate,702.43,621.14,625.91,BB,0.02,0.25,3.07,2023-11-19,2031-11-04,1,0,0
LON00968,BM,Anderson Inc,Retail,1332.51,1234.42,1240.94,BBB,0.005,0.45,8.03,2023-03-04,2032-04-10,1,30,0
LON00969,BM,Smith Inc,Hospitality,414.46,358.75,362.92,BB,0.02,0.35,5.0,2022-11-16,2027-01-13,1,0,0
LON00970,BM,Bautista LLC,Hospitality,1616.6,1469.62,1501.22,BBB,0.005,0.45,8.47,2023-06-14,2024-10-20,2,60,0
LON00971,KY,"Strickland, Clark and Smith",Hospitality,907.73,802.08,837.52,A,0.001,0.45,3.14,2023-05-21,2030-05-27,1,30,0
LON00972,KY,"Brown, White and Newton",Shipping,571.24,516.69,536.46,BBB,0.005,0.25,8.57,2019-09-15,2021-11-12,1,0,0
LON00973,JE,"Leonard, Reynolds and Hall",Energy,507.43,399.53,419.19,BBB,0.005,0.25,5.68,2023-06-03,2026-07-13,1,0,0
LON00974,KY,Johnston-Jones,InvestmentHoldCo,1303.51,1090.6,1142.47,AA,0.0005,0.25,3.09,2022-03-19,2026-02-14,1,0,0
LON00975,BM,"Olson, Allen and Mccann",Hospitality,814.39,646.61,656.3,BBB,0.005,0.35,5.97,2020-11-20,2027-05-15,1,0,0
LON00976,BM,Morales-Spencer,RealEstate,604.71,497.5,519.77,B,0.05,0.45,4.13,2023-02-11,2029-01-27,1,0,0
LON00977,BM,Baxter-Malone,PrivateWealth,168.4,132.51,133.9,AA,0.0005,0.45,4.15,2023-04-23,2032-10-14,2,0,0
LON00978,BM,"Glenn, Terry and Shepherd",PrivateWealth,2133.59,2007.52,2050.73,BBB,0.005,0.25,6.14,2021-09-28,2027-06-17,1,60,0
LON00979,BM,Reed PLC,Retail,253.81,249.69,259.76,AAA,0.0001,0.35,7.91,2019-08-31,2028-09-21,1,0,0
LON00980,BM,Galvan-Shaw,PrivateWealth,471.1,371.93,377.23,BB,0.02,0.35,8.67,2021-02-08,2023-06-24,1,0,0
LON00981,KY,"Lambert, Bradshaw and Gardner",Hospitality,455.1,350.36,362.76,AA,0.0005,0.25,8.84,2020-12-19,2025-09-09,1,60,0
LON00982,JE,"Johnson, Smith and King",Hospitality,1357.82,1055.34,1069.27,BB,0.02,0.25,5.96,2021-12-31,2031-01-27,2,30,0
LON00983,BM,"Lewis, Wilson and Smith",Shipping,378.62,340.72,341.09,A,0.001,0.45,5.52,2020-03-25,2026-05-22,1,0,0
LON00984,GU,"Blackburn, Cross and Jackson",Retail,730.68,569.33,581.41,BBB,0.005,0.45,7.65,2019-07-02,2026-04-12,2,0,0
LON00985,BM,Price PLC,Energy,180.38,157.46,161.93,BBB,0.005,0.25,3.92,2022-01-19,2026-08-18,1,30,0
LON00986,KY,Mcdaniel-Nelson,Shipping,376.93,360.23,369.63,BB,0.02,0.25,6.52,2022-12-17,2026-06-16,1,30,0
LON00987,KY,"Lawson, Richardson and Porter",Energy,723.17,624.33,650.22,AA,0.0005,0.6,4.27,2023-06-07,2029-06-27,1,30,0
LON00988,KY,Flores Ltd,Energy,412.59,336.43,340.39,B,0.05,0.6,6.15,2023-07-28,2031-11-20,1,0,0
LON00989,BM,Wilson-Ward,InvestmentHoldCo,272.83,267.95,274.18,BBB,0.005,0.25,8.31,2023-06-20,2027-11-11,1,0,0
LON00990,KY,"Reed, Martinez and Hawkins",PrivateWealth,1032.58,837.86,853.68,B,0.05,0.45,8.11,2021-12-11,2028-06-09,1,0,0
LON00991,BM,Adams-Best,RealEstate,1066.68,1014.63,1040.95,A,0.001,0.25,5.57,2023-10-31,2025-11-12,1,0,0
LON00992,BM,Armstrong PLC,Shipping,176.53,151.32,151.71,AAA,0.0001,0.25,4.52,2019-07-18,2025-03-04,1,90,0
LON00993,BM,"Fox, Hooper and Thomas",Hospitality,1213.7,1025.11,1070.46,AA,0.0005,0.6,3.25,2019-11-18,2029-02-16,1,0,0
LON00994,BM,Obrien-Gallegos,PrivateWealth,275.0,264.97,271.56,BBB,0.005,0.6,8.57,2022-09-05,2029-09-23,1,0,0
LON00995,KY,Long PLC,RealEstate,1201.45,1094.22,1120.44,B,0.05,0.25,4.11,2024-03-05,2031-10-22,1,0,0
LON00996,JE,Bennett Group,Hospitality,952.75,873.96,914.87,BB,0.02,0.25,4.54,2023-01-23,2029-08-15,1,60,0
LON00997,KY,Myers Group,InvestmentHoldCo,381.52,350.88,353.62,BBB,0.005,0.45,8.45,2019-08-15,2027-10-10,1,0,0
LON00998,GU,"Cox, Preston and Potts",Energy,1185.51,941.18,983.14,A,0.001,0.25,5.7,2020-12-19,2023-01-06,1,0,0
LON00999,JE,Hoffman-Anderson,Hospitality,430.49,339.62,349.81,BB,0.02,0.35,7.4,2023-09-01,2028-07-29,1,0,0
LON01000,KY,Medina-Smith,Shipping,2191.99,2063.75,2095.28,A,0.001,0.6,6.66,2023-06-10,2032-02-21,1,0,0
LON01001,BM,Gonzales-Brown,InvestmentHoldCo,497.14,424.35,439.4,A,0.001,0.6,3.72,2019-11-30,2029-09-02,1,0,0
LON01002,JE,Jackson LLC,Hospitality,953.47,943.05,972.34,BBB,0.005,0.35,8.25,2020-11-17,2023-07-21,1,0,0
LON01003,BM,Thomas Inc,Energy,875.29,788.61,796.72,BB,0.02,0.45,6.95,2021-02-11,2026-05-30,1,90,0
LON01004,BM,Rodriguez-White,Hospitality,260.94,217.24,220.18,AAA,0.0001,0.45,4.7,2024-04-02,2025-08-13,1,60,0
LON01005,JE,Martinez-Bishop,Hospitality,925.31,726.4,736.85,BBB,0.005,0.45,8.47,2024-06-11,2029-06-02,1,90,0
LON01006,BM,"Campos, Stephenson and Johnson",Technology,424.96,329.88,345.9,A,0.001,0.45,7.84,2023-05-13,2026-03-03,1,0,0
LON01007,KY,"Webb, Bell and Rodriguez",PrivateWealth,649.03,626.09,645.72,A,0.001,0.25,5.25,2024-03-08,2028-11-13,1,0,0
LON01008,BM,"Santos, Garza and Garcia",Energy,334.35,261.53,272.63,AAA,0.0001,0.25,8.81,2021-06-11,2023-03-27,1,0,0
LON01009,BM,Olsen LLC,PrivateWealth,403.84,373.52,375.82,AAA,0.0001,0.35,3.07,2023-09-03,2031-06-25,1,60,0
LON01010,JE,Le and Sons,Technology,592.57,518.14,535.35,BBB,0.005,0.6,8.86,2019-11-19,2022-07-21,1,0,0
LON01011,BM,Russell-Morris,Retail,620.67,509.42,527.58,A,0.001,0.6,7.87,2022-12-01,2024-03-27,1,0,0
LON01012,KY,"Taylor, Yang and Jenkins",Retail,1018.33,1011.15,1025.26,B,0.05,0.35,3.7,2023-07-02,2033-04-07,1,60,0
LON01013,BM,Crosby Group,PrivateWealth,980.8,881.24,898.67,BBB,0.005,0.6,4.25,2020-08-23,2026-05-24,1,0,0
LON01014,JE,Harris-Brown,Hospitality,2182.75,1757.21,1787.85,A,0.001,0.35,4.82,2022-06-06,2031-08-10,1,90,0
LON01015,BM,"Terrell, Montgomery and Shannon",Shipping,571.32,453.73,471.81,B,0.05,0.25,6.58,2020-10-26,2028-03-28,1,60,0
LON01016,BM,Le-Rodriguez,Energy,1348.48,1065.61,1113.44,BB,0.02,0.6,8.78,2019-12-06,2022-03-14,2,0,0
LON01017,BM,Barton-James,Energy,536.09,413.53,417.86,AA,0.0005,0.25,6.71,2023-10-13,2033-05-07,1,0,0
LON01018,KY,Barker Ltd,Retail,331.58,265.76,266.9,BBB,0.005,0.45,7.04,2022-03-06,2023-04-29,1,60,0
LON01019,KY,Rangel Ltd,Technology,476.34,385.96,399.66,B,0.05,0.25,8.44,2021-06-01,2025-02-11,1,90,0
LON01020,KY,"Kelley, Lee and Avery",InvestmentHoldCo,913.0,751.05,755.66,A,0.001,0.25,6.78,2020-06-27,2028-12-19,1,0,0
LON01021,BM,Gray-Maldonado,Technology,636.62,533.32,543.81,BBB,0.005,0.25,3.26,2019-09-23,2025-08-28,2,0,0
LON01022,GU,Armstrong and Sons,Shipping,1461.2,1422.94,1492.69,AA,0.0005,0.25,6.69,2019-09-27,2023-01-11,1,0,0
LON01023,BM,"Johnson, Martin and Montoya",InvestmentHoldCo,499.88,419.01,432.44,BB,0.02,0.35,7.29,2022-02-19,2031-06-29,1,0,0
LON01024,BM,"Taylor, Duffy and Hood",RealEstate,2663.85,2097.14,2137.49,AA,0.0005,0.45,4.88,2023-09-11,2030-11-10,1,0,0
LON01025,KY,Lester and Sons,Technology,122.34,113.37,113.73,BBB,0.005,0.45,3.29,2020-10-12,2023-11-18,1,90,0
LON01026,BM,"Foster, Davenport and Daniels",Hospitality,1088.11,972.26,984.28,A,0.001,0.25,7.03,2023-09-15,2029-04-27,1,90,0
LON01027,KY,Ray-Glass,Shipping,331.09,330.44,337.33,BB,0.02,0.25,4.54,2023-06-23,2030-10-03,1,60,0
LON01028,BM,"Freeman, Castillo and Johnston",RealEstate,763.16,697.43,716.03,B,0.05,0.35,6.5,2020-06-12,2024-05-20,1,0,0
LON01029,KY,White-Oliver,Shipping,301.32,250.46,253.82,AA,0.0005,0.35,6.73,2021-02-09,2029-09-15,1,90,0
LON01030,KY,"Adams, Richardson and Williams",PrivateWealth,1435.15,1174.87,1194.31,BBB,0.005,0.6,8.52,2021-12-13,2023-03-29,2,30,0
LON01031,BM,"Meyers, Wells and Castillo",Hospitality,1068.42,847.18,865.0,A,0.001,0.25,5.53,2023-08-14,2027-07-27,1,0,0
LON01032,BM,Sawyer-Hernandez,Shipping,620.52,571.62,575.12,BB,0.02,0.35,7.71,2024-03-08,2028-05-24,1,30,0
LON01033,KY,Barr and Sons,Retail,959.34,871.17,901.33,BBB,0.005,0.25,6.9,2020-08-12,2027-12-21,1,0,0
LON01034,BM,"Clark, Pope and Carr",Energy,600.25,543.03,548.36,BB,0.02,0.25,4.5,2019-12-29,2024-11-13,1,0,0
LON01035,GU,"Peterson, Taylor and Bullock",RealEstate,465.16,397.18,402.22,AA,0.0005,0.25,7.26,2020-02-18,2028-10-10,1,0,0
LON01036,BM,White PLC,PrivateWealth,990.74,796.37,820.37,BBB,0.005,0.25,4.38,2021-02-24,2029-04-03,1,0,0
LON01037,BM,Kennedy Inc,RealEstate,519.66,426.65,428.37,BBB,0.005,0.25,3.18,2022-12-27,2028-11-11,1,90,0
LON01038,JE,"Huber, Best and Khan",RealEstate,242.98,242.93,246.32,BBB,0.005,0.25,5.75,2023-12-23,2029-10-24,3,90,0
LON01039,BM,Anderson LLC,Energy,367.98,337.37,339.63,A,0.001,0.25,4.89,2023-05-28,2024-09-01,1,0,0
LON01040,JE,Garcia Inc,Hospitality,2359.46,1940.12,2003.41,BB,0.02,0.25,6.19,2022-03-19,2028-02-01,1,90,0
LON01041,KY,Yang-Kim,RealEstate,724.31,557.61,562.78,A,0.001,0.35,8.69,2022-05-10,2030-06-13,1,0,0
LON01042,BM,"Taylor, Smith and Brown",InvestmentHoldCo,399.39,368.77,381.92,BB,0.02,0.25,6.67,2020-12-27,2028-12-31,2,90,0
LON01043,BM,"Le, Gray and Foster",Retail,652.0,616.04,625.58,BB,0.02,0.25,8.35,2020-06-20,2027-02-24,1,0,0
LON01044,JE,"Walsh, Duncan and Friedman",RealEstate,641.78,535.82,548.7,A,0.001,0.25,4.29,2019-09-13,2028-11-22,2,90,0
LON01045,KY,"Mitchell, Hall and Washington",Shipping,642.47,525.24,542.5,BB,0.02,0.25,6.52,2021-01-27,2026-03-29,1,0,0
LON01046,GU,Mendoza-Burns,Hospitality,1200.84,985.74,1004.07,AA,0.0005,0.25,8.18,2020-03-14,2029-06-16,1,0,0
LON01047,BM,Vazquez-Bridges,Retail,1043.49,814.59,837.46,A,0.001,0.6,3.47,2023-08-05,2025-02-28,1,0,0
LON01048,JE,Garcia-Figueroa,PrivateWealth,763.78,682.4,692.51,A,0.001,0.45,7.59,2023-01-19,2027-02-19,1,0,0
LON01049,JE,Mcdonald-Walters,Technology,1666.06,1312.3,1369.95,BB,0.02,0.25,4.09,2023-10-21,2026-04-13,1,90,0
LON01050,JE,Martinez-Liu,Shipping,758.63,738.23,742.24,A,0.001,0.35,7.71,2021-01-08,2027-08-29,1,30,0
LON01051,BM,Reed PLC,Energy,844.59,840.94,854.41,BB,0.02,0.6,7.69,2022-05-27,2029-12-26,1,0,0
LON01052,KY,"Willis, Marshall and Diaz",RealEstate,884.95,847.01,887.57,B,0.05,0.6,8.85,2024-04-04,2033-04-16,1,0,0
LON01053,GU,Smith PLC,PrivateWealth,120.24,103.61,105.78,BB,0.02,0.35,6.58,2023-08-19,2029-08-22,1,30,0
LON01054,GU,"Bishop, Trevino and Stevens",Hospitality,1774.4,1447.62,1517.37,BBB,0.005,0.25,5.83,2022-04-27,2027-01-02,1,0,0
LON01055,BM,"Murphy, Nunez and Robbins",Shipping,891.35,813.4,819.01,BBB,0.005,0.6,5.23,2021-11-21,2024-03-17,1,0,0
LON01056,BM,"Hess, Pratt and Davidson",Retail,271.43,229.68,239.73,BB,0.02,0.25,8.43,2022-08-27,2028-04-28,3,0,0
LON01057,BM,Clarke and Sons,RealEstate,604.02,537.88,542.57,A,0.001,0.45,5.19,2023-11-09,2026-05-21,1,0,0
LON01058,BM,Todd-Anderson,Energy,228.62,186.74,194.45,AA,0.0005,0.25,4.35,2021-04-24,2024-11-30,1,90,0
LON01059,BM,Robinson-Kim,InvestmentHoldCo,562.17,437.48,445.29,BBB,0.005,0.35,7.05,2021-11-04,2030-05-08,2,90,0
LON01060,BM,"Khan, Davis and Booth",Shipping,199.68,171.33,178.61,BB,0.02,0.25,8.59,2020-12-07,2025-01-07,1,0,0
LON01061,GU,Harrell-Wilson,InvestmentHoldCo,403.41,398.22,417.38,AA,0.0005,0.6,7.97,2021-12-19,2027-05-05,1,0,0
LON01062,BM,"Allen, Gomez and Davis",PrivateWealth,796.89,735.27,737.5,A,0.001,0.25,7.0,2022-02-04,2031-02-09,1,0,0
LON01063,KY,Collins-Escobar,Shipping,1894.44,1522.26,1532.58,B,0.05,0.35,8.84,2021-06-30,2029-07-24,2,0,0
LON01064,GU,Reed-Ray,InvestmentHoldCo,3610.42,2834.94,2930.67,BBB,0.005,0.45,4.59,2022-04-26,2028-05-17,1,60,0
LON01065,JE,Aguilar-Sandoval,Retail,619.63,609.56,638.01,BBB,0.005,0.25,7.3,2020-10-09,2026-06-14,1,0,0
LON01066,BM,Delgado-Yoder,Energy,910.67,739.13,750.73,B,0.05,0.35,8.49,2022-09-21,2030-04-19,1,60,0
LON01067,GU,"Miles, Camacho and Mcdonald",Technology,726.74,664.88,689.8,AAA,0.0001,0.35,5.59,2019-10-31,2021-08-20,1,30,0
LON01068,KY,"Williams, Brown and Knight",Shipping,478.69,384.08,386.76,AA,0.0005,0.25,7.19,2023-06-12,2025-10-09,1,0,0
LON01069,KY,Mcneil Inc,RealEstate,2768.3,2334.4,2364.56,A,0.001,0.6,7.25,2020-09-08,2028-10-24,1,0,0
LON01070,GU,Beltran LLC,Hospitality,733.93,576.21,583.3,AAA,0.0001,0.6,4.3,2021-09-06,2024-11-15,1,60,0
LON01071,BM,"Hester, Blake and Foster",Energy,2422.56,2073.23,2169.03,B,0.05,0.35,7.53,2022-07-11,2027-12-10,1,90,0
LON01072,KY,Dunlap-Hayes,Shipping,196.6,178.14,179.17,A,0.001,0.6,6.28,2021-12-04,2027-02-19,1,0,0
LON01073,KY,Newman-Thomas,Energy,780.09,615.01,645.16,BBB,0.005,0.25,7.04,2019-10-05,2023-03-04,1,60,0
LON01074,BM,Thompson-Wilson,Hospitality,1954.34,1517.45,1586.57,BBB,0.005,0.6,4.35,2019-09-10,2024-09-17,1,0,0
LON01075,BM,"Nunez, Logan and Henry",Hospitality,350.16,326.63,336.25,AA,0.0005,0.25,7.78,2022-03-11,2025-11-29,1,30,0
LON01076,GU,Lucas Ltd,InvestmentHoldCo,798.8,795.78,834.51,BBB,0.005,0.25,6.64,2022-11-15,2030-06-02,1,0,0
LON01077,KY,"Acosta, Romero and Hernandez",Hospitality,414.21,364.92,380.83,BBB,0.005,0.25,5.32,2019-09-12,2024-03-08,1,90,0
LON01078,KY,Perkins Group,Energy,672.87,547.56,567.33,B,0.05,0.35,3.5,2019-11-24,2022-10-17,1,0,0
LON01079,GU,Brown-Aguilar,PrivateWealth,664.07,602.36,619.1,BB,0.02,0.35,3.12,2022-12-30,2030-08-26,1,90,0
LON01080,JE,Fleming LLC,Energy,2876.98,2254.85,2311.75,B,0.05,0.45,8.43,2024-06-22,2033-11-28,1,0,0
LON01081,KY,"Greene, Yoder and Esparza",Retail,281.69,260.73,262.72,A,0.001,0.25,5.67,2019-12-02,2024-12-23,1,30,0
LON01082,BM,Williams-Garcia,Energy,401.44,374.31,392.06,B,0.05,0.25,4.67,2022-04-21,2024-07-28,1,90,0
LON01083,BM,Smith-Alvarez,Shipping,4041.32,3379.5,3449.27,B,0.05,0.35,4.28,2020-12-05,2024-07-14,1,0,0
LON01084,KY,Watkins Inc,Shipping,388.68,345.35,350.66,BBB,0.005,0.35,3.94,2023-12-10,2029-06-09,1,60,0
LON01085,KY,Chambers-Hahn,PrivateWealth,982.9,862.57,880.34,BBB,0.005,0.25,4.17,2020-03-23,2026-11-08,1,0,0
LON01086,BM,"Berry, Miller and Alvarez",RealEstate,660.16,652.3,665.59,B,0.05,0.25,7.54,2023-12-22,2033-09-20,1,30,0
LON01087,JE,Robinson Group,Hospitality,739.76,585.39,588.53,A,0.001,0.35,5.51,2021-06-13,2030-07-15,1,0,0
LON01088,KY,Allen Group,Retail,937.62,723.41,732.2,BB,0.02,0.25,3.62,2021-12-14,2025-10-27,1,60,0
LON01089,GU,Castillo Ltd,Energy,371.8,337.5,352.77,B,0.05,0.25,8.89,2021-06-30,2025-08-20,1,60,0
LON01090,KY,Santiago PLC,Hospitality,1392.57,1163.8,1188.14,AA,0.0005,0.25,3.41,2023-09-10,2025-09-18,1,30,0
LON01091,JE,Brown Ltd,Hospitality,2746.35,2306.4,2335.96,AA,0.0005,0.25,6.54,2023-01-11,2028-04-13,1,90,0
LON01092,BM,Alvarado-Black,RealEstate,706.1,704.65,727.72,BBB,0.005,0.45,7.23,2022-04-22,2023-12-21,1,0,0
LON01093,KY,George-Haynes,Retail,355.07,331.3,341.85,B,0.05,0.25,7.13,2020-08-23,2030-05-14,1,0,0
LON01094,JE,"Burns, Sutton and Williams",RealEstate,1080.85,959.56,996.19,BB,0.02,0.25,5.56,2024-06-10,2025-06-28,1,0,0
LON01095,KY,Lowery-Jones,RealEstate,1412.16,1163.94,1197.0,B,0.05,0.35,7.2,2021-01-20,2024-07-03,1,60,0
LON01096,BM,Buchanan-Jones,RealEstate,1102.13,886.96,909.18,A,0.001,0.25,3.44,2021-02-05,2023-10-03,1,90,0
LON01097,JE,Stanton Inc,RealEstate,1437.31,1120.78,1123.3,A,0.001,0.6,6.73,2023-11-08,2025-01-12,1,0,0
LON01098,BM,"Figueroa, York and Stevens",Technology,3238.53,2518.24,2592.78,AA,0.0005,0.45,8.47,2023-10-15,2025-06-21,1,0,0
LON01099,KY,"Garcia, Lee and Conley",Technology,155.25,142.14,142.14,A,0.001,0.35,6.24,2022-11-06,2029-06-14,1,0,0
LON01100,KY,Mitchell LLC,PrivateWealth,361.08,289.73,295.8,B,0.05,0.25,5.59,2023-05-22,2030-03-14,2,0,0
LON01101,BM,Cobb-Ross,InvestmentHoldCo,1018.73,901.67,918.17,BBB,0.005,0.45,8.69,2022-10-01,2032-02-01,2,0,0
LON01102,KY,Castillo Ltd,Retail,813.56,709.36,720.82,BBB,0.005,0.35,7.2,2021-02-25,2026-10-05,1,30,0
LON01103,BM,"Huff, Johnson and Marquez",Hospitality,347.77,329.23,336.19,BBB,0.005,0.25,5.38,2022-07-09,2028-01-31,1,0,0
LON01104,BM,Nguyen Inc,Retail,281.31,228.44,230.01,B,0.05,0.25,4.13,2022-03-14,2031-10-09,1,0,0
LON01105,BM,Gonzalez-Riley,InvestmentHoldCo,1712.41,1455.69,1480.3,A,0.001,0.25,6.16,2020-01-24,2027-04-09,1,60,0
LON01106,BM,"Smith, King and Gilbert",Retail,1034.45,803.66,806.95,BBB,0.005,0.25,7.55,2022-09-26,2026-01-06,1,60,0
LON01107,BM,Ashley-Clark,InvestmentHoldCo,745.66,609.55,633.24,A,0.001,0.35,5.5,2020-01-15,2023-10-29,1,0,0
LON01108,BM,Caldwell Ltd,PrivateWealth,847.14,729.67,749.81,A,0.001,0.25,5.62,2023-04-12,2026-09-05,1,90,0
LON01109,KY,"Wilson, Bruce and Larson",Energy,228.59,205.43,208.49,B,0.05,0.25,4.07,2020-11-15,2027-10-27,1,0,0
LON01110,KY,Brown-Singleton,PrivateWealth,271.16,245.98,256.72,A,0.001,0.25,5.74,2021-09-23,2026-12-01,1,0,0
LON01111,BM,Watts Ltd,RealEstate,508.2,412.29,423.33,BBB,0.005,0.35,6.34,2021-03-08,2023-12-18,1,60,0
LON01112,JE,Griffin-Campbell,PrivateWealth,911.73,736.48,739.36,BB,0.02,0.35,6.12,2024-06-21,2025-08-10,1,0,0
LON01113,BM,"Price, Mcfarland and Robbins",RealEstate,510.62,411.59,429.97,AAA,0.0001,0.35,4.7,2021-07-16,2026-07-19,1,0,0
LON01114,BM,"Fernandez, Bush and Roberts",Retail,603.88,561.27,579.85,BB,0.02,0.35,7.14,2022-10-23,2031-03-06,1,30,0
LON01115,BM,Watkins-Jordan,Technology,1047.51,983.13,1023.55,BB,0.02,0.35,7.44,2024-03-26,2032-07-02,1,60,0
LON01116,JE,"Wallace, Graves and Lucas",Hospitality,1060.28,891.7,912.58,B,0.05,0.25,6.34,2022-05-27,2027-08-31,1,0,0
LON01117,GU,"West, Garcia and Wright",Energy,403.3,362.99,380.59,BB,0.02,0.25,5.22,2022-09-08,2029-06-25,1,0,0
LON01118,GU,Cameron-Coleman,RealEstate,1602.53,1283.91,1286.85,A,0.001,0.6,3.48,2022-06-06,2028-02-20,2,90,0
LON01119,BM,"Powell, West and Russell",PrivateWealth,1373.99,1148.98,1149.71,AA,0.0005,0.6,7.77,2024-04-03,2028-04-27,1,0,0
LON01120,BM,"Moore, Calhoun and Johnston",Shipping,988.84,928.14,970.46,BB,0.02,0.45,6.06,2022-05-15,2029-07-06,2,30,0
LON01121,BM,Roach PLC,Energy,784.23,757.89,776.4,BBB,0.005,0.25,6.97,2019-08-31,2022-01-07,1,60,0
LON01122,KY,Moore-Hamilton,Technology,796.41,724.99,739.04,AA,0.0005,0.35,5.54,2021-04-04,2029-11-16,3,0,0
LON01123,BM,Patton-Deleon,PrivateWealth,995.03,887.31,925.43,BB,0.02,0.35,8.46,2023-12-25,2032-03-24,1,0,0
LON01124,KY,Hughes-Gray,InvestmentHoldCo,306.88,261.52,262.06,BBB,0.005,0.6,5.26,2020-10-19,2028-07-28,1,0,0
LON01125,KY,Johnson Group,Technology,690.48,614.91,619.23,B,0.05,0.25,3.32,2024-06-04,2033-08-18,1,0,0
LON01126,KY,Johnson-Smith,Retail,656.7,522.17,542.18,BBB,0.005,0.25,6.19,2019-12-07,2027-12-13,1,0,0
LON01127,KY,Johnson Group,Shipping,1231.51,1018.95,1026.24,BB,0.02,0.45,4.27,2019-09-29,2021-03-06,1,0,0
LON01128,KY,Benitez-Buck,Energy,985.24,768.94,807.21,BBB,0.005,0.35,7.47,2021-01-07,2026-07-30,1,0,0
LON01129,KY,Hernandez-Ryan,Hospitality,2208.84,2151.63,2207.53,BBB,0.005,0.45,4.3,2019-08-15,2024-08-06,1,0,0
LON01130,BM,Acosta-Johnson,RealEstate,555.41,474.61,495.28,BB,0.02,0.25,5.26,2021-11-30,2031-02-21,1,30,0
LON01131,BM,Hawkins and Sons,Energy,1861.3,1439.43,1510.05,BBB,0.005,0.25,4.52,2021-05-30,2024-06-21,1,0,0
LON01132,KY,"Smith, Jacobs and Ross",Retail,1458.77,1436.52,1454.7,BBB,0.005,0.35,8.95,2024-03-14,2033-11-11,1,60,0
LON01133,BM,Johnson-Simpson,Energy,1302.08,1011.52,1042.29,BBB,0.005,0.6,6.94,2023-05-30,2031-09-27,1,0,0
LON01134,BM,"Jensen, Tyler and Phillips",RealEstate,373.44,346.39,360.49,BBB,0.005,0.35,7.18,2022-01-25,2029-08-01,1,0,0
LON01135,KY,"Dennis, Swanson and Saunders",InvestmentHoldCo,1869.23,1505.7,1520.14,A,0.001,0.25,8.44,2024-04-18,2030-07-20,1,0,0
LON01136,KY,"Weaver, Beck and Powell",Energy,216.65,193.07,199.43,A,0.001,0.6,6.29,2020-07-29,2029-05-07,1,0,0
LON01137,KY,Sherman-Peters,Shipping,466.88,452.44,462.46,BB,0.02,0.6,8.06,2022-12-29,2032-10-11,1,0,0
LON01138,KY,Cooke-Wilkinson,Hospitality,447.11,432.39,448.67,BBB,0.005,0.45,4.23,2022-11-19,2028-02-12,1,60,0
LON01139,JE,"Hughes, Payne and Gaines",InvestmentHoldCo,232.79,207.68,211.64,BBB,0.005,0.45,6.01,2019-09-19,2021-11-07,1,60,0
LON01140,BM,"Evans, Jordan and Phillips",RealEstate,191.28,163.11,168.03,AA,0.0005,0.25,3.44,2021-12-11,2027-04-08,1,0,0
LON01141,GU,"Combs, Miller and Smith",Shipping,492.5,478.6,483.63,A,0.001,0.25,6.89,2023-01-07,2029-10-17,1,90,0
LON01142,KY,"Huang, Rasmussen and Newman",Technology,704.05,611.99,622.86,AAA,0.0001,0.25,5.45,2021-11-03,2026-01-29,2,0,0
LON01143,KY,Johnson Inc,PrivateWealth,858.17,700.63,702.72,AA,0.0005,0.45,4.29,2021-04-26,2028-04-03,1,30,0
LON01144,BM,Jacobs-Watts,PrivateWealth,367.54,324.26,332.44,BBB,0.005,0.45,3.98,2020-02-25,2026-06-16,1,0,0
LON01145,BM,"Wright, Sanchez and Summers",Technology,565.8,523.88,548.4,BBB,0.005,0.45,6.21,2021-06-09,2028-11-29,1,0,0
LON01146,BM,Evans Group,Technology,510.76,408.71,428.87,AAA,0.0001,0.25,4.79,2020-07-07,2024-11-05,1,60,0
LON01147,JE,"Webb, Martinez and Vasquez",InvestmentHoldCo,1202.83,1114.17,1124.18,BBB,0.005,0.35,5.38,2023-09-02,2027-05-30,1,0,0
LON01148,KY,Morgan-Brown,Energy,1520.12,1258.88,1305.61,BBB,0.005,0.25,5.47,2021-04-05,2028-02-03,1,60,0
LON01149,KY,Glenn-Robertson,PrivateWealth,722.5,597.03,615.61,AA,0.0005,0.6,5.99,2022-05-19,2023-05-24,2,60,0
LON01150,KY,"Frost, Barton and Davis",PrivateWealth,792.85,633.98,658.76,BBB,0.005,0.6,3.96,2019-08-02,2020-10-03,2,0,0
LON01151,JE,"Hodge, Benjamin and Drake",PrivateWealth,1060.1,902.14,914.48,B,0.05,0.25,7.12,2022-02-27,2028-01-16,1,0,0
LON01152,KY,Waters-Summers,Energy,2064.51,1884.88,1951.6,BBB,0.005,0.45,4.58,2019-10-27,2024-01-21,1,30,0
LON01153,BM,Fields-Harmon,RealEstate,1376.18,1096.9,1124.66,B,0.05,0.45,7.98,2022-11-18,2032-07-11,1,60,0
LON01154,JE,"Dawson, Little and Hutchinson",Shipping,195.22,192.71,198.99,AA,0.0005,0.45,6.03,2021-07-25,2025-11-01,1,0,0
LON01155,BM,Cunningham and Sons,PrivateWealth,421.38,397.45,400.8,AA,0.0005,0.25,5.87,2021-12-14,2029-09-06,1,0,0
LON01156,BM,Kirk-Wolf,RealEstate,142.46,112.48,117.68,AA,0.0005,0.25,7.31,2022-01-31,2027-12-19,1,0,0
LON01157,KY,Lawrence and Sons,Shipping,2455.74,1985.82,2038.72,BBB,0.005,0.25,6.24,2019-09-06,2026-07-30,2,60,0
LON01158,KY,"Golden, Reyes and Miller",Hospitality,323.75,262.4,266.12,A,0.001,0.6,7.86,2023-05-25,2028-11-17,1,0,0
LON01159,KY,Garcia-Mills,Energy,552.42,463.41,477.24,BBB,0.005,0.25,7.49,2019-12-12,2027-10-05,1,0,0
LON01160,BM,"Ramos, Russell and Yates",Energy,1051.88,964.9,970.58,B,0.05,0.6,3.54,2021-02-24,2029-12-09,1,0,0
LON01161,BM,Nguyen Inc,Shipping,284.79,233.42,244.15,BB,0.02,0.25,8.04,2020-03-11,2024-10-20,1,0,0
LON01162,JE,"Moreno, Contreras and Burgess",Technology,502.1,460.17,480.34,A,0.001,0.25,3.07,2021-04-27,2027-05-18,1,0,0
LON01163,BM,"Kent, Perez and Turner",Technology,945.46,795.49,832.22,BB,0.02,0.45,6.77,2023-12-17,2030-12-24,1,30,0
LON01164,BM,Lopez Group,Technology,347.12,328.41,329.73,B,0.05,0.45,4.19,2021-11-14,2028-04-07,1,0,0
LON01165,JE,Tyler PLC,Energy,1145.69,998.63,1005.21,BBB,0.005,0.6,8.81,2024-05-07,2030-08-19,1,0,0
LON01166,KY,"Gill, Zamora and Vasquez",Retail,4082.29,3873.02,3947.48,BBB,0.005,0.25,5.15,2023-02-20,2029-07-17,1,30,0
LON01167,KY,Rojas-May,Energy,884.28,733.91,759.26,B,0.05,0.6,3.31,2024-03-13,2027-02-25,1,60,0
LON01168,KY,Little-Russell,RealEstate,521.98,477.23,486.09,AAA,0.0001,0.45,7.8,2019-08-05,2025-06-28,1,0,0
LON01169,KY,Donaldson Inc,PrivateWealth,831.36,768.1,804.05,BB,0.02,0.35,7.63,2022-08-18,2025-12-01,1,60,0
LON01170,KY,"Bennett, Graves and Taylor",RealEstate,103.33,101.53,106.44,A,0.001,0.25,7.46,2020-05-06,2026-03-21,1,30,0
LON01171,BM,"Evans, Schmidt and Jones",Shipping,331.82,294.57,303.2,AA,0.0005,0.45,6.14,2021-09-20,2025-12-30,1,0,0
LON01172,KY,Smith Inc,InvestmentHoldCo,3686.74,2910.67,2937.83,BB,0.02,0.6,3.64,2019-12-25,2026-04-01,1,0,0
LON01173,BM,"Reynolds, Dixon and King",InvestmentHoldCo,1690.6,1620.25,1695.68,A,0.001,0.6,5.6,2021-08-01,2026-02-25,1,0,0
LON01174,JE,Francis LLC,PrivateWealth,516.38,479.35,491.29,BB,0.02,0.35,6.77,2024-03-09,2032-10-11,1,0,0
LON01175,BM,"Brown, Snow and Burns",Technology,2403.06,2197.71,2260.22,BB,0.02,0.45,8.96,2021-06-07,2023-02-25,2,30,0
LON01176,BM,"Pratt, Parker and Hill",InvestmentHoldCo,518.89,454.71,460.58,AA,0.0005,0.25,5.12,2024-05-17,2033-06-06,1,60,0
LON01177,BM,"Jensen, Roach and Gardner",Hospitality,1331.6,1047.37,1059.35,BB,0.02,0.25,3.41,2021-10-21,2025-06-01,2,0,0
LON01178,KY,Shaw-Woods,Hospitality,1160.6,978.71,1003.53,BBB,0.005,0.25,4.97,2022-05-02,2025-02-10,1,90,0
LON01179,BM,"Garrett, Sanchez and Washington",Energy,544.31,443.19,464.65,BBB,0.005,0.25,4.03,2021-12-07,2027-03-21,1,0,0
LON01180,KY,"Yoder, Taylor and Neal",RealEstate,175.97,166.78,173.9,AAA,0.0001,0.45,8.4,2020-10-24,2026-10-19,2,0,0
LON01181,KY,"Alvarez, Newton and Hernandez",RealEstate,518.02,503.05,521.9,B,0.05,0.35,5.84,2020-06-11,2028-09-06,3,0,0
LON01182,BM,Beck-Camacho,Energy,521.77,439.94,451.03,BBB,0.005,0.6,6.74,2023-04-26,2031-10-04,1,0,0
LON01183,KY,Gross-Love,Technology,476.57,465.81,474.41,BB,0.02,0.25,5.12,2020-06-19,2027-12-13,1,90,0
LON01184,BM,"Barnes, Andrews and Donovan",Energy,775.22,666.47,671.59,AA,0.0005,0.45,5.96,2020-10-21,2024-09-28,1,90,0
LON01185,KY,"Carr, Young and Keith",Shipping,545.69,529.89,543.6,BBB,0.005,0.25,5.02,2021-11-07,2029-12-20,1,30,0
LON01186,KY,Miller and Sons,Retail,766.45,657.55,677.81,BB,0.02,0.35,5.75,2023-10-09,2027-08-18,1,90,0
LON01187,KY,Martinez-Wright,InvestmentHoldCo,379.52,336.61,347.72,BBB,0.005,0.25,4.22,2019-09-21,2021-06-24,1,0,0
LON01188,KY,Zimmerman-Owens,InvestmentHoldCo,935.67,915.39,916.35,BBB,0.005,0.45,3.54,2022-09-07,2025-10-04,1,0,0
LON01189,JE,Leach-Herrera,RealEstate,631.1,568.44,570.75,BB,0.02,0.25,7.97,2022-02-21,2025-07-30,1,0,0
LON01190,KY,"Gentry, Patel and Morris",RealEstate,605.04,482.29,496.28,AAA,0.0001,0.45,3.19,2022-01-08,2028-09-29,2,0,0
LON01191,JE,"Reyes, Adams and Vega",InvestmentHoldCo,641.66,586.2,610.24,AA,0.0005,0.35,8.77,2023-10-02,2031-06-09,1,0,0
LON01192,KY,Francis LLC,Energy,1757.83,1728.49,1789.85,BBB,0.005,0.25,7.38,2023-05-15,2033-03-15,1,90,0
LON01193,KY,"Barnes, Medina and Anderson",Hospitality,1100.25,1021.24,1036.68,BB,0.02,0.25,6.46,2024-05-12,2030-03-29,1,90,0
LON01194,BM,Martin and Sons,Hospitality,2370.95,2254.31,2344.25,AA,0.0005,0.25,4.55,2020-02-27,2022-04-21,1,60,0
LON01195,KY,"Wilkinson, Knapp and Cox",InvestmentHoldCo,650.93,557.49,562.67,BB,0.02,0.6,5.6,2020-11-23,2030-01-05,1,30,0
LON01196,KY,Mendoza-Douglas,Shipping,793.27,779.98,817.85,BB,0.02,0.35,8.1,2022-07-01,2029-05-28,1,0,0
LON01197,KY,"Miles, Perry and Mclaughlin",Shipping,272.99,245.59,245.76,BBB,0.005,0.25,8.15,2024-02-06,2027-07-31,1,0,0
LON01198,KY,Mcdonald Inc,Retail,1684.85,1673.26,1714.41,AA,0.0005,0.35,5.39,2024-03-17,2027-05-02,1,90,0
LON01199,BM,Williams Ltd,Retail,1675.0,1422.22,1427.05,B,0.05,0.6,8.27,2023-02-02,2032-02-01,1,90,0
LON01200,KY,Sanders-Smith,PrivateWealth,1086.88,882.8,899.81,A,0.001,0.25,5.15,2021-07-02,2027-09-24,1,0,0
LON01201,KY,Brown-Rogers,PrivateWealth,1157.1,918.0,946.77,BBB,0.005,0.6,4.2,2021-03-25,2028-06-22,1,0,0
LON01202,GU,Wallace Inc,RealEstate,783.14,756.52,779.91,A,0.001,0.25,6.41,2022-08-15,2027-12-07,1,30,0
LON01203,KY,"Wallace, Myers and Chen",RealEstate,488.05,390.21,406.48,BB,0.02,0.25,4.48,2020-04-01,2026-11-19,1,0,0
LON01204,KY,Mendoza Group,RealEstate,345.44,267.4,273.4,BB,0.02,0.35,7.23,2021-01-28,2022-04-13,1,0,0
LON01205,JE,Vasquez PLC,Technology,745.58,651.03,658.02,B,0.05,0.35,5.29,2021-01-23,2029-05-13,2,0,0
LON01206,KY,"Sandoval, Mckay and Harmon",Retail,638.56,502.65,509.16,BB,0.02,0.25,7.47,2021-09-17,2026-10-22,1,0,0
LON01207,BM,"Dennis, Ross and Howard",RealEstate,1693.35,1509.22,1515.97,BB,0.02,0.6,3.05,2023-03-22,2029-06-27,1,90,0
LON01208,BM,Johnson-Gilbert,RealEstate,1252.21,1075.26,1115.35,BB,0.02,0.35,7.56,2019-09-04,2029-08-14,1,0,0
LON01209,KY,"Cohen, Medina and Aguirre",Energy,320.98,248.64,254.95,BBB,0.005,0.25,3.84,2023-10-18,2031-05-12,1,0,0
LON01210,BM,Lawson-Small,Retail,2407.03,2121.06,2174.66,BBB,0.005,0.6,8.92,2022-06-08,2032-02-27,1,0,0
LON01211,BM,Perry-Harrison,RealEstate,1556.05,1207.98,1268.34,A,0.001,0.25,8.84,2024-06-10,2028-01-05,3,0,0
LON01212,BM,Walker Ltd,Shipping,512.31,469.92,486.55,B,0.05,0.25,4.88,2024-03-06,2029-03-27,1,0,0
LON01213,JE,"Choi, Hahn and Faulkner",PrivateWealth,261.75,201.57,210.19,AAA,0.0001,0.25,6.71,2020-10-28,2022-01-08,1,0,0
LON01214,BM,Lindsey-Valdez,InvestmentHoldCo,929.85,793.41,830.39,BBB,0.005,0.25,7.17,2024-01-25,2030-09-11,1,60,0
LON01215,BM,"Harris, Kramer and Nash",PrivateWealth,724.74,643.74,664.81,BB,0.02,0.6,3.63,2019-09-07,2023-03-31,2,90,0
LON01216,KY,Martin-Moore,PrivateWealth,698.56,537.91,541.16,BBB,0.005,0.6,3.76,2023-02-16,2025-02-02,1,30,0
LON01217,KY,Jones-Cardenas,Technology,842.0,685.46,716.26,BBB,0.005,0.25,6.41,2022-03-12,2028-02-06,1,0,0
LON01218,BM,Mcintosh-Lyons,InvestmentHoldCo,1313.83,1039.89,1043.75,B,0.05,0.45,8.47,2021-07-30,2026-08-05,1,60,0
LON01219,KY,"George, Glass and Zimmerman",Technology,759.58,632.44,637.86,BB,0.02,0.25,4.55,2023-03-07,2028-04-16,2,0,0
LON01220,KY,Stevenson Group,PrivateWealth,2895.37,2471.35,2472.27,BBB,0.005,0.25,3.85,2022-12-09,2024-05-14,1,0,0
LON01221,KY,Harris and Sons,Energy,673.3,671.78,675.52,AA,0.0005,0.6,6.35,2022-05-06,2028-02-24,1,0,0
LON01222,KY,Bowers PLC,RealEstate,347.37,317.35,329.91,A,0.001,0.25,5.8,2020-10-18,2025-12-06,1,0,0
LON01223,JE,Spears Ltd,Retail,954.78,776.55,782.11,BBB,0.005,0.25,8.9,2024-05-08,2032-04-16,2,0,0
LON01224,BM,Lee PLC,Energy,718.18,556.0,568.51,BB,0.02,0.35,4.68,2020-04-02,2021-05-28,2,90,0
LON01225,GU,Myers-White,Energy,263.93,260.21,264.01,BB,0.02,0.45,6.79,2024-03-06,2030-12-21,2,60,0
LON01226,KY,"Carpenter, Fowler and Smith",PrivateWealth,1681.96,1589.38,1593.19,A,0.001,0.6,4.95,2021-07-01,2031-06-05,1,0,0
LON01227,BM,"Krause, Smith and Diaz",RealEstate,871.35,726.8,744.64,BBB,0.005,0.6,3.19,2023-03-01,2028-06-23,1,60,0
LON01228,GU,Hampton-Shaw,PrivateWealth,2805.96,2298.69,2354.03,B,0.05,0.25,8.21,2023-02-05,2031-04-23,1,0,0
LON01229,KY,Coleman PLC,RealEstate,810.11,727.21,751.84,AAA,0.0001,0.25,5.46,2022-12-28,2024-12-30,1,30,0
LON01230,BM,Garcia-Carson,Technology,1402.17,1352.05,1387.97,BB,0.02,0.45,4.11,2019-09-30,2023-01-31,1,0,0
LON01231,KY,Bradley LLC,InvestmentHoldCo,808.28,734.91,764.05,BBB,0.005,0.6,6.36,2021-10-21,2029-01-13,1,30,0
LON01232,KY,Young and Sons,Hospitality,545.63,462.62,485.74,B,0.05,0.25,6.81,2021-01-28,2022-03-21,1,0,0
LON01233,KY,Stuart Group,InvestmentHoldCo,490.71,484.67,496.68,BB,0.02,0.25,8.54,2019-08-17,2023-06-07,1,0,0
LON01234,BM,Taylor-Norris,RealEstate,945.26,779.37,780.42,B,0.05,0.45,6.54,2023-03-12,2028-06-24,1,30,0
LON01235,KY,Evans-Baldwin,InvestmentHoldCo,517.3,465.85,486.39,B,0.05,0.35,7.28,2024-04-06,2027-04-29,1,60,0
LON01236,KY,"Hill, Mendoza and Gates",Retail,627.68,559.38,561.48,B,0.05,0.6,8.7,2024-05-28,2030-11-04,1,0,0
LON01237,KY,Davis-Richardson,Hospitality,646.97,520.9,537.12,BBB,0.005,0.25,5.83,2024-01-24,2031-02-22,1,0,0
LON01238,GU,"Weber, Phillips and Marks",Energy,499.54,389.87,392.13,A,0.001,0.35,5.99,2019-11-06,2027-05-23,1,0,0
LON01239,KY,"Morgan, Gordon and Garcia",Retail,1361.56,1054.18,1061.2,B,0.05,0.25,5.42,2022-09-01,2028-09-29,1,0,0
LON01240,KY,Clayton and Sons,Shipping,366.88,285.1,291.55,B,0.05,0.25,7.04,2022-11-06,2025-07-13,1,0,0
LON01241,BM,Richardson-Alvarado,InvestmentHoldCo,926.35,832.7,871.35,B,0.05,0.6,6.17,2024-05-09,2026-06-22,1,30,0
LON01242,KY,Hawkins Group,Retail,1274.86,1223.71,1238.1,BB,0.02,0.45,4.79,2020-02-08,2027-02-01,2,0,0
LON01243,BM,"Vance, Collins and Tran",Hospitality,1876.27,1731.31,1740.97,BB,0.02,0.25,8.88,2020-06-04,2025-04-12,2,0,0
LON01244,KY,Forbes PLC,Energy,2428.97,2203.32,2268.89,BBB,0.005,0.6,3.17,2020-12-18,2026-01-03,1,0,0
LON01245,KY,Davis-Weber,Technology,2585.63,2031.8,2077.59,BB,0.02,0.35,4.11,2024-03-17,2030-05-15,1,0,0
LON01246,BM,Ramos Inc,Retail,349.2,334.93,345.78,BB,0.02,0.25,4.6,2023-02-17,2027-02-20,1,0,0
LON01247,KY,Castillo Inc,Energy,1134.18,1015.23,1036.69,BB,0.02,0.25,4.48,2023-02-23,2028-02-08,1,0,0
LON01248,KY,"Anderson, Walton and Berry",InvestmentHoldCo,824.63,708.27,724.44,BBB,0.005,0.25,4.58,2022-06-20,2023-11-24,1,0,0
LON01249,JE,Greer Ltd,InvestmentHoldCo,1328.35,1303.92,1314.77,A,0.001,0.45,7.94,2023-10-18,2028-06-19,1,0,0
LON01250,BM,"Yang, Wilson and Powell",PrivateWealth,959.52,903.81,914.89,BB,0.02,0.45,3.12,2021-02-06,2027-12-11,1,0,0
LON01251,KY,Harris LLC,InvestmentHoldCo,2660.99,2070.91,2135.31,AA,0.0005,0.35,4.66,2023-09-01,2028-06-16,2,0,0
LON01252,GU,"Glover, Ford and Nelson",Technology,537.36,473.71,482.58,AAA,0.0001,0.25,4.31,2023-01-08,2028-05-07,1,0,0
LON01253,KY,Peterson-Castillo,Hospitality,470.82,429.52,444.23,B,0.05,0.45,8.82,2024-05-12,2026-11-25,1,90,0
LON01254,BM,Johnson Inc,Energy,243.13,192.74,194.72,BBB,0.005,0.25,4.99,2022-02-17,2030-01-15,1,0,0
LON01255,JE,Wood-Hughes,Hospitality,840.67,676.26,710.06,BB,0.02,0.25,6.97,2019-11-15,2020-12-17,3,0,0
LON01256,JE,Mcdonald Group,Technology,1828.4,1519.07,1534.6,AA,0.0005,0.6,7.8,2021-12-24,2031-09-16,1,0,0
LON01257,KY,Monroe-Obrien,Hospitality,2539.64,2436.26,2444.19,A,0.001,0.35,6.93,2023-09-29,2025-09-03,1,0,0
LON01258,KY,Bender LLC,Retail,412.43,331.58,345.53,BBB,0.005,0.25,8.33,2020-11-09,2029-12-18,1,30,0
LON01259,BM,Fox Ltd,PrivateWealth,238.41,220.24,227.76,BB,0.02,0.25,5.18,2020-02-29,2023-06-04,1,0,0
LON01260,KY,Roberts Group,Energy,815.24,704.05,716.31,BBB,0.005,0.6,6.03,2021-03-31,2024-10-06,1,0,0
LON01261,BM,"Brown, Webster and Ramirez",InvestmentHoldCo,603.08,558.84,562.8,A,0.001,0.25,4.94,2023-09-11,2026-07-06,1,0,0
LON01262,BM,Williams-Smith,Shipping,1257.58,1199.64,1220.03,BBB,0.005,0.35,6.4,2023-12-10,2029-03-04,1,0,0
LON01263,BM,Lowe-Fernandez,PrivateWealth,364.36,321.07,334.76,BBB,0.005,0.25,8.89,2023-07-20,2027-12-02,3,90,0
LON01264,BM,Burns-Gordon,InvestmentHoldCo,707.19,683.1,705.31,AA,0.0005,0.25,4.08,2022-12-08,2030-03-26,1,30,0
LON01265,JE,"Villarreal, Brooks and Hobbs",InvestmentHoldCo,1430.89,1169.14,1225.01,BB,0.02,0.25,7.25,2024-04-10,2029-09-03,1,90,0
LON01266,JE,Cooper Ltd,Energy,1300.65,1027.51,1044.02,BB,0.02,0.25,7.39,2022-12-01,2031-11-16,1,30,0
LON01267,KY,Faulkner Ltd,Hospitality,557.75,444.9,451.11,AA,0.0005,0.35,3.38,2023-11-19,2030-07-13,1,0,0
LON01268,JE,Lambert-Silva,Hospitality,1026.38,867.29,901.07,BBB,0.005,0.25,7.89,2023-09-24,2030-08-25,2,90,0
LON01269,BM,Edwards-Williams,Shipping,575.66,565.01,584.03,AA,0.0005,0.45,5.88,2020-06-02,2027-09-22,1,0,0
LON01270,GU,Garcia and Sons,Retail,2516.95,2062.37,2117.5,BBB,0.005,0.45,4.08,2020-09-23,2024-07-01,2,0,0
LON01271,KY,"Hernandez, White and Walker",InvestmentHoldCo,558.54,437.44,442.5,BBB,0.005,0.6,8.5,2020-01-17,2028-12-04,1,60,0
LON01272,KY,Farmer-Pena,InvestmentHoldCo,1183.83,1069.87,1078.66,BB,0.02,0.35,8.15,2020-12-09,2024-02-09,1,0,0
LON01273,BM,Howard-Johnson,Shipping,676.57,585.3,592.67,B,0.05,0.25,3.8,2023-05-27,2032-05-23,1,0,0
LON01274,KY,Henry PLC,Hospitality,1024.9,874.67,900.9,BB,0.02,0.25,6.74,2023-05-21,2028-08-03,2,90,0
LON01275,BM,Campbell-Morales,InvestmentHoldCo,908.21,725.5,737.35,BB,0.02,0.25,7.38,2022-01-23,2026-05-26,1,0,0
LON01276,KY,"Lopez, Wu and Reed",InvestmentHoldCo,914.73,767.17,790.92,BBB,0.005,0.25,3.26,2022-05-14,2028-11-16,1,0,0
LON01277,BM,"Ramos, Hill and Steele",InvestmentHoldCo,306.74,271.0,281.69,BBB,0.005,0.6,8.36,2019-07-30,2021-10-18,2,60,0
LON01278,KY,"Jenkins, White and Brock",Technology,456.51,358.23,364.04,BBB,0.005,0.45,7.18,2022-04-19,2030-11-09,1,0,0
LON01279,KY,Smith-Burns,Energy,870.81,824.91,861.96,AA,0.0005,0.6,3.61,2020-04-06,2027-07-05,2,0,0
LON01280,KY,Warren-Davis,Retail,946.8,930.47,943.87,A,0.001,0.35,8.45,2023-07-06,2025-12-07,1,0,0
LON01281,GU,Lynch-Baker,Technology,914.01,847.85,850.46,BB,0.02,0.45,7.58,2020-02-28,2021-09-18,1,60,0
LON01282,BM,Wilson-Kramer,Energy,298.35,259.64,266.84,A,0.001,0.25,7.07,2021-08-26,2030-09-18,1,90,0
LON01283,BM,Johnson Inc,Technology,200.57,187.65,190.61,A,0.001,0.45,3.23,2022-03-11,2029-05-06,1,0,0
LON01284,BM,Vang-Walker,RealEstate,713.34,660.14,680.17,B,0.05,0.25,5.28,2020-05-31,2022-05-31,1,0,0
LON01285,BM,Flynn Group,Hospitality,477.71,385.9,401.9,A,0.001,0.6,3.87,2021-06-29,2022-09-25,2,30,0
LON01286,BM,Willis Group,RealEstate,809.57,645.54,660.91,BBB,0.005,0.25,3.43,2021-06-21,2030-11-17,1,0,0
LON01287,GU,"Joyce, Mckee and Crawford",Hospitality,473.83,379.74,381.19,BB,0.02,0.25,4.58,2022-07-09,2026-12-12,1,30,0
LON01288,GU,"Ewing, Garner and Myers",Energy,405.3,352.79,363.49,A,0.001,0.35,6.99,2023-08-14,2030-07-22,2,0,0
LON01289,BM,"Lee, Ortiz and Williams",InvestmentHoldCo,472.91,385.51,389.05,A,0.001,0.25,5.9,2022-05-27,2027-02-18,1,0,0
LON01290,KY,"Murphy, Nolan and Dixon",Hospitality,1218.61,1054.6,1084.5,B,0.05,0.25,5.77,2024-05-20,2025-11-27,1,90,0
LON01291,BM,Moore-Shannon,InvestmentHoldCo,1081.93,948.45,985.33,BBB,0.005,0.25,3.32,2022-10-22,2027-08-23,1,60,0
LON01292,BM,Fisher LLC,PrivateWealth,336.29,277.38,282.91,AA,0.0005,0.45,8.78,2020-10-27,2025-05-18,2,0,0
LON01293,KY,Barr-Lambert,RealEstate,652.99,646.16,677.61,AA,0.0005,0.45,5.07,2020-03-22,2023-12-12,1,90,0
LON01294,KY,Watkins Group,Energy,478.09,416.22,418.31,BBB,0.005,0.6,8.17,2023-12-18,2026-07-24,1,30,0
LON01295,KY,Shelton Group,RealEstate,511.75,494.54,508.64,B,0.05,0.45,3.14,2022-02-11,2024-08-25,1,0,0
LON01296,KY,Byrd LLC,Energy,1032.68,965.57,981.09,A,0.001,0.25,6.01,2020-10-26,2024-01-27,1,0,0
LON01297,KY,Medina-Campbell,InvestmentHoldCo,1406.88,1193.54,1203.25,A,0.001,0.35,4.82,2022-12-08,2026-04-30,1,0,0
LON01298,KY,"Morris, Wallace and Williams",Hospitality,620.53,603.1,631.84,BB,0.02,0.6,7.44,2020-03-21,2029-10-14,1,30,0
LON01299,KY,Larson PLC,Technology,1591.27,1298.61,1328.52,B,0.05,0.25,8.26,2023-03-13,2026-03-22,1,60,0
LON01300,JE,Allen Group,Hospitality,247.47,240.8,241.21,A,0.001,0.25,4.26,2020-12-18,2029-08-29,1,0,0
LON01301,BM,Weeks Ltd,Energy,1037.07,896.0,905.99,B,0.05,0.35,4.31,2023-02-05,2026-08-12,1,0,0
LON01302,BM,"Jacobs, Navarro and Burns",Technology,769.2,654.29,655.7,BBB,0.005,0.45,6.31,2020-03-26,2023-12-11,1,0,0
LON01303,BM,Poole-Gonzales,Energy,646.53,514.98,521.66,BB,0.02,0.45,3.47,2024-04-17,2030-02-18,2,0,0
LON01304,KY,Miller LLC,Technology,588.88,516.82,528.61,BB,0.02,0.45,7.12,2020-01-16,2029-11-18,1,60,0
LON01305,KY,Hood Group,Hospitality,790.92,666.86,692.68,A,0.001,0.35,8.49,2021-10-15,2026-07-06,2,0,0
LON01306,BM,Walker-Carpenter,Hospitality,381.57,311.71,318.52,BB,0.02,0.25,7.11,2020-04-02,2025-12-12,1,0,0
LON01307,KY,Garcia-Holloway,Shipping,2296.78,1773.44,1853.65,B,0.05,0.25,6.74,2019-07-14,2025-09-20,1,30,0
LON01308,KY,"Bell, Reynolds and Long",RealEstate,2014.87,1775.77,1794.29,BBB,0.005,0.45,6.05,2021-06-06,2026-10-28,1,0,0
LON01309,KY,Gomez and Sons,Retail,356.13,274.36,284.71,B,0.05,0.45,8.27,2019-07-25,2029-04-18,1,0,0
LON01310,KY,Scott-Patterson,InvestmentHoldCo,479.2,402.04,415.75,BBB,0.005,0.25,7.65,2022-11-14,2025-07-03,1,60,0
LON01311,KY,"Bridges, Castro and Bridges",Retail,372.99,289.72,295.69,BBB,0.005,0.35,6.03,2021-11-07,2029-04-07,2,60,0
LON01312,KY,Gomez LLC,Technology,769.38,715.83,718.87,B,0.05,0.6,6.25,2023-07-30,2030-07-03,1,0,0
LON01313,BM,"Bryan, Burch and Rice",InvestmentHoldCo,293.14,234.44,239.6,A,0.001,0.35,3.19,2024-06-19,2032-07-27,1,0,0
LON01314,KY,Parker Ltd,Shipping,993.76,833.06,853.31,BBB,0.005,0.25,6.26,2024-02-26,2029-07-03,1,60,0
LON01315,BM,Rowe-Rivera,InvestmentHoldCo,639.27,510.08,523.57,BBB,0.005,0.25,8.02,2020-12-21,2027-07-03,1,90,0
LON01316,BM,Armstrong Inc,Energy,447.14,422.38,436.44,B,0.05,0.35,6.23,2020-05-29,2029-10-11,2,30,0
LON01317,KY,Wilson Group,Hospitality,533.27,520.43,538.25,BBB,0.005,0.45,8.62,2024-01-24,2030-02-14,1,0,0
LON01318,GU,West PLC,Energy,462.06,456.97,458.92,A,0.001,0.35,4.18,2023-10-15,2028-04-08,1,90,0
LON01319,KY,Knight-Duran,Technology,339.29,276.56,285.05,B,0.05,0.35,6.32,2019-12-21,2029-06-19,1,0,0
LON01320,JE,"Beard, Turner and Christensen",Shipping,548.03,494.1,505.61,BB,0.02,0.6,7.03,2023-12-26,2028-12-05,1,0,0
LON01321,BM,Torres-Barber,Technology,180.99,144.55,145.77,B,0.05,0.25,4.04,2024-03-16,2027-09-23,1,0,0
LON01322,BM,Montoya-Garcia,Energy,2318.81,1791.08,1836.0,A,0.001,0.35,6.59,2023-11-03,2027-02-16,1,0,0
LON01323,KY,Bowman Inc,Hospitality,923.48,852.97,883.72,BB,0.02,0.25,5.79,2019-10-18,2021-03-11,2,90,0
LON01324,GU,Wade-Clark,Shipping,1592.89,1375.58,1437.82,A,0.001,0.25,6.19,2020-12-11,2023-02-20,1,30,0
LON01325,KY,Miller-Gilbert,Energy,539.36,442.55,451.9,BBB,0.005,0.45,7.64,2023-02-03,2028-12-25,1,0,0
LON01326,GU,Miller-Dorsey,Retail,189.16,170.4,176.66,AAA,0.0001,0.25,5.34,2021-11-19,2023-01-31,1,0,0
LON01327,BM,Black Inc,Shipping,420.7,354.68,369.06,BBB,0.005,0.6,6.78,2023-06-05,2031-02-03,2,0,0
LON01328,BM,"Flores, Walker and Bell",PrivateWealth,1063.17,985.64,1029.56,A,0.001,0.25,8.21,2023-05-28,2030-02-25,1,0,0
LON01329,KY,Scott-Sanchez,RealEstate,637.31,601.68,606.52,B,0.05,0.35,6.45,2024-06-04,2033-11-09,1,60,0
LON01330,KY,Joseph-Whitehead,PrivateWealth,1397.53,1160.24,1209.61,BBB,0.005,0.25,5.78,2020-08-06,2023-09-18,1,30,0
LON01331,JE,Benitez-Jenkins,Technology,1964.39,1857.13,1916.51,BB,0.02,0.6,4.17,2021-11-09,2024-06-29,1,0,0
LON01332,GU,"Schwartz, Mullins and Sheppard",RealEstate,309.97,292.31,297.19,BB,0.02,0.35,4.24,2021-06-09,2027-06-26,1,30,0
LON01333,BM,Boyle-Reed,Shipping,308.62,277.81,286.46,B,0.05,0.25,4.26,2020-05-15,2023-12-19,1,90,0
LON01334,KY,"Garcia, Hays and Hickman",Retail,1041.4,841.23,877.58,BB,0.02,0.25,7.38,2020-12-03,2025-03-08,1,30,0
LON01335,KY,Smith Inc,RealEstate,258.17,199.17,199.73,A,0.001,0.6,4.56,2020-10-28,2023-04-14,1,60,0
LON01336,BM,Gutierrez-Curry,Retail,628.73,510.1,532.97,BB,0.02,0.25,8.12,2020-07-09,2028-06-08,1,60,0
LON01337,BM,Holland Inc,InvestmentHoldCo,373.52,307.32,316.85,BBB,0.005,0.45,5.47,2020-09-28,2027-04-09,1,30,0
LON01338,KY,Moses-Gilmore,PrivateWealth,1222.82,1165.84,1222.93,AA,0.0005,0.25,7.13,2023-07-13,2028-04-23,1,60,0
LON01339,GU,Diaz Ltd,RealEstate,439.74,420.61,429.97,BBB,0.005,0.25,7.86,2020-04-23,2026-08-08,1,30,0
LON01340,GU,"Medina, Avila and Miller",Hospitality,279.04,258.77,269.14,BBB,0.005,0.25,5.23,2021-04-24,2028-02-26,1,0,0
LON01341,KY,Boyer LLC,Shipping,701.14,544.82,554.5,AA,0.0005,0.6,6.08,2023-06-23,2031-01-27,1,60,0
LON01342,BM,"Rollins, Dunn and Edwards",Retail,868.44,854.47,888.1,B,0.05,0.45,3.02,2020-01-28,2026-02-13,1,60,0
LON01343,KY,Wright-Mccarthy,InvestmentHoldCo,1121.48,974.26,996.6,B,0.05,0.25,6.55,2020-09-05,2029-10-07,1,60,0
LON01344,BM,"Arnold, Jackson and Gonzales",PrivateWealth,849.55,658.93,681.05,AA,0.0005,0.25,3.39,2020-07-16,2024-04-08,1,0,0
LON01345,GU,Mitchell Inc,Shipping,663.83,520.77,525.24,BBB,0.005,0.45,3.3,2022-12-20,2031-09-21,3,0,0
LON01346,BM,Walker LLC,Retail,1228.37,1042.59,1075.84,BB,0.02,0.25,6.72,2021-10-01,2024-04-06,1,60,0
LON01347,GU,Daniels Group,RealEstate,584.73,486.42,486.45,BBB,0.005,0.45,4.95,2020-08-23,2027-04-19,2,30,0
LON01348,JE,Barrett-Hall,Energy,239.13,214.35,220.25,BBB,0.005,0.35,8.65,2023-04-26,2029-09-20,1,90,0
LON01349,KY,Richardson Group,PrivateWealth,1308.38,1060.29,1101.65,BB,0.02,0.25,7.62,2022-07-31,2023-09-12,1,90,0
LON01350,BM,Ruiz-Evans,Hospitality,1279.81,990.58,1004.9,A,0.001,0.25,4.76,2023-01-13,2029-10-06,1,60,0
LON01351,BM,"Jones, Lane and Diaz",Energy,278.28,220.25,223.7,A,0.001,0.25,3.02,2021-03-17,2025-12-31,1,0,0
LON01352,GU,Hines PLC,RealEstate,726.55,696.87,699.49,A,0.001,0.25,8.55,2022-06-27,2029-03-01,1,0,0
LON01353,BM,Schultz LLC,Retail,339.05,327.53,331.8,A,0.001,0.35,8.84,2023-12-08,2026-11-23,1,0,0
LON01354,GU,"Barnett, Dunn and Oneal",Technology,427.49,392.61,401.5,BBB,0.005,0.45,4.56,2022-01-13,2030-04-01,1,60,0
LON01355,BM,Webb and Sons,Retail,1221.33,1042.15,1090.42,BBB,0.005,0.25,7.92,2019-10-27,2028-11-25,1,0,0
LON01356,BM,"Morris, Morse and Flynn",Hospitality,467.39,461.36,479.8,BB,0.02,0.25,8.3,2019-07-31,2024-04-22,1,90,0
LON01357,BM,"Miller, Friedman and Roberts",Shipping,69.88,56.17,56.29,A,0.001,0.35,5.41,2021-03-04,2022-03-19,2,30,0
LON01358,JE,"Holden, Olson and Key",Shipping,550.0,526.88,532.62,B,0.05,0.6,3.99,2023-05-21,2027-01-31,1,0,0
LON01359,BM,"Hicks, Hernandez and Moody",Shipping,251.31,236.42,246.64,BB,0.02,0.25,4.44,2023-12-28,2026-11-08,1,0,0
LON01360,BM,Burns-Williams,Shipping,241.17,188.3,188.69,BBB,0.005,0.35,4.99,2020-10-21,2027-12-16,1,0,0
LON01361,BM,"Perez, Brennan and Krause",InvestmentHoldCo,1100.73,895.71,912.47,A,0.001,0.6,4.7,2022-01-18,2023-02-19,1,30,0
LON01362,BM,Lopez and Sons,Hospitality,779.65,601.48,614.83,BB,0.02,0.25,8.63,2021-10-27,2023-03-27,1,60,0
LON01363,KY,Myers and Sons,Technology,1010.12,946.18,952.05,BBB,0.005,0.25,6.4,2021-11-06,2029-05-07,1,90,0
LON01364,KY,Mason Group,Shipping,371.06,343.58,357.45,B,0.05,0.25,3.82,2022-09-18,2029-11-21,1,0,0
LON01365,GU,"Mason, Stokes and Johnson",Energy,339.63,330.29,335.52,B,0.05,0.45,5.48,2020-05-27,2024-02-28,1,0,0
LON01366,BM,Atkins-Bowman,Shipping,395.31,381.79,390.17,BBB,0.005,0.45,5.47,2021-03-17,2027-01-03,1,0,0
LON01367,KY,Robinson-Velazquez,Energy,737.35,681.72,704.55,BBB,0.005,0.35,8.15,2024-06-27,2030-05-08,2,60,0
LON01368,BM,"Mccann, Garcia and Guzman",Energy,333.34,268.78,270.1,A,0.001,0.35,5.35,2024-04-01,2033-05-27,1,0,0
LON01369,BM,Wilson Inc,Technology,1262.83,1001.41,1045.68,BB,0.02,0.35,3.27,2022-11-25,2032-05-26,1,0,0
LON01370,GU,Miller and Sons,Technology,866.31,765.72,802.24,A,0.001,0.25,4.39,2021-08-06,2027-09-03,1,0,0
LON01371,BM,"Middleton, Chambers and Collins",RealEstate,472.26,389.86,394.96,BB,0.02,0.25,7.64,2019-08-30,2027-04-22,1,0,0
LON01372,BM,Crane-Carroll,Energy,375.08,302.5,310.37,BBB,0.005,0.25,5.21,2021-12-12,2025-05-24,1,0,0
LON01373,BM,"Wright, Russell and Lopez",Technology,1168.13,910.74,948.52,A,0.001,0.25,3.36,2020-12-10,2027-01-15,1,90,0
LON01374,JE,Lee-Vazquez,Hospitality,576.33,446.01,452.1,BBB,0.005,0.25,5.93,2021-07-01,2027-06-08,1,0,0
LON01375,BM,Case and Sons,RealEstate,1014.79,969.15,1006.15,BBB,0.005,0.25,4.64,2020-09-18,2029-09-01,1,60,0
LON01376,KY,Smith-Smith,Technology,805.02,641.23,658.97,BBB,0.005,0.25,3.97,2019-12-10,2023-07-28,1,0,0
LON01377,KY,Jackson-Humphrey,RealEstate,1662.85,1652.13,1719.69,A,0.001,0.25,7.3,2021-10-02,2026-06-26,2,60,0
LON01378,BM,"Yoder, Nelson and Wallace",RealEstate,864.83,715.54,732.05,BBB,0.005,0.35,5.31,2020-09-17,2030-01-15,1,0,0
LON01379,BM,Benson-Heath,RealEstate,310.9,252.36,263.61,A,0.001,0.35,5.87,2021-12-29,2024-05-30,1,0,0
LON01380,BM,"Hoffman, Herrera and Johnson",Hospitality,388.55,323.89,333.79,BB,0.02,0.35,7.27,2022-04-11,2023-05-11,1,0,0
LON01381,JE,Espinoza-Singh,Retail,404.76,365.04,369.11,BB,0.02,0.35,8.31,2022-01-30,2027-10-31,3,60,0
LON01382,JE,"Jones, Simmons and Nguyen",Technology,1945.48,1565.84,1595.62,BBB,0.005,0.6,7.84,2019-10-26,2021-09-29,1,0,0
LON01383,KY,Martin-Reeves,Hospitality,441.55,351.46,364.42,BBB,0.005,0.25,5.05,2020-06-09,2026-06-23,1,60,0
LON01384,BM,Jackson Group,Energy,604.9,473.73,476.4,AA,0.0005,0.6,3.19,2020-04-18,2026-06-21,1,60,0
LON01385,BM,Pugh Ltd,Energy,376.56,341.59,345.23,A,0.001,0.45,8.2,2019-07-19,2029-05-16,2,90,0
LON01386,KY,"Owens, Evans and Harper",InvestmentHoldCo,309.84,253.89,259.08,A,0.001,0.25,8.26,2022-10-19,2030-09-02,1,0,0
LON01387,JE,Spencer-Fisher,PrivateWealth,1347.93,1107.05,1151.24,BBB,0.005,0.35,6.6,2020-03-26,2025-06-07,1,90,0
LON01388,KY,Cummings-Henderson,Shipping,249.82,217.66,219.8,A,0.001,0.35,5.23,2024-03-29,2033-03-15,1,0,0
LON01389,BM,Manning Inc,Shipping,2091.71,2058.09,2067.32,AAA,0.0001,0.25,4.53,2020-02-11,2027-10-10,1,0,0
LON01390,BM,"Baker, Wang and Singh",InvestmentHoldCo,447.9,353.37,354.68,BBB,0.005,0.6,4.51,2022-09-18,2028-02-01,1,0,0
LON01391,KY,Brewer PLC,Technology,444.1,359.04,364.48,A,0.001,0.35,3.13,2020-05-31,2028-05-04,1,60,0
LON01392,JE,Clarke Inc,RealEstate,1154.01,1109.11,1122.46,BBB,0.005,0.35,6.32,2021-10-30,2027-05-28,1,0,0
LON01393,GU,"Walsh, James and Yang",Technology,622.1,603.39,632.46,A,0.001,0.35,8.51,2021-11-27,2027-05-28,1,60,0
LON01394,BM,Anderson-Craig,Hospitality,448.97,389.1,398.51,A,0.001,0.25,8.43,2022-03-28,2026-09-23,1,30,0
LON01395,JE,Hammond Ltd,Retail,850.86,840.83,873.22,B,0.05,0.25,8.5,2020-04-21,2024-03-07,1,90,0
LON01396,BM,"Copeland, Aguirre and Reed",Shipping,762.83,721.95,757.59,A,0.001,0.45,4.92,2024-05-01,2030-05-05,1,30,0
LON01397,KY,Garcia Ltd,PrivateWealth,1636.43,1449.41,1514.09,BBB,0.005,0.6,8.58,2024-05-14,2025-07-11,1,0,0
LON01398,BM,Webb and Sons,Hospitality,505.73,391.37,406.83,B,0.05,0.25,6.95,2021-06-26,2025-11-12,1,0,0
LON01399,BM,"Jones, Long and Hutchinson",Shipping,315.1,308.97,323.31,A,0.001,0.25,7.3,2022-11-16,2024-11-21,1,60,0
LON01400,KY,Hill-Kelly,Energy,652.0,580.06,589.12,B,0.05,0.35,4.19,2022-07-11,2023-08-05,2,0,0
LON01401,KY,Edwards and Sons,Retail,1033.52,918.57,964.33,A,0.001,0.25,8.83,2023-11-27,2026-04-20,1,30,0
LON01402,KY,"Chandler, Young and Baker",PrivateWealth,1275.24,1042.43,1077.07,BBB,0.005,0.6,5.66,2021-09-21,2025-06-06,1,0,0
LON01403,BM,Baker and Sons,Retail,219.58,209.13,218.48,A,0.001,0.6,8.91,2022-04-03,2026-03-03,1,60,0
LON01404,KY,"Brown, Hughes and Lin",Energy,1321.11,1046.85,1081.87,A,0.001,0.6,6.14,2022-05-07,2032-01-06,3,0,0
LON01405,BM,Day LLC,Hospitality,733.22,617.35,641.47,A,0.001,0.25,3.23,2023-03-29,2031-07-12,1,60,0
LON01406,BM,"Powell, Hart and Jones",Technology,985.75,889.05,930.44,BBB,0.005,0.25,5.41,2021-01-29,2024-10-29,1,0,0
LON01407,KY,Webb-Ware,InvestmentHoldCo,857.44,767.63,775.97,AAA,0.0001,0.35,4.46,2020-01-26,2027-01-16,2,0,0
LON01408,BM,"Clarke, Thomas and Hernandez",InvestmentHoldCo,785.72,690.57,697.61,BBB,0.005,0.45,7.73,2023-02-26,2029-12-05,1,0,0
LON01409,KY,"Thomas, Benitez and Smith",InvestmentHoldCo,248.88,232.17,241.86,AA,0.0005,0.25,3.82,2021-04-05,2030-06-12,1,0,0
LON01410,KY,Smith-Hodges,Hospitality,545.22,432.61,437.38,B,0.05,0.45,6.38,2021-11-29,2030-11-04,1,90,0
LON01411,BM,Salazar Group,Hospitality,558.38,442.29,452.7,A,0.001,0.6,4.6,2023-08-09,2031-11-01,1,0,0
LON01412,JE,Arroyo LLC,Energy,376.87,300.17,301.55,BB,0.02,0.35,7.22,2021-08-01,2030-09-06,1,0,0
LON01413,BM,Young-Nolan,RealEstate,1305.73,1110.29,1153.59,B,0.05,0.6,3.6,2021-06-26,2024-04-18,1,90,0
LON01414,GU,Logan and Sons,RealEstate,220.53,200.93,201.09,BB,0.02,0.25,7.34,2022-04-07,2024-06-26,1,60,0
LON01415,KY,"Mueller, Diaz and Lynch",Hospitality,409.6,364.2,370.97,B,0.05,0.35,6.9,2022-01-11,2030-05-04,1,90,0
LON01416,GU,Riley Group,Shipping,746.64,646.94,666.8,A,0.001,0.45,4.05,2020-04-09,2021-09-25,1,60,0
LON01417,KY,Noble-Mitchell,PrivateWealth,707.16,670.55,675.02,A,0.001,0.6,3.28,2020-01-14,2024-11-30,1,60,0
LON01418,KY,Wolfe-Wyatt,InvestmentHoldCo,908.28,708.34,712.82,BB,0.02,0.35,6.13,2020-07-09,2024-09-07,1,0,0
LON01419,KY,Poole-Paul,PrivateWealth,902.56,849.76,884.94,A,0.001,0.35,3.01,2020-01-31,2023-07-20,1,30,0
LON01420,BM,"Christensen, Riley and Nunez",InvestmentHoldCo,885.61,783.24,808.41,AAA,0.0001,0.25,7.12,2021-07-28,2030-09-09,2,30,0
LON01421,BM,Vega LLC,PrivateWealth,575.44,471.03,479.67,BBB,0.005,0.25,5.37,2020-06-25,2021-09-26,1,0,0
LON01422,KY,Wright and Sons,Shipping,975.66,895.83,917.46,BB,0.02,0.25,3.67,2019-12-25,2028-09-22,1,90,0
LON01423,GU,Newton-Shea,PrivateWealth,324.4,250.01,258.55,BBB,0.005,0.35,7.48,2024-05-04,2027-03-23,1,0,0
LON01424,GU,Adkins PLC,Energy,403.85,313.74,324.86,A,0.001,0.45,3.15,2020-04-26,2025-06-12,1,0,0
LON01425,GU,Lynch-Walker,Retail,390.1,368.43,383.27,B,0.05,0.35,5.1,2021-03-16,2029-03-26,1,0,0
LON01426,GU,"Merritt, Holmes and Morrison",Technology,808.62,794.03,807.38,B,0.05,0.35,7.66,2023-07-20,2030-05-06,1,0,0
LON01427,BM,Jackson-Gilbert,InvestmentHoldCo,413.54,404.86,423.14,AAA,0.0001,0.6,5.7,2022-07-30,2030-07-06,1,0,0
LON01428,KY,"Miller, Lewis and Curtis",Retail,1130.81,995.87,1042.32,BBB,0.005,0.45,3.42,2023-10-30,2026-07-15,1,30,0
LON01429,KY,"Hancock, Cisneros and Whitaker",InvestmentHoldCo,1028.38,797.96,813.92,B,0.05,0.6,3.08,2019-10-15,2026-03-16,1,0,0
LON01430,JE,Knight Ltd,Hospitality,203.84,182.41,183.33,BB,0.02,0.25,3.97,2023-12-11,2026-02-02,1,30,0
LON01431,JE,Kelly Inc,RealEstate,1442.15,1124.47,1150.96,BB,0.02,0.35,7.58,2024-01-20,2025-08-14,1,30,0
LON01432,BM,"Mayo, Scott and Lopez",InvestmentHoldCo,533.69,504.1,524.38,A,0.001,0.25,8.19,2020-05-08,2027-03-11,1,60,0
LON01433,BM,"Green, Coleman and Lopez",PrivateWealth,1245.64,1025.73,1073.04,BBB,0.005,0.25,8.23,2021-01-30,2025-11-27,1,0,0
LON01434,KY,"Carpenter, Carr and Cole",RealEstate,499.29,433.62,445.94,BB,0.02,0.6,4.21,2023-10-03,2024-11-30,1,0,0
LON01435,BM,Garcia-Nelson,RealEstate,577.28,448.07,461.9,BBB,0.005,0.35,6.55,2021-11-23,2026-12-14,1,60,0
LON01436,BM,Foley PLC,InvestmentHoldCo,325.64,312.28,313.76,AA,0.0005,0.35,7.12,2022-01-07,2023-05-11,1,30,0
LON01437,BM,Green and Sons,Energy,357.04,322.95,336.98,A,0.001,0.35,4.41,2021-04-22,2027-10-07,2,0,0
LON01438,BM,"Briggs, Stephens and Hayes",Technology,458.21,353.86,358.31,BB,0.02,0.35,4.24,2020-11-22,2026-03-21,3,0,0
LON01439,KY,"Morgan, Newton and Navarro",Retail,1805.08,1413.96,1428.24,BB,0.02,0.35,5.73,2021-09-26,2027-11-14,1,30,0
LON01440,GU,Meza-Acosta,InvestmentHoldCo,2081.41,1795.34,1809.56,A,0.001,0.35,5.18,2023-01-06,2030-02-16,1,60,0
LON01441,BM,"Kim, Colon and Hensley",Shipping,356.55,301.35,315.64,BBB,0.005,0.25,5.8,2022-01-11,2027-05-06,1,0,0
LON01442,BM,Bell and Sons,Hospitality,234.28,212.67,217.58,B,0.05,0.35,3.79,2021-09-19,2025-08-15,1,60,0
LON01443,BM,Montoya-Matthews,Shipping,2751.02,2279.8,2306.97,A,0.001,0.6,7.18,2022-01-05,2024-03-03,1,0,0
LON01444,BM,Taylor-Greene,Technology,536.36,413.51,423.8,BB,0.02,0.25,5.98,2021-09-07,2030-09-28,1,0,0
LON01445,BM,House Inc,Shipping,1357.69,1340.23,1358.64,B,0.05,0.25,7.67,2020-09-23,2025-07-16,1,0,0
LON01446,KY,Anderson PLC,Retail,358.73,347.08,352.38,BB,0.02,0.6,7.96,2021-01-28,2023-07-17,2,0,0
LON01447,KY,Mendoza and Sons,InvestmentHoldCo,2513.27,2057.37,2148.87,BB,0.02,0.45,8.0,2020-02-16,2028-05-14,2,0,0
LON01448,BM,"Berg, Ibarra and Wright",Retail,302.99,288.3,291.44,B,0.05,0.45,6.57,2022-06-02,2028-12-02,1,90,0
LON01449,KY,"Carlson, Warren and Holloway",Energy,864.13,749.68,753.13,BB,0.02,0.35,6.0,2022-02-10,2026-11-29,1,0,0
LON01450,GU,Huerta Inc,Technology,305.6,259.23,266.71,AA,0.0005,0.35,8.3,2020-11-16,2026-11-18,1,0,0
LON01451,KY,Smith Inc,PrivateWealth,763.2,646.33,676.32,BB,0.02,0.25,3.38,2020-10-14,2024-02-27,1,0,0
LON01452,KY,Wiggins Group,InvestmentHoldCo,1206.09,972.85,1002.06,A,0.001,0.45,7.22,2022-09-02,2030-12-06,1,30,0
LON01453,BM,"Foster, Baker and Aguilar",Shipping,605.06,487.78,506.82,BBB,0.005,0.6,7.21,2023-11-25,2029-02-14,1,0,0
LON01454,GU,Prince-Gonzalez,Energy,735.76,704.63,739.84,B,0.05,0.35,7.91,2024-03-28,2025-04-22,1,60,0
LON01455,KY,Jones-Holder,RealEstate,737.95,612.05,632.26,BBB,0.005,0.25,3.14,2021-02-04,2029-03-18,1,60,0
LON01456,JE,Leonard LLC,Hospitality,405.2,371.96,375.61,A,0.001,0.35,7.72,2022-01-15,2029-02-27,1,60,0
LON01457,BM,Williams-Murphy,Shipping,1000.48,932.84,970.99,AA,0.0005,0.6,8.47,2020-05-22,2027-07-13,2,30,0
LON01458,KY,Lopez-Contreras,Retail,1351.75,1155.38,1208.66,A,0.001,0.25,3.07,2024-01-02,2030-05-28,1,90,0
LON01459,BM,"Thomas, Tanner and Thomas",RealEstate,712.25,671.36,692.12,BB,0.02,0.35,7.58,2019-12-01,2027-10-24,1,90,0
LON01460,KY,Glover LLC,Retail,2141.6,1708.21,1715.51,AA,0.0005,0.45,4.24,2020-07-05,2025-02-01,2,0,0
LON01461,KY,Richardson-Delacruz,Technology,132.58,103.38,105.77,BB,0.02,0.25,4.03,2022-09-12,2030-03-31,1,0,0
LON01462,KY,Morales and Sons,RealEstate,237.64,196.17,202.0,BB,0.02,0.45,7.38,2023-01-25,2029-03-05,1,60,0
LON01463,GU,Henderson Inc,RealEstate,388.05,356.05,366.39,BBB,0.005,0.25,6.82,2021-10-08,2029-08-08,2,30,0
LON01464,JE,Foley-Willis,Retail,688.78,604.33,606.38,BBB,0.005,0.35,8.31,2024-04-26,2026-11-12,1,0,0
LON01465,KY,Noble PLC,Hospitality,493.44,456.32,477.96,A,0.001,0.25,6.01,2024-02-14,2027-11-20,3,90,0
LON01466,GU,"Wright, Thompson and Simmons",Hospitality,1251.3,992.04,1020.38,AA,0.0005,0.25,8.08,2021-08-14,2022-12-23,1,0,0
LON01467,BM,"Williams, Taylor and Mckinney",Energy,2938.16,2474.7,2598.11,BBB,0.005,0.6,6.49,2020-04-13,2023-01-26,1,0,0
LON01468,BM,"Hall, Johnson and Henderson",Retail,562.29,442.69,443.97,BBB,0.005,0.6,5.4,2020-05-09,2028-05-22,1,60,0
LON01469,KY,Day-Swanson,Energy,169.73,136.15,141.08,BBB,0.005,0.35,3.81,2020-02-13,2029-11-28,2,0,0
LON01470,BM,Moore PLC,RealEstate,435.59,402.59,419.96,BBB,0.005,0.25,7.63,2019-11-08,2028-11-14,1,0,0
LON01471,KY,Good-Stokes,Retail,774.33,699.1,711.09,A,0.001,0.6,5.72,2021-03-22,2030-05-03,1,60,0
LON01472,JE,Krueger-Powell,Shipping,1217.76,1130.07,1185.05,BB,0.02,0.45,8.21,2021-04-11,2028-03-24,1,0,0
LON01473,KY,Whitaker and Sons,RealEstate,1696.33,1309.08,1318.86,A,0.001,0.25,4.03,2024-05-08,2032-07-31,1,30,0
LON01474,BM,Dunn-Martin,InvestmentHoldCo,579.87,504.13,517.65,A,0.001,0.25,7.38,2019-08-14,2020-09-30,1,0,0
LON01475,BM,Myers Inc,InvestmentHoldCo,476.87,476.71,486.38,A,0.001,0.35,6.37,2022-12-23,2031-12-10,1,0,0
LON01476,BM,Yates Ltd,Energy,551.09,459.06,480.65,AA,0.0005,0.6,7.51,2022-01-12,2031-12-03,1,90,0
LON01477,BM,"Dougherty, David and Carter",Technology,471.19,419.75,423.8,BB,0.02,0.45,7.99,2022-05-13,2031-11-16,1,0,0
LON01478,BM,"Johnson, Hutchinson and Lyons",Shipping,1287.26,1007.75,1038.1,BB,0.02,0.35,8.08,2023-10-19,2032-09-05,1,30,0
LON01479,BM,Smith-Short,Technology,1219.99,1190.46,1195.64,BB,0.02,0.25,4.38,2020-04-03,2022-02-11,1,0,0
LON01480,BM,Simpson-Kerr,Hospitality,1198.72,1172.44,1225.57,BB,0.02,0.25,6.34,2023-06-05,2028-11-29,1,0,0
LON01481,BM,Bell-Riley,Energy,314.42,290.47,298.42,BBB,0.005,0.35,7.27,2021-12-08,2030-09-07,1,0,0
LON01482,JE,Wilson LLC,Hospitality,2207.66,1808.48,1815.16,B,0.05,0.25,3.76,2022-06-23,2030-02-09,1,90,0
LON01483,BM,Morgan Group,Energy,337.58,316.24,317.17,BB,0.02,0.25,5.11,2020-07-25,2022-05-26,2,0,0
LON01484,JE,Gonzalez-Kennedy,RealEstate,75.76,68.28,69.01,B,0.05,0.25,3.53,2020-11-13,2030-11-02,1,0,0
LON01485,BM,Johnson-Perry,Technology,541.59,417.95,423.34,A,0.001,0.25,8.99,2021-08-03,2025-05-19,1,0,0
LON01486,KY,Hernandez Ltd,Retail,513.64,447.37,449.52,BBB,0.005,0.25,7.98,2020-05-07,2022-08-05,1,90,0
LON01487,JE,Richards Ltd,Shipping,2412.19,2079.27,2141.82,A,0.001,0.25,6.39,2021-08-03,2028-01-30,1,0,0
LON01488,BM,"Warren, Simmons and King",Retail,1153.38,930.75,966.89,BB,0.02,0.25,6.85,2023-05-10,2032-10-24,2,0,0
LON01489,BM,Bailey Ltd,Technology,1154.31,977.99,993.32,BBB,0.005,0.25,3.95,2024-05-09,2026-07-06,1,90,0
LON01490,BM,"Chapman, Ballard and Cole",Shipping,661.62,562.88,570.07,AA,0.0005,0.35,3.02,2021-06-22,2028-04-25,1,0,0
LON01491,JE,Howard-Avila,Hospitality,388.42,380.8,395.55,A,0.001,0.25,5.07,2022-02-22,2027-08-03,2,0,0
LON01492,KY,Madden LLC,RealEstate,460.29,359.24,376.99,B,0.05,0.6,4.5,2021-06-27,2024-05-27,1,0,0
LON01493,KY,"Steele, Watts and Lee",Retail,354.63,333.54,345.27,B,0.05,0.25,8.1,2022-09-08,2031-10-08,2,60,0
LON01494,GU,Lopez PLC,InvestmentHoldCo,595.79,543.53,555.92,BB,0.02,0.35,4.17,2020-04-19,2022-09-05,1,30,0
LON01495,KY,"Smith, Dixon and Adams",Hospitality,784.57,645.19,677.31,AA,0.0005,0.6,5.93,2023-03-27,2025-11-22,1,0,0
LON01496,BM,Johnson-Rich,PrivateWealth,776.93,613.17,633.68,B,0.05,0.25,8.46,2023-03-25,2030-06-03,1,0,0
LON01497,JE,"Richardson, Flores and Ramos",PrivateWealth,981.32,924.45,940.68,BB,0.02,0.35,5.44,2021-04-05,2027-07-13,1,0,0
LON01498,KY,Washington-Colon,RealEstate,186.82,159.29,164.83,A,0.001,0.25,8.55,2023-09-07,2031-07-30,1,90,0
LON01499,JE,Garcia-Thompson,RealEstate,1406.73,1117.02,1169.26,BBB,0.005,0.25,4.36,2023-05-22,2027-06-07,1,0,0
LON01500,BM,Barnes-Lee,Technology,1447.36,1116.9,1160.49,BB,0.02,0.25,8.7,2022-04-10,2025-04-16,1,0,0
LON01501,BM,Harris-Potts,InvestmentHoldCo,649.6,646.36,677.14,A,0.001,0.6,8.39,2021-04-05,2026-03-17,1,0,0
LON01502,KY,"Lee, Richardson and Gonzales",Retail,520.69,408.21,420.3,BBB,0.005,0.25,8.46,2022-12-06,2024-06-21,1,0,0
LON01503,GU,Peterson-Smith,Technology,981.5,817.57,844.46,A,0.001,0.45,6.06,2021-10-06,2022-10-31,1,60,0
LON01504,BM,"Novak, Hampton and Wood",Retail,873.54,718.62,741.46,B,0.05,0.45,7.91,2023-01-09,2029-09-25,1,0,0
LON01505,JE,"Erickson, Branch and Keith",Hospitality,439.06,341.17,348.07,B,0.05,0.25,3.69,2023-03-23,2026-03-21,1,60,0
LON01506,KY,"Wallace, Ruiz and Schmidt",Hospitality,819.52,714.55,743.17,A,0.001,0.6,4.91,2022-10-11,2026-08-09,2,30,0
LON01507,JE,Smith-King,InvestmentHoldCo,1035.7,953.68,956.74,A,0.001,0.45,4.89,2019-07-14,2023-12-05,1,60,0
LON01508,KY,"Williams, Ramirez and Morgan",Shipping,518.46,518.13,541.09,A,0.001,0.25,5.66,2020-05-20,2023-09-09,1,30,0
LON01509,KY,Knight-Schwartz,Shipping,320.7,277.6,289.37,BBB,0.005,0.45,5.81,2022-06-19,2030-05-07,1,0,0
LON01510,KY,Moore-Carter,Shipping,1126.63,930.37,937.98,BB,0.02,0.35,4.48,2019-09-06,2024-08-14,1,30,0
LON01511,JE,"Brown, Sosa and Lewis",Energy,464.06,375.64,376.09,BBB,0.005,0.25,6.65,2024-03-22,2031-12-13,1,30,0
LON01512,BM,Vaughn PLC,PrivateWealth,2349.38,2293.7,2405.6,B,0.05,0.6,6.09,2021-11-15,2025-08-28,1,0,0
LON01513,JE,"Smith, Ramirez and Wheeler",Hospitality,1345.07,1244.9,1266.93,BB,0.02,0.45,8.88,2023-04-30,2032-04-09,1,0,0
LON01514,KY,Simmons-Jacobs,InvestmentHoldCo,407.87,322.95,333.08,AA,0.0005,0.35,3.64,2023-08-07,2032-02-09,1,0,0
LON01515,BM,Martin LLC,Retail,910.76,845.67,867.13,BBB,0.005,0.25,3.34,2023-05-31,2025-06-25,1,0,0
LON01516,KY,"Booker, Howard and Bush",Shipping,345.86,283.88,288.49,AA,0.0005,0.35,7.42,2020-06-05,2027-09-22,1,0,0
LON01517,KY,Roth-Cooke,PrivateWealth,126.84,99.12,102.31,BB,0.02,0.45,3.56,2024-06-08,2027-08-26,1,90,0
LON01518,KY,"Evans, Morgan and White",Hospitality,1368.53,1272.23,1300.94,BBB,0.005,0.35,3.52,2020-10-17,2026-11-22,1,30,0
LON01519,JE,Adkins PLC,Retail,924.53,733.81,763.04,BBB,0.005,0.25,4.06,2020-04-08,2022-05-30,2,0,0
LON01520,KY,Weber Ltd,Energy,565.17,532.86,543.31,BBB,0.005,0.6,3.92,2023-11-12,2028-01-19,1,60,0
LON01521,BM,Ellis-Meadows,Hospitality,1559.41,1388.74,1449.25,BB,0.02,0.45,6.85,2020-03-30,2022-11-03,1,60,0
LON01522,BM,Williams-Hunt,Technology,1134.34,1054.78,1080.5,BBB,0.005,0.35,6.34,2022-06-19,2030-07-02,1,0,0
LON01523,GU,Mata Ltd,PrivateWealth,501.84,472.81,481.11,BBB,0.005,0.35,3.01,2019-08-25,2026-10-09,2,60,0
LON01524,BM,"Ramos, Powell and Mosley",Retail,279.55,279.38,288.12,BBB,0.005,0.35,8.44,2019-10-23,2021-09-25,1,0,0
LON01525,KY,Johnson-Morgan,Energy,2629.93,2050.99,2094.08,BB,0.02,0.35,5.69,2021-03-19,2025-03-16,1,0,0
LON01526,KY,Vang LLC,Energy,268.5,210.84,218.9,B,0.05,0.45,4.97,2021-10-05,2026-11-27,1,90,0
LON01527,BM,Morgan Group,Hospitality,337.27,307.89,313.79,B,0.05,0.25,7.3,2021-02-14,2024-08-05,1,0,0
LON01528,KY,Rogers LLC,Energy,1257.79,1084.11,1113.33,B,0.05,0.25,7.23,2021-03-30,2029-05-21,1,60,0
LON01529,KY,"Lewis, Gonzales and Nash",Technology,683.73,622.6,650.5,BB,0.02,0.25,3.02,2020-01-29,2026-10-25,1,30,0
LON01530,KY,Barker Inc,Energy,187.45,160.85,161.2,AAA,0.0001,0.25,5.36,2019-12-25,2027-04-05,1,0,0
LON01531,JE,Burton-Wilkerson,Hospitality,516.1,430.23,434.46,A,0.001,0.25,4.05,2020-12-17,2029-05-11,1,0,0
LON01532,JE,Nicholson-Holt,Retail,2444.46,2044.94,2054.36,BB,0.02,0.45,4.56,2019-09-26,2024-02-08,1,0,0
LON01533,KY,Ferrell-Reyes,RealEstate,546.1,502.08,513.47,BBB,0.005,0.6,7.11,2022-12-12,2028-05-10,1,60,0
LON01534,BM,"Gallegos, Anthony and Lyons",Retail,1664.0,1649.46,1678.57,B,0.05,0.25,5.59,2020-01-18,2022-07-13,1,90,0
LON01535,KY,"Wallace, Russell and Patton",Hospitality,409.55,350.35,358.52,A,0.001,0.45,3.15,2019-10-06,2022-12-22,1,30,0
LON01536,BM,Jackson-Sanchez,PrivateWealth,1889.52,1464.8,1536.77,BBB,0.005,0.45,7.29,2023-03-22,2033-03-13,1,60,0
LON01537,KY,"Hill, Carroll and Gonzalez",Shipping,270.17,221.24,223.32,AA,0.0005,0.35,5.5,2021-01-04,2028-10-12,1,0,0
LON01538,BM,"Joseph, Miranda and Donovan",Technology,372.84,312.11,325.71,A,0.001,0.45,4.84,2022-07-13,2024-11-28,2,90,0
LON01539,BM,Gould-Moody,PrivateWealth,388.99,370.41,372.43,A,0.001,0.25,7.48,2024-05-29,2026-03-21,2,60,0
LON01540,KY,Mcgrath Group,Energy,1003.5,886.95,912.08,BBB,0.005,0.25,5.42,2021-05-11,2026-12-29,1,0,0
LON01541,JE,Bowman Group,Energy,1347.48,1244.91,1306.86,A,0.001,0.25,6.79,2021-02-22,2028-08-21,2,0,0
LON01542,BM,"Walker, Figueroa and Cruz",Energy,3025.28,2615.36,2695.19,BB,0.02,0.35,8.12,2022-04-10,2026-06-23,1,60,0
LON01543,KY,"Reed, Thompson and Hanson",Hospitality,939.95,786.18,823.52,BB,0.02,0.6,7.2,2022-11-07,2029-05-27,1,0,0
LON01544,BM,Mclaughlin-Adams,PrivateWealth,1023.58,879.53,884.74,BBB,0.005,0.25,5.68,2021-06-04,2028-05-04,1,0,0
LON01545,GU,Haynes PLC,Technology,2407.07,1980.29,2006.53,BB,0.02,0.6,6.25,2023-02-14,2028-05-13,1,0,0
LON01546,GU,"Williams, Ramirez and Reeves",Technology,566.62,529.39,537.79,AA,0.0005,0.25,8.27,2024-05-19,2028-03-20,1,0,0
LON01547,BM,"Moreno, Peterson and Wright",Energy,316.75,272.27,281.9,BBB,0.005,0.6,3.76,2023-06-03,2029-09-21,1,0,0
LON01548,GU,Costa Group,PrivateWealth,1044.01,1026.92,1068.0,BB,0.02,0.45,5.73,2022-06-16,2026-08-04,1,0,0
LON01549,KY,Fuller Inc,Hospitality,1327.9,1117.71,1122.62,B,0.05,0.6,3.15,2022-09-14,2026-11-03,2,0,0
LON01550,BM,Obrien-Williams,Shipping,1889.27,1778.58,1825.0,A,0.001,0.45,6.7,2020-07-23,2028-06-05,1,90,0
LON01551,BM,Berger-Williams,InvestmentHoldCo,1129.22,1068.11,1081.38,B,0.05,0.45,3.82,2021-06-30,2024-06-03,1,60,0
LON01552,JE,Morales-Taylor,Technology,979.4,867.67,898.45,BB,0.02,0.6,5.0,2019-11-23,2023-04-27,1,90,0
LON01553,KY,"Summers, Solomon and Rojas",Hospitality,390.04,319.68,329.44,AA,0.0005,0.35,3.56,2021-09-16,2031-06-16,2,0,0
LON01554,BM,Perkins-Hayes,Retail,1069.03,893.09,929.11,AAA,0.0001,0.35,4.0,2020-11-07,2027-07-27,1,60,0
LON01555,JE,Rodriguez PLC,PrivateWealth,857.14,701.33,701.96,AA,0.0005,0.45,3.29,2024-02-18,2027-09-11,1,60,0
LON01556,KY,Russo Group,Shipping,300.9,243.47,246.95,AAA,0.0001,0.35,5.82,2022-01-30,2029-12-14,3,0,0
LON01557,KY,White LLC,Retail,626.36,529.77,554.8,BB,0.02,0.25,4.29,2020-08-03,2022-07-26,1,90,0
LON01558,GU,"Lopez, Atkins and Adams",Retail,1930.48,1662.32,1681.58,B,0.05,0.6,7.43,2023-09-09,2030-08-08,2,30,0
LON01559,BM,Warren-Flowers,Hospitality,691.76,596.01,623.9,AA,0.0005,0.45,8.18,2021-03-15,2027-08-10,1,30,0
LON01560,BM,Wood-Bauer,Shipping,546.02,464.01,482.22,BBB,0.005,0.25,5.0,2023-05-29,2032-01-30,1,0,0
LON01561,BM,Brown LLC,Hospitality,2107.03,1990.05,2011.7,BBB,0.005,0.35,6.31,2023-10-30,2032-07-15,2,30,0
LON01562,BM,Adams-Jones,Technology,1637.03,1437.05,1437.9,BB,0.02,0.45,6.95,2019-12-26,2028-09-22,1,0,0
LON01563,KY,Jones LLC,PrivateWealth,1288.4,1116.8,1166.95,A,0.001,0.25,4.01,2023-07-03,2025-12-08,1,0,0
LON01564,JE,"Howard, Phillips and Jones",Hospitality,1077.62,941.45,964.69,A,0.001,0.25,5.2,2022-07-12,2025-07-28,1,90,0
LON01565,KY,King PLC,RealEstate,438.18,362.55,369.93,AA,0.0005,0.25,6.88,2019-07-27,2023-08-04,1,0,0
LON01566,BM,"Brown, Park and Brown",Retail,820.9,686.42,703.55,A,0.001,0.6,8.17,2021-07-13,2030-11-04,1,0,0
LON01567,GU,Ward-Ball,Shipping,1049.28,987.65,997.91,BB,0.02,0.35,3.79,2022-05-25,2023-11-22,1,30,0
LON01568,BM,"Shaffer, Lewis and Hardin",Shipping,924.96,869.41,876.02,BBB,0.005,0.35,5.6,2022-07-24,2029-09-06,1,30,0
LON01569,GU,Garza LLC,Shipping,235.27,231.11,231.72,A,0.001,0.35,3.06,2019-10-03,2026-02-20,1,90,0
LON01570,JE,"Smith, Welch and Hunter",Hospitality,916.21,740.89,760.38,BB,0.02,0.25,5.34,2024-04-12,2029-05-19,1,0,0
LON01571,BM,"Smith, Le and Moreno",Shipping,249.86,198.45,199.08,B,0.05,0.25,8.78,2020-09-01,2025-10-23,2,0,0
LON01572,JE,"Kelly, King and Rice",Technology,558.42,515.27,534.68,A,0.001,0.25,5.34,2021-01-22,2024-07-11,2,30,0
LON01573,KY,"Ware, Bowman and Curry",Hospitality,1165.62,1023.1,1043.48,BB,0.02,0.45,6.12,2023-11-05,2027-02-24,1,0,0
LON01574,BM,Tate-Good,Energy,1375.42,1131.71,1135.72,AA,0.0005,0.6,8.04,2021-09-29,2026-02-21,1,0,0
LON01575,GU,Merritt-Taylor,Hospitality,671.5,648.54,673.77,B,0.05,0.6,7.43,2019-12-14,2028-06-11,1,0,0
LON01576,KY,Barrett-Benson,Energy,917.39,727.53,755.41,BB,0.02,0.25,5.04,2021-07-17,2030-07-27,1,60,0
LON01577,KY,Taylor and Sons,PrivateWealth,321.92,313.08,324.29,A,0.001,0.25,5.71,2021-12-26,2026-07-06,2,0,0
LON01578,BM,Chen LLC,Hospitality,416.37,338.07,351.73,BBB,0.005,0.25,8.29,2021-09-30,2028-03-18,1,0,0
LON01579,GU,Arellano PLC,RealEstate,971.82,749.75,767.3,BBB,0.005,0.25,5.62,2020-02-02,2029-11-06,1,0,0
LON01580,KY,Maxwell PLC,Shipping,2523.92,2410.24,2515.14,A,0.001,0.25,3.29,2021-03-15,2025-03-03,1,60,0
LON01581,BM,Lawson-Romero,Retail,1118.64,950.53,989.04,AAA,0.0001,0.25,8.82,2022-10-19,2024-09-02,2,0,0
LON01582,KY,Yang-Clark,Shipping,1977.55,1656.58,1731.43,BB,0.02,0.45,7.53,2022-01-24,2023-04-18,1,60,0
LON01583,KY,Thompson-Hanson,Shipping,372.83,287.22,293.46,BB,0.02,0.6,7.04,2023-12-11,2025-02-23,2,60,0
LON01584,BM,"Mendoza, Price and Smith",RealEstate,538.41,440.52,446.99,A,0.001,0.45,6.78,2021-09-20,2026-06-19,1,0,0
LON01585,BM,"Caldwell, Chambers and Lynch",InvestmentHoldCo,2423.7,2062.31,2070.29,A,0.001,0.45,6.44,2022-11-14,2032-08-13,1,90,0
LON01586,GU,"Banks, Williams and Cox",Retail,775.33,624.77,626.24,A,0.001,0.25,3.2,2022-04-24,2026-05-07,2,0,0
LON01587,KY,Elliott Group,PrivateWealth,863.57,682.46,706.32,AAA,0.0001,0.25,8.55,2023-02-12,2029-09-11,2,0,0
LON01588,BM,"Joseph, Smith and Johnson",PrivateWealth,355.62,284.1,286.71,BB,0.02,0.45,7.79,2020-12-26,2026-04-14,1,0,0
LON01589,GU,Williams-Mckinney,InvestmentHoldCo,260.9,237.06,248.72,BBB,0.005,0.35,8.29,2022-12-09,2031-06-11,1,0,0
LON01590,BM,Boyer-Walker,Technology,1001.69,814.89,852.69,A,0.001,0.25,3.95,2020-08-12,2026-06-09,1,60,0
LON01591,BM,Washington-Hudson,Technology,359.93,293.61,304.02,A,0.001,0.35,7.86,2023-11-07,2029-04-04,1,30,0
LON01592,JE,"Wilson, Le and Sanders",Energy,1557.17,1312.88,1352.35,A,0.001,0.6,7.18,2023-01-22,2026-10-19,1,0,0
LON01593,KY,"Hines, Weeks and Anderson",Energy,599.27,511.73,520.49,A,0.001,0.35,6.62,2023-11-21,2027-06-24,1,0,0
LON01594,BM,Miller Ltd,RealEstate,449.29,389.84,409.13,B,0.05,0.35,8.42,2021-09-15,2030-11-30,1,0,0
LON01595,BM,Simmons LLC,Hospitality,888.62,788.7,826.07,AA,0.0005,0.25,4.33,2022-04-28,2024-03-26,1,30,0
LON01596,KY,"Kaiser, Gonzalez and Pierce",RealEstate,313.49,241.63,247.28,BBB,0.005,0.45,6.5,2022-01-07,2030-10-31,1,30,0
LON01597,KY,Hartman-Pierce,RealEstate,1001.11,997.21,1007.83,BB,0.02,0.25,5.13,2023-04-27,2030-09-29,1,0,0
LON01598,BM,Martinez Ltd,InvestmentHoldCo,938.79,735.17,756.14,A,0.001,0.6,7.6,2023-07-07,2032-07-16,2,0,0
LON01599,KY,"Hubbard, Frost and Rice",InvestmentHoldCo,616.29,605.94,607.72,BBB,0.005,0.25,8.37,2022-11-11,2032-03-26,1,0,0
LON01600,GU,"Taylor, Clark and Clements",Hospitality,3019.67,2494.63,2585.63,A,0.001,0.45,3.11,2024-05-10,2033-05-03,1,30,0
LON01601,KY,Smith-Harmon,Retail,242.43,239.7,241.62,BBB,0.005,0.35,7.56,2023-09-11,2025-05-05,1,60,0
LON01602,KY,"Mcmahon, Walton and Lucas",Shipping,921.88,784.25,808.03,AA,0.0005,0.35,5.05,2024-05-26,2028-03-12,1,0,0
LON01603,KY,"Phillips, Foster and Wallace",RealEstate,2036.24,1935.83,2009.21,BBB,0.005,0.25,4.98,2023-12-01,2031-11-12,1,30,0
LON01604,BM,Taylor-Neal,InvestmentHoldCo,781.66,665.24,690.04,AA,0.0005,0.25,5.9,2021-04-26,2022-11-30,1,0,0
LON01605,GU,"Miller, Lowe and Martin",Technology,397.57,382.28,384.85,BBB,0.005,0.25,6.21,2020-11-10,2028-05-24,2,60,0
LON01606,KY,King PLC,InvestmentHoldCo,445.66,420.23,436.47,BBB,0.005,0.45,3.73,2022-04-30,2030-06-05,1,30,0
LON01607,KY,Martinez-Cook,Shipping,847.29,784.13,807.49,A,0.001,0.6,7.36,2020-12-05,2030-11-05,1,0,0
LON01608,BM,Miller PLC,Energy,918.79,808.53,836.7,A,0.001,0.25,8.07,2020-05-25,2026-03-26,3,0,0
LON01609,BM,Jones and Sons,RealEstate,457.97,410.32,415.1,BBB,0.005,0.25,8.48,2019-12-25,2029-05-04,1,60,0
LON01610,BM,"Nelson, Giles and Manning",Retail,977.16,877.1,901.96,B,0.05,0.6,6.99,2022-03-30,2026-12-06,1,0,0
LON01611,KY,Blackwell PLC,Energy,1414.87,1131.18,1175.34,BBB,0.005,0.35,4.05,2020-05-20,2028-01-08,1,0,0
LON01612,KY,"Fernandez, Thomas and Mckay",InvestmentHoldCo,488.18,398.63,398.96,A,0.001,0.25,8.94,2020-06-10,2024-04-08,1,0,0
LON01613,KY,Barrera-Moore,Retail,158.61,133.15,135.54,BBB,0.005,0.6,4.39,2020-05-29,2025-02-23,2,30,0
LON01614,KY,"Young, Turner and Wilson",InvestmentHoldCo,549.0,514.75,534.18,B,0.05,0.45,6.99,2022-05-25,2025-03-19,1,0,0
LON01615,JE,Ramirez-Lawson,Energy,573.07,523.74,543.75,AA,0.0005,0.45,5.59,2022-10-24,2031-09-07,1,0,0
LON01616,BM,"Nelson, Sharp and Davis",Energy,1139.76,895.4,899.5,A,0.001,0.6,7.27,2020-10-19,2021-11-25,1,0,0
LON01617,KY,Henderson-Miller,PrivateWealth,404.51,324.43,325.24,AAA,0.0001,0.25,4.23,2021-04-25,2022-12-31,3,60,0
LON01618,KY,"Hernandez, Ramsey and Pennington",InvestmentHoldCo,1126.96,883.04,900.68,BBB,0.005,0.25,3.91,2022-03-30,2028-03-11,1,0,0
LON01619,KY,Graham-Mason,Technology,446.67,413.95,420.74,BBB,0.005,0.6,6.7,2023-10-07,2030-07-28,1,90,0
LON01620,BM,Banks-Alvarez,Hospitality,446.95,419.71,438.72,BBB,0.005,0.45,4.63,2019-08-03,2028-03-12,1,0,0
LON01621,BM,Rodriguez Inc,Hospitality,1894.77,1703.57,1787.07,AAA,0.0001,0.6,4.9,2019-08-16,2028-07-30,1,0,0
LON01622,BM,Lang-Ellis,Hospitality,651.59,513.17,520.68,A,0.001,0.25,6.58,2023-04-21,2029-05-18,1,0,0
LON01623,BM,Boyd-Joyce,Shipping,1787.34,1439.31,1484.75,BBB,0.005,0.45,5.7,2021-11-01,2025-05-30,1,0,0
LON01624,BM,"Austin, King and King",Energy,625.18,483.88,504.88,BB,0.02,0.25,5.04,2019-07-24,2025-10-23,1,30,0
LON01625,KY,Armstrong PLC,PrivateWealth,507.01,474.19,489.46,BBB,0.005,0.35,4.86,2020-12-21,2025-08-12,1,0,0
LON01626,JE,Harvey Group,Hospitality,1681.13,1316.06,1349.74,B,0.05,0.45,4.82,2023-09-04,2026-10-01,1,0,0
LON01627,BM,Johnson-Jenkins,RealEstate,279.9,268.84,272.62,B,0.05,0.35,6.56,2021-10-28,2024-12-22,1,90,0
LON01628,BM,Lawrence-Lewis,RealEstate,761.46,604.69,631.36,BBB,0.005,0.35,9.0,2021-04-16,2027-09-12,3,60,0
LON01629,GU,"Arnold, Webb and Wallace",Hospitality,433.21,380.78,397.43,BBB,0.005,0.6,8.96,2024-01-08,2032-09-15,1,30,0
LON01630,BM,Maxwell-Parker,InvestmentHoldCo,378.11,361.93,367.3,A,0.001,0.25,7.79,2023-08-29,2030-02-05,2,0,0
LON01631,BM,Matthews LLC,Technology,295.08,279.21,288.79,A,0.001,0.45,5.06,2020-02-02,2028-05-24,1,30,0
LON01632,BM,"Lawrence, Macias and Barrera",PrivateWealth,561.48,539.16,560.77,BBB,0.005,0.25,6.89,2019-09-22,2026-10-19,3,0,0
LON01633,KY,"Johnston, Barnes and Nelson",PrivateWealth,797.27,775.81,813.68,BBB,0.005,0.6,5.12,2024-03-16,2026-12-17,1,0,0
LON01634,KY,Lozano-Bell,Hospitality,1152.47,1135.3,1180.46,A,0.001,0.25,4.34,2020-03-28,2026-05-22,1,0,0
LON01635,BM,Ellis-Clark,RealEstate,1008.83,874.34,880.4,AA,0.0005,0.6,4.89,2020-12-30,2027-06-05,1,0,0
LON01636,KY,Larson-Garner,PrivateWealth,1578.26,1246.38,1300.42,B,0.05,0.25,6.72,2024-04-18,2033-10-15,1,0,0
LON01637,KY,"Lopez, Robertson and Barker",Retail,789.77,770.58,789.81,BBB,0.005,0.35,6.02,2020-02-07,2021-08-30,1,0,0
LON01638,BM,"Torres, Rivera and Rogers",Hospitality,599.98,527.81,553.45,BB,0.02,0.35,3.88,2021-10-03,2027-07-27,2,60,0
LON01639,GU,Abbott LLC,Hospitality,1260.13,1149.63,1174.58,AA,0.0005,0.45,4.58,2022-09-17,2029-11-08,1,0,0
LON01640,BM,Rowe and Sons,Hospitality,578.75,530.28,535.56,BB,0.02,0.25,7.08,2024-01-30,2027-08-18,1,90,0
LON01641,BM,Murphy PLC,RealEstate,1682.72,1452.65,1513.46,A,0.001,0.25,6.33,2024-01-28,2027-05-28,1,0,0
LON01642,KY,Nguyen-Edwards,Technology,2140.36,2074.39,2110.14,B,0.05,0.35,4.43,2023-08-16,2030-03-25,1,0,0
LON01643,BM,Miller LLC,Shipping,166.8,162.54,163.64,BB,0.02,0.25,3.26,2023-10-25,2032-02-18,1,60,0
LON01644,JE,Ibarra Group,RealEstate,1340.55,1049.45,1064.08,B,0.05,0.25,6.18,2020-06-21,2021-12-14,1,60,0
LON01645,BM,"Morrison, Sanders and Li",InvestmentHoldCo,630.11,551.57,561.7,A,0.001,0.25,3.9,2024-01-20,2028-06-24,1,0,0
LON01646,BM,"Cruz, Walker and Turner",PrivateWealth,1892.64,1459.64,1512.68,BB,0.02,0.35,5.02,2020-07-15,2023-01-10,1,30,0
LON01647,KY,Brown PLC,Hospitality,233.69,188.78,189.28,B,0.05,0.25,5.75,2023-06-18,2033-04-12,1,0,0
LON01648,JE,Sullivan-Thomas,Hospitality,1058.52,839.53,855.24,A,0.001,0.6,6.08,2021-04-09,2029-01-29,1,0,0
LON01649,JE,Taylor Ltd,Shipping,712.17,619.98,633.16,A,0.001,0.45,8.09,2020-04-04,2024-02-06,1,90,0
LON01650,KY,Ayers-Munoz,InvestmentHoldCo,290.74,252.16,262.43,BBB,0.005,0.35,5.4,2021-08-28,2023-07-22,1,90,0
LON01651,KY,"Reed, Richards and Smith",PrivateWealth,1304.36,1103.33,1148.49,A,0.001,0.25,5.17,2024-06-16,2032-11-17,1,0,0
LON01652,JE,"Walsh, Golden and Robertson",RealEstate,254.7,231.92,234.52,AA,0.0005,0.25,4.76,2022-07-27,2025-02-10,1,90,0
LON01653,KY,Cummings-Norton,Hospitality,1894.49,1500.91,1541.34,BBB,0.005,0.45,5.12,2020-06-25,2025-12-28,1,90,0
LON01654,KY,Le Ltd,Hospitality,1742.89,1473.69,1481.31,B,0.05,0.25,5.98,2020-09-05,2024-03-18,1,60,0
LON01655,GU,Winters Inc,Retail,222.48,193.67,198.09,BB,0.02,0.35,8.81,2020-05-02,2024-07-12,1,90,0
LON01656,BM,Wheeler and Sons,Shipping,458.16,368.0,376.52,BBB,0.005,0.35,6.87,2020-04-27,2025-02-08,1,0,0
LON01657,JE,Diaz Ltd,Energy,353.9,325.69,336.02,BBB,0.005,0.6,7.73,2022-09-05,2028-06-26,1,0,0
LON01658,BM,"Lee, Meyer and Costa",RealEstate,484.69,474.71,477.34,BBB,0.005,0.25,4.47,2020-04-15,2025-09-24,2,90,0
LON01659,BM,Foster-Smith,Retail,1001.99,851.71,891.89,A,0.001,0.6,3.2,2020-12-14,2029-10-20,1,90,0
LON01660,KY,"Bauer, Hogan and Dalton",Shipping,1072.72,893.78,920.69,BB,0.02,0.6,6.02,2023-08-26,2030-05-22,1,0,0
LON01661,BM,Dickerson Group,Technology,394.68,371.74,372.05,BBB,0.005,0.25,3.51,2022-08-10,2030-04-22,1,0,0
LON01662,BM,Webb-Mcdonald,Technology,604.36,489.91,490.63,BB,0.02,0.6,6.72,2022-12-10,2026-02-01,1,0,0
LON01663,KY,Anderson-Smith,RealEstate,325.26,276.81,289.07,BBB,0.005,0.6,8.57,2023-08-08,2032-03-13,1,0,0
LON01664,KY,"Fischer, Adams and Martin",Shipping,497.82,431.07,451.37,AA,0.0005,0.25,3.74,2021-10-28,2026-08-01,1,0,0
LON01665,JE,Peterson-Johnson,Shipping,452.23,352.0,367.81,BB,0.02,0.35,4.04,2024-06-04,2028-11-21,1,0,0
LON01666,KY,Evans-Morris,PrivateWealth,823.14,726.98,753.29,BB,0.02,0.35,8.29,2023-10-25,2033-08-05,1,0,0
LON01667,KY,"Duffy, Hunt and Beck",Technology,756.02,660.38,692.16,BB,0.02,0.6,8.17,2022-06-05,2029-05-24,1,0,0
LON01668,KY,Hughes-West,Retail,508.34,465.44,487.22,BBB,0.005,0.25,8.49,2022-09-01,2024-12-27,1,0,0
LON01669,GU,"Murphy, Gonzalez and Sandoval",InvestmentHoldCo,807.35,629.52,644.55,BB,0.02,0.35,8.36,2021-04-05,2028-03-21,2,0,0
LON01670,KY,Coleman-Rice,InvestmentHoldCo,391.08,349.62,365.02,BB,0.02,0.35,6.0,2023-03-20,2024-12-13,1,0,0
LON01671,BM,Williams and Sons,Hospitality,277.51,218.74,221.44,BBB,0.005,0.35,5.15,2024-05-22,2033-09-26,1,0,0
LON01672,KY,Stewart-Carter,PrivateWealth,2148.27,1824.23,1851.89,BBB,0.005,0.25,3.2,2021-09-29,2029-08-01,1,0,0
LON01673,KY,"Mathis, Young and Velasquez",Retail,1304.13,1272.21,1328.42,BB,0.02,0.45,3.57,2022-12-13,2025-05-03,1,0,0
LON01674,BM,Dillon-Thompson,Technology,638.62,508.41,508.55,BBB,0.005,0.25,6.76,2024-06-24,2030-03-14,1,90,0
LON01675,KY,Blair-Wall,InvestmentHoldCo,1042.17,1023.36,1046.11,A,0.001,0.25,5.36,2022-09-26,2025-12-08,1,60,0
LON01676,BM,Evans LLC,RealEstate,491.08,444.58,459.45,A,0.001,0.6,5.79,2021-02-07,2022-11-19,1,0,0
LON01677,GU,"Davis, Everett and Young",Energy,384.4,367.66,371.04,BBB,0.005,0.35,5.04,2023-02-08,2030-01-21,1,90,0
LON01678,BM,Miller-Graham,RealEstate,1061.03,1015.38,1022.24,AAA,0.0001,0.25,5.33,2023-09-09,2033-01-28,1,90,0
LON01679,JE,Diaz-Castillo,Shipping,282.37,265.66,267.87,BBB,0.005,0.25,5.26,2020-02-24,2021-07-30,1,0,0
LON01680,BM,Crawford PLC,PrivateWealth,1045.06,856.11,859.57,BBB,0.005,0.35,6.79,2020-03-30,2025-06-13,1,0,0
LON01681,KY,"Pennington, Salazar and Schwartz",Retail,210.21,163.95,164.6,BB,0.02,0.35,3.53,2023-08-02,2024-11-13,2,0,0
LON01682,BM,"Wong, Lane and Meza",Retail,1411.43,1103.76,1151.81,AA,0.0005,0.25,4.73,2021-10-27,2031-08-04,1,0,0
LON01683,BM,"Smith, Cervantes and Reynolds",Shipping,1939.34,1681.05,1685.59,BBB,0.005,0.35,3.43,2020-11-15,2023-05-28,1,90,0
LON01684,KY,"Myers, James and Hodges",RealEstate,2554.93,2198.49,2279.55,BB,0.02,0.35,5.01,2022-09-06,2031-12-09,2,0,0
LON01685,BM,Norton-Tapia,Hospitality,1847.25,1603.2,1637.8,BB,0.02,0.45,8.86,2021-09-17,2025-04-11,1,0,0
LON01686,BM,Wilson Ltd,Retail,1538.15,1414.87,1464.22,BBB,0.005,0.6,3.26,2023-03-07,2027-09-10,3,0,0
LON01687,KY,Vargas-Rios,RealEstate,214.09,178.03,180.35,AA,0.0005,0.25,3.53,2024-02-09,2029-12-11,1,60,0
LON01688,GU,Alvarado-Santiago,InvestmentHoldCo,1332.51,1156.67,1162.14,BB,0.02,0.45,4.18,2021-06-04,2025-11-17,1,0,0
LON01689,BM,Shaw-Johnson,RealEstate,585.41,578.17,579.59,BB,0.02,0.6,3.87,2023-03-23,2033-02-08,1,90,0
LON01690,BM,Robinson Group,InvestmentHoldCo,629.12,528.14,540.63,BB,0.02,0.35,7.17,2024-04-05,2026-08-20,2,90,0
LON01691,KY,Ward-Williams,Energy,140.15,123.8,124.85,AA,0.0005,0.25,6.62,2022-04-29,2024-07-08,1,90,0
LON01692,KY,Rodgers-Meyer,Hospitality,1069.43,867.72,878.86,A,0.001,0.25,4.81,2020-06-28,2028-08-23,1,30,0
LON01693,BM,Berry-Casey,Hospitality,510.93,449.16,451.28,AAA,0.0001,0.25,5.81,2021-09-28,2031-03-30,1,0,0
LON01694,BM,Richardson-Flores,RealEstate,708.44,564.04,577.21,BBB,0.005,0.45,4.0,2022-04-09,2026-06-12,2,60,0
LON01695,KY,"Lewis, Stevens and Costa",Shipping,880.84,869.4,905.73,BBB,0.005,0.25,6.25,2022-05-26,2030-10-09,1,90,0
LON01696,JE,Blake-Williams,Energy,841.69,773.51,775.34,BBB,0.005,0.25,6.57,2022-08-31,2028-08-22,1,0,0
LON01697,KY,Brown-Thomas,Energy,463.07,405.84,413.75,BBB,0.005,0.35,8.39,2020-11-04,2026-05-19,1,0,0
LON01698,JE,"Wolfe, Sweeney and Sampson",InvestmentHoldCo,500.0,410.78,430.3,AAA,0.0001,0.45,5.81,2020-05-01,2024-12-18,1,30,0
LON01699,KY,"Todd, Jacobs and Walker",PrivateWealth,729.7,723.52,747.56,BB,0.02,0.25,3.15,2020-08-18,2027-09-20,1,0,0
LON01700,GU,"Willis, King and Munoz",PrivateWealth,646.58,625.22,628.47,BBB,0.005,0.25,3.68,2019-07-04,2028-10-30,1,0,0
LON01701,GU,Williams-Cohen,InvestmentHoldCo,659.1,571.06,576.3,A,0.001,0.25,4.49,2023-06-26,2029-08-07,1,60,0
LON01702,KY,Gay LLC,Shipping,238.6,195.27,200.38,BBB,0.005,0.25,5.36,2022-04-22,2031-11-28,2,0,0
LON01703,GU,King-Porter,InvestmentHoldCo,556.46,491.03,508.64,BBB,0.005,0.25,7.93,2020-10-03,2028-12-24,1,0,0
LON01704,BM,Lewis PLC,RealEstate,488.8,484.94,486.76,B,0.05,0.6,4.13,2021-01-09,2025-07-13,2,0,0
LON01705,JE,"Chavez, Brown and Simon",Hospitality,2034.95,1690.74,1719.23,A,0.001,0.25,7.86,2021-04-24,2029-02-14,1,0,0
LON01706,GU,"Warren, Ramos and Walker",Hospitality,1237.44,1012.58,1024.06,BBB,0.005,0.6,3.85,2020-05-03,2023-04-12,1,60,0
LON01707,BM,Harrell-Holmes,PrivateWealth,111.88,92.94,92.99,AAA,0.0001,0.45,7.97,2023-10-29,2025-08-12,1,90,0
LON01708,KY,"Barrett, Mckinney and Reeves",RealEstate,90.21,85.8,86.62,B,0.05,0.25,4.59,2020-12-05,2027-03-08,2,0,0
LON01709,BM,Taylor-Carter,PrivateWealth,348.89,327.69,342.13,A,0.001,0.25,5.44,2020-06-07,2030-01-27,1,60,0
LON01710,BM,"Mays, Gomez and Stevens",Hospitality,91.45,80.15,82.68,BBB,0.005,0.25,8.81,2020-08-14,2022-01-16,1,0,0
LON01711,KY,Nguyen-White,Shipping,1521.62,1421.01,1459.98,AAA,0.0001,0.35,3.71,2019-11-04,2027-08-28,3,30,0
LON01712,GU,"Terry, Harris and Garner",PrivateWealth,144.97,119.21,122.5,B,0.05,0.45,3.03,2020-03-07,2029-09-20,1,0,0
LON01713,JE,"Herrera, Patrick and Jones",InvestmentHoldCo,1025.03,962.74,985.99,BB,0.02,0.25,4.31,2022-12-22,2030-11-28,1,0,0
LON01714,GU,"Reese, Mendoza and Farmer",Energy,405.85,358.29,364.32,BB,0.02,0.6,3.64,2024-04-01,2029-06-25,1,60,0
LON01715,KY,Fischer Group,PrivateWealth,501.68,470.67,486.47,BBB,0.005,0.25,5.06,2019-09-28,2025-02-21,1,30,0
LON01716,BM,Hensley Ltd,Retail,190.58,182.09,185.34,BBB,0.005,0.45,5.78,2021-06-11,2029-09-11,1,30,0
LON01717,BM,Hampton Ltd,Energy,895.85,750.92,755.58,AA,0.0005,0.45,8.06,2022-07-21,2024-07-17,1,0,0
LON01718,KY,Bailey-Young,Technology,1034.71,880.65,914.41,BB,0.02,0.25,7.42,2020-09-22,2022-06-08,1,0,0
LON01719,BM,"Rodriguez, Myers and Eaton",Shipping,803.32,695.09,699.93,BBB,0.005,0.35,3.22,2021-02-13,2023-02-06,1,0,0
LON01720,GU,"Drake, Guerrero and Bryant",Shipping,565.48,436.37,445.54,BBB,0.005,0.35,7.28,2021-06-22,2026-06-03,2,0,0
LON01721,BM,Townsend and Sons,Retail,492.95,399.78,408.9,BBB,0.005,0.6,7.33,2020-12-28,2028-07-09,1,90,0
LON01722,BM,"Hayden, Garcia and Smith",InvestmentHoldCo,132.56,131.66,135.84,BB,0.02,0.6,3.1,2021-04-13,2027-04-07,1,0,0
LON01723,JE,Saunders LLC,RealEstate,467.98,370.31,380.42,AA,0.0005,0.35,5.6,2023-11-14,2028-07-21,1,30,0
LON01724,JE,Pace-Santana,InvestmentHoldCo,423.22,399.28,418.22,AAA,0.0001,0.6,4.6,2020-10-08,2030-05-07,1,90,0
LON01725,GU,Scott Group,Retail,1712.11,1626.53,1630.13,A,0.001,0.25,6.95,2020-05-24,2025-04-04,1,0,0
LON01726,KY,Dixon-Williams,Energy,221.8,175.52,181.48,BBB,0.005,0.45,4.63,2023-04-09,2030-01-26,1,0,0
LON01727,GU,"Brewer, Berry and Diaz",InvestmentHoldCo,585.84,487.76,509.72,A,0.001,0.35,7.91,2023-08-17,2029-08-14,1,90,0
LON01728,BM,Graham-Perez,Hospitality,2734.84,2173.86,2218.82,B,0.05,0.45,3.4,2021-09-20,2023-12-13,1,0,0
LON01729,BM,Matthews-Meadows,Hospitality,574.56,467.96,490.97,A,0.001,0.35,3.36,2019-11-14,2021-05-08,2,0,0
LON01730,BM,Garcia PLC,Hospitality,1666.19,1310.27,1372.0,AAA,0.0001,0.25,6.44,2023-10-27,2027-02-09,1,0,0
LON01731,KY,"Wilkins, Jackson and Collins",RealEstate,576.22,494.43,500.15,B,0.05,0.35,4.2,2022-06-29,2027-01-06,1,0,0
LON01732,KY,Mcgrath-Armstrong,Technology,575.59,537.0,541.74,A,0.001,0.25,3.97,2022-10-17,2031-04-18,1,30,0
LON01733,KY,Munoz and Sons,Retail,381.38,323.31,332.56,AAA,0.0001,0.35,5.75,2024-04-27,2028-02-18,1,60,0
LON01734,KY,Smith-Dominguez,Hospitality,331.63,291.85,300.69,BBB,0.005,0.45,7.59,2020-04-11,2028-05-11,1,30,0
LON01735,KY,Davenport and Sons,RealEstate,2103.44,1630.25,1695.51,BBB,0.005,0.25,4.12,2020-08-28,2026-11-09,1,0,0
LON01736,KY,"Hudson, Taylor and Arnold",Hospitality,220.12,192.8,194.28,BB,0.02,0.25,4.46,2023-01-31,2027-03-23,1,90,0
LON01737,BM,"Butler, Wallace and Hopkins",Retail,986.41,779.93,810.89,BB,0.02,0.6,8.35,2021-12-12,2029-04-28,1,0,0
LON01738,KY,Fisher-Ballard,Technology,607.43,563.93,570.53,AAA,0.0001,0.25,7.69,2020-02-21,2022-10-21,1,0,0
LON01739,GU,Thomas-Wright,RealEstate,273.79,226.47,230.12,AA,0.0005,0.45,3.03,2021-03-03,2024-07-25,2,0,0
LON01740,KY,Griffin Group,Energy,256.19,243.36,250.3,AA,0.0005,0.25,6.18,2022-12-16,2028-07-02,1,30,0
LON01741,BM,Williams LLC,Technology,480.2,436.62,455.13,BB,0.02,0.25,3.3,2021-03-19,2022-06-21,1,0,0
LON01742,KY,Davis-Burgess,Energy,1525.22,1177.63,1181.71,A,0.001,0.25,4.33,2022-11-14,2032-10-19,1,0,0
LON01743,KY,Brown Inc,RealEstate,3744.55,3572.49,3741.59,B,0.05,0.25,5.34,2021-10-17,2030-11-28,1,60,0
LON01744,BM,Hernandez LLC,PrivateWealth,566.18,442.6,447.15,BB,0.02,0.6,7.04,2020-03-01,2029-08-15,1,0,0
LON01745,BM,Ali-Smith,Technology,654.48,534.82,559.28,B,0.05,0.35,4.77,2021-09-24,2024-01-22,1,0,0
LON01746,JE,"Cunningham, Christensen and Lee",RealEstate,878.15,687.13,701.17,AA,0.0005,0.25,5.48,2020-05-06,2025-08-16,1,0,0
LON01747,KY,Pacheco Group,Retail,1641.57,1401.19,1430.85,BB,0.02,0.35,5.68,2020-07-11,2027-12-22,1,0,0
LON01748,KY,"Griffith, Gibson and Taylor",Energy,190.46,162.65,170.7,BBB,0.005,0.25,7.93,2022-01-19,2024-07-05,1,0,0
LON01749,KY,Pierce PLC,InvestmentHoldCo,1958.97,1861.94,1948.68,A,0.001,0.6,7.74,2022-06-29,2027-06-29,2,0,0
LON01750,BM,Glenn-Cross,InvestmentHoldCo,403.03,312.74,314.72,AA,0.0005,0.25,5.89,2021-04-19,2027-10-13,1,30,0
LON01751,JE,"Jones, White and Pierce",Shipping,1104.06,896.49,915.66,BBB,0.005,0.25,7.89,2024-02-15,2031-10-01,1,0,0
LON01752,BM,Coleman Group,Energy,693.22,641.64,652.42,BBB,0.005,0.25,5.02,2023-09-03,2032-05-18,1,0,0
LON01753,KY,Todd-Howe,RealEstate,261.09,202.52,209.86,BBB,0.005,0.25,4.71,2021-07-22,2026-04-03,1,90,0
LON01754,KY,Solis-Clark,InvestmentHoldCo,724.88,703.72,709.65,AA,0.0005,0.6,8.3,2019-09-03,2022-07-08,1,0,0
LON01755,BM,Reyes-Stone,Hospitality,765.98,702.87,725.95,BBB,0.005,0.25,4.42,2023-07-13,2028-08-29,1,0,0
LON01756,BM,Lopez LLC,Hospitality,1030.06,1012.84,1043.39,B,0.05,0.25,7.89,2020-03-26,2028-12-07,1,0,0
LON01757,BM,Bishop Ltd,InvestmentHoldCo,652.64,625.45,634.3,BBB,0.005,0.35,6.5,2020-12-27,2030-08-25,1,0,0
LON01758,BM,Thomas-Tyler,Energy,565.48,511.38,519.17,AA,0.0005,0.35,5.96,2019-08-13,2022-11-16,1,60,0
LON01759,KY,"Lopez, Smith and Diaz",InvestmentHoldCo,559.15,507.35,510.61,BB,0.02,0.25,3.76,2021-12-22,2029-08-15,1,0,0
LON01760,GU,Escobar Group,Shipping,999.61,855.95,876.52,BBB,0.005,0.6,7.95,2021-08-22,2029-10-23,1,30,0
LON01761,KY,Cervantes Inc,Energy,717.32,581.65,606.89,A,0.001,0.45,3.07,2022-01-26,2028-08-07,1,0,0
LON01762,KY,Moore-Davis,Retail,407.97,353.53,367.8,BB,0.02,0.45,5.59,2020-03-01,2021-04-22,1,0,0
LON01763,BM,Rasmussen-Ford,Retail,2138.03,1880.51,1918.65,BBB,0.005,0.45,3.13,2022-08-01,2029-07-14,2,90,0
LON01764,KY,Anderson-Parsons,Shipping,2985.57,2696.4,2700.47,B,0.05,0.35,7.55,2022-05-02,2031-10-13,1,0,0
LON01765,KY,Sharp LLC,Hospitality,1326.71,1061.47,1070.69,BB,0.02,0.6,6.37,2021-07-05,2028-12-27,1,0,0
LON01766,KY,"Martin, Johnson and Hendrix",Retail,545.48,443.47,448.12,B,0.05,0.6,4.54,2021-03-01,2024-12-20,2,0,0
LON01767,JE,"Curry, Gibson and Powers",InvestmentHoldCo,512.77,510.92,519.42,B,0.05,0.35,5.17,2022-07-18,2031-10-15,1,30,0
LON01768,KY,"Brewer, Bond and Hogan",InvestmentHoldCo,491.86,481.93,492.82,BB,0.02,0.25,8.8,2021-02-22,2031-02-09,1,90,0
LON01769,BM,"Stewart, Williams and Smith",Retail,403.69,381.58,388.69,AA,0.0005,0.45,7.65,2022-11-04,2028-07-31,1,30,0
LON01770,KY,Richards-Webb,Hospitality,629.24,505.54,522.28,A,0.001,0.45,5.44,2021-03-27,2023-11-27,1,0,0
LON01771,KY,Kirby-Richardson,Retail,752.16,599.8,605.91,BBB,0.005,0.25,4.95,2020-01-26,2021-02-16,1,60,0
LON01772,KY,Martin Group,PrivateWealth,471.12,374.54,383.54,BB,0.02,0.25,3.98,2022-04-20,2027-03-11,2,0,0
LON01773,BM,"Atkinson, Garrett and Norman",Hospitality,1752.24,1347.98,1407.83,BBB,0.005,0.25,7.08,2021-02-05,2027-04-15,2,90,0
LON01774,BM,May and Sons,PrivateWealth,686.46,534.67,540.66,BBB,0.005,0.25,7.15,2024-02-15,2033-10-27,2,0,0
LON01775,BM,Clark Group,Energy,506.96,407.98,409.73,B,0.05,0.35,6.78,2019-11-23,2027-06-08,1,0,0
LON01776,KY,"Gilbert, Fischer and Cunningham",Technology,595.99,539.4,542.81,B,0.05,0.35,5.95,2021-10-02,2024-04-07,1,0,0
LON01777,KY,Evans Group,RealEstate,592.78,528.19,534.09,AA,0.0005,0.25,7.39,2022-06-21,2029-10-04,1,0,0
LON01778,BM,Davis-Thomas,Hospitality,947.43,778.58,799.54,A,0.001,0.35,4.61,2022-12-29,2024-01-29,2,60,0
LON01779,KY,"Willis, Fisher and Garcia",RealEstate,1338.4,1143.52,1188.93,BBB,0.005,0.25,8.2,2020-10-17,2021-11-27,1,30,0
LON01780,BM,"Campbell, Johnson and Foster",PrivateWealth,3329.46,2699.97,2748.74,BB,0.02,0.25,5.81,2023-02-24,2033-01-21,2,0,0
LON01781,KY,Nguyen-Morales,InvestmentHoldCo,534.23,526.95,543.96,BB,0.02,0.25,7.64,2021-05-24,2028-09-01,1,90,0
LON01782,JE,Wilson LLC,Hospitality,488.72,422.94,437.0,BBB,0.005,0.35,6.06,2024-05-26,2026-03-26,1,30,0
LON01783,BM,Vargas-Clayton,InvestmentHoldCo,645.32,643.05,669.37,B,0.05,0.25,5.12,2021-10-09,2029-12-20,1,0,0
LON01784,JE,Evans Inc,PrivateWealth,454.29,378.34,390.35,A,0.001,0.35,3.61,2023-07-11,2028-03-08,1,0,0
LON01785,KY,"Martinez, Mclaughlin and Estes",Energy,278.82,238.7,246.48,BB,0.02,0.35,6.53,2019-09-02,2027-04-02,1,0,0
LON01786,KY,Spears-Jordan,Shipping,950.87,835.93,836.67,AA,0.0005,0.25,7.14,2020-07-02,2029-02-23,1,0,0
LON01787,KY,"Rice, Johnson and Frey",PrivateWealth,1454.04,1254.29,1263.72,B,0.05,0.45,7.2,2024-05-14,2031-11-10,1,60,0
LON01788,BM,Martinez Ltd,RealEstate,637.11,601.8,620.34,BBB,0.005,0.45,4.76,2021-07-23,2026-08-05,1,30,0
LON01789,BM,"Scott, Davis and Payne",Hospitality,460.39,401.07,410.23,BBB,0.005,0.35,7.21,2023-05-07,2029-09-18,1,60,0
LON01790,BM,"Lewis, Hill and Mccarthy",Retail,606.69,501.01,520.04,BB,0.02,0.25,8.87,2022-03-26,2024-04-30,1,0,0
LON01791,BM,Bennett-Davis,Technology,1264.92,1116.42,1153.82,A,0.001,0.25,5.63,2023-03-16,2029-05-02,2,60,0
LON01792,BM,"Dudley, Schmidt and Mcintyre",RealEstate,737.39,612.69,634.74,B,0.05,0.25,6.91,2020-08-02,2025-04-26,1,0,0
LON01793,KY,"Santiago, Peters and Barnes",Energy,2661.6,2361.76,2456.85,BBB,0.005,0.25,3.56,2022-01-19,2030-09-09,1,0,0
LON01794,KY,Allison-Nguyen,Shipping,668.21,529.92,543.35,A,0.001,0.25,6.63,2023-01-15,2026-09-30,1,30,0
LON01795,BM,"Stuart, Hernandez and Ramirez",RealEstate,666.71,578.19,580.56,BBB,0.005,0.35,5.73,2019-12-15,2021-07-24,3,0,0
LON01796,JE,Chang Ltd,Hospitality,2036.77,2017.79,2068.87,AAA,0.0001,0.25,4.59,2020-07-13,2029-03-27,1,30,0
LON01797,KY,Crawford-Patton,PrivateWealth,485.53,425.95,434.36,AA,0.0005,0.25,8.36,2023-01-25,2027-10-29,1,0,0
LON01798,BM,"Dennis, Rodriguez and Carrillo",Shipping,1451.14,1151.55,1189.95,A,0.001,0.6,4.44,2023-03-19,2026-07-24,1,0,0
LON01799,KY,Adkins Group,Shipping,555.22,486.59,493.33,B,0.05,0.35,3.4,2021-04-15,2030-08-10,1,0,0
LON01800,BM,Williams-Monroe,InvestmentHoldCo,310.76,279.53,284.26,B,0.05,0.6,4.56,2023-03-05,2028-11-17,1,0,0
LON01801,GU,Lee-Rangel,Hospitality,516.43,506.04,506.95,AA,0.0005,0.25,8.21,2019-12-01,2025-05-06,1,30,0
LON01802,KY,Spencer Ltd,Shipping,467.75,459.33,467.57,BB,0.02,0.45,3.39,2023-08-23,2025-05-13,1,0,0
LON01803,KY,Malone LLC,RealEstate,2733.46,2517.85,2601.76,A,0.001,0.25,4.05,2022-12-21,2024-08-05,1,0,0
LON01804,BM,Miller Group,Shipping,1477.32,1144.78,1156.58,BBB,0.005,0.25,8.13,2021-11-13,2028-02-05,1,30,0
LON01805,KY,Smith Inc,Technology,428.34,397.88,413.6,BB,0.02,0.35,4.53,2022-12-07,2025-07-02,1,0,0
LON01806,KY,"Underwood, Pacheco and Burns",Hospitality,1567.36,1539.7,1606.28,BB,0.02,0.25,7.4,2021-02-05,2027-03-13,3,0,0
LON01807,KY,"Carter, Melton and Gilmore",Energy,529.74,513.21,513.3,AAA,0.0001,0.35,7.82,2020-01-07,2029-12-26,1,60,0
LON01808,JE,"Avery, White and Thompson",Retail,1374.26,1209.0,1217.69,BBB,0.005,0.35,3.54,2020-11-13,2027-01-29,1,30,0
LON01809,BM,Shepherd PLC,Energy,1631.75,1255.3,1296.8,BB,0.02,0.45,5.78,2020-04-13,2028-12-05,1,90,0
LON01810,BM,"Roberts, Williams and Archer",Retail,244.55,239.73,244.75,BBB,0.005,0.45,3.46,2023-05-04,2026-09-05,1,0,0
LON01811,BM,Sandoval-Sims,RealEstate,3772.53,2967.48,3094.51,BBB,0.005,0.35,7.13,2022-05-23,2027-09-13,1,0,0
LON01812,KY,Lee and Sons,Shipping,932.26,739.08,756.11,BB,0.02,0.25,7.83,2020-02-25,2024-03-02,1,30,0
LON01813,GU,"Garcia, Hernandez and Vazquez",Energy,344.87,283.51,283.68,BB,0.02,0.45,5.42,2020-11-09,2028-01-16,1,0,0
LON01814,KY,"Bryant, Horne and Webb",Technology,428.22,330.25,331.67,B,0.05,0.6,5.75,2023-01-30,2029-12-18,1,0,0
LON01815,JE,Dawson-Rivera,InvestmentHoldCo,1034.83,947.21,970.34,B,0.05,0.35,4.52,2022-03-02,2023-08-04,2,60,0
LON01816,BM,Allen-Barton,Energy,684.63,565.83,590.96,B,0.05,0.25,8.37,2024-03-14,2030-05-22,2,90,0
LON01817,GU,"Morrison, Williams and Duncan",Technology,761.61,599.74,604.28,BBB,0.005,0.35,7.6,2022-07-05,2031-07-06,1,90,0
LON01818,BM,"Jenkins, Jackson and Silva",Shipping,937.05,731.96,742.24,BB,0.02,0.25,3.68,2022-08-22,2025-08-15,1,0,0
LON01819,BM,Adams-Mann,InvestmentHoldCo,832.25,766.96,779.95,AA,0.0005,0.45,5.31,2022-12-26,2032-02-09,1,0,0
LON01820,KY,Castillo-Morris,Retail,292.66,273.5,276.91,AAA,0.0001,0.35,8.5,2020-01-08,2021-04-09,1,0,0
LON01821,BM,Ramirez-Brown,Technology,1169.61,932.46,965.24,BBB,0.005,0.45,3.59,2021-03-19,2023-11-30,1,0,0
LON01822,KY,Jackson Ltd,Hospitality,704.74,697.79,714.73,BB,0.02,0.25,6.45,2020-02-16,2021-12-13,3,0,0
LON01823,KY,Jones Inc,PrivateWealth,2557.27,2107.01,2207.76,B,0.05,0.25,4.4,2020-10-17,2022-06-14,1,90,0
LON01824,BM,"Mueller, Rodriguez and Anderson",InvestmentHoldCo,1298.79,1008.68,1017.31,B,0.05,0.25,7.31,2022-05-06,2031-02-02,1,0,0
LON01825,KY,Carter and Sons,Energy,446.25,395.9,403.73,AAA,0.0001,0.25,3.16,2022-02-25,2031-10-10,1,0,0
LON01826,BM,"Cooper, Herrera and Walters",Hospitality,1616.97,1497.33,1551.68,BBB,0.005,0.35,7.72,2023-04-26,2028-08-20,1,0,0
LON01827,BM,Fisher-Hess,Shipping,881.61,849.58,857.22,A,0.001,0.35,5.53,2024-02-16,2034-01-24,2,0,0
LON01828,JE,George LLC,Retail,2485.59,2298.53,2393.99,AA,0.0005,0.45,6.34,2019-12-12,2026-03-29,2,0,0
LON01829,KY,Carr Inc,Retail,1302.81,1245.74,1279.53,BBB,0.005,0.35,7.63,2019-12-07,2021-12-08,1,60,0
LON01830,KY,Lopez-Warren,InvestmentHoldCo,375.43,290.74,293.33,BB,0.02,0.45,3.49,2021-07-31,2023-07-12,1,0,0
LON01831,BM,Reynolds LLC,Energy,338.55,268.49,275.1,BBB,0.005,0.25,3.45,2021-08-23,2031-02-19,1,30,0
LON01832,GU,Reyes-Oliver,InvestmentHoldCo,377.9,312.02,319.46,A,0.001,0.6,5.08,2023-11-25,2033-06-14,1,0,0
LON01833,JE,"Hall, Robinson and Carter",Retail,829.9,638.77,667.98,B,0.05,0.25,6.06,2023-08-22,2029-03-22,1,0,0
LON01834,BM,"Sanchez, Leon and Smith",Technology,524.23,439.33,457.97,BBB,0.005,0.25,3.41,2024-01-16,2034-01-03,2,60,0
LON01835,BM,Miller Group,Energy,712.97,682.63,694.0,AA,0.0005,0.25,7.16,2019-07-06,2024-10-03,1,0,0
LON01836,JE,"Cooley, Christensen and Black",Hospitality,1692.03,1363.42,1411.36,BBB,0.005,0.6,3.84,2022-08-17,2032-02-20,1,0,0
LON01837,KY,Koch Inc,Energy,650.06,616.27,616.96,B,0.05,0.35,7.06,2022-04-11,2023-05-29,1,0,0
LON01838,BM,"Elliott, Mcguire and Hamilton",Retail,351.05,329.65,341.47,A,0.001,0.35,7.26,2023-07-29,2031-01-23,1,90,0
LON01839,KY,"Frye, Esparza and Morris",Shipping,1385.88,1337.21,1361.53,AA,0.0005,0.25,4.47,2020-01-13,2023-04-05,1,0,0
LON01840,GU,Williams Ltd,Shipping,815.03,668.56,687.42,B,0.05,0.6,8.75,2020-01-18,2023-03-02,3,0,0
LON01841,JE,Rodriguez and Sons,Retail,914.93,863.55,898.48,BBB,0.005,0.25,3.28,2022-11-12,2030-01-15,1,90,0
LON01842,BM,Crawford-Patterson,PrivateWealth,514.06,436.69,455.47,BB,0.02,0.45,8.9,2024-01-03,2025-06-26,1,0,0
LON01843,KY,"Lucas, Stanley and Watkins",InvestmentHoldCo,1439.33,1218.27,1256.45,B,0.05,0.25,6.35,2024-04-11,2028-02-12,1,0,0
LON01844,KY,Franco-Moore,Hospitality,149.08,144.3,151.03,BB,0.02,0.35,5.04,2022-12-31,2030-08-27,1,0,0
LON01845,BM,Austin LLC,Hospitality,152.51,129.88,136.23,AA,0.0005,0.35,8.19,2019-09-20,2025-06-03,1,0,0
LON01846,BM,Shannon-Franklin,Shipping,432.45,364.54,375.26,BB,0.02,0.25,7.64,2019-09-20,2021-06-15,1,90,0
LON01847,BM,"Jackson, Hensley and Ortiz",Energy,524.83,467.35,481.16,BBB,0.005,0.6,6.27,2022-10-12,2028-05-04,1,0,0
LON01848,BM,Mccormick-Ballard,InvestmentHoldCo,494.69,457.55,479.56,BB,0.02,0.45,6.62,2020-10-05,2024-12-20,1,60,0
LON01849,GU,"Bartlett, Oconnor and Frank",Shipping,340.25,313.3,321.74,A,0.001,0.25,4.72,2021-03-15,2026-05-27,1,0,0
LON01850,GU,Roberts-Ali,Retail,429.21,392.64,400.0,AA,0.0005,0.45,4.88,2022-11-30,2025-11-16,1,60,0
LON01851,KY,"Long, Smith and Davis",PrivateWealth,1701.71,1364.47,1393.33,BBB,0.005,0.35,6.02,2020-11-19,2030-04-17,2,0,0
LON01852,BM,Davenport Ltd,InvestmentHoldCo,1977.86,1845.72,1890.02,B,0.05,0.45,8.13,2022-06-16,2025-01-24,1,0,0
LON01853,BM,Medina and Sons,Technology,350.17,348.82,355.68,AAA,0.0001,0.6,4.06,2023-01-31,2027-01-08,1,0,0
LON01854,BM,"Carter, Fisher and Miller",Retail,396.15,325.33,330.36,BB,0.02,0.6,4.45,2021-12-23,2027-10-17,1,60,0
LON01855,KY,Stanton Group,Shipping,900.27,709.16,733.93,BBB,0.005,0.25,4.44,2020-04-13,2022-01-06,1,90,0
LON01856,KY,Lawson-Martinez,Retail,206.73,162.2,163.3,A,0.001,0.25,6.55,2023-12-23,2031-05-24,1,0,0
LON01857,JE,Lawrence-Armstrong,Shipping,340.88,303.72,314.48,A,0.001,0.35,5.96,2022-12-09,2032-03-27,1,90,0
LON01858,GU,Martin Ltd,Retail,737.3,668.86,688.73,AAA,0.0001,0.25,5.32,2022-07-29,2027-09-05,1,0,0
LON01859,BM,Price and Sons,Shipping,867.78,839.45,848.85,BBB,0.005,0.45,4.16,2021-09-08,2024-03-01,1,60,0
LON01860,KY,"Moore, Cobb and Banks",InvestmentHoldCo,1495.26,1242.14,1263.3,B,0.05,0.45,6.83,2022-12-18,2026-12-19,1,60,0
LON01861,KY,Lowe Inc,PrivateWealth,276.7,249.28,252.18,BB,0.02,0.35,6.24,2020-06-19,2030-03-27,1,90,0
LON01862,BM,Wilson-Huynh,Hospitality,1186.38,1103.67,1120.73,BBB,0.005,0.25,6.31,2024-05-25,2034-04-16,1,0,0
LON01863,KY,"Perry, Kelley and Mcmahon",Retail,1938.23,1836.25,1918.29,B,0.05,0.6,3.47,2021-01-31,2026-08-01,1,0,0
LON01864,GU,Avery-Myers,InvestmentHoldCo,727.4,669.89,674.02,BBB,0.005,0.25,5.02,2020-11-03,2028-03-05,1,30,0
LON01865,BM,Estrada Group,InvestmentHoldCo,485.9,450.42,461.16,A,0.001,0.25,5.91,2021-07-10,2026-09-27,2,0,0
LON01866,JE,"Krause, Marks and Spencer",PrivateWealth,192.1,182.01,189.35,A,0.001,0.25,6.71,2024-03-25,2027-09-03,1,30,0
LON01867,JE,Brady LLC,PrivateWealth,550.71,440.95,443.98,B,0.05,0.25,4.83,2019-08-18,2027-12-12,1,60,0
LON01868,KY,Ortiz LLC,PrivateWealth,2217.29,1772.72,1827.17,AA,0.0005,0.6,5.89,2023-04-20,2031-09-20,1,90,0
LON01869,KY,Smith-Wilson,Shipping,1706.42,1386.55,1430.06,A,0.001,0.6,3.63,2021-05-09,2030-12-15,1,0,0
LON01870,KY,Mcclure-Wade,Technology,923.99,844.99,846.74,AAA,0.0001,0.35,7.11,2022-08-27,2026-04-13,1,0,0
LON01871,KY,"Boyd, Murphy and Nelson",PrivateWealth,419.6,328.85,338.41,B,0.05,0.45,6.76,2023-07-20,2031-12-09,1,0,0
LON01872,GU,Barker and Sons,PrivateWealth,1138.62,950.5,963.24,A,0.001,0.25,7.39,2023-12-14,2029-12-10,1,30,0
LON01873,JE,Gates LLC,Hospitality,968.7,751.85,787.6,BB,0.02,0.35,5.88,2024-01-26,2032-02-06,2,0,0
LON01874,GU,Bates Inc,PrivateWealth,1283.86,1095.58,1149.19,B,0.05,0.25,5.54,2020-03-06,2026-08-02,2,0,0
LON01875,GU,Jones-Young,Technology,784.0,779.62,815.76,BB,0.02,0.25,5.64,2021-09-10,2026-09-03,1,0,0
LON01876,BM,Hughes LLC,Hospitality,298.47,247.23,254.31,BB,0.02,0.25,4.49,2024-01-12,2026-11-16,1,0,0
LON01877,KY,Gonzalez-Rosario,Hospitality,1202.88,1196.97,1249.46,BB,0.02,0.35,6.75,2023-02-04,2024-09-21,3,0,0
LON01878,KY,"Guerrero, Shepherd and Williams",InvestmentHoldCo,541.81,529.27,538.69,AA,0.0005,0.25,5.19,2019-12-05,2025-12-10,1,90,0
LON01879,BM,Vance-Ashley,Energy,978.44,843.38,846.84,BBB,0.005,0.25,8.63,2019-09-18,2022-10-14,1,30,0
LON01880,BM,"Terrell, Grant and Weiss",Technology,160.82,141.49,144.62,BB,0.02,0.35,4.14,2023-07-23,2025-02-28,1,60,0
LON01881,BM,Smith-Cummings,Technology,1781.14,1525.89,1564.03,BB,0.02,0.6,7.2,2020-04-27,2021-06-16,1,0,0
LON01882,JE,"Cole, Henson and Adams",RealEstate,714.71,653.87,683.79,BBB,0.005,0.35,3.66,2023-05-20,2032-03-07,1,0,0
LON01883,JE,Beck Ltd,Retail,218.24,211.37,213.74,BBB,0.005,0.25,7.96,2020-10-08,2029-05-16,1,90,0
LON01884,BM,Castillo-Hill,Hospitality,1707.44,1633.26,1677.04,AAA,0.0001,0.25,7.94,2021-11-24,2024-02-05,1,30,0
LON01885,KY,Stone-Johnson,Retail,665.89,530.38,537.89,BB,0.02,0.35,3.62,2021-11-04,2031-02-16,1,90,0
LON01886,BM,"Willis, Martin and Gibson",Energy,1136.16,1058.99,1110.73,AAA,0.0001,0.45,8.47,2022-09-20,2032-04-18,1,90,0
LON01887,JE,"Combs, Ochoa and Mason",Shipping,659.59,544.06,558.93,AA,0.0005,0.6,5.62,2020-10-08,2027-04-15,1,90,0
LON01888,GU,Mcguire Group,Hospitality,565.65,560.62,583.27,BBB,0.005,0.25,5.47,2022-08-04,2031-06-21,3,0,0
LON01889,BM,Macias PLC,RealEstate,272.36,224.57,228.52,AA,0.0005,0.25,4.71,2022-10-25,2027-03-15,3,0,0
LON01890,JE,"Smith, Ramos and Huffman",Hospitality,1183.53,915.28,935.8,A,0.001,0.25,7.85,2023-09-23,2027-11-24,1,0,0
LON01891,GU,"Rodriguez, Carter and Wallace",Shipping,338.89,284.44,297.55,B,0.05,0.45,5.98,2022-09-18,2032-06-20,1,30,0
LON01892,BM,Young-Khan,Hospitality,446.11,433.98,435.4,BB,0.02,0.25,6.43,2022-12-12,2027-05-25,1,30,0
LON01893,BM,"Brown, Davis and Brooks",PrivateWealth,867.61,754.72,788.54,B,0.05,0.6,3.62,2021-06-08,2029-06-03,1,0,0
LON01894,KY,Klein Group,Retail,778.03,629.04,649.43,BB,0.02,0.25,8.74,2019-07-29,2024-08-26,1,0,0
LON01895,BM,Patterson LLC,Technology,1379.02,1069.32,1079.2,AA,0.0005,0.25,7.98,2021-03-14,2030-04-19,1,90,0
LON01896,BM,Washington-Sanford,InvestmentHoldCo,346.2,325.49,337.87,BBB,0.005,0.35,6.95,2023-01-06,2028-06-24,1,0,0
LON01897,GU,"Hart, Johnson and Nelson",RealEstate,1701.34,1454.19,1498.27,A,0.001,0.6,6.98,2020-07-26,2024-11-09,1,60,0
LON01898,GU,Buchanan-Salazar,InvestmentHoldCo,684.24,560.51,583.98,BB,0.02,0.25,7.73,2019-11-21,2029-08-11,3,0,0
LON01899,GU,Stanley Group,InvestmentHoldCo,809.08,808.38,836.69,BB,0.02,0.6,8.71,2021-04-06,2022-07-18,1,0,0
LON01900,BM,"Turner, Moody and Jones",PrivateWealth,866.12,789.3,798.38,AA,0.0005,0.25,3.9,2020-10-04,2026-12-20,1,0,0
LON01901,BM,Nelson Ltd,InvestmentHoldCo,458.4,440.52,448.21,B,0.05,0.35,7.34,2021-04-03,2023-08-18,1,0,0
LON01902,KY,Schneider-Orozco,Hospitality,1321.95,1143.64,1167.43,BB,0.02,0.25,8.21,2021-02-07,2022-10-12,1,0,0
LON01903,BM,Gilbert and Sons,Hospitality,483.58,416.57,420.94,BB,0.02,0.45,7.89,2021-04-07,2024-06-02,2,0,0
LON01904,KY,Jones-Flores,Hospitality,480.55,449.7,452.51,AA,0.0005,0.25,4.85,2023-02-05,2029-05-20,1,0,0
LON01905,KY,Clark and Sons,InvestmentHoldCo,478.03,380.0,384.91,B,0.05,0.25,5.35,2023-11-13,2030-05-28,1,90,0
LON01906,BM,"Mcintyre, Phillips and Johnson",Shipping,842.61,790.17,819.8,BB,0.02,0.35,8.55,2022-08-01,2027-12-21,1,60,0
LON01907,JE,"Bonilla, Reyes and Haynes",Energy,539.21,480.87,485.22,BB,0.02,0.6,7.26,2022-09-04,2026-02-02,1,60,0
LON01908,KY,"Welch, Howe and Mills",InvestmentHoldCo,1404.0,1403.93,1426.8,A,0.001,0.45,5.03,2019-09-09,2024-12-25,1,0,0
LON01909,BM,"Martinez, Glass and Williams",Technology,4302.14,3369.79,3416.57,B,0.05,0.6,4.24,2020-10-13,2024-09-03,2,0,0
LON01910,BM,Hill Group,RealEstate,585.42,492.43,510.71,AAA,0.0001,0.25,7.87,2021-11-24,2023-06-13,1,30,0
LON01911,BM,"Graham, Hensley and Castillo",PrivateWealth,728.35,585.31,604.76,A,0.001,0.35,5.59,2019-07-23,2026-08-27,1,0,0
LON01912,KY,Cunningham LLC,Technology,389.94,347.0,356.69,BB,0.02,0.35,3.1,2020-03-22,2026-10-19,1,60,0
LON01913,BM,Walters-Chapman,Technology,395.88,390.35,402.31,A,0.001,0.25,7.47,2019-08-27,2022-01-31,2,0,0
LON01914,BM,Cain LLC,InvestmentHoldCo,658.12,514.09,535.95,A,0.001,0.25,8.06,2023-10-01,2032-01-14,1,0,0
LON01915,KY,"Miller, Webster and Hughes",Shipping,313.61,252.4,264.38,A,0.001,0.6,5.2,2021-08-22,2025-06-27,1,60,0
LON01916,BM,"Wilson, Stuart and Phillips",PrivateWealth,1456.68,1152.7,1190.02,BBB,0.005,0.25,5.43,2023-12-11,2028-11-22,1,0,0
LON01917,BM,"Bennett, Boyer and Brooks",PrivateWealth,311.52,280.55,290.4,AA,0.0005,0.6,5.26,2023-11-24,2025-09-01,1,0,0
LON01918,GU,"Smith, Robertson and Davila",Shipping,610.46,507.69,520.54,BB,0.02,0.45,6.59,2021-05-19,2031-01-30,1,30,0
LON01919,GU,Colon Inc,Energy,885.8,776.36,811.73,AAA,0.0001,0.6,7.8,2022-08-30,2028-09-07,1,0,0
LON01920,BM,Berry-Mcclain,Energy,353.56,342.72,354.79,BBB,0.005,0.25,5.16,2020-05-22,2025-05-30,1,90,0
LON01921,KY,"Brown, Coleman and Clark",Retail,1482.65,1329.96,1373.48,A,0.001,0.25,5.35,2022-03-30,2030-08-31,1,0,0
LON01922,BM,"Houston, Camacho and Sweeney",Retail,2532.0,1973.91,2039.52,BBB,0.005,0.6,8.69,2022-09-04,2028-06-28,1,90,0
LON01923,KY,Esparza-Hill,RealEstate,994.72,777.71,808.08,A,0.001,0.25,8.99,2023-03-22,2029-01-20,1,0,0
LON01924,GU,Ramirez-Molina,InvestmentHoldCo,839.05,656.02,662.97,BBB,0.005,0.25,5.65,2022-03-12,2029-05-13,1,30,0
LON01925,JE,Calhoun Ltd,Technology,615.79,566.97,585.09,B,0.05,0.25,5.7,2020-09-05,2028-12-26,1,0,0
LON01926,BM,Allen-Jimenez,RealEstate,744.82,696.03,708.91,BB,0.02,0.25,5.08,2023-12-15,2033-05-16,2,0,0
LON01927,GU,"Pineda, Hill and Bass",InvestmentHoldCo,980.49,827.27,835.31,AA,0.0005,0.25,3.1,2021-03-13,2029-05-02,1,0,0
LON01928,GU,"Humphrey, Smith and Ramirez",InvestmentHoldCo,294.48,244.0,250.61,BBB,0.005,0.25,5.19,2023-02-04,2028-11-18,1,60,0
LON01929,KY,Patrick-Monroe,RealEstate,1871.2,1532.56,1555.78,A,0.001,0.25,6.38,2020-04-01,2023-03-17,2,0,0
LON01930,GU,"Green, Thompson and Mendoza",Hospitality,1025.36,861.69,876.71,BB,0.02,0.25,6.41,2022-03-10,2028-10-15,1,30,0
LON01931,KY,"Fleming, Lee and Scott",Retail,1344.77,1215.07,1238.88,A,0.001,0.35,3.14,2024-06-30,2030-06-09,2,90,0
LON01932,KY,Perry-Rodriguez,RealEstate,420.73,391.74,403.12,BBB,0.005,0.45,6.09,2024-05-06,2032-06-21,1,0,0
LON01933,BM,Moore and Sons,Shipping,1236.01,1211.77,1240.66,A,0.001,0.25,6.77,2020-05-12,2028-11-20,1,0,0
LON01934,KY,Garcia Inc,InvestmentHoldCo,861.04,678.31,703.52,A,0.001,0.25,7.61,2024-02-26,2026-10-12,1,0,0
LON01935,BM,Martinez PLC,PrivateWealth,938.87,804.62,843.12,AA,0.0005,0.6,5.7,2023-05-09,2025-06-30,1,0,0
LON01936,KY,Miles-Barnes,RealEstate,2164.08,2008.0,2066.82,A,0.001,0.25,5.38,2023-08-10,2031-09-19,1,0,0
LON01937,BM,Miller-Jones,Shipping,1695.24,1371.66,1394.62,BBB,0.005,0.45,8.29,2022-02-21,2024-02-13,1,0,0
LON01938,GU,Peterson-Leonard,PrivateWealth,106.98,100.1,100.39,BBB,0.005,0.35,4.33,2020-07-29,2028-12-07,1,60,0
LON01939,JE,Benjamin PLC,Retail,669.36,629.12,643.78,BBB,0.005,0.45,6.92,2021-03-07,2027-10-10,2,0,0
LON01940,KY,"Patterson, Hanson and Ruiz",Technology,299.05,269.92,273.27,BB,0.02,0.35,7.02,2020-10-17,2023-11-07,1,30,0
LON01941,BM,Williams-Tate,InvestmentHoldCo,490.59,449.37,461.35,BB,0.02,0.35,7.31,2022-09-23,2023-10-04,2,90,0
LON01942,BM,George and Sons,Technology,912.87,781.86,795.95,BB,0.02,0.25,8.16,2022-03-22,2031-12-16,2,90,0
LON01943,JE,Leach Ltd,InvestmentHoldCo,197.95,157.09,161.52,BBB,0.005,0.45,3.04,2023-10-15,2029-04-06,1,30,0
LON01944,BM,"Estrada, Richards and Sullivan",Shipping,602.82,554.2,579.12,B,0.05,0.25,8.82,2021-10-23,2031-09-19,1,0,0
LON01945,BM,"Burton, Price and Nguyen",RealEstate,1552.94,1360.72,1400.59,BBB,0.005,0.25,4.6,2023-10-16,2028-02-22,1,30,0
LON01946,KY,"Johnson, Bruce and Turner",Retail,838.22,828.78,867.98,BBB,0.005,0.25,3.29,2021-06-23,2029-10-06,1,0,0
LON01947,GU,"Flynn, Nguyen and Chapman",RealEstate,882.6,786.98,791.42,A,0.001,0.25,3.88,2023-09-26,2027-07-31,1,90,0
LON01948,BM,"Farmer, Miller and Kerr",Hospitality,399.19,357.64,358.71,BB,0.02,0.25,3.13,2020-01-26,2025-05-04,1,30,0
LON01949,KY,Williams Group,Retail,5059.61,4141.83,4341.13,BBB,0.005,0.35,3.52,2020-12-10,2025-07-15,1,60,0
LON01950,BM,Davis-Poole,RealEstate,5236.14,4491.66,4673.91,A,0.001,0.45,3.07,2024-04-30,2031-03-25,1,90,0
LON01951,KY,"Griffin, Hamilton and Jones",Hospitality,697.05,624.38,642.62,BB,0.02,0.25,5.42,2019-12-16,2026-10-23,1,90,0
LON01952,BM,Atkinson-Hubbard,InvestmentHoldCo,946.18,918.7,933.56,BB,0.02,0.35,6.68,2024-01-16,2027-12-21,1,90,0
LON01953,KY,Stanton-Jennings,RealEstate,1590.8,1399.2,1402.08,AA,0.0005,0.45,7.58,2021-06-23,2030-10-30,1,60,0
LON01954,JE,Walters-Barnes,Retail,678.06,617.87,628.38,B,0.05,0.25,3.27,2023-08-29,2026-09-17,1,0,0
LON01955,KY,Davis PLC,PrivateWealth,432.23,391.08,400.95,BB,0.02,0.35,5.9,2022-11-15,2026-10-30,1,30,0
LON01956,KY,"Scott, George and Boyd",PrivateWealth,189.56,174.23,179.99,BB,0.02,0.35,4.62,2021-04-07,2027-09-04,1,90,0
LON01957,BM,"Alexander, Martinez and Wyatt",RealEstate,402.48,358.33,376.13,AA,0.0005,0.25,8.32,2020-03-20,2021-12-30,1,0,0
LON01958,BM,Smith-Barnes,RealEstate,677.6,587.09,598.94,AAA,0.0001,0.35,3.14,2024-05-08,2031-07-07,1,0,0
LON01959,BM,Wade LLC,Retail,579.01,518.84,539.62,B,0.05,0.25,5.35,2020-12-05,2025-10-21,1,0,0
LON01960,BM,"Wright, Johnson and Spence",Energy,877.46,716.96,729.42,BBB,0.005,0.35,8.29,2021-05-04,2026-07-11,1,0,0
LON01961,KY,"Garcia, Contreras and Bailey",Retail,241.15,237.43,240.8,BBB,0.005,0.6,7.03,2022-06-05,2024-01-20,1,0,0
LON01962,KY,"Clayton, Bailey and Taylor",RealEstate,424.61,356.42,360.72,BB,0.02,0.25,5.38,2024-04-06,2028-12-26,1,0,0
LON01963,GU,"Copeland, Holland and Roman",Technology,639.75,566.72,590.02,BBB,0.005,0.25,3.14,2021-02-13,2023-05-05,1,90,0
LON01964,KY,Clark LLC,Shipping,1028.25,821.34,843.37,B,0.05,0.45,5.04,2020-02-18,2025-08-09,1,0,0
LON01965,GU,Barry-Mann,PrivateWealth,915.06,907.89,931.53,A,0.001,0.25,8.11,2023-10-24,2030-09-17,1,0,0
LON01966,BM,Lynch-Gonzalez,PrivateWealth,2432.8,2427.57,2431.35,B,0.05,0.6,8.3,2020-05-10,2030-03-22,2,60,0
LON01967,GU,Hamilton Ltd,InvestmentHoldCo,2345.84,2040.38,2095.0,A,0.001,0.6,6.58,2021-09-14,2030-09-26,1,0,0
LON01968,BM,"Tyler, Johnson and Ferrell",PrivateWealth,1223.77,1035.77,1077.78,BB,0.02,0.25,6.09,2020-11-12,2023-09-20,1,60,0
LON01969,KY,Stephenson Ltd,Shipping,799.71,645.07,673.88,AA,0.0005,0.45,3.17,2021-01-10,2022-02-07,1,60,0
LON01970,BM,"Lopez, Singh and Garcia",RealEstate,557.04,479.26,490.87,BB,0.02,0.45,5.7,2022-03-19,2031-12-12,1,0,0
LON01971,KY,Blair-Smith,Energy,817.27,704.61,722.6,BB,0.02,0.25,3.01,2020-06-12,2027-12-27,1,0,0
LON01972,GU,"Jackson, Welch and Underwood",Energy,2712.93,2271.58,2338.94,B,0.05,0.25,6.06,2021-11-27,2028-10-10,1,60,0
LON01973,BM,Stark-Trujillo,PrivateWealth,1116.29,960.52,988.46,BBB,0.005,0.25,8.52,2020-04-16,2028-08-29,2,0,0
LON01974,KY,Whitehead-Kerr,Retail,199.79,198.33,204.26,A,0.001,0.45,7.2,2020-06-15,2027-05-08,1,0,0
LON01975,BM,Williams-Ramirez,Hospitality,720.01,648.93,653.52,A,0.001,0.6,4.54,2020-05-29,2029-12-16,1,0,0
LON01976,KY,Perry PLC,RealEstate,1197.39,1057.27,1109.63,BBB,0.005,0.25,8.31,2022-11-13,2032-04-22,1,60,0
LON01977,KY,Gill-Barajas,Shipping,353.64,291.77,295.6,AA,0.0005,0.25,4.01,2020-08-02,2021-08-21,1,0,0
LON01978,KY,Perry Inc,RealEstate,204.2,171.01,171.47,A,0.001,0.6,6.45,2021-11-20,2027-04-14,1,0,0
LON01979,JE,Mendez-Mercado,PrivateWealth,1812.56,1480.23,1532.72,AAA,0.0001,0.45,5.34,2024-03-05,2033-01-27,1,0,0
LON01980,BM,Buckley Group,PrivateWealth,1584.12,1248.18,1288.76,A,0.001,0.45,4.42,2022-07-04,2030-11-20,1,60,0
LON01981,BM,"Mccarthy, Daniels and Huerta",Hospitality,778.26,679.31,682.68,AA,0.0005,0.45,7.32,2019-12-22,2028-04-13,1,60,0
LON01982,GU,"Murphy, Brown and Pena",Hospitality,772.5,676.47,698.71,BBB,0.005,0.35,8.85,2020-06-14,2025-03-11,1,30,0
LON01983,KY,"Bradshaw, Munoz and Turner",InvestmentHoldCo,2615.31,2206.0,2263.65,B,0.05,0.25,5.77,2023-12-26,2025-09-28,1,0,0
LON01984,BM,"Rios, Porter and Lucas",Energy,719.9,612.07,634.95,BBB,0.005,0.25,3.06,2023-03-26,2029-05-26,2,60,0
LON01985,KY,Phillips PLC,Technology,500.49,423.47,431.38,AA,0.0005,0.25,6.09,2020-04-16,2027-11-09,1,0,0
LON01986,GU,Ellis-Robles,RealEstate,587.55,545.06,567.98,B,0.05,0.25,8.0,2021-09-09,2023-12-26,1,0,0
LON01987,BM,"Lewis, Murphy and Ramirez",Hospitality,729.82,626.61,652.78,A,0.001,0.25,8.98,2019-12-14,2022-06-13,1,0,0
LON01988,KY,"Stanley, Cain and Schmidt",RealEstate,888.55,713.09,732.49,AA,0.0005,0.25,5.92,2021-02-23,2029-12-05,1,0,0
LON01989,BM,Cole Inc,PrivateWealth,420.4,405.13,423.97,A,0.001,0.35,6.53,2021-09-16,2028-04-29,1,30,0
LON01990,JE,Waters-Gray,InvestmentHoldCo,604.03,519.49,520.64,AA,0.0005,0.45,5.46,2022-03-03,2027-03-29,1,30,0
LON01991,BM,Klein and Sons,Hospitality,350.0,286.43,299.0,BB,0.02,0.25,8.19,2024-03-04,2025-11-12,1,90,0
LON01992,BM,Bruce-Allen,PrivateWealth,142.48,132.98,137.85,BBB,0.005,0.45,6.43,2022-11-21,2027-08-03,1,0,0
LON01993,KY,Johnson Inc,Energy,299.4,286.82,287.52,BBB,0.005,0.25,6.9,2024-05-07,2031-05-20,1,90,0
LON01994,KY,Turner Group,Shipping,1078.72,932.76,968.37,BB,0.02,0.6,4.3,2021-02-04,2024-06-13,1,0,0
LON01995,BM,"Chase, Foster and Lara",RealEstate,707.56,570.13,579.41,A,0.001,0.25,8.9,2024-01-25,2032-01-07,1,90,0
LON01996,BM,"Taylor, Ortega and Olsen",RealEstate,917.65,762.26,786.27,BB,0.02,0.25,4.48,2021-06-29,2026-05-23,1,60,0
LON01997,KY,Meadows-Hayes,Energy,407.74,337.08,341.84,AAA,0.0001,0.45,3.08,2023-03-02,2025-04-03,1,90,0
LON01998,BM,Duncan PLC,Shipping,455.96,376.79,393.79,BB,0.02,0.35,8.98,2023-12-17,2026-02-28,1,90,0
LON01999,GU,Juarez Inc,RealEstate,278.04,274.63,279.04,AAA,0.0001,0.25,4.12,2023-06-01,2025-11-30,1,0,0
LON02000,BM,"Chambers, Robinson and Contreras",RealEstate,180.11,140.17,143.67,BBB,0.005,0.25,4.16,2021-02-02,2024-01-10,1,60,0
LON02001,BM,Arnold LLC,Shipping,502.68,487.54,499.43,BBB,0.005,0.25,5.62,2020-04-26,2026-04-18,1,0,0
LON02002,KY,"Schmidt, Casey and Hess",Shipping,1377.84,1336.31,1338.02,B,0.05,0.25,5.17,2019-11-30,2023-03-29,1,0,0
LON02003,KY,Byrd Inc,Shipping,231.07,229.93,232.35,BBB,0.005,0.45,4.45,2022-02-12,2031-04-22,1,30,0
LON02004,BM,Waters-Mcgee,PrivateWealth,627.21,518.68,530.2,BB,0.02,0.25,4.29,2024-04-09,2028-09-06,2,0,0
LON02005,BM,Haley PLC,PrivateWealth,1478.64,1175.26,1208.39,BB,0.02,0.6,8.13,2020-02-15,2021-07-27,1,90,0
LON02006,BM,"Hester, Martin and Johnson",RealEstate,3153.51,2751.73,2781.32,BB,0.02,0.35,7.05,2021-07-14,2024-11-25,1,60,0
LON02007,BM,West Inc,Retail,539.31,423.81,440.31,BBB,0.005,0.45,7.28,2024-03-13,2030-06-29,1,60,0
LON02008,BM,"Davis, Arias and Vazquez",Hospitality,987.58,759.79,795.62,AAA,0.0001,0.45,7.3,2021-08-26,2029-07-30,1,0,0
LON02009,JE,Frazier PLC,PrivateWealth,867.7,799.3,801.07,BBB,0.005,0.6,5.64,2020-06-28,2029-08-04,1,0,0
LON02010,KY,Smith-Shields,Energy,589.36,506.24,518.68,BBB,0.005,0.35,6.81,2021-04-14,2027-03-23,1,30,0
LON02011,BM,Andersen Group,Technology,1181.53,981.84,1006.36,BB,0.02,0.6,7.93,2020-10-24,2025-12-20,1,30,0
LON02012,KY,Molina LLC,InvestmentHoldCo,577.71,567.93,584.32,A,0.001,0.35,7.29,2022-06-12,2025-09-05,1,30,0
LON02013,GU,Miller-Walker,InvestmentHoldCo,473.76,445.79,467.03,AA,0.0005,0.25,6.62,2021-09-10,2029-02-25,2,0,0
LON02014,GU,Hester Group,PrivateWealth,398.94,312.2,319.92,AA,0.0005,0.45,3.88,2019-12-22,2022-06-08,1,90,0
LON02015,JE,"Wallace, Smith and Johnston",RealEstate,373.01,355.91,356.56,B,0.05,0.35,7.91,2021-05-11,2024-10-01,1,60,0
LON02016,BM,Dunn Ltd,Hospitality,309.78,285.78,288.78,AAA,0.0001,0.35,8.13,2023-08-18,2033-05-15,1,0,0
LON02017,BM,Hall Group,InvestmentHoldCo,410.12,322.59,334.64,B,0.05,0.25,5.5,2022-01-07,2028-01-31,1,60,0
LON02018,KY,Parker-Garcia,Retail,1152.69,1107.95,1154.07,A,0.001,0.35,7.71,2022-09-02,2032-04-30,1,30,0
LON02019,BM,Houston-Watson,PrivateWealth,428.63,369.93,375.69,AA,0.0005,0.6,4.04,2020-04-02,2025-05-26,1,0,0
LON02020,JE,Garcia Ltd,Energy,691.53,559.1,582.67,B,0.05,0.6,4.33,2023-11-02,2029-05-15,1,30,0
LON02021,KY,"Chan, Williams and Johnson",Retail,199.85,165.23,166.37,BB,0.02,0.45,8.91,2022-03-22,2025-01-08,1,0,0
LON02022,KY,Jackson-Gutierrez,Energy,252.26,225.33,225.74,BBB,0.005,0.25,4.26,2020-02-08,2025-08-20,1,60,0
LON02023,KY,Huynh Group,Energy,1408.18,1132.09,1179.8,AA,0.0005,0.45,8.22,2024-05-31,2026-06-13,1,90,0
LON02024,GU,Fields-Nelson,Retail,427.43,401.28,416.42,BB,0.02,0.25,3.49,2023-06-07,2030-09-18,1,90,0
LON02025,BM,Dickerson PLC,Shipping,362.59,280.75,290.56,AA,0.0005,0.45,7.68,2020-02-21,2024-01-14,1,90,0
LON02026,KY,Fitzgerald LLC,RealEstate,770.9,742.05,742.6,BB,0.02,0.45,8.49,2022-12-22,2024-05-05,2,90,0
LON02027,BM,"Marsh, Contreras and Fuller",Energy,550.58,453.39,474.33,B,0.05,0.35,4.34,2023-03-30,2030-02-26,1,0,0
LON02028,JE,Sampson PLC,Energy,1491.94,1173.96,1213.04,AA,0.0005,0.25,7.68,2019-10-28,2023-05-31,1,0,0
LON02029,BM,Palmer-Sweeney,RealEstate,732.33,602.08,605.37,AA,0.0005,0.25,7.67,2021-01-24,2022-12-07,1,0,0
LON02030,BM,Roberts-Lewis,PrivateWealth,404.09,348.35,359.33,BBB,0.005,0.25,7.78,2020-11-11,2029-03-05,1,0,0
LON02031,BM,"Sanders, Johnson and Cameron",Shipping,898.65,719.73,721.15,B,0.05,0.25,4.78,2021-12-15,2026-05-09,2,30,0
LON02032,KY,Carey Group,Shipping,550.12,533.68,549.88,A,0.001,0.35,6.6,2022-01-05,2024-11-22,1,0,0
LON02033,JE,Graham LLC,Technology,526.05,483.11,484.14,A,0.001,0.25,7.35,2024-05-27,2032-11-07,1,0,0
LON02034,GU,"Mann, Dunn and Valdez",Energy,1099.08,885.1,898.57,BBB,0.005,0.25,4.04,2021-12-24,2030-02-04,1,0,0
LON02035,BM,Dunn-Graham,Hospitality,432.0,385.78,401.4,BB,0.02,0.35,8.69,2022-07-26,2025-01-23,1,0,0
LON02036,JE,"Weaver, Osborne and Hart",Shipping,611.43,502.17,517.28,BB,0.02,0.45,4.71,2022-05-05,2029-04-08,1,30,0
LON02037,BM,Harrison PLC,PrivateWealth,529.3,419.95,421.82,AA,0.0005,0.45,3.28,2024-05-15,2028-07-22,1,0,0
LON02038,JE,Bender Ltd,Retail,519.07,474.59,491.66,A,0.001,0.35,3.24,2023-12-31,2027-04-06,1,0,0
LON02039,BM,Lopez Ltd,Hospitality,501.35,394.35,399.54,A,0.001,0.6,7.93,2022-04-01,2024-02-10,1,0,0
LON02040,KY,Tapia-Simmons,Hospitality,588.94,513.39,538.46,BB,0.02,0.6,6.72,2023-07-30,2027-10-31,1,0,0
LON02041,BM,Casey-Torres,Retail,285.28,257.81,262.03,BBB,0.005,0.25,5.64,2022-02-17,2027-09-04,1,0,0
LON02042,BM,"Anderson, Maldonado and Craig",InvestmentHoldCo,874.62,749.2,782.82,BBB,0.005,0.6,6.25,2022-05-22,2024-05-28,1,60,0
LON02043,BM,"Smith, Coleman and Smith",Shipping,674.73,548.94,565.26,BBB,0.005,0.25,7.36,2021-03-05,2031-01-04,2,0,0
LON02044,KY,"Nelson, Scott and Lee",Hospitality,521.79,411.12,427.89,AAA,0.0001,0.6,3.49,2022-11-06,2024-03-21,1,0,0
LON02045,KY,Moyer-Craig,Hospitality,1874.16,1588.65,1629.16,B,0.05,0.25,8.02,2023-05-08,2028-01-08,1,30,0
LON02046,KY,Ford-Johnson,Technology,509.66,450.42,460.3,AA,0.0005,0.25,3.87,2021-11-25,2024-10-12,1,0,0
LON02047,BM,"Perez, Johnson and David",Hospitality,862.81,759.9,773.49,B,0.05,0.25,6.71,2019-10-28,2024-09-08,2,90,0
LON02048,KY,Lawson-Padilla,PrivateWealth,717.15,650.15,675.94,BBB,0.005,0.45,6.83,2023-12-04,2032-06-30,1,0,0
LON02049,GU,Riley Group,Technology,318.95,277.11,283.79,A,0.001,0.35,6.59,2020-05-18,2021-08-20,1,0,0
LON02050,KY,Stewart Group,Hospitality,444.29,374.36,374.72,B,0.05,0.25,6.65,2019-11-20,2028-09-19,1,0,0
LON02051,BM,"Wright, Dixon and Shaw",InvestmentHoldCo,447.64,352.93,367.15,BBB,0.005,0.6,8.36,2022-03-17,2027-04-25,1,0,0
LON02052,KY,Wright LLC,Energy,1386.35,1344.14,1345.54,B,0.05,0.25,3.05,2020-02-04,2022-05-15,1,0,0
LON02053,GU,Wolf-Bailey,Technology,399.68,314.03,317.25,BBB,0.005,0.45,6.14,2022-03-29,2027-10-14,1,0,0
LON02054,GU,Johnson Ltd,Retail,2355.82,1978.77,2004.24,BBB,0.005,0.45,3.06,2019-09-04,2029-03-18,1,0,0
LON02055,BM,Torres-Campbell,InvestmentHoldCo,3422.9,3175.05,3212.66,BBB,0.005,0.25,7.22,2019-10-14,2025-11-23,1,0,0
LON02056,KY,Carney-Vargas,Retail,375.7,365.5,370.42,BB,0.02,0.25,3.82,2022-04-17,2030-08-04,1,0,0
LON02057,KY,"Mann, Huffman and Campbell",Energy,2127.21,1774.19,1811.54,BBB,0.005,0.35,9.0,2023-11-29,2031-05-22,1,60,0
LON02058,BM,"King, Gomez and Small",Shipping,1173.37,985.02,998.81,AA,0.0005,0.45,6.41,2023-07-10,2029-08-13,1,0,0
LON02059,KY,Salazar Inc,PrivateWealth,97.68,95.13,97.5,B,0.05,0.45,3.39,2024-04-11,2027-03-13,1,30,0
LON02060,GU,Velasquez-Lynch,Shipping,899.07,796.11,802.72,BBB,0.005,0.25,6.78,2021-06-07,2030-11-24,1,0,0
LON02061,KY,"Sims, Jackson and Hernandez",InvestmentHoldCo,479.52,454.47,469.33,B,0.05,0.45,7.56,2021-02-07,2024-08-20,1,30,0
LON02062,KY,"Pope, Bowman and Banks",PrivateWealth,385.04,342.24,347.83,BBB,0.005,0.45,7.92,2020-06-24,2027-06-10,1,0,0
LON02063,KY,Delgado LLC,Hospitality,978.1,847.27,878.39,B,0.05,0.25,3.18,2020-05-16,2027-07-09,1,0,0
LON02064,KY,"Bradley, Ward and Herrera",RealEstate,2215.23,1766.76,1816.65,A,0.001,0.35,8.47,2021-08-26,2028-11-25,1,0,0
LON02065,JE,Petty-Bullock,Energy,12511.38,12312.3,12581.95,AA,0.0005,0.6,3.72,2023-03-07,2029-10-23,1,0,0
LON02066,BM,Smith Ltd,Technology,472.73,448.48,468.54,A,0.001,0.45,3.17,2020-10-25,2022-08-19,1,90,0
LON02067,KY,Evans-Knight,Technology,1477.54,1173.07,1198.36,AA,0.0005,0.35,4.77,2020-06-18,2023-09-15,1,30,0
LON02068,KY,Olson-Gillespie,Energy,651.29,602.57,618.72,BBB,0.005,0.35,8.81,2019-09-10,2025-09-19,1,60,0
LON02069,BM,"Jones, Robinson and Rogers",InvestmentHoldCo,249.25,207.12,207.86,BB,0.02,0.45,6.97,2023-10-09,2025-04-11,1,60,0
LON02070,KY,Schmidt Group,RealEstate,729.29,588.45,593.51,AAA,0.0001,0.35,3.58,2022-09-18,2025-04-21,1,0,0
LON02071,BM,"Chan, Garcia and Smith",PrivateWealth,3202.51,2725.51,2788.64,BB,0.02,0.45,3.66,2022-06-06,2029-09-09,2,60,0
LON02072,BM,"Mahoney, Ramirez and White",Retail,959.99,748.24,757.98,B,0.05,0.25,3.56,2022-04-23,2025-05-30,1,30,0
LON02073,BM,"Spencer, Adams and Delgado",Shipping,1842.8,1421.11,1472.35,AAA,0.0001,0.45,8.21,2023-07-23,2027-05-24,1,0,0
LON02074,JE,Salas-Diaz,Energy,624.89,568.0,585.42,B,0.05,0.25,3.54,2023-06-23,2030-11-13,1,0,0
LON02075,KY,Bridges Ltd,Shipping,206.23,180.44,188.42,A,0.001,0.25,8.2,2019-12-05,2029-04-19,1,60,0
LON02076,KY,Smith-Mckinney,PrivateWealth,1915.39,1904.87,1992.01,B,0.05,0.45,6.22,2020-05-08,2022-03-21,1,90,0
LON02077,KY,Cross Group,Hospitality,949.35,910.78,937.06,B,0.05,0.6,6.94,2023-05-29,2025-10-07,1,0,0
LON02078,BM,"Goodwin, Jones and Oliver",Retail,1766.85,1612.19,1663.36,A,0.001,0.45,6.8,2022-08-29,2029-11-10,1,0,0
LON02079,BM,"Savage, Berg and Lewis",Shipping,2235.58,2080.35,2177.39,A,0.001,0.6,8.77,2022-04-26,2024-09-13,1,30,0
LON02080,KY,Perry PLC,Retail,648.13,536.17,539.45,A,0.001,0.45,6.45,2022-07-28,2025-03-05,1,90,0
LON02081,KY,Andrade PLC,Retail,699.54,580.11,589.9,B,0.05,0.35,7.7,2021-05-11,2027-10-19,1,60,0
LON02082,JE,Martinez Inc,Retail,157.56,152.8,155.91,BBB,0.005,0.25,7.23,2022-05-01,2028-10-18,1,0,0
LON02083,GU,Taylor-Hernandez,InvestmentHoldCo,590.65,570.56,592.03,BB,0.02,0.45,6.35,2022-11-20,2032-05-26,1,0,0
LON02084,JE,Simmons-Graves,Hospitality,663.91,661.4,666.57,BBB,0.005,0.25,5.17,2020-09-16,2026-04-10,2,0,0
LON02085,BM,Decker-Jones,Retail,1229.86,1105.14,1141.77,B,0.05,0.35,7.54,2023-07-29,2028-02-29,1,0,0
LON02086,BM,Scott and Sons,PrivateWealth,682.64,596.56,615.36,BB,0.02,0.25,5.14,2022-06-16,2026-03-09,1,0,0
LON02087,BM,Scott-Singleton,InvestmentHoldCo,1206.87,1094.49,1111.27,BBB,0.005,0.25,7.57,2022-08-29,2029-02-05,1,0,0
LON02088,KY,Atkinson and Sons,Hospitality,145.89,121.28,126.96,BBB,0.005,0.25,4.34,2022-02-22,2029-11-23,1,0,0
LON02089,JE,"Smith, Andrade and Franklin",PrivateWealth,1479.45,1334.92,1363.54,BBB,0.005,0.25,5.01,2024-05-29,2029-09-03,2,0,0
LON02090,BM,Murphy PLC,Hospitality,218.98,180.94,186.26,BB,0.02,0.35,6.03,2023-11-20,2033-02-25,1,0,0
LON02091,JE,Fields-White,Hospitality,413.91,330.44,346.88,A,0.001,0.25,8.71,2021-07-13,2026-02-15,1,30,0
LON02092,GU,Shaw LLC,Technology,1290.57,1185.13,1203.62,BBB,0.005,0.25,6.43,2020-05-22,2029-10-01,1,0,0
LON02093,KY,Walker Group,Retail,1295.07,1033.6,1072.63,AA,0.0005,0.45,3.34,2021-07-18,2026-07-01,1,0,0
LON02094,GU,Mccarthy Ltd,Energy,354.36,315.27,321.43,B,0.05,0.35,5.82,2019-12-17,2025-01-20,1,0,0
LON02095,GU,Edwards Inc,Technology,3526.79,3469.98,3574.81,B,0.05,0.35,7.08,2022-03-03,2031-01-01,1,0,0
LON02096,KY,"Johnson, Patel and Rivera",Retail,241.72,201.54,206.4,A,0.001,0.25,8.64,2021-09-25,2023-02-17,3,60,0
LON02097,KY,"Ewing, Romero and Wright",Retail,609.01,506.69,512.94,A,0.001,0.35,3.9,2020-05-22,2024-05-31,1,0,0
LON02098,BM,Thomas-Ramos,Shipping,1140.25,907.76,949.8,BB,0.02,0.45,3.84,2022-11-19,2025-05-25,1,30,0
LON02099,KY,Hahn and Sons,Retail,452.54,375.9,385.44,B,0.05,0.6,7.94,2019-12-11,2025-03-12,1,90,0
LON02100,GU,"Shepherd, Moore and Marsh",Retail,730.11,719.69,753.98,AAA,0.0001,0.25,5.46,2023-08-16,2027-01-27,1,30,0
LON02101,BM,Klein LLC,Hospitality,397.76,370.91,386.17,BBB,0.005,0.25,4.06,2023-03-04,2030-12-26,1,90,0
LON02102,BM,"Harrison, Jensen and Mora",RealEstate,487.2,445.73,462.82,A,0.001,0.25,4.7,2022-09-06,2031-02-11,1,60,0
LON02103,KY,Mooney and Sons,PrivateWealth,1414.59,1399.54,1443.78,BBB,0.005,0.35,6.61,2023-06-23,2026-07-22,1,90,0
LON02104,KY,Martinez-Hudson,Technology,692.39,598.29,623.98,BBB,0.005,0.35,3.6,2022-05-02,2031-01-21,1,90,0
LON02105,KY,"Ramos, Mitchell and Ruiz",Technology,1064.56,884.88,905.02,BB,0.02,0.6,4.12,2022-02-15,2027-10-04,1,0,0
LON02106,BM,Sanchez-Parker,Shipping,1661.83,1565.42,1612.38,BBB,0.005,0.25,7.79,2024-06-17,2028-07-10,2,0,0
LON02107,BM,Mitchell-James,Shipping,250.89,241.15,245.28,A,0.001,0.6,7.85,2021-07-20,2029-12-11,1,90,0
LON02108,GU,"Mills, Thompson and Sparks",Shipping,482.72,418.55,430.77,BB,0.02,0.45,6.79,2023-06-07,2029-05-09,1,0,0
LON02109,BM,Bentley PLC,Hospitality,477.51,404.42,407.64,B,0.05,0.35,7.73,2020-12-25,2025-04-27,1,60,0
LON02110,KY,Tucker-Cross,Technology,633.95,501.3,512.14,AAA,0.0001,0.25,3.66,2023-02-15,2028-10-30,1,60,0
LON02111,BM,Conrad-Bradley,Technology,1279.05,1124.2,1173.88,BBB,0.005,0.25,5.13,2021-07-06,2022-09-14,1,60,0
LON02112,BM,Olsen Group,Retail,2734.6,2258.84,2276.34,AA,0.0005,0.35,5.93,2020-02-01,2021-08-15,1,0,0
LON02113,KY,Freeman LLC,Technology,1151.47,1035.39,1067.8,A,0.001,0.6,7.61,2021-05-06,2029-11-03,1,0,0
LON02114,BM,"Garcia, Larson and Taylor",Hospitality,1622.33,1253.68,1276.76,B,0.05,0.6,3.04,2022-09-03,2032-06-28,1,90,0
LON02115,JE,"Barry, Sanchez and Stevens",InvestmentHoldCo,200.95,166.81,171.05,B,0.05,0.45,5.66,2022-05-09,2026-01-19,1,0,0
LON02116,KY,"Conley, Graham and Hawkins",Hospitality,246.02,193.82,194.35,AA,0.0005,0.6,8.88,2020-06-20,2022-04-15,1,0,0
LON02117,KY,Hubbard Group,InvestmentHoldCo,119.03,101.0,102.73,AA,0.0005,0.45,4.07,2023-05-21,2026-09-29,2,60,0
LON02118,JE,Morris-Mendoza,Retail,1929.98,1819.51,1823.21,BBB,0.005,0.25,8.2,2019-10-20,2029-08-21,1,0,0
LON02119,BM,"Cooper, Saunders and Saunders",Energy,765.27,588.89,589.87,BBB,0.005,0.35,5.66,2021-01-18,2028-09-13,2,0,0
LON02120,GU,"Berry, Simpson and Roberson",Hospitality,1101.93,1078.54,1100.86,BB,0.02,0.45,6.95,2020-10-23,2029-01-24,1,0,0
LON02121,BM,"Rice, King and Shelton",Retail,718.74,573.01,590.44,BBB,0.005,0.25,3.83,2023-07-25,2026-11-07,1,0,0
LON02122,BM,Simmons-Lee,PrivateWealth,258.0,215.05,220.06,BB,0.02,0.6,8.83,2021-06-20,2025-12-03,1,0,0
LON02123,KY,Newman-Taylor,Technology,1599.99,1267.82,1288.58,BBB,0.005,0.35,6.35,2020-05-13,2025-08-18,1,90,0
LON02124,KY,"Morse, Patterson and Smith",PrivateWealth,945.61,751.04,755.43,BBB,0.005,0.25,8.85,2024-05-21,2033-12-17,2,30,0
LON02125,KY,"Wright, Hendricks and Scott",Hospitality,411.3,355.1,359.95,BB,0.02,0.45,8.32,2021-01-26,2030-05-17,1,0,0
LON02126,KY,Mckee-Vaughn,Shipping,810.92,806.2,826.98,BBB,0.005,0.45,7.71,2021-03-26,2029-01-04,1,0,0
LON02127,KY,Robinson-Mclaughlin,Technology,186.73,173.04,173.5,AA,0.0005,0.25,4.54,2023-02-12,2030-01-14,1,0,0
LON02128,JE,"Porter, White and Clark",Retail,1265.73,1219.94,1272.52,BB,0.02,0.25,4.71,2020-07-12,2025-12-20,1,30,0
LON02129,BM,Hanson-Cortez,Hospitality,1167.85,922.43,954.4,B,0.05,0.35,7.08,2023-10-07,2025-03-25,1,0,0
LON02130,BM,Boone and Sons,InvestmentHoldCo,158.09,141.75,148.82,BBB,0.005,0.45,6.76,2019-08-29,2021-10-07,1,0,0
LON02131,GU,Coleman Inc,Technology,511.18,475.22,482.1,A,0.001,0.35,8.29,2021-02-04,2029-03-04,1,30,0
LON02132,BM,"Morales, Robinson and Conley",Retail,770.08,644.84,674.38,B,0.05,0.35,5.91,2020-08-30,2023-12-07,1,0,0
LON02133,JE,Page LLC,RealEstate,745.36,652.99,667.85,A,0.001,0.35,8.0,2022-04-15,2025-10-12,1,0,0
LON02134,KY,Martinez-Fuller,Retail,842.73,704.11,712.41,B,0.05,0.25,3.15,2022-04-28,2026-08-22,1,0,0
LON02135,GU,"Eaton, Long and Cook",Hospitality,223.31,199.96,209.78,A,0.001,0.6,8.44,2023-04-27,2029-09-28,1,0,0
LON02136,JE,"Dawson, Hall and Brown",Retail,1885.53,1853.61,1862.98,BBB,0.005,0.25,7.13,2020-05-28,2022-11-27,1,0,0
LON02137,GU,Cummings-Clarke,InvestmentHoldCo,601.26,506.02,528.6,A,0.001,0.35,4.91,2020-10-31,2028-01-03,1,90,0
LON02138,JE,Carter-Stuart,Hospitality,896.29,828.62,845.69,A,0.001,0.25,8.71,2022-03-02,2031-03-30,1,30,0
LON02139,BM,Carrillo PLC,RealEstate,864.5,718.39,722.59,BBB,0.005,0.35,5.98,2023-11-08,2028-04-08,1,60,0
LON02140,GU,Mcneil-Dougherty,Technology,757.82,737.66,749.84,A,0.001,0.25,6.61,2023-11-02,2027-04-22,1,90,0
LON02141,GU,"Howard, Cannon and Rodriguez",Hospitality,463.39,430.47,435.58,BB,0.02,0.25,3.78,2021-02-06,2025-11-09,1,0,0
LON02142,BM,Watts Inc,RealEstate,367.87,321.31,326.36,BBB,0.005,0.25,4.15,2023-06-26,2031-03-03,1,60,0
LON02143,KY,Pittman PLC,InvestmentHoldCo,483.73,421.82,425.71,A,0.001,0.45,4.22,2021-07-13,2024-10-06,1,30,0
LON02144,KY,Miller PLC,Energy,421.43,367.76,378.76,BB,0.02,0.25,4.28,2022-11-07,2024-04-19,1,0,0
LON02145,KY,Hawkins LLC,PrivateWealth,306.85,296.53,304.08,BBB,0.005,0.45,4.56,2021-12-11,2028-12-27,1,0,0
LON02146,BM,Garcia-Clayton,PrivateWealth,477.22,457.56,474.47,AA,0.0005,0.45,8.95,2023-07-06,2025-04-25,1,30,0
LON02147,JE,"Tucker, Perez and Jordan",RealEstate,767.83,691.26,692.39,BB,0.02,0.35,7.88,2023-09-17,2030-09-03,1,0,0
LON02148,BM,Whitney-Johnson,RealEstate,559.75,473.94,495.76,B,0.05,0.25,8.5,2022-11-21,2031-10-05,1,30,0
LON02149,KY,Smith-Medina,Hospitality,864.1,811.08,845.81,A,0.001,0.45,3.88,2022-07-15,2032-07-11,1,60,0
LON02150,KY,Smith and Sons,Retail,118.94,98.16,102.13,BB,0.02,0.45,6.0,2023-04-18,2032-02-02,1,60,0
LON02151,BM,Miles-Hawkins,Technology,1333.78,1279.3,1282.77,BBB,0.005,0.45,5.45,2020-02-23,2029-10-25,1,0,0
LON02152,BM,Knox-Shelton,Retail,470.39,381.14,396.42,A,0.001,0.6,7.33,2021-06-01,2026-09-21,1,90,0
LON02153,BM,Ruiz-Norman,Hospitality,194.9,183.78,190.89,B,0.05,0.25,5.29,2024-05-06,2028-09-08,2,90,0
LON02154,JE,Evans and Sons,Energy,1032.94,952.4,985.39,A,0.001,0.25,4.12,2021-10-18,2026-05-28,1,30,0
LON02155,BM,Cooper and Sons,Shipping,325.88,275.33,275.53,A,0.001,0.25,5.9,2021-09-21,2024-05-04,1,0,0
LON02156,KY,"Adams, Booker and Wilson",RealEstate,271.99,213.96,223.42,BBB,0.005,0.45,7.15,2024-01-08,2027-08-19,1,0,0
LON02157,JE,Fleming Ltd,Hospitality,752.93,612.55,641.48,AA,0.0005,0.25,5.93,2020-11-07,2030-06-18,1,0,0
LON02158,KY,"Young, Rojas and Gates",RealEstate,238.52,211.28,220.88,B,0.05,0.25,6.67,2019-07-28,2027-05-01,1,60,0
LON02159,BM,"Miller, Spencer and Patterson",Retail,813.32,806.83,829.47,B,0.05,0.25,6.14,2024-03-02,2030-05-24,2,0,0
LON02160,KY,Smith-Oliver,Retail,909.66,771.74,806.79,B,0.05,0.35,6.81,2020-03-10,2029-03-25,1,90,0
LON02161,KY,Palmer-Hickman,Retail,654.78,555.08,570.98,A,0.001,0.25,5.12,2022-01-06,2031-03-05,1,0,0
LON02162,KY,Turner Ltd,Hospitality,288.36,258.11,265.2,BB,0.02,0.6,8.44,2023-02-02,2025-03-18,1,90,0
LON02163,BM,Matthews Ltd,RealEstate,535.5,472.38,473.49,A,0.001,0.35,8.79,2023-11-17,2033-04-25,1,90,0
LON02164,BM,Schaefer Group,Energy,240.02,196.1,203.08,BB,0.02,0.25,4.74,2023-05-03,2024-07-26,1,0,0
LON02165,KY,West-Moore,Energy,411.61,316.66,325.88,BBB,0.005,0.25,3.36,2023-12-29,2026-11-14,1,30,0
LON02166,KY,"Robinson, Hall and Mcmillan",Technology,382.45,351.69,365.71,AAA,0.0001,0.25,5.39,2020-06-03,2029-05-02,1,30,0
LON02167,KY,Bradley Inc,Technology,690.76,659.11,670.85,AAA,0.0001,0.45,7.19,2022-07-30,2026-06-03,1,30,0
LON02168,BM,Bush-Newton,InvestmentHoldCo,819.87,800.65,810.96,AAA,0.0001,0.35,6.95,2023-02-12,2030-01-25,1,0,0
LON02169,JE,Morse Inc,Technology,552.41,503.26,505.79,BB,0.02,0.25,5.84,2021-07-10,2028-12-21,1,90,0
LON02170,BM,"Miller, Blevins and Davis",Energy,364.84,329.1,335.8,BBB,0.005,0.25,8.85,2023-05-25,2030-11-21,1,30,0
LON02171,KY,Allen Ltd,Energy,406.12,357.28,373.53,B,0.05,0.45,3.14,2021-12-28,2027-04-15,1,0,0
LON02172,BM,"Henderson, Oliver and Perry",InvestmentHoldCo,785.63,614.72,633.43,AAA,0.0001,0.25,8.33,2024-06-19,2026-10-10,1,0,0
LON02173,JE,Wood-Evans,Energy,505.46,489.43,512.38,BB,0.02,0.6,9.0,2022-01-12,2028-02-06,2,0,0
LON02174,BM,"Hernandez, Anthony and Shaw",InvestmentHoldCo,1518.79,1169.69,1220.73,BB,0.02,0.25,8.32,2021-03-20,2027-03-03,1,60,0
LON02175,JE,Davis-Nguyen,Energy,1068.1,999.46,1029.65,B,0.05,0.25,4.91,2024-03-05,2033-03-25,1,0,0
LON02176,BM,Pope Ltd,Hospitality,255.26,220.6,226.26,A,0.001,0.25,4.55,2021-03-12,2030-04-29,1,0,0
LON02177,BM,"Kemp, Gonzalez and Houston",PrivateWealth,795.06,641.92,670.62,BBB,0.005,0.35,4.33,2021-11-16,2025-08-21,1,60,0
LON02178,GU,Ferguson-Hendrix,Hospitality,565.38,453.04,471.28,BB,0.02,0.35,5.44,2021-06-13,2022-10-21,1,30,0
LON02179,KY,Phelps-Price,RealEstate,408.26,407.01,424.07,BB,0.02,0.6,6.51,2020-12-16,2029-12-03,1,60,0
LON02180,BM,"Branch, Johnson and Fleming",PrivateWealth,305.09,303.77,317.68,B,0.05,0.25,6.42,2020-02-06,2026-08-25,1,30,0
LON02181,GU,Hodge Inc,Technology,899.9,730.09,753.67,AAA,0.0001,0.35,8.78,2020-11-14,2022-03-30,2,0,0
LON02182,KY,"Lee, Taylor and Wallace",Hospitality,1918.83,1709.62,1773.8,BB,0.02,0.35,4.47,2021-09-25,2027-07-01,1,30,0
LON02183,BM,Hernandez Ltd,PrivateWealth,910.12,859.24,901.11,BBB,0.005,0.25,7.99,2022-03-04,2027-05-09,1,0,0
LON02184,BM,Fisher-Price,RealEstate,414.19,375.31,375.47,B,0.05,0.25,3.7,2021-10-11,2027-03-15,1,30,0
LON02185,KY,"Rodriguez, Hardy and Armstrong",Energy,1981.08,1636.81,1641.4,A,0.001,0.25,6.95,2023-07-10,2029-10-20,1,60,0
LON02186,KY,Avery-Jones,Hospitality,1526.0,1183.17,1184.4,BB,0.02,0.35,7.75,2021-03-08,2028-04-04,3,0,0
LON02187,JE,"Butler, Kennedy and Adams",Shipping,565.67,546.44,559.6,BB,0.02,0.25,8.05,2019-11-20,2023-10-30,2,90,0
LON02188,BM,"Page, Smith and Morton",RealEstate,704.58,585.66,605.7,B,0.05,0.45,8.44,2024-05-08,2026-07-09,1,90,0
LON02189,BM,"Moore, Smith and Owens",RealEstate,607.78,500.7,514.05,B,0.05,0.45,3.01,2023-11-27,2028-11-25,1,60,0
LON02190,KY,"Lloyd, Dixon and Summers",PrivateWealth,469.49,390.11,395.32,BB,0.02,0.25,7.87,2019-12-29,2021-07-12,1,30,0
LON02191,BM,Chambers Group,Technology,1202.84,1127.34,1176.41,B,0.05,0.45,5.26,2023-03-07,2032-07-05,2,0,0
LON02192,KY,Mclean-Boone,PrivateWealth,379.57,337.49,346.8,AA,0.0005,0.35,7.11,2024-05-16,2029-10-13,2,30,0
LON02193,JE,Green-Simpson,Energy,883.09,693.32,700.52,AAA,0.0001,0.45,8.27,2024-02-07,2032-12-16,2,0,0
LON02194,KY,Lopez-Bailey,Retail,524.76,403.95,405.58,BBB,0.005,0.25,3.18,2023-10-28,2029-10-24,1,60,0
LON02195,JE,Sullivan-Turner,Retail,628.02,485.62,491.24,B,0.05,0.35,8.51,2022-01-11,2031-01-07,1,0,0
LON02196,BM,"Maxwell, Lopez and Raymond",RealEstate,619.09,581.45,588.23,BBB,0.005,0.25,3.77,2024-05-09,2027-10-21,1,0,0
LON02197,BM,Williams-Nunez,InvestmentHoldCo,844.05,832.98,841.62,BBB,0.005,0.25,4.2,2019-10-10,2021-07-16,1,0,0
LON02198,KY,Myers Group,Hospitality,841.24,761.33,786.31,A,0.001,0.35,6.26,2020-03-18,2029-05-19,2,30,0
LON02199,BM,"Gonzalez, Khan and Holden",Shipping,1165.96,1095.74,1129.51,B,0.05,0.45,7.72,2021-03-09,2030-10-04,1,0,0
LON02200,KY,"Flores, Robbins and Wagner",Energy,286.32,243.03,253.93,BBB,0.005,0.35,5.78,2021-11-25,2029-12-19,1,60,0
LON02201,BM,Smith-Decker,RealEstate,1042.49,828.28,853.46,B,0.05,0.35,3.32,2020-12-07,2025-03-09,1,0,0
LON02202,BM,Wright-Strickland,Energy,1817.74,1757.57,1832.84,BB,0.02,0.25,5.45,2020-01-25,2022-11-18,1,0,0
LON02203,BM,"Rocha, Patterson and Foster",Technology,804.19,711.43,744.72,AAA,0.0001,0.6,4.43,2020-11-23,2030-03-25,1,90,0
LON02204,KY,"Smith, Smith and Turner",Retail,339.65,310.36,318.85,BB,0.02,0.35,4.31,2022-08-18,2025-09-18,1,0,0
LON02205,KY,Mcconnell Inc,Energy,1799.26,1551.66,1614.52,BBB,0.005,0.6,7.85,2020-10-21,2028-02-13,1,60,0
LON02206,KY,"Ward, Allen and Mason",PrivateWealth,442.98,357.43,364.64,AAA,0.0001,0.35,3.15,2022-02-18,2030-08-20,1,0,0
LON02207,JE,"Mccormick, Wood and King",Energy,610.71,498.13,518.68,BBB,0.005,0.25,8.68,2023-01-05,2024-07-13,1,0,0
LON02208,BM,Smith-Wood,Retail,383.65,381.08,385.86,BBB,0.005,0.25,6.28,2022-01-03,2031-06-12,1,0,0
LON02209,KY,Bennett-Fox,Energy,346.8,292.77,302.56,A,0.001,0.6,5.25,2021-03-31,2022-07-04,1,30,0
LON02210,JE,Hancock-Young,InvestmentHoldCo,2316.8,1992.13,2029.2,AA,0.0005,0.35,3.19,2021-04-12,2022-07-21,1,0,0
LON02211,BM,Waller-Hall,Energy,905.2,834.81,844.82,BBB,0.005,0.35,4.41,2021-01-20,2022-08-14,1,0,0
LON02212,KY,"Ramos, Peters and Chapman",Hospitality,616.67,518.82,535.36,BBB,0.005,0.25,5.42,2020-04-11,2027-04-11,1,30,0
LON02213,BM,"Goodwin, Salazar and Bell",Hospitality,186.93,156.58,160.59,BB,0.02,0.25,6.43,2024-01-31,2030-04-24,1,90,0
LON02214,KY,"Cruz, Peterson and Wagner",Shipping,637.76,539.57,540.36,B,0.05,0.25,7.84,2020-10-15,2023-02-03,3,90,0
LON02215,BM,Richardson PLC,Energy,444.08,373.42,386.97,A,0.001,0.35,7.77,2023-03-12,2024-03-25,2,0,0
LON02216,BM,"Melendez, Jones and Scott",Hospitality,516.05,486.77,499.41,A,0.001,0.25,3.23,2023-01-26,2028-11-17,1,90,0
LON02217,BM,"Schneider, Dean and York",PrivateWealth,2699.67,2103.65,2206.82,BB,0.02,0.25,3.75,2023-07-27,2026-11-08,1,0,0
LON02218,KY,"Donovan, Peters and Thomas",RealEstate,1601.59,1283.64,1298.05,AA,0.0005,0.25,5.6,2023-12-14,2031-12-26,2,60,0
LON02219,KY,"Bryant, Munoz and Warren",Hospitality,1449.6,1180.94,1202.54,A,0.001,0.25,5.06,2021-04-26,2025-10-05,1,60,0
LON02220,BM,"Gonzalez, Williams and Ward",Shipping,524.94,456.24,471.36,BBB,0.005,0.6,3.72,2020-04-22,2023-01-14,1,30,0
LON02221,BM,"Palmer, Palmer and Norris",RealEstate,1391.88,1149.32,1171.0,BBB,0.005,0.45,3.89,2020-12-17,2028-06-29,2,0,0
LON02222,BM,"Lane, Williams and May",PrivateWealth,1154.21,1050.51,1077.59,BB,0.02,0.25,3.19,2022-12-22,2029-07-03,1,90,0
LON02223,BM,Meyers and Sons,Shipping,516.24,447.8,456.56,B,0.05,0.45,5.07,2019-10-16,2024-08-25,2,60,0
LON02224,KY,Martin-Edwards,InvestmentHoldCo,827.78,822.77,839.82,BBB,0.005,0.25,5.77,2022-02-17,2028-07-07,1,30,0
LON02225,BM,"Young, Holt and Spencer",Energy,1099.93,927.75,944.8,BBB,0.005,0.35,8.22,2022-01-11,2031-02-12,1,60,0
LON02226,KY,Miller-Barker,Retail,1084.41,1049.93,1072.94,B,0.05,0.25,9.0,2022-08-04,2024-01-16,1,0,0
LON02227,KY,Smith Inc,Shipping,1199.14,1177.6,1184.39,AA,0.0005,0.35,4.71,2020-06-12,2030-04-29,1,60,0
LON02228,KY,Castillo-Moore,Energy,810.96,779.82,814.96,BB,0.02,0.6,8.22,2023-02-12,2025-01-11,2,0,0
LON02229,KY,"Pennington, Martin and Payne",RealEstate,337.76,279.27,291.35,BBB,0.005,0.25,7.31,2024-01-22,2030-12-16,1,30,0
LON02230,BM,Williams and Sons,Energy,434.72,383.87,401.16,BBB,0.005,0.45,4.29,2019-12-21,2027-08-01,1,0,0
LON02231,KY,Bowman LLC,PrivateWealth,732.56,570.93,587.87,B,0.05,0.35,7.69,2023-12-09,2033-11-09,1,30,0
LON02232,BM,"Massey, Best and Adams",PrivateWealth,927.66,818.37,828.92,AA,0.0005,0.35,6.49,2024-03-22,2028-04-19,1,0,0
LON02233,BM,"Taylor, Scott and Cole",Energy,1768.48,1605.25,1628.49,BBB,0.005,0.35,7.12,2023-06-30,2024-08-02,3,60,0
LON02234,GU,Ware Inc,Energy,884.37,855.75,878.81,B,0.05,0.45,7.12,2020-05-06,2023-03-01,1,0,0
LON02235,BM,Wallace-Thompson,PrivateWealth,304.05,255.45,256.32,AA,0.0005,0.45,5.08,2023-01-11,2026-06-14,1,90,0
LON02236,KY,Clark-Howard,RealEstate,907.84,760.51,776.46,BBB,0.005,0.45,3.71,2022-08-04,2024-10-01,1,90,0
LON02237,BM,Turner-Hernandez,RealEstate,1138.9,1085.18,1102.42,B,0.05,0.45,3.61,2023-04-05,2031-11-04,1,0,0
LON02238,BM,"Williams, Davis and Key",Energy,782.63,627.71,629.37,B,0.05,0.25,4.29,2020-01-07,2022-07-08,1,90,0
LON02239,KY,Reese-Middleton,RealEstate,94.85,81.26,83.85,BBB,0.005,0.45,4.3,2022-08-11,2028-03-28,1,60,0
LON02240,JE,"Miller, Matthews and Scott",RealEstate,601.8,485.8,486.91,A,0.001,0.35,5.12,2023-03-20,2028-06-16,1,60,0
LON02241,BM,Matthews PLC,PrivateWealth,502.11,421.12,423.17,BBB,0.005,0.6,4.53,2023-11-01,2029-09-08,1,90,0
LON02242,KY,"Watts, Martin and Chang",Technology,308.34,269.6,275.82,BB,0.02,0.35,7.99,2019-07-22,2025-08-21,1,0,0
LON02243,BM,"Doyle, Wells and Wong",Hospitality,605.61,566.1,570.1,BB,0.02,0.35,5.71,2022-04-23,2028-11-06,1,60,0
LON02244,KY,Ryan and Sons,PrivateWealth,1563.24,1446.71,1456.22,B,0.05,0.25,8.79,2019-09-21,2026-09-05,1,30,0
LON02245,KY,Johnson-Kim,RealEstate,623.18,516.98,532.01,BBB,0.005,0.6,4.27,2024-06-18,2031-06-14,1,30,0
LON02246,KY,Mahoney Inc,Shipping,1748.28,1362.41,1401.99,BBB,0.005,0.25,3.61,2020-07-05,2029-05-20,1,0,0
LON02247,KY,"Johnson, Jordan and Craig",RealEstate,398.21,389.83,407.78,A,0.001,0.35,6.04,2022-06-28,2025-04-10,2,0,0
LON02248,GU,"George, Vaughan and Arias",Shipping,292.18,266.13,270.04,BBB,0.005,0.6,7.8,2022-03-17,2031-12-07,1,0,0
LON02249,BM,"Chang, Davis and Barnes",PrivateWealth,310.47,299.92,301.27,AA,0.0005,0.45,5.25,2023-07-29,2026-03-23,1,90,0
LON02250,BM,"Smith, Richardson and White",Energy,1166.33,1161.55,1186.63,B,0.05,0.25,7.88,2022-02-01,2030-05-09,2,30,0
LON02251,KY,Newton-Bradley,Retail,556.96,484.21,502.63,AAA,0.0001,0.35,6.48,2019-11-27,2025-09-02,3,30,0
LON02252,KY,"Rodriguez, Johnson and Morris",InvestmentHoldCo,1928.82,1511.13,1564.28,A,0.001,0.25,5.84,2020-09-24,2023-02-28,1,0,0
LON02253,BM,Hartman-Reyes,Energy,927.38,766.71,798.13,BBB,0.005,0.45,8.47,2022-12-29,2024-05-03,1,60,0
LON02254,KY,Freeman Ltd,InvestmentHoldCo,797.28,702.37,735.95,BBB,0.005,0.45,8.25,2022-08-07,2032-03-17,1,0,0
LON02255,JE,"Freeman, Robinson and Rubio",Technology,833.21,731.22,756.11,AA,0.0005,0.6,6.63,2023-08-20,2025-11-11,1,30,0
LON02256,KY,"Middleton, Atkinson and Guerrero",Hospitality,373.32,306.64,313.53,BBB,0.005,0.45,7.06,2021-09-28,2023-11-25,1,90,0
LON02257,BM,Kim PLC,Shipping,435.08,398.75,413.66,BBB,0.005,0.25,6.96,2020-10-09,2025-08-13,1,0,0
LON02258,BM,Brown-Patterson,Shipping,801.64,661.42,682.19,A,0.001,0.45,6.25,2021-06-23,2028-11-04,1,0,0
LON02259,BM,Carroll-Williams,Hospitality,1216.77,1055.33,1069.12,BBB,0.005,0.25,4.5,2021-06-15,2028-09-05,1,0,0
LON02260,BM,"Clark, Hernandez and Walter",InvestmentHoldCo,441.06,437.03,458.67,B,0.05,0.45,3.14,2023-01-25,2029-01-15,1,30,0
LON02261,KY,Cook-Williams,Shipping,390.12,307.61,316.68,B,0.05,0.6,3.41,2022-09-04,2027-04-10,1,0,0
LON02262,BM,Hodges-Medina,Hospitality,446.34,349.53,352.62,A,0.001,0.25,4.35,2022-10-14,2030-10-17,1,60,0
LON02263,BM,"Yu, May and Baker",Hospitality,1431.96,1349.04,1372.04,B,0.05,0.35,6.89,2021-08-31,2024-11-14,1,0,0
LON02264,JE,"Huang, Cook and Mosley",Retail,1022.8,1005.59,1048.39,B,0.05,0.25,7.06,2023-01-27,2027-02-17,1,0,0
LON02265,KY,Lopez-Gilbert,Retail,477.8,376.98,385.82,AA,0.0005,0.35,7.38,2019-11-26,2026-04-12,1,0,0
LON02266,GU,Sellers-Crawford,Hospitality,301.19,287.08,290.4,BBB,0.005,0.25,5.73,2020-07-19,2022-11-13,1,60,0
LON02267,KY,Lewis-Ramirez,InvestmentHoldCo,895.38,715.92,730.84,BB,0.02,0.6,7.74,2020-06-05,2023-12-30,1,0,0
LON02268,KY,"Richardson, Johnson and Ruiz",PrivateWealth,473.65,473.18,494.92,AA,0.0005,0.35,3.32,2021-09-06,2028-10-26,2,60,0
LON02269,KY,Riddle-Peck,Shipping,672.91,636.07,645.05,BBB,0.005,0.35,7.17,2021-04-01,2028-06-23,2,90,0
LON02270,KY,Herman Ltd,Shipping,735.07,714.46,735.22,BB,0.02,0.25,5.69,2022-09-25,2032-08-06,1,0,0
LON02271,BM,Harris LLC,InvestmentHoldCo,736.42,729.38,744.92,A,0.001,0.35,3.59,2023-09-23,2026-09-12,1,0,0
LON02272,KY,Pratt-Lewis,Energy,2719.28,2329.55,2399.68,B,0.05,0.6,6.76,2021-06-20,2028-07-25,1,0,0
LON02273,KY,"Bishop, Taylor and White",InvestmentHoldCo,1048.03,980.74,982.66,A,0.001,0.6,7.57,2019-11-01,2026-06-23,1,0,0
LON02274,BM,"Duncan, Roberts and Martin",Hospitality,1603.35,1547.92,1609.7,BBB,0.005,0.25,5.23,2020-01-21,2028-08-30,3,60,0
LON02275,BM,Griffith-Irwin,InvestmentHoldCo,469.85,460.44,469.05,BBB,0.005,0.25,5.66,2019-12-01,2021-07-19,3,30,0
LON02276,KY,Smith PLC,InvestmentHoldCo,847.27,665.85,686.87,B,0.05,0.6,4.93,2020-07-04,2024-11-23,1,0,0
LON02277,BM,"Herring, Brown and Richards",RealEstate,444.18,430.75,444.73,AAA,0.0001,0.25,4.54,2023-06-17,2032-01-05,1,60,0
LON02278,BM,Cook-Mueller,RealEstate,528.87,439.19,443.47,BBB,0.005,0.35,6.48,2022-05-15,2028-03-09,1,60,0
LON02279,KY,Jones and Sons,Energy,515.47,500.92,519.02,BBB,0.005,0.6,8.65,2020-01-01,2023-01-04,1,30,0
LON02280,BM,"Lee, Simmons and Guerrero",Hospitality,335.47,269.04,271.84,AA,0.0005,0.25,7.56,2022-05-29,2028-09-01,1,60,0
LON02281,KY,"Green, Miller and Martin",Hospitality,799.39,673.98,676.82,A,0.001,0.35,8.58,2022-09-16,2023-12-22,1,90,0
LON02282,GU,Ward-Taylor,Shipping,677.06,549.82,565.62,AAA,0.0001,0.35,8.48,2022-02-19,2026-08-09,1,0,0
LON02283,GU,"Cole, Carr and Medina",Hospitality,746.05,732.96,733.93,BBB,0.005,0.6,7.81,2022-09-22,2024-08-24,1,0,0
LON02284,GU,Graves-Holland,Energy,480.45,451.51,457.81,BB,0.02,0.6,4.28,2021-12-07,2030-04-05,2,0,0
LON02285,JE,"Brown, Adams and Lyons",Energy,952.14,859.94,902.03,BBB,0.005,0.45,3.69,2022-08-26,2028-03-09,1,0,0
LON02286,KY,Edwards Group,Energy,635.34,495.69,505.64,A,0.001,0.6,8.64,2024-03-28,2030-08-18,1,0,0
LON02287,JE,Boone and Sons,PrivateWealth,1312.62,1042.68,1087.23,AA,0.0005,0.6,5.75,2022-04-18,2026-09-27,2,60,0
LON02288,JE,"Hill, Brown and Walton",RealEstate,932.71,760.15,797.37,AA,0.0005,0.45,6.29,2023-03-28,2025-02-15,1,30,0
LON02289,JE,Stewart LLC,PrivateWealth,357.88,333.82,341.11,A,0.001,0.25,7.14,2019-11-29,2029-04-13,1,0,0
LON02290,GU,Davis and Sons,InvestmentHoldCo,361.46,300.72,307.06,AAA,0.0001,0.35,6.79,2022-06-09,2030-11-30,1,30,0
LON02291,KY,Shaw Group,Energy,509.02,457.05,468.66,A,0.001,0.35,3.98,2022-05-19,2025-05-04,1,30,0
LON02292,KY,Cruz-Bennett,Hospitality,1452.86,1238.36,1268.03,BBB,0.005,0.25,4.45,2023-03-09,2030-08-30,1,60,0
LON02293,BM,Hoffman Ltd,RealEstate,363.31,307.69,319.1,BB,0.02,0.35,6.84,2021-01-19,2029-07-30,1,30,0
LON02294,BM,Ewing-Hayden,Technology,1902.83,1652.66,1706.95,BBB,0.005,0.25,5.53,2019-10-07,2024-10-16,2,0,0
LON02295,JE,"Horton, Bailey and Thomas",Shipping,1063.79,902.07,913.27,BB,0.02,0.25,7.76,2024-05-16,2028-06-19,1,60,0
LON02296,JE,Decker Inc,Shipping,934.03,750.34,775.27,BB,0.02,0.25,8.08,2019-09-26,2029-08-29,1,0,0
LON02297,KY,"Newman, Gray and Collins",Retail,264.93,257.19,261.1,B,0.05,0.35,7.55,2024-06-19,2030-05-18,2,0,0
LON02298,BM,"Mcneil, Roberts and Mcdaniel",Hospitality,518.14,428.69,442.29,BB,0.02,0.25,3.72,2021-08-20,2026-10-13,1,0,0
LON02299,BM,Bright Ltd,PrivateWealth,1411.72,1271.38,1317.73,A,0.001,0.25,3.78,2020-04-21,2027-10-07,1,0,0
LON02300,GU,"Williams, Reeves and Smith",Shipping,889.92,841.99,849.03,BB,0.02,0.25,6.33,2020-09-21,2026-10-06,1,30,0
LON02301,KY,"Eaton, Brown and Johnson",Shipping,283.28,234.92,243.03,BB,0.02,0.35,4.3,2023-09-22,2029-04-10,1,30,0
LON02302,BM,Thompson Ltd,RealEstate,1059.72,894.06,899.61,B,0.05,0.25,6.38,2021-03-15,2026-02-27,1,0,0
LON02303,BM,Barker-Saunders,Retail,1694.42,1449.23,1486.31,BB,0.02,0.25,5.45,2023-10-04,2031-04-25,1,0,0
LON02304,KY,Dawson-Powers,Shipping,1675.89,1562.29,1571.2,BBB,0.005,0.45,6.24,2022-09-16,2026-11-04,1,30,0
LON02305,KY,"Nash, Lucero and Smith",RealEstate,605.76,541.91,567.83,AA,0.0005,0.45,5.33,2022-06-10,2026-06-20,1,0,0
LON02306,BM,Anderson-Moore,Retail,269.52,226.06,228.63,B,0.05,0.25,4.7,2020-12-14,2023-05-03,1,0,0
LON02307,BM,"Hancock, Newman and Henderson",Technology,2423.54,2057.34,2158.19,BBB,0.005,0.25,4.93,2023-09-26,2026-09-17,3,30,0
LON02308,GU,Butler LLC,PrivateWealth,343.8,319.07,324.26,A,0.001,0.35,5.79,2022-08-29,2030-07-10,1,0,0
LON02309,KY,Leonard Inc,Shipping,938.27,807.89,821.12,BBB,0.005,0.45,3.84,2019-12-02,2027-09-15,1,60,0
LON02310,BM,Mcclain and Sons,Retail,250.32,243.22,250.53,BBB,0.005,0.25,8.94,2022-02-22,2027-04-13,1,0,0
LON02311,KY,"Byrd, Huffman and Wagner",RealEstate,1637.29,1381.73,1440.41,AA,0.0005,0.25,3.06,2021-05-06,2028-08-13,1,30,0
LON02312,GU,"Gill, Ortiz and Ryan",Hospitality,750.81,704.59,709.49,BBB,0.005,0.25,4.58,2023-07-02,2033-05-02,3,60,0
LON02313,KY,Perez-Barnes,RealEstate,2262.0,1883.7,1928.92,AA,0.0005,0.25,8.68,2024-01-17,2032-08-18,1,0,0
LON02314,BM,Avila-Sutton,Shipping,498.14,450.92,466.66,B,0.05,0.6,6.45,2022-01-10,2026-06-07,1,0,0
LON02315,BM,Carroll and Sons,RealEstate,562.06,538.54,539.08,BBB,0.005,0.45,8.37,2021-03-03,2031-01-25,1,0,0
LON02316,BM,Garcia-Lambert,PrivateWealth,133.4,121.4,121.92,A,0.001,0.45,4.31,2020-10-31,2025-03-30,1,0,0
LON02317,BM,Ortega-White,Technology,1353.0,1120.28,1131.31,BB,0.02,0.25,4.68,2020-11-16,2028-07-20,1,30,0
LON02318,BM,Anderson-Richmond,PrivateWealth,454.21,390.55,399.31,BBB,0.005,0.6,7.82,2022-03-09,2026-04-15,1,0,0
LON02319,BM,Gibson Inc,Shipping,1522.75,1243.44,1249.46,BB,0.02,0.35,8.8,2020-05-22,2027-09-25,3,0,0
LON02320,BM,Riddle-Knight,Hospitality,320.97,302.1,302.46,BB,0.02,0.45,6.71,2024-01-13,2032-08-30,1,0,0
LON02321,KY,"Hayden, Jones and Long",Energy,501.49,479.59,488.46,AAA,0.0001,0.25,3.31,2021-05-08,2027-12-25,1,0,0
LON02322,JE,Garza-Griffin,Retail,929.68,778.79,802.73,AA,0.0005,0.6,5.03,2023-04-21,2028-06-06,1,30,0
LON02323,GU,Kennedy PLC,Shipping,1594.98,1282.7,1339.96,BB,0.02,0.45,6.97,2022-08-10,2031-06-07,1,0,0
LON02324,KY,Wise-Bailey,Energy,385.72,369.7,386.18,BBB,0.005,0.25,8.5,2021-06-09,2023-01-16,1,30,0
LON02325,JE,Gordon Group,InvestmentHoldCo,246.42,205.68,211.28,BBB,0.005,0.6,4.17,2023-02-02,2033-01-25,1,0,0
LON02326,JE,Perry Ltd,PrivateWealth,1533.13,1330.18,1394.36,A,0.001,0.25,7.79,2020-01-10,2029-11-28,1,0,0
LON02327,KY,Howell-Clements,Technology,1465.81,1311.69,1372.5,BBB,0.005,0.25,8.97,2024-03-14,2026-01-02,2,60,0
LON02328,BM,Williams-Patel,Hospitality,248.38,241.8,249.51,AA,0.0005,0.25,5.54,2021-01-08,2030-04-02,1,0,0
LON02329,GU,Schmidt-Chavez,RealEstate,627.62,496.56,508.05,A,0.001,0.35,5.53,2020-05-29,2022-11-19,1,0,0
LON02330,KY,"Rose, Williamson and Montoya",PrivateWealth,496.69,414.83,426.07,B,0.05,0.25,4.0,2024-04-04,2032-11-29,1,60,0
LON02331,BM,"Taylor, Gordon and Phillips",Hospitality,419.17,374.1,383.9,B,0.05,0.25,4.17,2023-03-10,2030-09-23,3,0,0
LON02332,KY,Henderson Ltd,RealEstate,1159.97,1156.86,1208.48,BB,0.02,0.6,8.86,2023-12-19,2027-10-21,1,90,0
LON02333,BM,Burns Group,Shipping,383.01,335.01,342.59,A,0.001,0.6,8.81,2020-09-03,2023-09-20,1,0,0
LON02334,BM,"Summers, Garcia and Hudson",PrivateWealth,313.87,258.29,269.17,BBB,0.005,0.35,3.3,2023-03-10,2030-07-20,1,0,0
LON02335,KY,Andrews Ltd,Shipping,435.45,418.53,422.58,BB,0.02,0.6,6.96,2024-01-13,2030-05-02,1,0,0
LON02336,GU,Cruz-Moore,RealEstate,235.58,210.49,215.87,BB,0.02,0.6,3.05,2022-06-30,2025-02-13,1,90,0
LON02337,BM,Hanson-Mccarthy,Hospitality,2026.54,1620.54,1696.09,BBB,0.005,0.45,8.53,2024-03-19,2028-06-26,1,90,0
LON02338,BM,Novak Inc,PrivateWealth,1540.02,1300.48,1329.99,BB,0.02,0.25,6.91,2019-07-28,2020-12-30,1,30,0
LON02339,JE,Murray Ltd,Technology,397.33,313.82,323.22,A,0.001,0.35,3.14,2024-04-02,2026-02-18,1,0,0
LON02340,KY,Porter-Martinez,RealEstate,826.83,806.86,836.3,BB,0.02,0.45,3.88,2021-11-24,2031-08-20,2,60,0
LON02341,BM,"Kelly, Barnes and Fuller",InvestmentHoldCo,396.71,362.33,374.86,BB,0.02,0.45,6.04,2020-11-20,2022-02-20,1,90,0
LON02342,BM,Collins-Andersen,InvestmentHoldCo,604.75,533.73,550.24,AA,0.0005,0.25,8.53,2022-04-18,2028-11-17,2,90,0
LON02343,BM,Fernandez-Clark,PrivateWealth,642.52,515.58,533.68,BB,0.02,0.25,6.54,2021-04-02,2025-06-15,1,0,0
LON02344,KY,"Wilkinson, Evans and Hernandez",PrivateWealth,414.77,379.52,384.03,B,0.05,0.35,8.35,2021-08-28,2031-02-20,1,30,0
LON02345,JE,Gallegos-Bell,Retail,322.31,295.46,306.84,A,0.001,0.35,5.73,2023-12-21,2032-12-01,2,30,0
LON02346,BM,Patterson Inc,InvestmentHoldCo,530.52,482.52,505.13,B,0.05,0.6,5.82,2022-06-26,2030-03-25,2,60,0
LON02347,BM,Richards-Brown,RealEstate,369.28,291.37,302.42,BBB,0.005,0.25,4.92,2022-06-21,2025-06-13,1,0,0
LON02348,BM,Cook-Erickson,Energy,2479.4,1940.55,1945.11,BBB,0.005,0.35,3.72,2020-11-19,2026-05-18,2,90,0
LON02349,KY,Leon LLC,Technology,369.17,304.25,305.83,BBB,0.005,0.25,6.18,2022-04-30,2027-11-08,1,90,0
LON02350,KY,Ross LLC,Shipping,1457.2,1279.84,1319.54,BB,0.02,0.25,8.76,2021-10-24,2027-03-28,1,0,0
LON02351,BM,"Merritt, Roberts and Johnson",Retail,506.21,407.0,413.16,BB,0.02,0.35,7.37,2022-11-17,2030-11-08,2,0,0
LON02352,KY,Davis Ltd,Shipping,202.52,192.31,193.08,AAA,0.0001,0.35,8.43,2022-05-20,2028-07-03,1,0,0
LON02353,BM,"Green, Chang and Edwards",Technology,872.45,728.42,747.24,A,0.001,0.35,8.89,2019-11-08,2029-01-03,1,0,0
LON02354,BM,Daniel-Harris,Hospitality,151.63,146.46,151.8,A,0.001,0.25,6.99,2022-04-21,2030-02-15,1,0,0
LON02355,KY,Jones-Brown,Shipping,1634.1,1588.51,1617.45,A,0.001,0.25,8.9,2023-06-14,2028-11-05,1,0,0
LON02356,BM,Phillips-Hunter,RealEstate,268.39,232.18,240.46,A,0.001,0.6,8.52,2024-02-09,2028-10-18,1,60,0
LON02357,BM,"Fitzgerald, Stephens and Coleman",InvestmentHoldCo,1627.89,1345.39,1359.75,B,0.05,0.35,6.16,2020-09-13,2029-07-11,1,90,0
LON02358,KY,Miller LLC,InvestmentHoldCo,1088.14,1067.0,1092.02,B,0.05,0.35,6.08,2022-03-06,2029-05-24,1,0,0
LON02359,GU,"Scott, Lee and Boyd",RealEstate,415.51,344.09,356.74,AA,0.0005,0.25,4.08,2023-04-07,2026-02-03,1,60,0
LON02360,BM,Webb-Gardner,Technology,958.96,775.49,790.56,A,0.001,0.6,4.79,2021-12-09,2023-11-24,1,30,0
LON02361,KY,Brown Group,Energy,236.73,215.58,223.57,B,0.05,0.25,8.92,2021-03-03,2029-04-13,1,0,0
LON02362,KY,Flores Group,Shipping,955.26,833.67,860.92,AAA,0.0001,0.6,8.05,2023-02-24,2026-06-26,1,60,0
LON02363,BM,Martinez Inc,PrivateWealth,1340.37,1035.38,1085.0,AA,0.0005,0.25,6.4,2021-07-30,2027-08-24,1,0,0
LON02364,BM,"Rodriguez, Jones and Williams",Technology,541.45,431.36,440.26,B,0.05,0.45,8.38,2023-10-16,2025-08-26,1,90,0
LON02365,KY,Stevens Inc,RealEstate,645.82,550.79,569.84,A,0.001,0.25,5.84,2020-06-30,2023-07-12,1,0,0
LON02366,GU,Stephenson-Wilson,Shipping,335.12,292.6,293.42,BB,0.02,0.25,6.19,2020-11-13,2029-08-29,1,30,0
LON02367,KY,"Butler, Smith and Dixon",Retail,564.06,558.84,583.82,BB,0.02,0.35,8.21,2021-10-03,2024-08-04,1,0,0
LON02368,BM,Williams-Terry,Retail,979.06,950.47,988.04,AA,0.0005,0.25,5.26,2022-01-18,2027-03-24,1,30,0
LON02369,KY,Reynolds-Olson,Technology,1482.83,1312.38,1362.1,AA,0.0005,0.35,8.69,2022-09-29,2028-09-14,1,0,0
LON02370,KY,Long Ltd,RealEstate,333.54,274.56,285.97,A,0.001,0.45,8.64,2022-05-11,2027-04-10,1,90,0
LON02371,KY,Schroeder PLC,InvestmentHoldCo,366.57,355.97,361.23,B,0.05,0.25,4.98,2023-03-04,2027-06-19,1,0,0
LON02372,KY,"Bowen, Murray and Horton",Shipping,2882.83,2384.5,2499.61,BBB,0.005,0.25,5.52,2021-03-27,2026-10-17,1,0,0
LON02373,BM,"Blair, Reynolds and Estrada",Hospitality,781.69,661.75,680.75,A,0.001,0.6,3.09,2019-08-22,2025-07-06,3,0,0
LON02374,BM,"Hopkins, Underwood and Weber",Shipping,605.39,600.86,621.79,A,0.001,0.45,7.67,2023-08-03,2032-05-22,1,30,0
LON02375,JE,Padilla LLC,Shipping,820.21,767.19,771.47,A,0.001,0.25,6.43,2019-10-18,2023-02-17,1,0,0
LON02376,KY,Garcia-Smith,PrivateWealth,707.72,553.44,561.09,AA,0.0005,0.25,8.55,2022-12-08,2028-04-23,1,60,0
LON02377,KY,"Davis, Pacheco and Huff",Hospitality,1738.84,1582.54,1584.39,AA,0.0005,0.45,7.27,2021-07-22,2027-08-27,1,0,0
LON02378,BM,Ward-Moore,Shipping,425.16,381.11,396.83,BBB,0.005,0.45,5.96,2020-07-26,2024-12-24,1,60,0
LON02379,JE,"Valdez, Fisher and Brown",PrivateWealth,193.39,172.37,179.9,AAA,0.0001,0.25,7.18,2023-05-02,2031-03-09,2,60,0
LON02380,KY,Flores Inc,Technology,533.59,504.89,521.36,AA,0.0005,0.6,8.6,2023-10-07,2029-04-16,1,0,0
LON02381,KY,Villarreal Inc,RealEstate,733.06,617.11,621.04,BB,0.02,0.25,6.75,2022-05-29,2026-09-14,2,90,0
LON02382,GU,"Mercado, Murphy and Barrett",Energy,1016.81,869.94,873.8,AA,0.0005,0.25,3.92,2022-08-13,2030-11-04,1,0,0
LON02383,BM,Hall and Sons,InvestmentHoldCo,1544.86,1522.7,1573.35,AAA,0.0001,0.6,7.64,2024-03-05,2028-03-15,2,0,0
LON02384,BM,Robertson Group,InvestmentHoldCo,1286.96,1198.88,1219.64,BBB,0.005,0.25,5.52,2021-03-21,2023-06-19,1,0,0
LON02385,BM,Landry-Wilson,Hospitality,555.74,485.84,500.43,BB,0.02,0.45,8.11,2021-02-21,2030-11-18,1,0,0
LON02386,KY,Whitney-Valdez,InvestmentHoldCo,1064.48,848.85,868.17,B,0.05,0.25,3.14,2023-08-10,2032-12-13,1,90,0
LON02387,KY,Nelson Group,PrivateWealth,598.59,493.89,506.44,AAA,0.0001,0.25,7.05,2020-05-03,2027-10-01,1,0,0
LON02388,GU,Hunter Ltd,InvestmentHoldCo,458.5,359.85,361.59,BBB,0.005,0.25,5.2,2024-01-16,2032-09-17,2,0,0
LON02389,BM,Berry-Smith,Retail,557.57,455.69,457.87,BBB,0.005,0.35,3.63,2022-06-10,2027-08-18,2,0,0
LON02390,JE,Gates-Acevedo,RealEstate,771.39,766.67,792.52,BB,0.02,0.6,6.71,2021-11-30,2027-11-13,1,60,0
LON02391,KY,"Brown, Nixon and Owens",Energy,729.19,678.07,686.21,BBB,0.005,0.25,3.3,2021-04-19,2027-09-30,1,0,0
LON02392,GU,Lee-Harris,PrivateWealth,1047.11,924.09,939.95,A,0.001,0.25,5.65,2020-03-21,2029-10-24,1,0,0
LON02393,KY,"Lloyd, Weaver and Banks",InvestmentHoldCo,230.0,205.21,210.27,B,0.05,0.25,5.35,2023-05-25,2024-07-27,1,30,0
LON02394,KY,Rivera-Brown,Shipping,541.93,444.81,464.84,BBB,0.005,0.25,4.54,2020-11-13,2025-01-03,1,0,0
LON02395,GU,"Cervantes, Welch and Collins",Hospitality,1375.35,1332.49,1368.11,BB,0.02,0.25,6.18,2022-01-24,2031-06-19,1,0,0
LON02396,BM,"Kirk, Abbott and Martinez",Retail,278.13,272.22,279.49,A,0.001,0.45,4.21,2020-10-07,2026-11-19,2,30,0
LON02397,BM,Hall-Weiss,RealEstate,1336.07,1196.8,1231.26,BB,0.02,0.25,8.83,2023-08-26,2026-04-11,1,0,0
LON02398,KY,"Parker, Huang and Munoz",Energy,272.16,262.38,264.08,B,0.05,0.35,7.62,2020-08-23,2022-03-31,1,0,0
LON02399,BM,"Underwood, Smith and Allen",Energy,1019.66,900.24,923.09,BB,0.02,0.6,5.93,2020-07-05,2026-04-06,1,0,0
LON02400,BM,Nunez Group,PrivateWealth,715.51,685.73,717.6,BBB,0.005,0.45,3.06,2019-07-10,2020-08-14,2,0,0
LON02401,KY,"Miller, Poole and Villegas",InvestmentHoldCo,389.4,312.87,317.7,B,0.05,0.45,7.24,2022-06-15,2028-03-10,1,0,0
LON02402,BM,"Sanchez, Walsh and Scott",Hospitality,1766.18,1385.17,1400.87,B,0.05,0.25,6.86,2020-08-18,2025-08-05,1,0,0
LON02403,BM,"Brown, Lewis and Taylor",PrivateWealth,893.42,817.08,842.4,BB,0.02,0.35,8.86,2022-03-23,2028-08-28,1,0,0
LON02404,KY,"Johnson, Lynch and Price",PrivateWealth,411.7,346.26,359.64,BB,0.02,0.25,3.06,2020-08-18,2028-11-21,1,90,0
LON02405,GU,Brown Group,PrivateWealth,295.33,241.33,247.12,BBB,0.005,0.35,7.0,2020-06-16,2027-08-05,1,60,0
LON02406,KY,Meyer-Miller,Technology,386.17,354.16,360.47,A,0.001,0.25,3.2,2023-02-25,2027-02-27,3,0,0
LON02407,GU,Cole-Hancock,Energy,585.09,499.97,521.22,BBB,0.005,0.6,5.53,2021-03-01,2030-02-04,2,0,0
LON02408,BM,Miller-Harris,Retail,445.43,438.75,445.76,BBB,0.005,0.6,3.96,2023-10-15,2030-12-24,1,0,0
LON02409,BM,"Glover, Howard and Murray",PrivateWealth,1959.52,1734.1,1815.87,BBB,0.005,0.6,5.11,2021-04-15,2026-12-08,1,90,0
LON02410,BM,Maldonado-Bates,Retail,692.02,603.53,612.11,A,0.001,0.45,6.48,2021-02-26,2026-09-01,1,0,0
LON02411,GU,House PLC,InvestmentHoldCo,679.25,595.7,621.57,A,0.001,0.35,8.78,2023-11-12,2028-09-26,1,90,0
LON02412,GU,Austin-Robinson,Hospitality,438.16,401.56,407.94,B,0.05,0.25,7.31,2022-06-08,2028-12-06,1,0,0
LON02413,JE,White LLC,PrivateWealth,275.72,261.6,272.06,AA,0.0005,0.45,6.67,2024-03-15,2033-08-16,1,30,0
LON02414,JE,"Cunningham, Peters and Pierce",Hospitality,449.21,441.55,455.88,A,0.001,0.45,6.76,2023-08-13,2033-03-24,1,0,0
LON02415,BM,Thomas-Farrell,Energy,209.49,204.89,211.35,B,0.05,0.25,8.54,2019-12-16,2025-06-24,1,90,0
LON02416,JE,"Christensen, Parker and Figueroa",RealEstate,823.97,661.09,669.48,BBB,0.005,0.25,7.78,2020-09-05,2024-07-04,1,60,0
LON02417,GU,Jackson PLC,Shipping,438.63,373.59,375.16,BB,0.02,0.35,4.24,2021-07-09,2031-01-01,1,0,0
LON02418,BM,Tapia-Mcneil,PrivateWealth,381.45,352.34,354.73,AA,0.0005,0.45,3.74,2021-12-29,2027-05-09,1,0,0
LON02419,KY,"Parker, Guerra and Rodriguez",Shipping,505.53,442.08,452.94,BBB,0.005,0.6,4.77,2022-12-06,2028-08-18,1,30,0
LON02420,KY,Fisher Ltd,Technology,2144.73,1783.55,1868.95,BB,0.02,0.25,4.29,2019-10-07,2025-01-30,1,0,0
LON02421,KY,"Clark, Murphy and Alexander",RealEstate,1239.28,1134.35,1158.87,A,0.001,0.6,6.88,2019-08-15,2025-01-21,1,0,0
LON02422,BM,Gutierrez-Robinson,Technology,561.06,442.89,448.48,BB,0.02,0.6,8.99,2019-11-24,2022-07-09,1,0,0
LON02423,BM,Walker-Moreno,InvestmentHoldCo,769.55,718.25,750.74,BBB,0.005,0.35,3.59,2022-09-06,2030-05-28,1,0,0
LON02424,BM,"Wells, Hamilton and Hunt",Retail,1369.75,1207.07,1258.87,A,0.001,0.25,3.25,2019-11-10,2020-12-27,1,90,0
LON02425,JE,"Baker, Wolfe and Jefferson",Retail,387.89,350.58,350.69,BBB,0.005,0.35,7.36,2024-05-11,2030-05-20,1,30,0
LON02426,JE,King-Johnson,Technology,670.39,563.4,585.81,BB,0.02,0.25,7.84,2024-05-10,2033-10-06,2,0,0
LON02427,BM,"Berger, Taylor and Miller",InvestmentHoldCo,646.61,581.87,586.05,BB,0.02,0.25,6.99,2023-06-15,2028-04-30,1,0,0
LON02428,KY,Evans Inc,Hospitality,589.17,565.95,576.22,BBB,0.005,0.25,8.17,2021-04-13,2025-07-08,1,0,0
LON02429,KY,"Perez, Bell and Lucas",Technology,483.08,375.66,392.31,BB,0.02,0.35,3.83,2020-12-23,2027-09-09,3,0,0
LON02430,BM,Dixon-Barrera,Shipping,488.89,408.22,416.95,A,0.001,0.25,3.72,2021-01-03,2027-07-11,1,0,0
LON02431,KY,Mccarthy-Perez,Technology,1921.98,1854.9,1870.88,A,0.001,0.45,5.99,2021-02-16,2024-06-20,1,0,0
LON02432,BM,"Diaz, Rodriguez and Washington",InvestmentHoldCo,713.21,604.57,608.41,AA,0.0005,0.25,5.36,2021-01-17,2026-01-08,2,0,0
LON02433,GU,Boyd Ltd,InvestmentHoldCo,971.98,792.42,793.89,A,0.001,0.35,8.24,2020-03-05,2028-01-13,1,0,0
LON02434,BM,"White, Castillo and Green",Retail,638.06,504.03,516.81,B,0.05,0.35,7.16,2023-07-10,2025-03-01,2,60,0
LON02435,BM,Zuniga-Barry,Retail,1950.81,1865.35,1929.2,BB,0.02,0.6,7.11,2019-11-01,2021-06-04,1,0,0
LON02436,JE,Hill Group,Technology,592.67,564.89,592.35,BBB,0.005,0.25,4.3,2022-07-15,2025-06-10,1,0,0
LON02437,BM,Harrison-Smith,Technology,3063.81,2797.26,2849.23,BBB,0.005,0.35,8.06,2021-08-18,2028-07-01,1,0,0
LON02438,GU,Baker LLC,Energy,399.9,392.88,402.45,BB,0.02,0.45,8.48,2019-11-05,2024-11-24,1,0,0
LON02439,BM,Moore-Moore,InvestmentHoldCo,1775.23,1404.1,1465.79,BBB,0.005,0.25,8.71,2023-12-09,2027-10-04,2,30,0
LON02440,KY,"Myers, Luna and Schmidt",Technology,3584.08,2874.15,2997.12,BB,0.02,0.35,3.99,2023-06-22,2025-11-27,1,90,0
LON02441,BM,Stewart-Williams,PrivateWealth,990.59,783.75,819.26,BBB,0.005,0.6,7.16,2020-03-23,2028-08-16,1,0,0
LON02442,BM,Montgomery Ltd,InvestmentHoldCo,261.1,239.12,246.6,A,0.001,0.35,8.4,2023-01-10,2024-04-15,3,0,0
LON02443,JE,"Hayes, Peterson and Green",RealEstate,2592.04,2499.16,2571.71,B,0.05,0.6,3.18,2023-09-14,2032-12-30,1,90,0
LON02444,BM,Christian and Sons,Shipping,942.09,778.63,816.78,BBB,0.005,0.25,7.49,2023-08-20,2032-01-14,1,60,0
LON02445,BM,Castro-Johnson,Retail,959.19,766.47,771.58,B,0.05,0.35,3.93,2023-06-19,2025-11-08,1,0,0
LON02446,BM,Smith-Vaughan,RealEstate,178.4,169.72,172.18,A,0.001,0.6,4.72,2022-08-09,2024-12-28,2,0,0
LON02447,KY,Williams LLC,InvestmentHoldCo,1164.08,1018.9,1047.27,BB,0.02,0.35,3.57,2020-06-13,2027-08-24,1,60,0
LON02448,KY,Clay LLC,Technology,1056.44,914.92,920.75,AA,0.0005,0.25,5.72,2022-04-10,2023-06-22,1,90,0
LON02449,BM,Green-Davis,PrivateWealth,4809.45,4160.85,4256.57,A,0.001,0.35,8.9,2022-09-24,2025-01-07,1,60,0
LON02450,KY,Baker Ltd,InvestmentHoldCo,351.01,344.64,358.15,BBB,0.005,0.25,8.48,2019-07-08,2025-07-09,1,0,0
LON02451,BM,"Hughes, Gray and Vasquez",Energy,441.83,371.0,381.12,BBB,0.005,0.25,7.76,2020-02-06,2029-06-11,1,90,0
LON02452,BM,Wyatt-Johnson,PrivateWealth,867.2,742.32,754.86,BB,0.02,0.45,5.32,2022-05-02,2030-11-09,1,0,0
LON02453,GU,Brown PLC,Hospitality,505.27,430.83,437.93,BBB,0.005,0.25,3.53,2024-02-03,2028-05-21,1,0,0
LON02454,KY,Garcia-Edwards,Retail,144.67,139.06,144.16,B,0.05,0.25,4.92,2024-01-24,2030-08-04,1,0,0
LON02455,KY,Ramos-Reynolds,Energy,640.14,589.26,608.0,AAA,0.0001,0.6,8.45,2023-12-26,2029-04-26,1,0,0
LON02456,BM,Russell and Sons,Shipping,767.59,761.49,775.83,BBB,0.005,0.35,7.63,2021-09-17,2022-12-31,1,90,0
LON02457,BM,Orr PLC,Shipping,943.15,848.61,860.43,AAA,0.0001,0.25,7.05,2023-01-28,2024-03-31,1,0,0
LON02458,BM,Terrell-Johnson,Hospitality,1629.05,1435.84,1501.56,BBB,0.005,0.45,6.53,2023-12-17,2031-02-02,1,0,0
LON02459,KY,Powell LLC,Energy,546.19,532.39,547.9,B,0.05,0.35,3.45,2020-04-13,2022-07-03,1,30,0
LON02460,JE,Brown-Cooper,Technology,808.48,774.62,782.81,BBB,0.005,0.35,6.48,2021-04-28,2028-12-12,1,0,0
LON02461,BM,Woods-Rodriguez,Shipping,1277.57,1021.26,1023.78,BBB,0.005,0.6,6.88,2023-03-15,2030-02-28,1,60,0
LON02462,JE,"Wright, Sanders and Hays",Technology,654.81,570.74,588.37,BBB,0.005,0.45,7.05,2021-12-01,2028-05-14,1,0,0
LON02463,JE,Wilson-Burns,PrivateWealth,383.94,371.03,371.43,BBB,0.005,0.45,4.47,2023-05-02,2032-08-27,1,30,0
LON02464,BM,Schneider-Thompson,RealEstate,1527.13,1185.3,1203.86,AA,0.0005,0.45,4.3,2022-08-27,2025-11-11,2,60,0
LON02465,BM,"Rogers, Randall and Santiago",Hospitality,926.81,716.38,749.72,BB,0.02,0.35,6.02,2022-08-15,2030-11-08,1,0,0
LON02466,BM,"Garrett, Tucker and Thompson",Retail,2336.81,2040.18,2075.57,AA,0.0005,0.25,3.62,2019-10-11,2027-11-02,1,0,0
LON02467,KY,"Berry, Barber and Hoffman",PrivateWealth,184.93,160.48,161.32,A,0.001,0.25,6.26,2020-11-28,2029-02-23,1,60,0
LON02468,KY,"Brown, Orozco and Moore",PrivateWealth,1052.21,836.97,876.03,AAA,0.0001,0.25,6.94,2021-05-08,2030-08-25,1,60,0
LON02469,KY,Anderson Inc,Technology,676.44,650.89,664.44,BB,0.02,0.35,5.25,2022-10-30,2029-10-26,2,0,0
LON02470,BM,Allen Ltd,RealEstate,585.19,532.47,547.1,BBB,0.005,0.25,7.98,2019-07-04,2024-10-26,1,0,0
LON02471,BM,Aguilar Group,InvestmentHoldCo,329.19,256.64,259.34,AAA,0.0001,0.35,3.26,2022-07-09,2025-10-26,1,0,0
LON02472,KY,Crane-Schmitt,Shipping,410.32,375.7,380.55,BBB,0.005,0.25,8.91,2022-12-21,2027-03-03,2,0,0
LON02473,KY,Berger-Bender,Shipping,726.62,587.38,597.34,AA,0.0005,0.6,8.29,2021-04-29,2023-09-18,1,0,0
LON02474,BM,Williams-Fowler,Technology,354.98,295.02,296.52,A,0.001,0.25,6.32,2020-08-08,2027-11-22,1,0,0
LON02475,BM,Estrada Ltd,Energy,3100.69,2817.46,2862.99,BBB,0.005,0.25,6.67,2021-07-13,2022-08-04,1,0,0
LON02476,BM,"Newman, Robertson and King",PrivateWealth,1351.71,1239.34,1280.83,A,0.001,0.6,5.79,2019-09-18,2021-10-02,2,30,0
LON02477,BM,Campbell Group,Energy,224.78,202.93,209.41,BB,0.02,0.45,7.88,2020-03-20,2028-02-14,1,0,0
LON02478,JE,Thomas Inc,PrivateWealth,2267.45,2016.5,2047.38,BBB,0.005,0.35,5.2,2022-10-28,2030-11-14,2,0,0
LON02479,GU,Shelton-Johnston,PrivateWealth,750.31,679.4,689.23,BB,0.02,0.25,8.41,2023-01-20,2032-11-21,1,0,0
LON02480,KY,"Sandoval, Valentine and Jones",InvestmentHoldCo,237.41,210.82,212.31,BBB,0.005,0.35,8.89,2023-02-16,2027-05-27,1,90,0
LON02481,BM,"Casey, Kline and Johnson",PrivateWealth,520.73,497.31,507.0,A,0.001,0.35,5.14,2022-11-25,2031-05-29,2,0,0
LON02482,KY,Butler-Tyler,Shipping,1317.51,1015.25,1041.94,AAA,0.0001,0.45,7.5,2019-10-22,2024-02-10,1,0,0
LON02483,KY,Shaw-Marshall,Technology,987.63,764.65,782.96,BBB,0.005,0.35,8.22,2023-10-12,2028-10-12,1,0,0
LON02484,KY,"Woodward, Willis and Thompson",PrivateWealth,574.0,513.11,513.38,B,0.05,0.45,7.71,2021-07-05,2027-10-20,1,0,0
LON02485,KY,Bishop-Silva,Shipping,683.57,646.65,660.37,AA,0.0005,0.25,4.68,2020-03-27,2025-05-12,1,0,0
LON02486,KY,"Roberts, Dickerson and Martinez",PrivateWealth,1842.63,1531.47,1606.28,AA,0.0005,0.35,4.2,2024-04-03,2025-07-17,2,30,0
LON02487,GU,"Rosales, Stout and Mcguire",Retail,529.14,431.31,434.28,A,0.001,0.25,4.94,2020-07-08,2030-05-31,1,90,0
LON02488,BM,Sims-Palmer,RealEstate,146.24,140.31,144.24,BBB,0.005,0.6,4.01,2023-10-17,2032-05-29,1,0,0
LON02489,JE,Merritt Ltd,Shipping,844.17,752.65,760.19,BBB,0.005,0.45,4.36,2022-05-11,2031-02-03,1,0,0
LON02490,JE,Evans and Sons,Retail,778.86,618.53,633.54,BBB,0.005,0.45,5.84,2023-09-15,2031-11-20,1,90,0
LON02491,BM,"Morales, Williams and Boyd",Energy,3516.14,3151.48,3236.37,AA,0.0005,0.45,4.86,2021-11-28,2029-03-01,2,30,0
LON02492,KY,Young-Montgomery,Technology,1721.99,1697.79,1708.99,BB,0.02,0.25,8.88,2022-08-23,2027-06-16,2,30,0
LON02493,JE,"Calderon, Lopez and Chen",InvestmentHoldCo,1084.83,1033.11,1052.15,B,0.05,0.6,6.42,2024-01-21,2032-01-27,2,0,0
LON02494,BM,"Castaneda, Richardson and Kelly",Retail,236.99,188.84,196.11,BB,0.02,0.35,7.33,2023-06-09,2030-06-23,1,0,0
LON02495,KY,Guzman-Lee,RealEstate,1373.18,1276.71,1309.55,AA,0.0005,0.25,7.16,2021-06-16,2023-01-04,2,0,0
LON02496,BM,Morris Inc,Shipping,1754.35,1384.37,1399.38,B,0.05,0.25,8.11,2022-03-19,2023-11-02,1,0,0
LON02497,BM,Curtis Group,InvestmentHoldCo,1255.98,1130.03,1133.65,A,0.001,0.35,6.88,2023-06-21,2025-02-16,1,0,0
LON02498,KY,Torres LLC,Energy,987.35,789.73,793.73,A,0.001,0.45,8.3,2020-06-29,2023-06-05,1,30,0
LON02499,JE,Hunter Inc,Retail,1781.58,1442.12,1459.5,BB,0.02,0.25,5.01,2020-01-23,2030-01-03,1,0,0
LON02500,KY,Turner Group,RealEstate,285.21,240.15,251.11,BBB,0.005,0.25,5.57,2020-04-10,2029-02-28,1,90,0
LON02501,KY,Simpson and Sons,PrivateWealth,633.69,577.11,580.03,BB,0.02,0.35,6.07,2021-10-07,2026-02-17,1,0,0
LON02502,GU,Lam-White,RealEstate,749.96,618.45,632.71,A,0.001,0.25,5.6,2023-05-02,2024-09-01,1,30,0
LON02503,BM,White Ltd,PrivateWealth,396.14,314.61,330.02,BB,0.02,0.45,5.53,2024-03-26,2027-12-29,1,0,0
LON02504,GU,"Wagner, Leonard and Young",Shipping,518.56,407.7,419.51,A,0.001,0.45,7.4,2020-05-28,2029-05-02,1,0,0
LON02505,BM,Johnson-Smith,Shipping,186.99,152.6,153.93,BBB,0.005,0.25,5.72,2020-01-19,2029-01-07,1,0,0
LON02506,BM,Lane-Hall,RealEstate,1503.99,1437.09,1495.48,BBB,0.005,0.6,8.9,2023-04-16,2025-11-28,1,0,0
LON02507,BM,Erickson-Alvarez,Hospitality,673.63,653.0,682.69,A,0.001,0.35,7.73,2022-01-09,2027-03-10,1,0,0
LON02508,BM,Davis-Armstrong,Energy,317.37,271.83,276.85,BB,0.02,0.25,8.83,2019-12-04,2027-01-15,1,0,0
LON02509,BM,Jenkins Ltd,RealEstate,1185.68,971.17,983.61,BBB,0.005,0.25,7.3,2019-12-08,2023-03-01,1,60,0
LON02510,JE,Pope-Carter,PrivateWealth,698.91,583.91,601.6,BBB,0.005,0.25,4.14,2023-07-12,2025-06-25,1,0,0
LON02511,JE,"Johnson, Phillips and Johnson",Shipping,846.49,689.74,700.59,A,0.001,0.25,6.04,2020-06-24,2026-07-22,1,30,0
LON02512,KY,Hughes LLC,RealEstate,617.86,492.36,503.81,A,0.001,0.25,6.77,2020-01-06,2023-07-20,1,60,0
LON02513,BM,Bailey-Barker,RealEstate,505.0,418.78,421.18,A,0.001,0.25,4.88,2020-01-11,2022-06-24,2,0,0
LON02514,JE,Roberts-Peterson,PrivateWealth,674.69,671.84,700.75,BBB,0.005,0.6,3.91,2022-03-06,2024-09-10,1,30,0
LON02515,GU,"Meyers, Foster and Harris",Technology,980.03,841.7,880.35,BBB,0.005,0.45,4.59,2023-12-05,2026-08-17,1,60,0
LON02516,BM,"Wong, Jackson and Campbell",Shipping,2877.93,2284.76,2393.88,BBB,0.005,0.45,8.23,2022-03-06,2026-05-10,2,0,0
LON02517,KY,Craig Inc,Technology,1442.74,1190.98,1202.69,BBB,0.005,0.35,8.17,2023-03-23,2029-11-30,1,60,0
LON02518,GU,Johnson PLC,Hospitality,561.95,442.8,455.6,BBB,0.005,0.25,6.13,2021-08-30,2028-07-16,1,0,0
LON02519,GU,Poole Inc,Retail,596.07,587.4,588.81,BBB,0.005,0.45,6.87,2021-03-21,2030-03-16,1,90,0
LON02520,KY,Holland-Barker,Shipping,702.57,627.32,652.63,BBB,0.005,0.45,6.4,2021-08-27,2023-04-20,2,0,0
LON02521,GU,Foster Ltd,Hospitality,757.88,755.13,765.84,A,0.001,0.25,7.95,2021-04-13,2022-12-17,1,0,0
LON02522,BM,Brown LLC,Technology,692.57,556.28,568.37,AA,0.0005,0.25,8.58,2024-03-26,2026-06-04,2,0,0
LON02523,KY,Esparza-Mccann,RealEstate,550.55,486.11,493.48,A,0.001,0.25,8.16,2020-08-21,2027-10-04,1,0,0
LON02524,KY,"Shaw, Ruiz and Martin",RealEstate,813.01,708.77,731.64,BBB,0.005,0.25,4.22,2019-11-16,2028-05-11,1,0,0
LON02525,JE,Grant Group,PrivateWealth,716.43,667.46,670.37,BBB,0.005,0.25,5.75,2021-03-15,2027-10-29,1,0,0
LON02526,BM,Hernandez-Jordan,Hospitality,1184.99,959.39,988.63,BBB,0.005,0.45,6.4,2020-03-18,2025-12-06,1,0,0
LON02527,BM,"Stevens, Brady and Berry",InvestmentHoldCo,615.59,581.11,606.17,B,0.05,0.6,4.61,2020-04-20,2022-01-31,1,0,0
LON02528,BM,Griffith-Schultz,Hospitality,148.4,135.01,140.23,A,0.001,0.25,4.39,2022-11-16,2029-09-05,1,0,0
LON02529,KY,"Moore, Jones and Guzman",Energy,1027.53,861.32,871.7,BB,0.02,0.45,3.65,2023-01-14,2026-02-05,1,0,0
LON02530,KY,Smith PLC,InvestmentHoldCo,1147.84,947.22,957.56,B,0.05,0.45,5.16,2024-06-27,2026-12-21,1,0,0
LON02531,BM,"Clark, Brown and Parks",Technology,369.18,337.97,338.98,A,0.001,0.35,4.78,2019-10-28,2021-06-20,1,30,0
LON02532,BM,Molina-Smith,Shipping,770.97,596.24,601.0,B,0.05,0.25,4.14,2021-11-22,2025-10-10,1,0,0
LON02533,KY,Aguilar Ltd,Hospitality,1220.51,1056.1,1067.13,BBB,0.005,0.25,5.98,2021-08-26,2028-02-28,1,90,0
LON02534,KY,Taylor-Phelps,Shipping,460.48,419.72,436.12,A,0.001,0.45,7.74,2021-12-26,2026-12-09,1,60,0
LON02535,KY,Wood Group,Retail,634.49,520.43,540.56,BB,0.02,0.25,7.74,2019-07-30,2020-10-27,1,0,0
LON02536,BM,Brown Group,Shipping,448.46,363.89,366.41,A,0.001,0.6,6.54,2021-11-02,2030-01-11,1,0,0
LON02537,GU,"Jackson, Anderson and Collins",Retail,815.36,637.32,660.54,BBB,0.005,0.25,7.41,2024-01-18,2028-11-18,1,0,0
LON02538,BM,Maldonado-Day,Shipping,508.86,406.34,421.82,BB,0.02,0.25,4.14,2020-10-30,2025-12-30,1,0,0
LON02539,JE,"Harris, Powell and Jackson",Energy,995.91,857.75,865.79,AA,0.0005,0.25,5.91,2019-08-26,2024-01-13,1,0,0
LON02540,KY,"Lamb, Gonzalez and Robinson",Energy,2644.06,2132.35,2168.81,BBB,0.005,0.25,6.2,2020-10-08,2024-11-09,1,0,0
LON02541,KY,"Jones, Myers and Tucker",Shipping,1480.94,1282.22,1282.45,BBB,0.005,0.45,5.05,2023-08-20,2028-12-21,1,60,0
LON02542,BM,"Frederick, Huffman and Williams",Energy,277.54,268.69,269.39,A,0.001,0.45,5.88,2023-06-28,2032-08-14,1,60,0
LON02543,KY,Huffman and Sons,Retail,843.52,701.41,702.59,A,0.001,0.35,3.86,2020-11-15,2028-12-03,1,0,0
LON02544,KY,"Carrillo, Watson and Dalton",RealEstate,442.74,404.75,412.64,BB,0.02,0.25,7.19,2021-06-24,2028-06-28,1,30,0
LON02545,GU,"Fletcher, Horn and Melton",Hospitality,717.6,686.4,708.59,BBB,0.005,0.6,8.24,2020-07-19,2025-05-26,1,0,0
LON02546,BM,Day Inc,Hospitality,566.03,450.85,460.95,A,0.001,0.25,8.04,2019-11-07,2023-11-13,1,0,0
LON02547,KY,Vance-Dean,Shipping,744.53,672.54,682.73,BBB,0.005,0.6,4.79,2023-11-13,2030-07-18,2,30,0
LON02548,BM,Santiago and Sons,RealEstate,388.01,362.8,372.5,BBB,0.005,0.35,5.07,2022-03-31,2030-04-10,1,30,0
LON02549,KY,Wilson-Moore,Energy,688.39,604.62,631.74,AA,0.0005,0.25,8.53,2021-05-18,2023-11-04,1,0,0
LON02550,BM,Braun Group,Energy,1394.69,1105.39,1158.22,BB,0.02,0.45,8.16,2020-09-20,2028-11-17,1,30,0
LON02551,KY,Coleman Inc,InvestmentHoldCo,2380.76,1878.95,1930.08,B,0.05,0.35,6.02,2020-12-01,2029-04-21,1,30,0
LON02552,KY,Bennett Group,PrivateWealth,604.44,562.57,575.85,A,0.001,0.45,8.23,2022-04-28,2025-12-07,2,0,0
LON02553,KY,Simpson Group,Shipping,1682.28,1368.73,1375.04,BB,0.02,0.45,4.62,2023-10-31,2033-02-18,1,60,0
LON02554,JE,"Lowe, Nguyen and Chapman",Shipping,612.72,542.02,546.49,A,0.001,0.35,4.87,2020-06-27,2025-04-01,1,0,0
LON02555,BM,"Flynn, Smith and Moore",Shipping,970.08,843.4,845.89,A,0.001,0.25,6.32,2024-02-21,2030-12-07,1,30,0
LON02556,KY,"Jackson, Brown and Robinson",Hospitality,937.52,760.48,786.17,A,0.001,0.6,6.33,2022-12-02,2032-06-06,1,90,0
LON02557,BM,"Nichols, Rivera and Davis",PrivateWealth,703.17,597.4,626.91,BBB,0.005,0.25,8.43,2020-03-26,2027-01-17,1,30,0
LON02558,BM,Henderson Group,RealEstate,711.35,594.97,603.38,AA,0.0005,0.25,5.42,2020-07-31,2028-06-15,1,0,0
LON02559,KY,Savage-Mack,RealEstate,1148.77,894.38,899.75,BBB,0.005,0.25,4.33,2020-08-21,2028-08-18,1,0,0
LON02560,BM,Ross-Hernandez,Energy,1716.9,1476.97,1491.9,B,0.05,0.45,5.2,2021-06-22,2023-10-05,1,0,0
LON02561,GU,Edwards Ltd,PrivateWealth,250.8,200.05,207.0,AAA,0.0001,0.35,4.7,2022-09-01,2026-04-24,1,30,0
LON02562,JE,"Nelson, Wu and Lopez",Shipping,403.62,341.5,352.06,B,0.05,0.35,6.49,2024-06-27,2032-10-05,2,90,0
LON02563,KY,Manning-Mcmahon,RealEstate,485.53,383.24,391.02,BB,0.02,0.25,5.44,2020-02-18,2028-06-26,1,0,0
LON02564,KY,Vasquez Ltd,Energy,415.02,387.47,390.89,BBB,0.005,0.35,8.59,2019-11-20,2028-02-23,2,90,0
LON02565,BM,"Forbes, Thomas and Mcgee",Energy,695.05,671.39,697.55,A,0.001,0.45,3.99,2019-07-06,2022-02-09,1,0,0
LON02566,BM,Becker PLC,Retail,859.6,692.22,709.78,A,0.001,0.35,4.45,2020-04-23,2024-03-04,1,60,0
LON02567,GU,Martin Ltd,Energy,531.44,423.06,436.58,B,0.05,0.6,7.08,2020-04-16,2026-01-16,1,0,0
LON02568,JE,"Brown, Reeves and Brown",Hospitality,539.45,463.18,474.49,AA,0.0005,0.35,3.07,2022-10-15,2032-06-02,1,0,0
LON02569,BM,Perez-Ponce,InvestmentHoldCo,3377.36,2723.17,2819.78,A,0.001,0.45,8.39,2020-01-23,2023-08-01,1,0,0
LON02570,KY,Smith Ltd,InvestmentHoldCo,1555.32,1203.83,1232.28,AA,0.0005,0.35,8.73,2021-08-25,2026-10-11,1,0,0
LON02571,BM,"Lewis, Jimenez and Mccarthy",Technology,489.92,409.29,418.98,BBB,0.005,0.35,8.06,2019-09-12,2023-02-02,1,90,0
LON02572,JE,Mahoney-Conway,Technology,655.79,647.93,661.23,BB,0.02,0.45,8.4,2022-03-22,2025-12-12,1,0,0
LON02573,KY,Cole Inc,Shipping,501.88,426.26,446.26,BB,0.02,0.35,6.29,2020-12-20,2024-09-17,1,30,0
LON02574,BM,Clark-Hall,Hospitality,690.28,601.68,619.01,BBB,0.005,0.6,3.72,2019-12-09,2022-10-13,1,0,0
LON02575,KY,Phillips-Galloway,Hospitality,699.52,580.69,588.39,BBB,0.005,0.6,6.61,2023-11-04,2026-09-14,1,30,0
LON02576,BM,Lee PLC,PrivateWealth,1088.64,957.07,968.28,BBB,0.005,0.6,8.61,2020-11-21,2025-07-30,1,0,0
LON02577,GU,Hayes-Mendez,Shipping,1164.45,1126.1,1180.47,A,0.001,0.45,5.83,2020-06-25,2024-09-24,1,0,0
LON02578,KY,Hernandez Inc,Shipping,329.39,319.21,334.86,BBB,0.005,0.6,3.82,2022-04-05,2023-09-01,1,0,0
LON02579,KY,"Le, Perez and Atkinson",PrivateWealth,587.55,514.39,537.92,BBB,0.005,0.25,6.02,2022-09-07,2029-02-06,1,30,0
LON02580,BM,Dunn PLC,PrivateWealth,188.79,185.94,194.2,BBB,0.005,0.6,5.09,2022-07-28,2024-01-30,1,60,0
LON02581,BM,Blair PLC,Shipping,1340.3,1283.9,1314.94,BBB,0.005,0.45,4.47,2020-05-11,2023-08-27,1,30,0
LON02582,BM,Taylor-Glover,Energy,541.38,459.41,470.21,AAA,0.0001,0.25,6.39,2021-10-31,2024-03-12,1,0,0
LON02583,BM,Hicks Ltd,RealEstate,663.26,543.56,553.8,AA,0.0005,0.35,6.59,2021-01-10,2022-11-24,1,30,0
LON02584,KY,"Parks, Owens and Garcia",PrivateWealth,59.39,48.6,49.46,BB,0.02,0.35,5.25,2020-08-26,2028-06-25,1,60,0
LON02585,BM,Boyd LLC,InvestmentHoldCo,838.2,829.25,832.08,BBB,0.005,0.35,3.0,2022-03-23,2028-03-06,1,90,0
LON02586,KY,"Davila, Smith and Lowery",PrivateWealth,1072.14,927.38,947.4,BBB,0.005,0.25,3.6,2022-03-12,2028-09-06,1,30,0
LON02587,KY,"Wilkerson, Jensen and Sanders",Hospitality,650.99,578.97,587.68,B,0.05,0.25,5.33,2022-04-06,2031-03-30,3,0,0
LON02588,BM,Parsons-Smith,RealEstate,175.13,150.13,155.93,BB,0.02,0.35,5.34,2023-01-04,2032-09-20,1,0,0
LON02589,GU,"Henderson, Hamilton and James",Retail,240.52,187.79,192.52,BB,0.02,0.35,7.82,2022-04-15,2023-12-08,2,0,0
LON02590,BM,Jenkins LLC,Technology,1115.06,915.23,951.04,BB,0.02,0.6,3.85,2023-07-31,2029-06-13,1,0,0
LON02591,BM,"Porter, Graves and Conway",Shipping,484.97,378.66,395.14,A,0.001,0.35,7.44,2024-02-26,2030-11-13,1,90,0
LON02592,BM,Smith-Carter,InvestmentHoldCo,605.24,545.22,570.11,A,0.001,0.35,6.82,2020-03-06,2024-05-02,2,90,0
LON02593,GU,"Mooney, Herman and Cox",InvestmentHoldCo,1059.79,885.26,905.23,AAA,0.0001,0.35,8.11,2020-10-04,2026-10-05,1,60,0
LON02594,JE,Mcmillan Group,Retail,1153.45,931.09,957.05,BBB,0.005,0.45,7.54,2020-04-30,2026-09-30,1,90,0
LON02595,GU,Robinson-Patterson,RealEstate,1835.3,1595.1,1611.61,A,0.001,0.25,5.84,2021-12-28,2028-10-15,1,0,0
LON02596,KY,"Stanley, Williams and Kane",Energy,206.52,180.08,180.99,AAA,0.0001,0.25,7.64,2022-04-23,2024-09-18,1,90,0
LON02597,BM,"Adams, Smith and Wilson",Retail,735.85,591.59,613.33,BB,0.02,0.25,4.94,2023-05-11,2033-04-28,1,0,0
LON02598,GU,Herman Ltd,PrivateWealth,880.19,681.94,682.7,BBB,0.005,0.45,7.8,2023-06-04,2024-09-28,1,30,0
LON02599,JE,"Gross, Carlson and Burns",Hospitality,920.93,709.39,736.31,AA,0.0005,0.45,8.71,2020-06-15,2026-07-02,1,0,0
LON02600,BM,Williams-Martin,InvestmentHoldCo,267.01,212.4,213.23,BBB,0.005,0.35,6.33,2024-04-20,2027-10-05,1,60,0
LON02601,BM,Armstrong-Edwards,PrivateWealth,323.13,292.91,304.67,AA,0.0005,0.25,5.21,2022-11-03,2027-03-25,1,30,0
LON02602,KY,Johnson Group,Energy,155.21,125.05,126.4,B,0.05,0.25,5.16,2022-12-17,2030-05-31,1,0,0
LON02603,JE,Torres PLC,Energy,559.39,489.91,490.6,BB,0.02,0.25,8.53,2022-10-23,2029-11-10,1,90,0
LON02604,KY,"Smith, Benson and Tucker",Energy,357.08,297.37,304.15,AA,0.0005,0.25,4.4,2022-07-27,2027-05-12,2,0,0
LON02605,BM,Brewer-Gates,Shipping,664.77,544.18,564.61,A,0.001,0.35,7.08,2023-07-01,2032-08-05,1,0,0
LON02606,KY,"Walker, White and Lawrence",PrivateWealth,895.96,834.12,871.12,A,0.001,0.25,8.67,2020-12-08,2024-05-16,1,0,0
LON02607,BM,Melendez-Henderson,PrivateWealth,193.39,188.26,188.78,A,0.001,0.25,5.07,2022-04-26,2024-10-22,1,0,0
LON02608,BM,"Hammond, Smith and Williams",Hospitality,517.27,496.39,496.83,BBB,0.005,0.25,4.86,2022-01-17,2024-09-29,1,90,0
LON02609,KY,Anderson-Jensen,Hospitality,2106.99,1787.99,1837.28,A,0.001,0.25,6.79,2024-06-18,2030-03-27,2,0,0
LON02610,BM,Howard PLC,RealEstate,554.35,435.69,454.9,A,0.001,0.25,4.33,2023-12-05,2032-01-27,1,0,0
LON02611,JE,"Hill, Nguyen and Daniels",Hospitality,1537.81,1253.92,1301.67,BBB,0.005,0.45,6.03,2023-12-26,2025-12-01,2,90,0
LON02612,BM,Wright-Rollins,Technology,304.64,258.85,266.58,BBB,0.005,0.6,4.47,2020-11-28,2028-05-08,1,0,0
LON02613,KY,"Hall, Page and Fowler",Retail,891.32,712.95,714.21,BB,0.02,0.35,4.33,2021-06-09,2029-09-23,1,60,0
LON02614,BM,Juarez and Sons,PrivateWealth,522.88,481.16,497.54,BB,0.02,0.35,3.61,2023-07-16,2027-12-26,1,90,0
LON02615,BM,"Anthony, Moore and Murphy",Hospitality,1546.16,1403.46,1455.98,A,0.001,0.45,7.01,2022-09-29,2027-07-23,3,0,0
LON02616,BM,"Lee, Choi and Gonzalez",Retail,351.16,284.34,291.85,BBB,0.005,0.35,8.3,2021-12-25,2031-04-21,2,30,0
LON02617,KY,"Diaz, Gordon and Jensen",PrivateWealth,1496.41,1387.9,1403.7,B,0.05,0.25,3.84,2022-10-08,2029-07-19,1,0,0
LON02618,KY,Guzman-Perry,Retail,494.52,461.91,468.53,A,0.001,0.25,8.15,2022-06-12,2024-11-06,1,0,0
LON02619,GU,"Miller, Williams and Lopez",PrivateWealth,174.72,173.48,178.09,BBB,0.005,0.35,3.33,2020-04-30,2022-05-22,1,90,0
LON02620,BM,"Ellis, Johnson and Cameron",Technology,744.55,693.09,712.26,BB,0.02,0.25,5.23,2021-03-29,2027-09-19,1,0,0
LON02621,BM,Andrews-Thompson,Technology,408.99,343.1,354.93,BB,0.02,0.35,8.21,2024-04-16,2031-08-10,1,0,0
LON02622,KY,Harris-Mason,Hospitality,450.12,389.69,390.74,A,0.001,0.25,5.25,2023-04-12,2028-08-08,1,0,0
LON02623,JE,"Hale, White and Potter",Energy,237.17,210.81,218.64,BB,0.02,0.35,3.1,2021-02-16,2030-02-13,2,30,0
LON02624,GU,Singleton Group,Hospitality,521.83,446.65,448.49,BBB,0.005,0.35,7.53,2023-07-08,2032-09-06,1,0,0
LON02625,BM,"Watts, Bernard and Hall",Energy,636.94,545.79,572.5,BBB,0.005,0.35,3.59,2024-06-11,2025-08-25,1,60,0
LON02626,KY,Marshall-Smith,Energy,407.44,334.56,341.3,AA,0.0005,0.25,4.41,2022-01-01,2030-04-11,1,60,0
LON02627,KY,Murray-Smith,RealEstate,424.2,423.11,441.91,A,0.001,0.25,7.33,2023-03-25,2028-10-12,1,30,0
LON02628,KY,Hammond Inc,PrivateWealth,2377.9,1981.64,1984.48,B,0.05,0.25,7.14,2020-08-26,2028-08-10,1,0,0
LON02629,KY,Young Inc,Shipping,849.18,672.83,690.87,BBB,0.005,0.45,3.79,2022-01-06,2029-01-01,1,0,0
LON02630,BM,Oconnor-Jenkins,Energy,1456.86,1439.83,1475.58,BBB,0.005,0.25,3.7,2022-10-04,2031-02-28,1,30,0
LON02631,GU,Warren Group,PrivateWealth,3259.78,2517.22,2550.36,BBB,0.005,0.6,4.36,2020-12-20,2027-12-18,3,0,0
LON02632,GU,"Wong, Garcia and Smith",RealEstate,303.76,269.83,273.43,AA,0.0005,0.35,8.61,2021-03-19,2030-01-09,1,30,0
LON02633,KY,"Stevenson, Carter and Smith",InvestmentHoldCo,1041.96,840.55,844.46,BBB,0.005,0.25,3.64,2023-03-22,2027-07-19,1,60,0
LON02634,BM,"Byrd, Jacobs and Sanders",Energy,384.1,318.76,328.67,BB,0.02,0.25,4.64,2020-07-19,2023-12-17,1,0,0
LON02635,BM,Joyce-West,PrivateWealth,502.29,481.41,497.74,B,0.05,0.25,8.15,2022-11-05,2027-06-12,1,90,0
LON02636,BM,Lee Inc,Shipping,700.22,583.31,586.3,BB,0.02,0.45,5.06,2021-03-25,2023-03-09,1,0,0
LON02637,KY,"Smith, Preston and Williams",Retail,1419.99,1318.3,1357.12,BB,0.02,0.6,6.18,2022-08-28,2030-05-09,1,0,0
LON02638,KY,Hudson LLC,Shipping,1089.8,924.2,962.85,B,0.05,0.45,4.47,2019-10-10,2021-01-22,1,0,0
LON02639,KY,"Massey, Garcia and Parker",Hospitality,4213.68,3544.31,3637.43,BB,0.02,0.35,5.02,2021-06-23,2026-12-16,1,0,0
LON02640,JE,Williamson-Hoffman,Technology,299.66,252.1,252.83,BBB,0.005,0.25,5.96,2021-01-31,2029-12-25,2,0,0
LON02641,KY,"Vasquez, Bartlett and Compton",PrivateWealth,1532.82,1316.59,1325.14,AAA,0.0001,0.25,3.17,2021-03-29,2026-01-23,2,90,0
LON02642,KY,Bryan Group,Shipping,1122.13,869.19,896.2,AA,0.0005,0.25,6.27,2023-05-05,2026-03-24,1,0,0
LON02643,KY,"Zimmerman, Sanders and Baker",RealEstate,713.96,584.28,612.24,B,0.05,0.25,6.43,2023-06-23,2031-09-04,1,30,0
LON02644,BM,White-Baker,Hospitality,846.13,754.05,786.86,A,0.001,0.35,7.86,2021-06-28,2024-08-24,1,30,0
LON02645,BM,Andrade Inc,Retail,1258.4,1026.69,1051.31,B,0.05,0.35,6.51,2021-06-23,2028-06-08,1,90,0
LON02646,JE,"Powell, Norman and Gray",Shipping,1165.32,922.99,929.62,AAA,0.0001,0.45,4.73,2020-10-25,2027-10-06,1,0,0
LON02647,BM,"Hubbard, West and Alexander",Energy,1788.6,1508.07,1515.99,BBB,0.005,0.25,7.83,2022-09-23,2026-06-10,2,30,0
LON02648,BM,Johnson-Parker,Retail,2241.79,1839.74,1902.64,A,0.001,0.45,8.39,2022-05-27,2029-11-06,1,30,0
LON02649,JE,Pittman Inc,RealEstate,119.01,115.64,117.1,BB,0.02,0.45,7.02,2021-11-22,2025-08-16,1,60,0
LON02650,BM,Smith-Green,Hospitality,352.61,336.3,338.92,A,0.001,0.25,8.82,2022-04-14,2026-03-15,1,0,0
LON02651,JE,Webster LLC,Shipping,659.64,646.89,669.48,BB,0.02,0.25,3.59,2023-02-07,2027-05-14,2,0,0
LON02652,BM,Giles-Wilson,InvestmentHoldCo,856.94,708.41,737.11,A,0.001,0.35,8.77,2022-09-24,2025-02-01,1,0,0
LON02653,GU,Hopkins Group,Hospitality,819.82,726.33,730.41,BBB,0.005,0.45,8.22,2022-08-29,2024-03-22,2,60,0
LON02654,GU,"Rice, Schwartz and Ross",PrivateWealth,122.4,115.3,120.38,AA,0.0005,0.25,4.6,2024-02-27,2027-06-05,1,0,0
LON02655,JE,"Scott, Baird and Johnson",Technology,291.23,269.46,270.62,A,0.001,0.25,8.15,2022-07-29,2032-07-21,1,90,0
LON02656,BM,"Lamb, Cox and Wheeler",Retail,214.49,174.28,174.63,BBB,0.005,0.6,8.01,2024-01-21,2028-07-20,1,30,0
LON02657,BM,Armstrong LLC,RealEstate,821.97,763.6,782.71,BBB,0.005,0.25,5.65,2022-07-08,2029-12-20,1,60,0
LON02658,JE,"Tyler, Rivera and Rivera",Energy,269.16,265.66,275.72,A,0.001,0.25,5.65,2019-08-07,2025-09-19,1,60,0
LON02659,BM,Baker-Williams,Retail,195.22,156.31,158.12,B,0.05,0.35,5.78,2023-02-12,2029-08-15,2,90,0
LON02660,BM,Hanson-Gonzalez,Retail,999.29,842.37,871.44,BBB,0.005,0.35,5.46,2021-04-24,2024-05-27,1,0,0
LON02661,JE,Lopez PLC,RealEstate,1075.44,894.07,910.42,AA,0.0005,0.25,5.18,2022-04-18,2027-06-12,1,90,0
LON02662,BM,"Rivera, Floyd and Richmond",RealEstate,571.27,568.56,573.3,BBB,0.005,0.25,7.55,2021-10-09,2031-01-23,2,30,0
LON02663,BM,Smith Ltd,RealEstate,1229.6,947.16,980.58,BBB,0.005,0.6,5.41,2020-11-07,2028-09-16,1,0,0
LON02664,GU,Gilbert Inc,PrivateWealth,779.3,657.2,679.45,A,0.001,0.35,4.47,2022-05-19,2029-05-28,1,60,0
LON02665,KY,"Smith, Shea and Brewer",Technology,1407.81,1159.84,1160.06,BB,0.02,0.25,6.17,2023-11-29,2031-08-25,2,0,0
LON02666,GU,Anthony-Munoz,PrivateWealth,816.13,632.59,650.53,BBB,0.005,0.25,6.13,2021-06-30,2030-01-23,1,0,0
LON02667,BM,Peterson-Hancock,RealEstate,302.55,269.26,269.93,AAA,0.0001,0.25,8.19,2023-10-20,2030-10-24,1,0,0
LON02668,BM,Hicks-Foster,Shipping,1705.49,1335.15,1349.85,AAA,0.0001,0.25,8.16,2022-02-22,2027-06-09,2,30,0
LON02669,KY,Thomas-Miller,Technology,756.61,663.18,683.58,B,0.05,0.25,8.74,2023-01-17,2027-08-19,1,90,0
LON02670,BM,Luna LLC,RealEstate,829.18,725.04,754.15,BBB,0.005,0.35,4.22,2020-01-17,2028-07-23,1,30,0
LON02671,BM,Cochran-Nash,RealEstate,1078.64,972.97,1018.98,BB,0.02,0.35,3.73,2022-03-30,2024-04-09,1,0,0
LON02672,JE,Mcdonald-Holder,Technology,1493.11,1262.58,1297.29,BBB,0.005,0.45,3.1,2022-12-09,2027-06-06,1,90,0
LON02673,GU,Bass Inc,InvestmentHoldCo,535.91,431.21,448.39,A,0.001,0.6,6.98,2023-11-14,2024-11-28,1,90,0
LON02674,BM,Ali-Wolf,Technology,574.14,528.06,534.09,A,0.001,0.45,6.26,2021-12-14,2028-05-15,1,0,0
LON02675,GU,Mcknight-Strickland,Hospitality,2328.07,1927.72,2012.36,B,0.05,0.25,7.1,2022-02-11,2028-03-10,1,90,0
LON02676,GU,"Brennan, Klein and Grant",RealEstate,905.94,811.94,820.9,BBB,0.005,0.45,5.71,2022-12-24,2026-03-18,1,0,0
LON02677,KY,Snyder-Howard,InvestmentHoldCo,317.75,309.68,322.75,BBB,0.005,0.45,7.31,2024-02-18,2032-07-28,1,0,0
LON02678,BM,Gonzalez-Evans,InvestmentHoldCo,2006.68,1668.43,1737.1,BB,0.02,0.25,4.67,2021-08-17,2031-03-14,1,0,0
LON02679,BM,Moreno Ltd,InvestmentHoldCo,686.52,667.1,679.92,BB,0.02,0.35,8.81,2019-11-06,2021-06-19,1,30,0
LON02680,BM,Underwood LLC,Energy,533.54,498.76,506.78,AAA,0.0001,0.6,6.99,2022-07-17,2025-04-01,2,0,0
LON02681,BM,Bryant Inc,Shipping,291.92,283.51,288.6,BBB,0.005,0.25,8.72,2022-07-17,2026-09-10,2,0,0
LON02682,GU,Nolan Group,Hospitality,1638.64,1417.5,1458.39,AA,0.0005,0.45,3.21,2019-08-30,2027-06-17,1,60,0
LON02683,BM,Carson-Forbes,PrivateWealth,515.7,482.68,490.87,BB,0.02,0.35,3.39,2023-09-30,2026-06-21,1,0,0
LON02684,GU,Hampton Ltd,PrivateWealth,1660.19,1613.16,1672.6,BB,0.02,0.35,3.96,2021-03-07,2026-05-20,1,0,0
LON02685,BM,Ellis-Henry,Hospitality,536.93,521.22,531.61,A,0.001,0.25,3.76,2020-02-13,2022-01-30,1,0,0
LON02686,JE,Soto-Williams,Shipping,215.35,184.44,191.05,BB,0.02,0.25,4.54,2020-12-09,2026-09-10,1,30,0
LON02687,KY,Morales-Thomas,Technology,191.49,177.38,179.27,B,0.05,0.25,5.95,2020-05-27,2024-12-15,1,0,0
LON02688,BM,"Hebert, Taylor and Hernandez",Shipping,438.93,393.74,408.51,B,0.05,0.6,8.88,2021-04-11,2026-08-09,1,0,0
LON02689,BM,Frost PLC,PrivateWealth,358.72,338.34,338.38,B,0.05,0.45,6.29,2020-01-19,2022-12-11,1,90,0
LON02690,BM,"Zamora, Vaughn and Johnson",Hospitality,259.85,207.44,212.24,B,0.05,0.35,6.08,2023-04-19,2025-01-17,1,90,0
LON02691,BM,Cohen PLC,Energy,485.68,379.73,389.03,BBB,0.005,0.25,7.66,2022-10-14,2025-08-31,1,0,0
LON02692,KY,Moore LLC,Technology,475.95,436.5,446.87,A,0.001,0.35,7.03,2023-08-30,2031-06-17,1,0,0
LON02693,BM,Lucas LLC,Retail,241.5,189.01,197.2,AA,0.0005,0.6,6.73,2020-02-17,2024-01-12,1,0,0
LON02694,BM,Clark and Sons,Retail,548.68,484.81,507.95,BBB,0.005,0.45,5.61,2020-06-14,2024-08-26,1,30,0
LON02695,KY,"Adams, Gomez and Smith",Retail,1128.68,1019.57,1067.73,BBB,0.005,0.25,6.79,2021-11-21,2029-06-05,1,0,0
LON02696,KY,Singh-Washington,RealEstate,792.61,642.74,651.12,BBB,0.005,0.25,8.31,2020-01-09,2029-11-05,1,0,0
LON02697,KY,Hardin-Cohen,RealEstate,221.92,214.24,215.51,A,0.001,0.35,3.73,2023-06-08,2027-03-24,1,0,0
LON02698,GU,"Kelly, Browning and Graham",RealEstate,332.01,313.6,318.24,A,0.001,0.25,3.27,2021-06-19,2025-03-05,1,0,0
LON02699,BM,Shields Group,Hospitality,239.31,227.66,233.11,B,0.05,0.45,5.37,2021-09-19,2030-07-07,1,90,0
LON02700,GU,Briggs LLC,Energy,478.61,391.27,405.27,A,0.001,0.6,3.21,2020-07-08,2022-06-13,1,0,0
LON02701,JE,"Moore, Small and Morris",Hospitality,441.74,357.58,364.01,AA,0.0005,0.25,6.61,2019-12-20,2023-02-18,1,0,0
LON02702,BM,Davis-Carr,Shipping,1246.56,1159.95,1187.83,BBB,0.005,0.25,4.9,2022-03-20,2029-11-09,1,90,0
LON02703,BM,"Ramirez, Savage and Rosales",Shipping,878.5,824.71,845.94,A,0.001,0.6,7.1,2023-10-05,2028-12-31,1,0,0
LON02704,JE,"Martin, Bradley and Meadows",PrivateWealth,1452.38,1162.45,1195.16,AAA,0.0001,0.25,4.25,2023-04-18,2030-01-26,1,0,0
LON02705,KY,"Lee, Miles and Wagner",PrivateWealth,510.18,425.25,431.36,B,0.05,0.6,7.01,2020-10-09,2028-12-02,1,90,0
LON02706,BM,Garcia-Love,RealEstate,1383.37,1216.74,1248.96,BBB,0.005,0.45,6.59,2019-07-18,2024-02-14,1,0,0
LON02707,BM,"Taylor, Hall and Roach",Shipping,319.78,303.8,312.06,BBB,0.005,0.35,8.56,2022-09-23,2027-10-16,1,0,0
LON02708,KY,Dickson-Cooper,RealEstate,1006.86,815.39,822.61,BB,0.02,0.35,6.36,2022-10-25,2030-10-06,3,60,0
LON02709,KY,Johnson Ltd,Retail,1038.67,1006.12,1027.27,AA,0.0005,0.6,8.73,2019-11-10,2028-01-19,1,0,0
LON02710,BM,Duncan-Allen,Hospitality,501.61,431.12,440.15,AA,0.0005,0.25,6.48,2020-10-03,2029-10-04,1,0,0
LON02711,KY,Velez and Sons,Energy,803.58,650.72,673.23,BBB,0.005,0.35,8.78,2020-04-01,2021-06-30,1,30,0
LON02712,KY,Miller-Perkins,Shipping,782.57,649.22,665.7,BBB,0.005,0.6,4.43,2021-08-13,2027-02-22,1,0,0
LON02713,KY,"Bell, Delgado and Ford",PrivateWealth,981.92,807.43,825.3,B,0.05,0.6,7.26,2021-09-10,2028-03-06,1,0,0
LON02714,KY,Bennett-Jones,Hospitality,801.61,642.6,667.36,BBB,0.005,0.25,8.01,2019-11-23,2029-01-17,3,0,0
LON02715,GU,"Carr, Campbell and Green",Shipping,726.72,627.2,644.36,BBB,0.005,0.35,6.97,2021-01-08,2030-07-21,1,0,0
LON02716,KY,Miller-Huff,InvestmentHoldCo,583.63,580.43,585.16,AAA,0.0001,0.35,8.96,2020-05-13,2029-09-22,1,60,0
LON02717,BM,Henry-Martin,InvestmentHoldCo,480.18,478.25,487.44,BBB,0.005,0.45,5.98,2020-02-04,2026-07-26,1,0,0
LON02718,KY,Duarte Inc,Hospitality,1658.54,1589.25,1661.52,BBB,0.005,0.25,3.24,2024-04-11,2031-05-23,1,30,0
LON02719,BM,Bush Inc,RealEstate,2060.67,1950.66,1974.82,BBB,0.005,0.25,8.49,2023-06-13,2032-02-12,1,0,0
LON02720,JE,Morgan-Lucas,Shipping,1112.69,905.74,927.61,A,0.001,0.45,5.91,2020-08-25,2024-02-24,2,0,0
LON02721,KY,"Briggs, Stanley and Mcgee",RealEstate,1032.44,929.71,967.55,B,0.05,0.25,5.55,2023-05-01,2025-02-28,1,0,0
LON02722,BM,White-Reyes,Energy,679.76,574.27,602.44,BBB,0.005,0.25,5.69,2020-01-19,2025-09-25,1,30,0
LON02723,KY,Smith Inc,Hospitality,302.03,282.97,293.31,AA,0.0005,0.25,8.28,2021-08-08,2025-05-13,1,0,0
LON02724,JE,Payne-Doyle,Hospitality,92.96,80.1,82.55,BBB,0.005,0.25,4.31,2021-03-31,2026-10-18,1,90,0
LON02725,BM,"Allen, Marshall and Anderson",Technology,216.02,178.13,184.99,BB,0.02,0.25,4.06,2023-03-07,2025-02-04,1,0,0
LON02726,JE,"Brown, Hansen and Butler",Technology,377.11,374.14,374.99,BB,0.02,0.35,3.4,2021-07-07,2030-09-27,1,30,0
LON02727,KY,Lowe-Lewis,PrivateWealth,354.01,331.8,346.55,AAA,0.0001,0.25,5.83,2020-01-15,2026-06-13,1,90,0
LON02728,JE,"Garcia, Clark and Harrison",Energy,1270.82,1113.76,1128.05,B,0.05,0.6,5.5,2019-08-22,2027-02-01,1,0,0
LON02729,JE,Washington-Ferguson,PrivateWealth,1826.62,1566.54,1566.81,BBB,0.005,0.25,6.18,2024-05-14,2033-04-15,1,0,0
LON02730,GU,Garcia-Norris,Technology,861.13,802.66,816.16,BBB,0.005,0.6,4.36,2020-06-11,2024-06-28,1,0,0
LON02731,KY,"Barnes, Hunt and Johnson",Retail,1429.85,1266.12,1287.29,BBB,0.005,0.25,3.64,2023-12-24,2029-08-02,1,0,0
LON02732,BM,"Jackson, Martin and Harris",RealEstate,469.18,384.39,399.14,BBB,0.005,0.45,6.94,2019-12-26,2023-02-21,1,0,0
LON02733,BM,Warren Inc,Retail,679.42,652.29,677.66,BB,0.02,0.45,3.33,2024-02-11,2027-10-27,1,0,0
LON02734,BM,Hodges Inc,PrivateWealth,1487.1,1238.88,1282.71,BBB,0.005,0.25,6.81,2022-09-11,2025-03-17,1,60,0
LON02735,BM,Nelson Group,RealEstate,630.14,571.48,594.82,A,0.001,0.35,7.32,2022-01-08,2029-02-03,1,30,0
LON02736,BM,Miller and Sons,Shipping,289.77,232.43,244.0,AA,0.0005,0.6,3.09,2020-06-15,2026-02-11,1,30,0
LON02737,JE,Stein-Stuart,InvestmentHoldCo,409.55,325.37,331.77,B,0.05,0.45,6.56,2023-08-24,2032-10-22,1,30,0
LON02738,BM,"Lambert, Burns and Flores",Energy,372.52,353.55,361.41,B,0.05,0.25,7.52,2024-06-28,2030-05-25,1,30,0
LON02739,BM,Suarez Inc,Retail,713.99,689.93,707.17,A,0.001,0.6,5.09,2021-09-17,2030-11-19,2,0,0
LON02740,JE,Payne-Perez,Energy,463.65,430.78,450.68,A,0.001,0.6,7.42,2020-12-04,2028-10-19,1,0,0
LON02741,BM,"Deleon, Gay and Davis",Shipping,579.82,532.41,533.31,A,0.001,0.35,3.71,2024-06-13,2027-10-04,1,90,0
LON02742,BM,Campos-Wyatt,Hospitality,199.77,180.43,182.22,BBB,0.005,0.25,3.78,2020-07-25,2027-08-27,1,0,0
LON02743,BM,Baker Inc,RealEstate,1471.41,1176.55,1217.36,BBB,0.005,0.45,8.76,2022-08-30,2031-06-20,1,90,0
LON02744,BM,"Lopez, Johnson and Lynch",Shipping,653.11,534.52,537.19,B,0.05,0.25,6.36,2024-04-27,2028-10-04,1,0,0
LON02745,BM,Greer Inc,InvestmentHoldCo,2467.81,2239.03,2347.14,BBB,0.005,0.25,6.24,2024-01-08,2027-08-26,1,0,0
LON02746,KY,Klein LLC,Shipping,1285.83,1155.86,1157.32,AA,0.0005,0.25,7.69,2019-07-27,2022-09-22,1,0,0
LON02747,KY,Spencer LLC,Retail,220.82,205.87,210.03,BBB,0.005,0.6,7.83,2020-12-24,2022-04-14,1,0,0
LON02748,KY,Kim-Perry,RealEstate,1292.31,1159.82,1182.34,BB,0.02,0.25,8.16,2021-07-06,2024-08-10,1,0,0
LON02749,GU,"Pennington, Martinez and Davidson",PrivateWealth,692.85,567.47,571.72,BBB,0.005,0.25,5.54,2019-12-06,2026-08-14,1,60,0
LON02750,BM,Myers LLC,Shipping,355.81,330.44,331.64,AAA,0.0001,0.6,8.8,2020-10-28,2029-09-14,3,0,0
LON02751,BM,Roberts Group,RealEstate,365.59,308.88,312.36,B,0.05,0.6,7.63,2022-10-25,2027-07-03,1,0,0
LON02752,KY,"Hartman, Larsen and Walsh",InvestmentHoldCo,371.99,293.92,307.47,A,0.001,0.25,4.06,2021-09-12,2026-04-09,2,0,0
LON02753,BM,"Rodriguez, Stafford and Clark",Energy,207.37,166.91,173.18,BBB,0.005,0.25,8.14,2023-03-07,2030-07-04,1,0,0
LON02754,KY,Preston LLC,Shipping,1311.58,1068.59,1089.75,BBB,0.005,0.25,7.91,2022-09-19,2029-03-03,1,60,0
LON02755,KY,Santiago-Jackson,Energy,2824.69,2399.85,2443.53,B,0.05,0.25,5.22,2024-06-23,2030-07-14,1,0,0
LON02756,BM,"Robinson, Bryant and Mitchell",Shipping,637.58,525.71,550.43,B,0.05,0.6,6.97,2020-02-09,2022-11-26,2,0,0
LON02757,GU,Davidson-Maxwell,Energy,595.82,469.59,488.48,B,0.05,0.6,8.11,2021-01-05,2030-09-13,2,0,0
LON02758,KY,"Acevedo, Vega and Lee",Technology,314.48,247.62,256.79,BBB,0.005,0.45,5.98,2020-01-25,2023-04-25,1,0,0
LON02759,BM,Hunt Group,RealEstate,1444.19,1311.13,1343.98,BB,0.02,0.35,6.28,2020-11-30,2024-11-05,1,0,0
LON02760,KY,Franklin Group,PrivateWealth,344.16,285.5,297.19,BB,0.02,0.25,8.68,2021-04-29,2028-12-29,3,0,0
LON02761,BM,Hines PLC,RealEstate,444.04,389.14,393.12,A,0.001,0.6,3.03,2019-12-12,2029-07-13,1,0,0
LON02762,BM,"Kennedy, Jones and Austin",Hospitality,1270.19,1078.05,1079.73,B,0.05,0.45,5.63,2021-06-05,2022-11-11,1,0,0
LON02763,KY,Perez-Haas,Retail,599.45,510.92,529.81,BB,0.02,0.35,7.65,2023-01-30,2031-03-11,1,0,0
LON02764,KY,Christian Inc,PrivateWealth,245.97,199.98,206.33,BBB,0.005,0.25,6.39,2022-04-04,2029-07-17,1,60,0
LON02765,KY,Williamson-Burgess,Technology,3097.96,2476.8,2565.15,BB,0.02,0.45,8.86,2023-12-06,2026-02-21,1,30,0
LON02766,BM,Hines-Lopez,Energy,976.43,893.38,914.6,BBB,0.005,0.35,4.64,2021-11-24,2030-10-19,1,0,0
LON02767,KY,Barnes-Duncan,Shipping,300.67,234.46,236.18,A,0.001,0.35,3.19,2022-11-20,2028-05-05,1,30,0
LON02768,KY,Benitez and Sons,Energy,1346.43,1037.75,1058.39,BBB,0.005,0.35,8.53,2022-02-22,2028-02-20,1,90,0
LON02769,GU,"Carr, Hernandez and Castaneda",RealEstate,343.38,279.28,283.42,BB,0.02,0.25,6.54,2023-12-12,2027-08-31,1,0,0
LON02770,KY,Norris Ltd,PrivateWealth,692.03,671.01,696.56,BB,0.02,0.25,3.31,2023-05-26,2032-09-22,1,60,0
LON02771,KY,"Lopez, Allen and Martin",RealEstate,1065.43,845.77,875.95,A,0.001,0.6,3.92,2023-11-01,2027-05-01,1,60,0
LON02772,JE,Colon LLC,Technology,1445.28,1127.82,1138.73,B,0.05,0.35,5.62,2019-11-17,2022-01-07,1,60,0
LON02773,BM,Hill-Lester,RealEstate,506.31,441.22,463.09,BB,0.02,0.6,7.45,2022-05-04,2025-01-17,1,0,0
LON02774,KY,"Moore, Smith and Franklin",RealEstate,528.26,462.63,474.51,B,0.05,0.25,6.21,2021-03-01,2029-01-21,1,90,0
LON02775,BM,Todd Ltd,Technology,414.65,395.5,398.78,A,0.001,0.6,7.51,2023-04-28,2032-07-31,1,0,0
LON02776,BM,Carr and Sons,Technology,369.52,337.18,350.48,AA,0.0005,0.45,6.06,2020-04-22,2027-08-29,1,30,0
LON02777,GU,Gray-Brown,Energy,512.93,485.34,501.75,BBB,0.005,0.45,7.35,2023-11-29,2026-04-03,2,0,0
LON02778,KY,"Howard, Taylor and Gamble",RealEstate,526.19,507.35,532.59,BB,0.02,0.6,4.4,2020-08-30,2022-11-18,1,0,0
LON02779,JE,Garza PLC,Technology,467.9,382.02,395.17,AA,0.0005,0.35,5.34,2019-10-04,2027-02-22,1,0,0
LON02780,BM,Johnston-Lopez,InvestmentHoldCo,672.58,525.47,532.09,B,0.05,0.6,8.59,2020-12-21,2025-07-26,2,0,0
LON02781,BM,Taylor-Evans,Technology,632.41,494.22,508.87,A,0.001,0.35,4.52,2020-07-15,2030-05-04,2,30,0
LON02782,KY,Moses and Sons,RealEstate,859.5,733.4,733.73,BBB,0.005,0.6,4.05,2022-01-04,2027-06-25,1,90,0
LON02783,BM,Kelly-Lawrence,Hospitality,491.57,453.3,454.76,BBB,0.005,0.45,3.74,2020-06-27,2025-10-26,2,0,0
LON02784,BM,Smith-White,Technology,922.79,711.1,728.44,BBB,0.005,0.35,4.39,2021-08-17,2028-09-13,3,0,0
LON02785,GU,"Lewis, Williams and Melton",Energy,848.22,707.32,711.23,AA,0.0005,0.25,3.7,2021-02-26,2029-12-20,1,0,0
LON02786,BM,"Cole, Adkins and Gray",InvestmentHoldCo,1444.43,1141.99,1194.69,BB,0.02,0.35,6.75,2021-10-11,2028-09-24,1,0,0
LON02787,BM,Lopez-Alexander,PrivateWealth,1080.84,933.19,964.78,BBB,0.005,0.25,7.95,2024-06-16,2031-07-15,1,60,0
LON02788,BM,Li Group,RealEstate,864.0,719.81,747.33,BB,0.02,0.35,7.15,2020-02-06,2029-09-27,1,60,0
LON02789,GU,Powers-Roberts,Shipping,1583.76,1575.24,1603.0,A,0.001,0.6,7.68,2023-05-30,2028-03-30,1,0,0
LON02790,BM,Page LLC,RealEstate,617.2,523.05,529.59,B,0.05,0.25,8.96,2019-11-16,2028-10-26,1,0,0
LON02791,BM,Juarez-Evans,Technology,1662.07,1537.02,1559.53,BBB,0.005,0.45,5.51,2021-05-28,2025-04-05,1,60,0
LON02792,KY,Jones and Sons,Retail,657.7,558.04,566.07,BBB,0.005,0.25,4.67,2022-01-06,2030-09-02,1,30,0
LON02793,JE,Robertson-James,Retail,758.02,732.23,753.14,BB,0.02,0.25,7.09,2019-09-25,2023-07-13,1,0,0
LON02794,GU,Fox-Peterson,PrivateWealth,712.09,586.87,616.01,AA,0.0005,0.25,4.84,2023-11-07,2028-06-11,1,0,0
LON02795,BM,Cruz Ltd,Retail,718.16,646.72,648.49,AA,0.0005,0.35,6.29,2024-06-11,2031-01-29,1,90,0
LON02796,BM,"Frank, Oconnell and Cox",InvestmentHoldCo,1779.03,1491.77,1546.79,BBB,0.005,0.45,4.83,2020-02-11,2025-05-08,1,60,0
LON02797,KY,"Gardner, Hutchinson and Ford",PrivateWealth,1121.88,904.97,930.39,AA,0.0005,0.35,6.81,2023-04-03,2027-02-20,1,0,0
LON02798,BM,"Hunt, Miller and Brewer",Hospitality,1177.18,1174.37,1208.5,BBB,0.005,0.25,7.3,2024-06-10,2034-01-14,1,30,0
LON02799,BM,Smith-Johnson,InvestmentHoldCo,919.93,761.81,790.2,BB,0.02,0.25,8.05,2024-05-30,2026-08-08,1,0,0
LON02800,KY,Johnson-Robinson,Energy,263.48,239.55,248.24,BBB,0.005,0.25,4.86,2021-10-29,2026-01-05,1,0,0
LON02801,GU,"Thomas, Chandler and Vincent",Retail,1123.07,949.48,961.88,BB,0.02,0.25,5.05,2020-10-02,2026-05-05,1,30,0
LON02802,GU,Nelson-Perez,PrivateWealth,1675.57,1638.1,1679.25,AA,0.0005,0.25,7.67,2024-05-27,2030-01-15,2,0,0
LON02803,KY,"Jones, Massey and Hernandez",Energy,261.36,207.54,211.83,A,0.001,0.6,7.87,2021-09-30,2023-02-05,2,0,0
LON02804,BM,Weber Inc,Hospitality,599.38,507.43,514.53,A,0.001,0.25,5.75,2022-08-10,2027-08-22,1,90,0
LON02805,BM,Bell Group,Hospitality,1663.07,1387.19,1398.16,AA,0.0005,0.35,7.16,2021-09-25,2024-09-26,1,30,0
LON02806,BM,"Moore, Conley and Morgan",Retail,612.76,563.33,585.48,BBB,0.005,0.35,7.55,2021-08-28,2030-04-16,1,0,0
LON02807,KY,"Perkins, Acosta and Blankenship",Technology,964.63,843.29,870.06,B,0.05,0.35,6.71,2020-03-22,2028-11-13,1,60,0
LON02808,BM,Miller-Short,Retail,488.82,433.86,454.62,BBB,0.005,0.25,8.51,2020-02-01,2023-11-06,1,0,0
LON02809,BM,Fleming PLC,Technology,509.0,423.35,436.73,BB,0.02,0.35,5.17,2024-04-16,2031-12-22,1,0,0
LON02810,BM,Moody Group,Energy,955.64,750.84,773.25,A,0.001,0.45,6.1,2021-11-24,2026-11-16,1,90,0
LON02811,KY,"Beard, Murphy and Mclaughlin",Technology,332.26,258.15,264.81,BB,0.02,0.35,6.71,2020-11-25,2026-02-21,1,0,0
LON02812,JE,Delgado Ltd,RealEstate,765.1,668.95,680.89,A,0.001,0.35,7.76,2022-10-11,2028-11-21,1,0,0
LON02813,KY,Collier and Sons,Retail,725.81,580.1,607.59,A,0.001,0.25,7.81,2022-10-22,2025-07-15,1,60,0
LON02814,BM,Reynolds-Williams,PrivateWealth,266.12,231.63,233.68,A,0.001,0.25,3.02,2021-05-05,2031-03-14,1,0,0
LON02815,JE,Cross-Brown,Shipping,2187.14,1744.6,1788.4,BB,0.02,0.35,6.21,2023-09-02,2026-11-26,1,90,0
LON02816,KY,Glass Inc,Shipping,364.83,292.95,305.84,A,0.001,0.25,5.72,2022-02-28,2027-06-04,1,60,0
LON02817,KY,Miller-Wood,Hospitality,154.6,148.45,148.76,B,0.05,0.45,7.96,2023-09-10,2028-02-03,2,60,0
LON02818,KY,Arnold Inc,Energy,411.27,331.58,347.28,A,0.001,0.25,3.11,2020-06-03,2022-10-18,1,60,0
LON02819,JE,"Sanchez, Johnson and Mcbride",Energy,910.02,792.27,801.34,AA,0.0005,0.35,6.26,2023-04-11,2030-06-07,1,90,0
LON02820,KY,"Allen, Jones and Roberts",PrivateWealth,310.54,242.67,248.22,BBB,0.005,0.25,6.94,2020-09-24,2025-07-20,1,30,0
LON02821,BM,Jones LLC,Retail,536.44,484.4,505.08,B,0.05,0.35,8.62,2023-03-10,2028-12-09,1,90,0
LON02822,BM,Sanchez-Buchanan,Shipping,976.74,807.93,843.83,A,0.001,0.25,8.0,2020-01-29,2027-02-01,1,30,0
LON02823,KY,Rose and Sons,Technology,1897.41,1642.56,1667.33,BBB,0.005,0.25,7.97,2022-08-30,2030-04-29,1,0,0
LON02824,KY,Fernandez-Wilson,Retail,670.24,533.69,539.29,BB,0.02,0.25,5.06,2020-09-03,2022-09-14,1,0,0
LON02825,KY,"Berry, Short and Snyder",Retail,216.13,192.46,201.6,BB,0.02,0.35,3.18,2019-07-22,2029-04-02,1,0,0
LON02826,GU,Fry and Sons,InvestmentHoldCo,758.29,746.64,752.34,BBB,0.005,0.25,5.96,2020-07-19,2028-02-05,1,30,0
LON02827,BM,Ramirez-Chan,Energy,453.92,452.37,467.61,A,0.001,0.45,6.16,2021-10-28,2030-05-28,1,0,0
LON02828,KY,Anderson and Sons,Shipping,623.17,495.52,514.16,BBB,0.005,0.25,7.07,2024-02-29,2031-10-18,2,0,0
LON02829,GU,Smith LLC,Retail,2143.22,1656.88,1729.39,BBB,0.005,0.25,3.55,2024-01-29,2031-10-18,1,0,0
LON02830,BM,Johnson-Kramer,Shipping,304.13,277.27,283.11,BBB,0.005,0.25,7.45,2021-09-27,2030-12-27,1,0,0
LON02831,BM,Bruce Ltd,PrivateWealth,793.85,670.57,699.3,A,0.001,0.6,7.36,2022-05-31,2031-06-05,1,0,0
LON02832,BM,"Kelly, Perez and Rodriguez",Hospitality,1205.31,1084.02,1107.23,BBB,0.005,0.25,8.39,2022-05-25,2032-02-13,1,30,0
LON02833,BM,"Woods, Fritz and Conner",RealEstate,462.62,418.14,427.95,AAA,0.0001,0.35,3.8,2019-12-23,2021-05-28,2,60,0
LON02834,GU,Neal PLC,RealEstate,1379.83,1068.1,1118.68,BBB,0.005,0.6,8.56,2021-04-23,2023-07-15,1,0,0
LON02835,GU,Dunn-Garcia,RealEstate,683.66,628.65,633.78,A,0.001,0.25,7.33,2021-09-20,2031-06-28,1,0,0
LON02836,GU,Davis-Flores,RealEstate,838.13,801.48,822.64,B,0.05,0.35,8.7,2019-07-18,2025-04-04,2,90,0
LON02837,KY,Hughes LLC,RealEstate,587.6,586.48,600.8,B,0.05,0.35,5.17,2023-05-30,2028-12-13,2,60,0
LON02838,BM,"Nelson, Johnson and Ferguson",Shipping,1912.34,1561.85,1617.34,AAA,0.0001,0.25,5.24,2021-03-24,2022-03-26,1,0,0
LON02839,KY,Brown-Smith,Hospitality,312.0,271.48,280.31,A,0.001,0.6,3.6,2022-05-21,2024-12-24,2,0,0
LON02840,KY,"Green, Chapman and Anderson",InvestmentHoldCo,1847.98,1484.85,1528.89,A,0.001,0.25,6.82,2022-01-04,2027-06-05,2,0,0
LON02841,KY,"Ross, Fuller and Stevens",Retail,1184.8,972.71,1012.87,BBB,0.005,0.6,7.4,2024-04-25,2026-11-04,1,0,0
LON02842,GU,Estrada-Mitchell,Retail,353.03,330.64,345.65,B,0.05,0.35,8.4,2021-01-23,2026-04-25,1,30,0
LON02843,KY,Caldwell Group,Shipping,1340.84,1314.22,1338.5,A,0.001,0.35,6.57,2023-10-14,2030-02-12,3,0,0
LON02844,JE,Allen PLC,Hospitality,247.93,215.79,216.96,A,0.001,0.6,8.27,2023-08-08,2028-06-17,1,0,0
LON02845,KY,Beasley-Pope,Energy,600.93,466.41,467.85,A,0.001,0.25,4.43,2020-03-02,2027-10-28,1,90,0
LON02846,KY,"Moore, Reese and Alexander",Shipping,890.91,863.98,880.59,BBB,0.005,0.35,5.33,2022-04-13,2032-01-10,1,0,0
LON02847,KY,Wolfe-Glass,PrivateWealth,1937.25,1503.26,1556.4,BBB,0.005,0.25,5.34,2023-05-07,2029-07-16,1,60,0
LON02848,BM,Brown-Haney,Energy,174.58,172.92,178.77,BBB,0.005,0.25,6.69,2020-06-11,2026-09-08,1,0,0
LON02849,KY,Sweeney PLC,RealEstate,463.67,443.77,449.0,BBB,0.005,0.35,5.89,2022-06-17,2027-06-04,1,30,0
LON02850,KY,"Peterson, Briggs and Smith",Shipping,502.0,440.78,451.71,AAA,0.0001,0.45,5.19,2023-12-02,2030-09-10,1,0,0
LON02851,GU,Stephens PLC,PrivateWealth,519.73,401.57,417.41,A,0.001,0.25,6.3,2022-06-01,2031-12-29,2,0,0
LON02852,KY,"Flynn, Watts and Duncan",RealEstate,1122.28,990.36,1015.03,BBB,0.005,0.25,7.74,2021-06-16,2025-06-15,1,0,0
LON02853,BM,Kemp-Pennington,Shipping,3564.62,3469.25,3620.51,B,0.05,0.25,3.86,2023-06-02,2029-08-02,1,0,0
LON02854,GU,Wood-Johnson,Retail,550.17,429.92,440.64,A,0.001,0.25,5.06,2023-08-20,2025-08-01,1,0,0
LON02855,JE,Maddox Inc,PrivateWealth,574.55,444.53,453.68,AA,0.0005,0.6,3.08,2023-03-25,2033-03-19,1,60,0
LON02856,BM,Reynolds Group,PrivateWealth,1874.52,1547.11,1609.6,BB,0.02,0.25,7.92,2019-09-14,2023-12-21,1,0,0
LON02857,BM,"Kramer, Rowe and Castillo",Shipping,780.9,613.41,620.83,BBB,0.005,0.45,5.66,2023-02-14,2029-09-25,1,0,0
LON02858,BM,"Avery, Cox and Acevedo",RealEstate,774.52,599.12,618.74,BBB,0.005,0.25,7.39,2022-02-08,2028-09-12,1,60,0
LON02859,BM,Sosa-Peters,PrivateWealth,595.92,576.77,586.47,BB,0.02,0.6,3.64,2023-03-16,2026-08-29,1,0,0
LON02860,GU,Brown-Evans,Energy,1229.08,990.61,1008.2,A,0.001,0.35,8.39,2022-01-03,2025-08-05,1,90,0
LON02861,BM,Hamilton-Cardenas,InvestmentHoldCo,374.52,301.0,312.64,BBB,0.005,0.35,5.92,2024-03-07,2028-03-17,2,0,0
LON02862,KY,Cook-Gonzalez,PrivateWealth,399.43,329.5,341.78,A,0.001,0.35,3.47,2022-10-07,2024-06-27,1,0,0
LON02863,BM,Baker LLC,Hospitality,919.48,824.93,857.07,BBB,0.005,0.35,5.75,2019-08-21,2025-07-30,1,0,0
LON02864,KY,Wilson Inc,Shipping,376.65,362.15,379.4,A,0.001,0.6,7.05,2023-12-13,2027-05-14,1,0,0
LON02865,BM,Ponce PLC,Energy,438.94,409.14,410.64,BB,0.02,0.25,3.88,2022-05-30,2026-07-03,1,0,0
LON02866,BM,Sanchez Ltd,Energy,651.58,610.4,618.81,B,0.05,0.25,3.32,2022-09-17,2028-04-09,1,0,0
LON02867,JE,Thomas-Moyer,Energy,1421.24,1130.76,1152.9,B,0.05,0.25,7.82,2024-05-09,2028-11-18,1,90,0
LON02868,KY,"Harris, Duran and Cruz",PrivateWealth,437.04,379.64,398.47,BB,0.02,0.25,4.84,2021-04-18,2031-01-02,1,0,0
LON02869,BM,Harrison-Garcia,Retail,873.89,763.45,791.04,A,0.001,0.25,3.84,2020-07-17,2028-03-20,1,90,0
LON02870,BM,Robinson-Scott,Shipping,729.41,633.61,659.79,A,0.001,0.25,7.12,2023-12-21,2026-03-26,1,60,0
LON02871,BM,Webb Inc,Technology,549.04,526.73,543.17,AA,0.0005,0.25,5.93,2019-10-12,2026-09-17,1,30,0
LON02872,KY,Silva-Dalton,Shipping,1422.88,1152.84,1170.4,BBB,0.005,0.25,4.62,2021-11-19,2026-11-19,1,60,0
LON02873,KY,Yates LLC,InvestmentHoldCo,1030.17,986.22,1028.7,A,0.001,0.25,5.44,2023-12-22,2026-11-09,1,0,0
LON02874,JE,Paul-Flores,Hospitality,1488.34,1274.37,1295.41,BBB,0.005,0.45,8.94,2020-07-27,2028-12-18,1,60,0
LON02875,KY,"Allen, Carter and Walker",Technology,492.3,487.82,506.87,B,0.05,0.25,7.8,2020-03-03,2027-08-06,1,0,0
LON02876,JE,Ross-Carpenter,InvestmentHoldCo,458.85,394.11,398.59,BBB,0.005,0.45,4.77,2023-05-21,2028-02-23,1,30,0
LON02877,BM,"Moore, Smith and Wright",RealEstate,382.9,336.03,340.36,BBB,0.005,0.35,4.71,2022-07-06,2026-11-20,1,0,0
LON02878,BM,Robinson-Hawkins,Retail,874.03,732.26,754.57,BB,0.02,0.45,4.93,2022-01-25,2028-02-18,1,90,0
LON02879,BM,"Cordova, Burgess and Williams",Shipping,825.36,664.43,679.53,BB,0.02,0.45,5.79,2021-07-10,2030-12-21,3,0,0
LON02880,BM,Jones and Sons,Shipping,1689.73,1381.0,1429.33,BB,0.02,0.45,3.8,2021-10-26,2026-04-23,1,30,0
LON02881,KY,Guzman-Huang,Shipping,337.06,285.0,290.67,A,0.001,0.35,7.11,2020-10-21,2024-12-08,1,0,0
LON02882,KY,"Hopkins, Tanner and Kelly",Hospitality,1090.05,925.46,964.54,B,0.05,0.35,3.3,2022-09-16,2028-10-17,1,0,0
LON02883,GU,Foster Ltd,RealEstate,304.32,283.46,290.91,A,0.001,0.25,7.4,2023-06-21,2032-08-14,1,30,0
LON02884,JE,Huff and Sons,Energy,485.91,409.96,420.86,A,0.001,0.45,6.72,2020-10-10,2022-05-19,1,0,0
LON02885,KY,Owens Group,PrivateWealth,2220.17,1896.24,1963.45,BBB,0.005,0.35,7.69,2023-06-10,2033-05-23,2,60,0
LON02886,GU,Peterson-Stewart,InvestmentHoldCo,1224.06,1161.91,1198.03,AAA,0.0001,0.6,8.54,2023-07-19,2024-10-04,2,0,0
LON02887,BM,"Bailey, Ellis and Rodriguez",RealEstate,277.85,261.31,265.08,A,0.001,0.35,7.75,2021-03-02,2025-11-30,1,60,0
LON02888,KY,Murillo LLC,Shipping,214.36,203.83,210.12,BBB,0.005,0.25,5.22,2020-08-10,2030-06-02,1,0,0
LON02889,GU,Barnes-Brown,RealEstate,796.21,697.01,701.46,A,0.001,0.45,3.53,2022-07-30,2026-08-30,2,0,0
LON02890,GU,Molina-Patterson,RealEstate,1445.98,1161.42,1192.8,BBB,0.005,0.25,7.12,2021-10-27,2030-05-28,1,0,0
LON02891,BM,Moss Group,InvestmentHoldCo,1391.72,1283.15,1324.82,BBB,0.005,0.25,3.48,2020-03-26,2026-06-21,1,90,0
LON02892,BM,"Lewis, Banks and Anderson",Technology,387.67,328.74,329.5,A,0.001,0.35,7.81,2023-09-29,2027-01-21,1,30,0
LON02893,BM,Gonzalez Group,RealEstate,688.44,652.99,678.47,A,0.001,0.6,5.9,2020-08-07,2027-03-21,2,0,0
LON02894,BM,Nash and Sons,Energy,372.29,371.05,376.89,BBB,0.005,0.45,3.2,2022-09-13,2023-11-22,1,60,0
LON02895,KY,Smith-Pham,Energy,164.79,158.71,159.72,BB,0.02,0.45,4.03,2024-03-10,2026-04-10,2,0,0
LON02896,JE,"Weeks, Armstrong and Morrow",RealEstate,1896.87,1488.74,1532.15,A,0.001,0.45,3.13,2020-07-01,2030-06-28,1,0,0
LON02897,KY,"Warner, Reid and Haynes",Technology,676.3,603.27,630.06,A,0.001,0.25,5.69,2022-12-23,2024-01-08,1,60,0
LON02898,BM,Roberts-Harris,InvestmentHoldCo,265.63,226.51,231.41,AA,0.0005,0.25,4.55,2023-11-16,2032-07-01,1,0,0
LON02899,BM,Gardner-Duran,Hospitality,398.12,306.37,308.82,AAA,0.0001,0.6,3.35,2021-01-13,2023-05-09,2,0,0
LON02900,BM,"Burke, Riggs and Black",PrivateWealth,272.01,210.52,217.84,AA,0.0005,0.25,3.5,2023-12-10,2025-10-01,2,0,0
LON02901,BM,Smith-Strong,Technology,996.83,912.83,949.66,AA,0.0005,0.45,4.37,2021-12-02,2029-08-04,1,0,0
LON02902,JE,Miller-Warren,RealEstate,838.53,688.54,690.49,BBB,0.005,0.35,7.09,2022-02-21,2025-05-29,1,60,0
LON02903,BM,"Nelson, Arellano and Kennedy",RealEstate,755.88,624.0,643.02,A,0.001,0.25,4.83,2022-11-10,2025-05-13,1,0,0
LON02904,BM,Patterson Group,Technology,191.72,189.54,191.52,BB,0.02,0.35,6.37,2019-09-08,2027-02-25,1,0,0
LON02905,KY,Wilson Group,Shipping,1740.51,1349.77,1368.15,BB,0.02,0.35,6.65,2021-01-17,2024-02-23,1,0,0
LON02906,BM,"Jimenez, Stewart and Calhoun",PrivateWealth,220.79,199.32,208.29,AAA,0.0001,0.25,4.79,2021-05-10,2023-11-17,1,0,0
LON02907,BM,"Love, Cross and Wheeler",Energy,161.66,141.71,144.05,AA,0.0005,0.35,4.38,2023-04-09,2029-12-31,1,90,0
LON02908,BM,Hunter Inc,RealEstate,194.57,157.2,161.21,A,0.001,0.45,5.36,2021-04-15,2026-06-21,1,90,0
LON02909,BM,Davis and Sons,Shipping,710.1,648.51,651.82,A,0.001,0.35,5.23,2020-04-26,2026-05-24,1,30,0
LON02910,BM,Alvarez-Dominguez,Energy,277.93,217.72,228.55,AAA,0.0001,0.45,6.18,2023-07-12,2026-11-07,1,0,0
LON02911,KY,Cabrera-Riley,InvestmentHoldCo,560.34,548.79,558.52,AA,0.0005,0.25,7.75,2024-06-24,2032-12-18,1,0,0
LON02912,JE,"Duran, Benson and Trevino",Shipping,531.64,456.38,464.54,BBB,0.005,0.25,6.98,2020-05-03,2026-09-14,1,60,0
LON02913,KY,Wallace-Price,RealEstate,684.85,572.05,595.04,A,0.001,0.25,8.46,2021-03-10,2024-09-28,1,0,0
LON02914,KY,Carroll LLC,PrivateWealth,574.94,563.91,585.56,BBB,0.005,0.25,6.64,2020-09-23,2029-06-25,1,60,0
LON02915,BM,Larson Group,PrivateWealth,561.67,496.0,501.04,BBB,0.005,0.45,5.05,2022-11-07,2030-11-12,1,0,0
LON02916,KY,"Ward, Johnson and Hammond",Technology,453.23,394.33,398.99,AA,0.0005,0.45,7.34,2024-01-14,2032-04-13,1,90,0
LON02917,GU,Wilson-Webster,Shipping,446.46,444.45,448.62,BBB,0.005,0.35,7.37,2022-03-05,2026-12-31,1,0,0
LON02918,JE,"Fisher, Maxwell and Davis",Hospitality,701.76,590.25,615.78,BB,0.02,0.35,3.3,2019-12-17,2027-03-20,1,0,0
LON02919,GU,Cortez-Tucker,RealEstate,349.87,335.4,335.81,B,0.05,0.25,7.17,2022-05-29,2025-05-23,2,0,0
LON02920,KY,Fisher PLC,Hospitality,318.22,298.5,307.03,BBB,0.005,0.6,8.92,2023-07-25,2032-09-24,1,30,0
LON02921,KY,"Hernandez, Hart and Jones",Energy,628.91,616.65,635.48,A,0.001,0.25,7.85,2021-12-13,2030-09-03,1,0,0
LON02922,BM,Mills Ltd,RealEstate,5074.88,4973.36,5107.42,BBB,0.005,0.45,8.17,2022-02-04,2026-11-11,1,0,0
LON02923,KY,Herrera-Stone,InvestmentHoldCo,918.35,835.57,843.01,BBB,0.005,0.6,7.17,2021-03-06,2027-09-24,1,0,0
LON02924,GU,"Beasley, Wilson and Lynch",Technology,1026.62,857.53,888.37,BBB,0.005,0.45,5.06,2024-05-16,2030-11-16,1,0,0
LON02925,BM,Dickerson-Stewart,Energy,946.55,777.01,798.78,BBB,0.005,0.25,5.03,2020-05-17,2022-10-02,2,0,0
LON02926,BM,"Johnson, Sullivan and Jimenez",RealEstate,885.42,688.98,698.08,B,0.05,0.35,6.18,2020-02-23,2021-10-30,1,0,0
LON02927,BM,Sawyer-Mitchell,Retail,770.76,605.63,623.55,BBB,0.005,0.35,5.39,2022-08-27,2024-12-25,1,90,0
LON02928,BM,Dawson-Benitez,Energy,2050.5,1584.85,1621.7,BB,0.02,0.25,3.17,2020-04-14,2027-11-25,1,60,0
LON02929,KY,Rogers and Sons,Technology,340.18,335.33,351.45,BB,0.02,0.45,7.49,2020-08-10,2029-10-07,3,0,0
LON02930,BM,Garcia LLC,RealEstate,548.82,512.68,520.36,BB,0.02,0.25,7.47,2020-12-03,2030-01-13,1,60,0
LON02931,BM,"Hancock, Wallace and Roth",Technology,1711.76,1418.7,1443.86,A,0.001,0.25,3.3,2019-11-08,2023-07-24,1,60,0
LON02932,KY,"Lee, Booth and Hampton",Energy,955.04,855.65,874.19,B,0.05,0.35,4.18,2020-07-28,2021-11-07,1,0,0
LON02933,GU,"Krueger, Castaneda and Ray",Hospitality,723.63,625.68,626.17,AAA,0.0001,0.25,6.98,2023-06-14,2028-01-15,1,0,0
LON02934,BM,"Arnold, Farrell and Wallace",InvestmentHoldCo,382.19,370.41,383.43,BBB,0.005,0.6,3.82,2019-07-26,2029-03-02,2,30,0
LON02935,GU,Terry-Williams,Hospitality,1414.63,1189.24,1245.14,BBB,0.005,0.45,4.85,2021-08-23,2026-07-02,1,30,0
LON02936,BM,"Fitzgerald, Levy and Gordon",Shipping,1405.77,1222.96,1273.85,BB,0.02,0.6,4.4,2021-09-30,2025-01-14,1,0,0
LON02937,GU,"Bailey, Rodriguez and Costa",Technology,1023.35,813.14,821.29,B,0.05,0.45,8.23,2020-03-01,2023-01-21,1,60,0
LON02938,GU,"Willis, Chan and Chapman",PrivateWealth,550.42,550.39,559.74,B,0.05,0.25,6.62,2022-02-15,2027-09-22,1,0,0
LON02939,BM,Hayes-Simmons,InvestmentHoldCo,3104.02,2873.34,3016.32,BBB,0.005,0.25,4.75,2024-04-30,2032-05-05,3,0,0
LON02940,BM,Williams-Vaughan,RealEstate,1307.16,1011.11,1059.48,BB,0.02,0.25,5.74,2022-08-31,2026-08-21,1,0,0
LON02941,KY,Andersen Ltd,Energy,131.77,128.9,130.29,BB,0.02,0.35,8.39,2022-02-24,2030-03-07,1,0,0
LON02942,BM,Garcia-Vazquez,Retail,1144.93,890.7,918.63,BBB,0.005,0.45,6.9,2022-01-13,2026-09-01,1,30,0
LON02943,BM,Orr-Phillips,PrivateWealth,527.77,407.8,419.27,BBB,0.005,0.6,5.01,2022-12-22,2027-02-04,1,0,0
LON02944,GU,Kim Ltd,Hospitality,1682.5,1296.54,1313.38,BB,0.02,0.45,4.31,2020-02-09,2023-07-08,1,30,0
LON02945,JE,Jones Group,Energy,1091.17,887.02,926.34,AA,0.0005,0.35,5.9,2019-09-04,2025-05-15,1,60,0
LON02946,BM,Richardson Inc,RealEstate,724.72,595.22,596.4,A,0.001,0.25,7.61,2023-11-10,2028-08-17,1,60,0
LON02947,JE,Michael Inc,Shipping,296.41,258.98,260.31,B,0.05,0.6,6.73,2021-03-29,2025-02-05,2,60,0
LON02948,JE,Livingston Group,RealEstate,1349.03,1140.0,1174.88,BBB,0.005,0.25,5.02,2023-05-18,2030-04-17,1,0,0
LON02949,KY,Obrien-Williams,RealEstate,872.62,853.85,880.16,B,0.05,0.6,6.23,2022-03-09,2030-02-27,1,0,0
LON02950,BM,Martin PLC,Hospitality,1496.92,1352.81,1391.34,A,0.001,0.35,4.19,2021-06-22,2030-08-26,1,0,0
LON02951,KY,Ball-Burgess,PrivateWealth,690.34,611.51,619.46,A,0.001,0.25,3.27,2022-03-04,2026-01-16,1,90,0
LON02952,KY,Blake-Kelly,RealEstate,1486.92,1261.46,1297.86,BBB,0.005,0.45,8.58,2024-04-30,2029-11-02,1,30,0
LON02953,JE,Fields-Young,Shipping,1458.69,1366.42,1381.3,BBB,0.005,0.35,7.02,2022-08-06,2030-01-23,1,0,0
LON02954,KY,Taylor Ltd,Energy,1152.67,1103.49,1108.58,BBB,0.005,0.25,7.58,2022-02-23,2024-12-25,2,60,0
LON02955,GU,"Hart, Paul and Ortega",Shipping,204.35,162.61,164.26,AA,0.0005,0.35,7.23,2022-05-04,2025-09-17,1,0,0
LON02956,KY,George-Stein,RealEstate,1635.79,1428.69,1500.06,BBB,0.005,0.25,6.7,2024-04-24,2026-10-13,1,0,0
LON02957,BM,Hurst-Stephens,Energy,720.58,646.94,666.31,BBB,0.005,0.35,6.42,2019-12-27,2026-12-06,1,0,0
LON02958,KY,Martinez Ltd,Shipping,343.48,286.75,289.43,A,0.001,0.25,8.61,2019-12-30,2021-04-15,1,0,0
LON02959,KY,Evans-Martin,RealEstate,507.6,463.44,467.41,B,0.05,0.45,8.2,2019-08-04,2029-06-02,1,0,0
LON02960,JE,Arellano-Mclaughlin,Shipping,1086.01,1078.13,1129.2,BB,0.02,0.25,3.21,2020-10-14,2026-09-08,1,60,0
LON02961,BM,"Quinn, White and Chen",Hospitality,1428.57,1231.71,1247.85,B,0.05,0.25,5.01,2021-02-25,2027-12-21,2,0,0
LON02962,BM,Brown Group,PrivateWealth,435.7,400.19,404.59,B,0.05,0.35,3.87,2023-02-07,2033-01-12,1,0,0
LON02963,BM,Cooper PLC,Energy,152.3,132.65,136.62,BB,0.02,0.6,5.68,2024-03-02,2029-09-30,1,0,0
LON02964,BM,"Perry, Hobbs and Williams",Retail,182.22,161.01,166.43,AAA,0.0001,0.6,8.77,2022-11-07,2027-12-09,1,90,0
LON02965,BM,"Vasquez, Davis and Dalton",Energy,551.07,481.75,504.21,B,0.05,0.25,8.9,2022-07-11,2024-12-11,1,90,0
LON02966,GU,Henry Inc,PrivateWealth,614.47,494.78,507.35,AA,0.0005,0.35,3.48,2022-01-12,2026-04-03,1,0,0
LON02967,GU,Bush-Morris,Shipping,1838.75,1695.71,1725.93,B,0.05,0.45,5.46,2022-12-21,2028-07-19,1,90,0
LON02968,BM,Harrison Group,Retail,608.64,582.5,590.08,BB,0.02,0.35,6.1,2021-09-14,2023-10-08,1,60,0
LON02969,JE,Davis-Harrison,InvestmentHoldCo,1157.63,900.88,945.06,BBB,0.005,0.25,4.5,2023-05-23,2027-01-29,1,0,0
LON02970,KY,Smith-Garcia,Energy,488.54,411.96,421.33,BBB,0.005,0.35,5.72,2020-02-24,2023-09-17,1,0,0
LON02971,GU,Lee PLC,Shipping,1910.29,1504.43,1542.3,AA,0.0005,0.35,8.32,2021-04-26,2022-12-11,1,0,0
LON02972,BM,Rollins-King,Shipping,1320.05,1090.32,1098.43,B,0.05,0.25,3.01,2021-07-22,2026-08-27,2,30,0
LON02973,BM,"Bryant, Mitchell and Davis",Technology,1007.49,967.21,981.33,BBB,0.005,0.25,6.92,2022-02-28,2029-06-06,2,30,0
LON02974,BM,Brewer and Sons,Shipping,409.75,326.21,340.93,BBB,0.005,0.25,4.78,2022-07-25,2027-02-22,1,60,0
LON02975,BM,Thompson-Reyes,Retail,1263.92,1062.43,1065.92,BBB,0.005,0.6,3.25,2021-06-04,2024-02-26,1,60,0
LON02976,KY,"Miller, Phillips and Newman",Technology,2171.5,1902.0,1979.79,BBB,0.005,0.6,6.32,2021-05-19,2027-05-29,1,0,0
LON02977,BM,Sellers and Sons,InvestmentHoldCo,831.63,646.76,677.24,BBB,0.005,0.45,3.89,2024-06-05,2028-10-06,1,0,0
LON02978,BM,"Sanchez, Livingston and Owens",InvestmentHoldCo,1045.8,817.71,857.13,AAA,0.0001,0.6,7.43,2019-12-21,2025-07-29,1,0,0
LON02979,KY,"Dennis, Jones and Chapman",Shipping,722.52,656.13,687.66,BBB,0.005,0.45,5.32,2020-03-18,2022-05-18,3,0,0
LON02980,BM,Williams-Gonzalez,RealEstate,506.95,469.73,485.27,AAA,0.0001,0.25,5.07,2024-02-15,2031-03-03,1,60,0
LON02981,GU,Johnston-Deleon,Hospitality,559.96,529.46,549.65,BB,0.02,0.6,4.68,2023-09-04,2026-05-22,2,0,0
LON02982,BM,Robinson-Washington,PrivateWealth,962.26,822.89,833.93,BB,0.02,0.45,6.21,2019-09-19,2029-08-20,1,30,0
LON02983,BM,Gonzalez-Anderson,Technology,836.5,766.53,800.68,AA,0.0005,0.25,7.87,2024-05-27,2025-08-17,1,60,0
LON02984,KY,Tyler-Harrington,Energy,572.8,449.0,461.15,BB,0.02,0.35,3.94,2024-04-24,2026-02-20,1,90,0
LON02985,GU,"Costa, Williams and Espinoza",Shipping,460.75,449.47,462.19,BB,0.02,0.25,4.09,2020-05-02,2023-04-05,1,0,0
LON02986,BM,Valentine Group,Shipping,547.77,447.75,467.01,A,0.001,0.6,7.37,2020-11-09,2024-02-10,1,90,0
LON02987,JE,Walsh-Williams,Energy,686.19,610.62,612.49,A,0.001,0.35,7.81,2021-10-12,2030-06-03,1,90,0
LON02988,JE,Howard Ltd,Energy,820.32,738.93,767.36,AA,0.0005,0.6,4.81,2021-05-13,2026-10-23,1,30,0
LON02989,JE,Harmon-Kelley,RealEstate,434.17,391.45,405.74,B,0.05,0.45,6.51,2021-06-10,2026-09-16,1,90,0
LON02990,BM,Fernandez-Wilson,Technology,713.77,596.83,612.57,BBB,0.005,0.35,4.05,2019-07-27,2027-09-04,1,0,0
LON02991,BM,Watson Inc,Hospitality,1008.3,837.83,856.08,BBB,0.005,0.25,3.79,2021-01-17,2029-01-14,2,0,0
LON02992,KY,Morris PLC,PrivateWealth,1563.4,1556.47,1556.71,BBB,0.005,0.6,3.87,2023-08-22,2030-07-08,1,0,0
LON02993,KY,Palmer Group,Hospitality,774.02,705.7,722.78,A,0.001,0.45,4.75,2022-10-10,2029-06-03,1,0,0
LON02994,KY,"Larsen, Perkins and Martin",Retail,2224.7,1805.62,1876.57,A,0.001,0.25,7.36,2023-05-30,2031-06-04,2,0,0
LON02995,BM,Ayala-Wheeler,Shipping,714.37,611.22,632.16,AAA,0.0001,0.35,5.39,2021-09-19,2025-11-04,1,0,0
LON02996,KY,"Wilson, Walker and Mccormick",Shipping,409.53,332.31,341.5,AA,0.0005,0.35,7.56,2020-04-01,2027-12-16,2,0,0
LON02997,GU,Craig-Anderson,Hospitality,4647.47,3728.14,3884.83,BB,0.02,0.45,7.31,2020-04-28,2025-12-09,1,30,0
LON02998,BM,"Harvey, Sexton and Andrade",Shipping,1175.79,1050.98,1058.66,BBB,0.005,0.25,7.62,2024-04-09,2030-06-07,1,90,0
LON02999,BM,Payne PLC,RealEstate,645.21,507.63,523.33,B,0.05,0.25,4.65,2021-12-25,2027-02-08,1,0,0
LON03000,KY,Farley-Parks,Shipping,633.09,496.51,499.97,BBB,0.005,0.35,7.0,2021-07-02,2029-08-29,1,0,0
LON03001,BM,"Chavez, Osborn and Clark",Technology,2265.55,2074.18,2117.21,B,0.05,0.6,5.73,2019-07-15,2022-06-23,1,0,0
LON03002,KY,"Moore, Anderson and Snow",RealEstate,2212.22,2043.25,2124.92,BB,0.02,0.35,3.19,2020-02-02,2026-04-15,3,60,0
LON03003,BM,"Rogers, Hernandez and Nelson",InvestmentHoldCo,1363.92,1112.34,1124.07,BBB,0.005,0.45,6.52,2022-06-30,2029-05-11,2,0,0
LON03004,BM,Barrett-Jackson,Energy,677.95,672.61,698.55,B,0.05,0.35,7.14,2024-01-22,2026-03-27,1,0,0
LON03005,GU,Lowe PLC,RealEstate,706.91,554.09,568.6,AAA,0.0001,0.45,3.36,2021-05-14,2028-12-31,1,30,0
LON03006,BM,"Moody, Lane and Patrick",Technology,685.81,648.59,651.5,BB,0.02,0.45,5.39,2019-12-20,2022-05-02,1,60,0
LON03007,BM,Jones-Wilkerson,Hospitality,1089.72,875.56,879.52,BB,0.02,0.25,6.17,2022-06-12,2028-06-30,2,0,0
LON03008,BM,"Fitzgerald, Bender and Jones",RealEstate,1379.2,1230.98,1259.14,BBB,0.005,0.45,7.17,2024-06-25,2032-01-01,1,90,0
LON03009,JE,"Aguilar, Lopez and Daniels",Hospitality,2650.43,2160.13,2248.83,BB,0.02,0.45,5.63,2022-09-16,2025-07-20,1,0,0
LON03010,KY,"Davis, Cooper and Shaffer",Shipping,352.87,322.92,337.04,B,0.05,0.25,6.27,2020-01-29,2021-07-20,1,90,0
LON03011,BM,Douglas PLC,Shipping,430.6,385.05,398.39,BBB,0.005,0.45,7.47,2021-03-13,2025-05-02,1,60,0
LON03012,JE,Kramer Group,Energy,567.77,547.62,548.48,BB,0.02,0.25,4.64,2022-05-31,2026-12-28,1,0,0
LON03013,KY,Peterson-Burke,RealEstate,921.77,838.06,870.16,BBB,0.005,0.45,4.64,2024-05-18,2026-08-22,1,0,0
LON03014,JE,"Ellis, Fields and Robinson",Energy,924.06,798.14,830.94,A,0.001,0.45,8.37,2023-12-28,2030-01-31,1,0,0
LON03015,KY,White Group,Retail,869.74,717.04,717.45,BB,0.02,0.25,5.31,2023-05-10,2030-08-12,1,0,0
LON03016,JE,Callahan PLC,PrivateWealth,649.79,573.19,590.94,A,0.001,0.6,7.49,2021-02-08,2026-09-20,1,0,0
LON03017,KY,Wilson-Pearson,Energy,289.08,272.27,279.86,BBB,0.005,0.35,5.1,2024-03-13,2030-11-10,1,30,0
LON03018,JE,Nguyen and Sons,RealEstate,285.11,235.94,240.14,BB,0.02,0.35,6.66,2021-10-15,2031-08-17,1,0,0
LON03019,KY,Jarvis Group,Hospitality,449.99,385.28,387.34,B,0.05,0.45,7.61,2021-02-19,2028-07-28,1,60,0
LON03020,GU,Nielsen-Bailey,Hospitality,1875.92,1576.24,1615.49,BB,0.02,0.35,3.91,2022-12-01,2030-06-30,1,60,0
LON03021,BM,"Ortega, Nelson and Parsons",Hospitality,583.13,471.58,479.1,B,0.05,0.25,7.4,2022-04-24,2029-04-25,1,0,0
LON03022,BM,Bradshaw-Schwartz,Energy,917.82,710.53,722.48,BBB,0.005,0.35,6.05,2022-07-29,2023-12-06,1,60,0
LON03023,BM,Edwards Inc,Technology,844.7,670.59,699.3,AA,0.0005,0.35,3.49,2022-03-28,2024-05-20,1,60,0
LON03024,BM,Byrd-Goodman,Technology,546.13,498.03,502.55,B,0.05,0.25,6.11,2022-09-27,2025-10-10,1,0,0
LON03025,BM,"King, Reilly and Baker",Technology,134.81,109.31,112.98,BBB,0.005,0.25,7.54,2020-07-05,2029-02-10,1,90,0
LON03026,GU,Parker PLC,InvestmentHoldCo,1236.09,975.04,1020.19,AA,0.0005,0.35,5.2,2020-09-09,2027-10-22,1,90,0
LON03027,GU,"Clayton, Lyons and Boyd",Retail,253.59,215.43,225.93,AA,0.0005,0.25,5.99,2024-02-01,2031-08-16,1,30,0
LON03028,GU,Sullivan PLC,Energy,1422.87,1157.24,1194.95,A,0.001,0.6,3.77,2021-10-09,2024-05-31,1,0,0
LON03029,KY,"Miller, Cummings and Barton",RealEstate,533.76,461.4,477.43,A,0.001,0.25,6.25,2020-03-29,2028-12-07,1,0,0
LON03030,KY,"Parker, Huerta and Davis",RealEstate,383.83,314.81,320.77,AA,0.0005,0.25,3.63,2020-05-07,2025-03-19,1,0,0
LON03031,BM,Knight-Rivera,Energy,2105.27,1662.91,1677.93,BB,0.02,0.6,6.94,2024-06-18,2033-10-29,1,0,0
LON03032,BM,Cox-Garcia,Energy,1452.95,1119.81,1137.54,A,0.001,0.45,4.06,2022-04-17,2025-03-11,1,0,0
LON03033,KY,Garner PLC,Hospitality,1577.09,1275.51,1317.91,BB,0.02,0.25,7.73,2023-10-10,2027-10-23,1,0,0
LON03034,KY,"Gross, Andrews and Johnson",RealEstate,430.16,341.39,353.79,A,0.001,0.25,3.25,2021-06-10,2027-06-16,2,30,0
LON03035,BM,Leon Inc,InvestmentHoldCo,1367.96,1331.99,1379.56,AAA,0.0001,0.25,5.46,2023-07-29,2026-04-05,1,0,0
LON03036,BM,Ross-Charles,InvestmentHoldCo,585.24,530.32,539.68,BBB,0.005,0.25,5.73,2023-01-10,2025-06-01,1,0,0
LON03037,KY,James-Peterson,InvestmentHoldCo,393.45,389.71,404.94,BB,0.02,0.35,6.04,2020-08-05,2025-11-06,2,30,0
LON03038,BM,"Jones, Parks and Henderson",Energy,1537.43,1385.9,1410.72,BBB,0.005,0.25,7.33,2022-04-19,2025-09-07,1,90,0
LON03039,JE,Lopez Ltd,PrivateWealth,1081.87,877.31,894.79,B,0.05,0.25,7.55,2019-12-06,2022-10-23,1,0,0
LON03040,JE,Molina Inc,RealEstate,678.2,536.58,541.64,BB,0.02,0.6,3.01,2021-03-09,2024-02-25,1,60,0
LON03041,BM,Palmer-Johnson,Retail,1817.17,1451.21,1456.08,BBB,0.005,0.35,7.71,2020-08-10,2021-08-16,1,0,0
LON03042,BM,Ware-Phillips,Energy,1595.23,1237.06,1273.8,AA,0.0005,0.25,5.78,2021-05-08,2024-01-04,1,0,0
LON03043,GU,Downs PLC,Retail,358.97,321.09,329.22,BBB,0.005,0.25,6.78,2019-10-17,2028-09-30,1,0,0
LON03044,KY,"Olson, Mendoza and Mccarty",Shipping,1535.89,1241.67,1288.3,A,0.001,0.25,8.63,2020-01-17,2022-12-21,1,30,0
LON03045,BM,Shah-Gutierrez,InvestmentHoldCo,205.7,163.12,167.88,BBB,0.005,0.25,8.95,2022-03-19,2024-02-22,2,0,0
LON03046,BM,Barrett PLC,Energy,693.93,568.62,594.97,AA,0.0005,0.35,5.77,2023-09-19,2030-08-07,1,0,0
LON03047,KY,"Dyer, Romero and Graham",Energy,888.48,817.35,833.34,A,0.001,0.6,4.72,2023-08-20,2031-09-09,1,0,0
LON03048,KY,Watson-Mitchell,RealEstate,1358.82,1213.9,1254.36,BBB,0.005,0.6,3.83,2022-06-12,2029-10-07,1,0,0
LON03049,KY,Garcia-Daugherty,Hospitality,1970.36,1829.84,1881.03,BB,0.02,0.25,8.8,2023-03-17,2032-06-16,1,90,0
LON03050,KY,Snow Ltd,RealEstate,362.26,308.18,317.3,AA,0.0005,0.35,6.35,2022-07-21,2024-10-17,1,0,0
LON03051,KY,"Meyer, Sanders and Baker",PrivateWealth,1032.31,831.2,836.77,A,0.001,0.25,4.92,2023-02-14,2028-04-30,1,0,0
LON03052,KY,"Landry, Peck and Gibson",Retail,264.44,242.51,243.76,AA,0.0005,0.25,6.94,2023-01-06,2024-11-06,1,60,0
LON03053,KY,Gonzales Inc,Retail,1318.28,1103.36,1119.97,BB,0.02,0.45,6.35,2021-11-16,2026-07-29,1,0,0
LON03054,KY,Johnson-Swanson,Energy,552.84,479.98,486.88,BBB,0.005,0.45,5.19,2020-03-30,2023-06-17,1,60,0
LON03055,KY,Smith Ltd,Energy,2925.84,2449.74,2529.22,B,0.05,0.45,5.15,2022-03-25,2026-07-30,1,0,0
LON03056,KY,"Ramos, Payne and Mack",Technology,228.51,223.65,228.75,BBB,0.005,0.25,7.92,2022-09-09,2029-01-20,1,60,0
LON03057,BM,Mason Ltd,Technology,825.0,779.68,805.01,BBB,0.005,0.25,8.1,2024-06-16,2028-09-12,1,0,0
LON03058,KY,Macias Inc,Technology,1158.59,985.41,1023.14,B,0.05,0.6,5.44,2020-08-09,2021-09-05,1,0,0
LON03059,GU,Hughes LLC,Hospitality,757.56,691.52,717.87,BBB,0.005,0.25,7.4,2024-06-18,2027-06-17,1,0,0
LON03060,BM,"Young, Hernandez and Cruz",InvestmentHoldCo,526.35,468.98,489.91,AAA,0.0001,0.25,8.93,2021-10-03,2028-02-20,2,0,0
LON03061,BM,"Stevens, Newman and Morris",Shipping,538.65,421.33,432.64,BB,0.02,0.35,3.36,2021-10-23,2030-12-13,1,90,0
LON03062,GU,"Nguyen, Robles and Smith",Shipping,517.47,454.59,467.11,BBB,0.005,0.25,5.4,2023-06-15,2033-04-24,1,90,0
LON03063,JE,Johnson-Woods,Technology,796.99,686.93,717.51,A,0.001,0.25,7.73,2019-12-28,2027-05-20,1,90,0
LON03064,KY,Fields-Anderson,InvestmentHoldCo,149.9,141.89,141.96,BBB,0.005,0.25,3.53,2023-07-28,2031-08-08,1,60,0
LON03065,BM,"Tucker, Petty and Ho",Shipping,846.02,692.33,721.67,A,0.001,0.45,5.79,2019-08-20,2022-12-06,1,0,0
LON03066,BM,"Harris, Page and Barron",RealEstate,1102.29,1047.62,1049.12,BB,0.02,0.25,6.29,2023-12-21,2033-09-20,1,30,0
LON03067,KY,Mitchell PLC,PrivateWealth,821.81,756.38,793.59,A,0.001,0.45,7.21,2023-07-08,2031-03-29,1,0,0
LON03068,KY,"Lopez, Donovan and Schwartz",RealEstate,399.44,308.83,313.42,BBB,0.005,0.25,8.47,2021-03-08,2022-03-28,1,0,0
LON03069,BM,"Schwartz, Adams and Bradley",PrivateWealth,1977.22,1914.61,2000.96,A,0.001,0.25,7.1,2024-01-10,2029-09-26,1,0,0
LON03070,BM,"Riggs, Steele and Young",Hospitality,353.46,306.84,314.37,B,0.05,0.25,5.9,2022-01-06,2024-06-17,1,0,0
LON03071,BM,"Perry, Smith and Pearson",PrivateWealth,1032.35,964.27,985.3,AA,0.0005,0.25,6.92,2019-10-31,2023-02-27,3,0,0
LON03072,KY,"Scott, Lucas and Nichols",Shipping,268.87,217.28,221.57,BB,0.02,0.25,7.77,2020-03-30,2022-02-18,2,0,0
LON03073,JE,Chavez LLC,Energy,548.3,430.6,451.06,BBB,0.005,0.35,6.98,2023-05-10,2028-06-22,2,30,0
LON03074,BM,"Richardson, Shepard and Potts",PrivateWealth,117.04,108.44,108.58,BB,0.02,0.25,4.97,2022-04-07,2025-09-17,1,0,0
LON03075,KY,"Gonzales, Davis and Hart",RealEstate,1554.06,1449.07,1514.64,B,0.05,0.35,3.77,2023-05-03,2033-02-19,1,90,0
LON03076,KY,Martinez LLC,PrivateWealth,291.08,250.5,254.36,AAA,0.0001,0.35,4.31,2023-07-19,2028-10-09,1,0,0
LON03077,KY,Flores PLC,PrivateWealth,583.58,539.99,553.3,AA,0.0005,0.45,3.63,2020-11-27,2022-04-26,1,0,0
LON03078,KY,Bennett PLC,Energy,1958.89,1554.73,1620.68,B,0.05,0.25,4.27,2020-09-16,2026-05-31,1,90,0
LON03079,KY,Johnson-Khan,Retail,300.05,243.09,246.0,BBB,0.005,0.25,7.83,2021-12-15,2027-05-26,1,0,0
LON03080,BM,"Fox, Allen and Miranda",RealEstate,247.89,205.8,214.61,BB,0.02,0.35,6.96,2023-08-08,2032-12-21,1,0,0
LON03081,KY,Bryant-Vazquez,Energy,1041.26,896.57,912.63,A,0.001,0.35,5.76,2022-07-01,2025-05-23,2,90,0
LON03082,BM,Clark-Alexander,Technology,633.67,568.89,580.49,A,0.001,0.35,8.33,2024-02-06,2032-08-25,1,30,0
LON03083,KY,Levy-Petty,InvestmentHoldCo,540.41,485.9,488.83,BBB,0.005,0.35,7.28,2023-11-30,2028-01-20,3,60,0
LON03084,KY,Roman Inc,PrivateWealth,808.48,695.97,702.2,BB,0.02,0.45,3.5,2020-04-19,2026-06-24,1,30,0
LON03085,KY,Gomez Inc,RealEstate,686.09,580.49,604.43,BB,0.02,0.25,5.21,2020-07-15,2029-11-09,1,30,0
LON03086,GU,Wagner-Hernandez,InvestmentHoldCo,578.09,508.34,515.5,B,0.05,0.45,7.32,2024-06-01,2025-09-21,1,0,0
LON03087,BM,Green Inc,InvestmentHoldCo,1360.3,1077.96,1128.52,BB,0.02,0.35,8.82,2023-04-14,2027-03-01,3,0,0
LON03088,BM,Lopez-Mitchell,Hospitality,667.14,656.09,682.11,B,0.05,0.25,5.43,2023-12-07,2026-06-18,1,0,0
LON03089,BM,Gardner-Howard,RealEstate,702.98,614.39,644.02,A,0.001,0.25,7.16,2022-08-05,2031-07-06,1,0,0
LON03090,KY,Lucas-Scott,Shipping,1708.53,1540.4,1578.62,A,0.001,0.35,5.23,2020-05-04,2021-08-01,1,0,0
LON03091,JE,Williamson-Reeves,Technology,1630.75,1490.76,1551.09,BB,0.02,0.6,8.59,2020-07-21,2030-03-30,1,90,0
LON03092,BM,Rhodes Inc,Technology,572.2,541.62,548.6,B,0.05,0.35,4.0,2022-08-02,2026-02-02,1,60,0
LON03093,KY,Gilbert PLC,Shipping,697.94,584.78,589.88,BBB,0.005,0.45,5.3,2020-02-27,2025-09-24,2,0,0
LON03094,KY,Garcia LLC,RealEstate,833.8,670.05,695.4,A,0.001,0.35,8.04,2021-06-08,2026-04-10,1,30,0
LON03095,KY,Williams-Gomez,Energy,88.2,82.34,84.89,B,0.05,0.25,3.35,2022-04-28,2025-02-26,1,60,0
LON03096,KY,Klein-Owens,Energy,2429.78,2346.86,2385.7,A,0.001,0.45,5.56,2021-04-09,2022-07-25,1,60,0
LON03097,JE,"Fletcher, Lamb and Perez",Energy,2612.75,2124.07,2128.13,B,0.05,0.35,4.81,2019-08-15,2023-08-27,1,60,0
LON03098,KY,Gonzalez-Phillips,Energy,903.58,807.58,838.84,A,0.001,0.35,3.82,2022-01-04,2031-08-01,1,60,0
LON03099,KY,"Bradford, Doyle and Duran",Technology,809.17,655.07,679.38,BBB,0.005,0.6,6.2,2019-09-12,2025-03-23,1,0,0
LON03100,BM,Reid LLC,Shipping,617.93,543.21,566.37,BB,0.02,0.25,4.26,2021-06-14,2024-08-01,1,0,0
LON03101,BM,Griffin-Sanchez,Retail,292.93,238.34,240.6,BBB,0.005,0.25,7.13,2022-02-24,2025-05-13,1,60,0
LON03102,KY,"Bell, Miller and Contreras",Energy,886.22,838.92,871.16,BBB,0.005,0.6,8.28,2022-08-24,2030-09-19,1,90,0
LON03103,BM,Gill-Aguilar,Shipping,818.22,659.92,679.22,BB,0.02,0.6,7.38,2022-07-10,2028-11-23,1,0,0
LON03104,KY,Baker-Morrison,Retail,996.1,937.37,965.9,A,0.001,0.25,8.26,2022-05-01,2027-08-31,1,90,0
LON03105,BM,"Klein, Dixon and Reese",RealEstate,1523.78,1397.74,1457.54,BBB,0.005,0.35,5.9,2023-10-03,2031-07-06,1,0,0
LON03106,BM,French-Guzman,PrivateWealth,1289.37,1221.38,1279.77,BBB,0.005,0.25,3.08,2023-11-25,2032-10-07,2,0,0
LON03107,KY,Baldwin Ltd,PrivateWealth,2020.66,1693.51,1736.55,AA,0.0005,0.35,8.62,2021-01-25,2027-05-29,1,90,0
LON03108,BM,Moore-Carter,Energy,2020.48,1981.0,2043.82,BB,0.02,0.25,8.97,2021-07-13,2027-03-23,1,90,0
LON03109,GU,"Black, Smith and Oconnor",Hospitality,276.97,257.75,260.15,A,0.001,0.25,4.63,2021-11-11,2025-06-27,1,0,0
LON03110,BM,Daugherty-Williams,PrivateWealth,1130.96,1002.89,1043.93,BBB,0.005,0.25,4.93,2021-01-03,2027-09-07,1,0,0
LON03111,BM,Smith-Martinez,Retail,420.25,404.46,406.76,BBB,0.005,0.35,4.44,2023-07-11,2032-05-16,1,30,0
LON03112,JE,Rogers-Taylor,PrivateWealth,1078.98,954.31,991.23,BBB,0.005,0.35,4.4,2024-04-29,2026-10-26,1,0,0
LON03113,GU,"Smith, Hudson and Sellers",Hospitality,867.64,788.71,800.01,A,0.001,0.35,5.7,2021-03-23,2027-04-22,1,0,0
LON03114,JE,Austin Inc,Technology,581.49,482.92,483.82,BBB,0.005,0.6,5.93,2019-11-23,2029-01-22,1,0,0
LON03115,BM,Jenkins and Sons,Retail,203.3,178.86,185.5,A,0.001,0.25,5.66,2022-12-28,2025-12-13,1,0,0
LON03116,KY,Doyle LLC,Retail,1125.56,1017.33,1064.46,BBB,0.005,0.25,8.53,2024-04-05,2027-11-07,1,0,0
LON03117,JE,Liu-Le,RealEstate,654.12,645.47,669.12,BB,0.02,0.35,4.2,2021-08-22,2026-05-21,1,0,0
LON03118,BM,Garcia-Pena,RealEstate,1487.36,1206.71,1263.89,BBB,0.005,0.6,3.78,2021-04-14,2025-09-16,2,30,0
LON03119,BM,Townsend-Holmes,Energy,966.32,790.26,804.5,BB,0.02,0.45,7.53,2024-03-30,2030-11-29,1,60,0
LON03120,GU,Hernandez-Murphy,RealEstate,211.53,163.74,168.67,BBB,0.005,0.25,8.89,2020-11-06,2029-06-19,1,0,0
LON03121,BM,Mayer Ltd,PrivateWealth,484.96,401.78,414.55,BBB,0.005,0.35,5.46,2020-03-21,2027-06-26,1,90,0
LON03122,BM,Mosley-Allen,InvestmentHoldCo,442.8,412.41,423.17,AAA,0.0001,0.25,7.17,2022-09-30,2027-04-27,1,60,0
LON03123,KY,"Collins, Williams and Smith",Technology,285.67,276.69,284.52,BBB,0.005,0.35,8.99,2022-11-23,2027-03-19,1,0,0
LON03124,BM,Blankenship and Sons,Energy,845.41,726.78,732.85,B,0.05,0.25,4.37,2022-10-07,2031-08-24,1,60,0
LON03125,KY,Kaiser-Tapia,Shipping,533.44,464.52,479.0,BBB,0.005,0.25,6.08,2024-06-23,2031-04-04,1,0,0
LON03126,KY,"Rosales, Freeman and Davis",PrivateWealth,1407.94,1171.36,1183.15,BB,0.02,0.35,8.29,2022-04-11,2025-10-17,1,0,0
LON03127,BM,Adams and Sons,Energy,933.09,775.94,778.36,A,0.001,0.35,6.18,2023-04-07,2031-12-21,1,60,0
LON03128,KY,Brown and Sons,PrivateWealth,1170.6,1020.67,1033.63,BBB,0.005,0.35,3.48,2020-06-24,2023-06-03,1,0,0
LON03129,BM,Wallace and Sons,Technology,317.34,261.25,261.59,BB,0.02,0.25,8.74,2021-08-08,2024-01-24,1,0,0
LON03130,BM,"Schneider, Johnson and Perry",Hospitality,1107.54,964.53,970.33,BBB,0.005,0.25,8.83,2021-03-09,2026-12-28,1,90,0
LON03131,BM,"Williams, Rice and Lester",Shipping,1317.53,1238.75,1249.17,BBB,0.005,0.6,6.33,2020-03-18,2022-09-21,1,0,0
LON03132,BM,"Bailey, Brown and Chambers",PrivateWealth,575.57,456.33,475.48,B,0.05,0.45,7.82,2019-11-22,2021-12-01,1,30,0
LON03133,JE,"Rhodes, Roberts and Russell",InvestmentHoldCo,219.41,194.15,196.39,BBB,0.005,0.25,5.87,2022-02-21,2031-09-16,1,60,0
LON03134,KY,Edwards Inc,RealEstate,348.98,332.77,336.43,AA,0.0005,0.45,5.95,2023-10-31,2030-07-22,3,0,0
LON03135,BM,Jones-James,Energy,306.89,259.99,262.39,A,0.001,0.45,5.76,2021-04-14,2027-02-02,1,0,0
LON03136,KY,"Jones, Lester and Davis",RealEstate,202.42,167.63,167.91,B,0.05,0.45,8.01,2020-12-23,2022-10-02,1,30,0
LON03137,KY,"Morris, Swanson and Anderson",PrivateWealth,695.54,602.66,627.27,A,0.001,0.35,8.63,2021-12-29,2031-08-13,1,90,0
LON03138,BM,Scott-Weber,Hospitality,722.88,629.13,646.82,BBB,0.005,0.35,8.97,2022-09-27,2025-01-06,3,90,0
LON03139,GU,"Butler, Gray and Nelson",InvestmentHoldCo,499.16,419.84,438.74,BBB,0.005,0.35,5.53,2024-04-10,2032-07-17,1,0,0
LON03140,KY,Morgan-Reeves,PrivateWealth,1340.57,1196.25,1245.84,BBB,0.005,0.25,8.43,2021-09-23,2031-02-12,1,30,0
LON03141,BM,Lopez Ltd,InvestmentHoldCo,245.8,219.71,221.28,BB,0.02,0.35,5.56,2023-07-23,2030-02-28,1,30,0
LON03142,BM,Lowe-Mitchell,Shipping,656.21,523.34,525.37,BBB,0.005,0.35,6.71,2021-07-21,2023-10-11,2,60,0
LON03143,KY,Henson Inc,Hospitality,1276.49,1117.96,1150.42,BBB,0.005,0.25,5.1,2023-03-01,2032-10-03,1,60,0
LON03144,GU,"Calderon, Gonzalez and Campbell",Hospitality,927.1,831.29,838.02,BB,0.02,0.35,3.8,2020-12-14,2025-07-25,1,90,0
LON03145,KY,"Martin, Pacheco and Smith",Energy,776.25,661.71,667.63,BBB,0.005,0.25,5.33,2021-04-26,2024-03-30,1,90,0
LON03146,GU,"Lynn, Blair and Moore",RealEstate,1547.88,1296.16,1338.15,BB,0.02,0.35,3.92,2023-09-30,2025-03-27,1,0,0
LON03147,KY,"Thomas, Perez and Payne",RealEstate,405.87,356.72,359.77,AAA,0.0001,0.35,5.98,2020-06-27,2023-04-25,2,0,0
LON03148,GU,Lopez-Rodriguez,Shipping,397.04,305.6,320.19,BBB,0.005,0.25,3.19,2021-10-19,2030-06-05,1,30,0
LON03149,KY,Carpenter and Sons,Energy,339.49,322.22,330.89,B,0.05,0.25,3.74,2020-07-15,2030-01-27,1,30,0
LON03150,KY,"Williams, Parks and Williams",RealEstate,310.35,284.34,284.52,B,0.05,0.6,7.81,2023-02-20,2029-01-02,1,0,0
LON03151,KY,"Mitchell, Miller and Chapman",InvestmentHoldCo,202.0,177.06,180.23,BBB,0.005,0.35,7.43,2019-08-31,2025-07-24,3,0,0
LON03152,GU,"Everett, Ray and Johnson",Technology,799.97,639.56,668.8,A,0.001,0.45,7.94,2024-06-03,2026-02-10,1,0,0
LON03153,JE,Perez-Woods,InvestmentHoldCo,403.42,317.2,327.66,BB,0.02,0.45,5.09,2020-10-22,2024-11-04,1,0,0
LON03154,GU,"Oliver, Davis and Garcia",Technology,1835.11,1812.01,1861.13,A,0.001,0.25,5.64,2019-10-07,2025-02-03,1,0,0
LON03155,KY,Woods PLC,InvestmentHoldCo,274.59,258.07,266.8,BBB,0.005,0.35,4.41,2021-07-22,2027-08-06,1,60,0
LON03156,BM,"Jacobs, Ross and Perez",InvestmentHoldCo,492.93,456.16,456.46,BB,0.02,0.25,3.24,2022-10-02,2032-03-01,1,0,0
LON03157,JE,"Johnson, Rodriguez and Dean",Hospitality,1582.65,1217.63,1271.48,A,0.001,0.25,7.98,2021-10-15,2024-03-16,1,0,0
LON03158,BM,"Waters, Valencia and Cruz",Energy,375.01,329.22,334.64,B,0.05,0.45,8.23,2019-09-23,2023-04-21,1,0,0
LON03159,GU,Diaz-Morales,Hospitality,217.11,183.59,191.67,AA,0.0005,0.35,6.95,2022-04-17,2030-08-28,1,30,0
LON03160,KY,"Lee, Bryant and Anderson",RealEstate,1384.98,1147.81,1160.42,BBB,0.005,0.6,3.64,2021-12-21,2030-05-10,2,0,0
LON03161,GU,"Clark, Dean and Flores",PrivateWealth,479.14,392.87,401.97,A,0.001,0.6,7.45,2019-12-27,2022-09-06,1,30,0
LON03162,KY,"Miller, Lucas and Cross",PrivateWealth,423.59,349.36,351.44,A,0.001,0.35,7.41,2021-11-05,2029-12-18,1,90,0
LON03163,KY,Simpson-Wu,Energy,703.0,691.22,694.31,B,0.05,0.45,4.14,2022-02-15,2030-04-06,2,90,0
LON03164,KY,Jarvis-Odonnell,Technology,448.2,359.75,362.73,AAA,0.0001,0.35,6.48,2023-09-29,2025-03-19,1,0,0
LON03165,BM,"Rios, Vasquez and Lopez",Technology,1386.11,1282.72,1316.44,BBB,0.005,0.25,8.59,2023-10-31,2026-10-11,1,60,0
LON03166,KY,"Flores, Beck and Lynn",Technology,953.13,734.62,744.76,B,0.05,0.35,6.91,2020-07-21,2024-02-17,1,30,0
LON03167,BM,"Jordan, Jackson and King",RealEstate,178.4,139.36,140.52,BBB,0.005,0.35,7.52,2020-05-01,2028-05-10,1,90,0
LON03168,KY,Moore Ltd,Shipping,1516.0,1499.78,1546.79,AA,0.0005,0.35,8.18,2020-07-17,2024-01-20,3,0,0
LON03169,GU,"Cole, Wilson and Zimmerman",Retail,393.77,339.02,349.82,A,0.001,0.25,4.85,2022-05-23,2031-10-25,1,0,0
LON03170,KY,"Lee, Davis and Rodriguez",Energy,404.49,336.7,347.62,BBB,0.005,0.25,5.85,2023-02-10,2030-06-05,1,0,0
LON03171,BM,Harris-Boyd,Technology,1179.31,1028.29,1059.71,B,0.05,0.25,6.55,2020-01-16,2021-01-15,1,0,0
LON03172,KY,Hall LLC,Retail,649.73,536.17,562.91,A,0.001,0.25,8.87,2020-05-01,2024-11-29,1,60,0
LON03173,KY,Montes Inc,Hospitality,279.33,218.43,224.01,AA,0.0005,0.35,8.29,2022-12-30,2026-12-12,1,0,0
LON03174,JE,"Davis, Welch and Rodriguez",Hospitality,230.13,190.42,196.48,AAA,0.0001,0.25,4.08,2023-08-05,2025-07-25,1,0,0
LON03175,GU,"Lam, Holt and Benson",PrivateWealth,496.53,399.46,411.46,BBB,0.005,0.35,4.11,2020-11-16,2029-04-06,2,0,0
LON03176,BM,"Landry, Jordan and Deleon",Technology,1085.41,983.86,1016.59,A,0.001,0.45,3.68,2019-10-20,2024-06-30,1,0,0
LON03177,BM,Cruz-Dixon,Technology,682.08,669.8,681.5,BB,0.02,0.25,8.06,2021-05-06,2028-05-24,1,0,0
LON03178,GU,Wood Group,Shipping,1551.96,1223.83,1263.11,AAA,0.0001,0.6,8.57,2021-03-07,2030-01-01,1,0,0
LON03179,GU,Pittman LLC,RealEstate,1164.14,1018.86,1053.23,BB,0.02,0.6,3.22,2023-05-15,2026-09-22,1,0,0
LON03180,BM,Sanders Inc,Energy,506.98,459.31,477.34,B,0.05,0.35,5.76,2020-04-18,2024-05-05,1,0,0
LON03181,BM,Davis-Blankenship,Technology,5407.52,4429.7,4470.27,AA,0.0005,0.6,4.21,2022-03-02,2024-04-20,1,60,0
LON03182,JE,Cruz Group,RealEstate,1305.34,1106.97,1157.39,BBB,0.005,0.35,8.37,2022-01-21,2023-10-20,1,0,0
LON03183,BM,Jones Group,RealEstate,946.79,737.75,744.8,BB,0.02,0.6,6.94,2022-12-09,2026-03-17,1,90,0
LON03184,JE,Carter PLC,PrivateWealth,573.73,473.18,475.89,BB,0.02,0.25,6.94,2020-07-30,2026-07-19,1,30,0
LON03185,KY,Jones and Sons,Energy,334.15,267.43,274.89,AAA,0.0001,0.6,5.88,2023-04-30,2028-11-03,1,0,0
LON03186,BM,Vance-Wright,Technology,2545.73,2449.73,2541.68,BBB,0.005,0.35,8.68,2024-05-28,2032-09-28,1,0,0
LON03187,BM,"Lara, Willis and Mata",PrivateWealth,1985.49,1819.64,1900.37,AA,0.0005,0.25,5.61,2019-12-07,2022-04-08,1,30,0
LON03188,BM,Pacheco-Romero,Technology,430.29,430.1,451.41,A,0.001,0.25,4.19,2019-09-08,2021-05-29,1,0,0
LON03189,BM,Fernandez Inc,Energy,149.17,143.94,146.58,B,0.05,0.35,6.17,2022-10-10,2032-03-08,1,0,0
LON03190,BM,Cooper-Lozano,InvestmentHoldCo,1909.11,1527.99,1600.34,BBB,0.005,0.25,5.54,2020-04-13,2029-03-29,1,30,0
LON03191,BM,Alvarez PLC,Retail,721.49,616.44,633.83,BB,0.02,0.25,8.97,2020-11-22,2030-04-13,1,90,0
LON03192,KY,Farmer Inc,PrivateWealth,401.0,365.19,370.41,A,0.001,0.25,3.94,2020-08-27,2025-10-23,1,0,0
LON03193,JE,Walls-Frye,Retail,727.58,623.31,642.37,BBB,0.005,0.25,3.08,2019-09-08,2025-05-06,1,0,0
LON03194,KY,Adkins LLC,InvestmentHoldCo,396.22,389.88,399.75,BB,0.02,0.25,3.52,2024-02-21,2029-07-29,1,90,0
LON03195,BM,Dorsey LLC,Energy,230.4,221.03,230.99,B,0.05,0.45,7.37,2020-08-31,2024-09-11,1,0,0
LON03196,BM,"Martinez, Park and Vaughn",Technology,1154.05,1041.62,1064.77,BBB,0.005,0.35,5.42,2021-04-15,2028-01-03,1,0,0
LON03197,BM,"Collins, Thomas and George",Hospitality,1042.03,993.31,1036.72,AA,0.0005,0.6,6.36,2022-12-13,2030-01-13,1,0,0
LON03198,BM,"Robertson, Simon and Harrison",Hospitality,705.58,576.51,598.9,A,0.001,0.45,7.67,2023-08-31,2028-12-09,1,90,0
LON03199,KY,"Herrera, Turner and Valdez",Retail,167.08,161.67,162.33,BBB,0.005,0.35,5.28,2021-11-18,2031-09-22,1,0,0
LON03200,KY,Smith-Malone,PrivateWealth,509.84,410.14,422.24,B,0.05,0.25,8.93,2024-06-02,2026-02-18,1,0,0
LON03201,BM,Brown-Kerr,Retail,523.38,503.85,504.8,BB,0.02,0.35,4.35,2021-08-13,2024-05-02,1,0,0
LON03202,JE,"Harris, Gordon and Garcia",Hospitality,359.3,285.51,288.42,AA,0.0005,0.45,7.97,2021-10-21,2029-02-28,1,30,0
LON03203,BM,Vang-Mitchell,Energy,309.8,252.56,253.82,AA,0.0005,0.25,5.81,2024-02-19,2025-06-11,1,0,0
LON03204,BM,Gilmore-Waters,Hospitality,1032.0,811.02,828.92,A,0.001,0.25,3.15,2020-01-05,2024-05-03,1,0,0
LON03205,KY,Hamilton-Hall,Energy,698.21,543.42,552.35,AAA,0.0001,0.45,4.08,2020-12-16,2025-09-01,1,0,0
LON03206,KY,Ferguson PLC,RealEstate,1767.69,1754.69,1831.17,BB,0.02,0.45,4.34,2022-03-21,2023-11-23,1,0,0
LON03207,JE,"Tran, Knight and Johnson",Hospitality,1001.35,981.17,1001.77,BB,0.02,0.45,7.55,2023-02-16,2032-10-05,1,0,0
LON03208,BM,"Davidson, Franklin and Hughes",RealEstate,924.81,865.68,872.12,A,0.001,0.45,4.38,2024-06-05,2028-10-18,1,0,0
LON03209,BM,Mitchell-James,Retail,425.76,405.5,425.69,A,0.001,0.35,5.91,2019-08-06,2024-10-31,2,0,0
LON03210,BM,Mclaughlin-Thompson,Hospitality,680.82,617.01,618.78,BB,0.02,0.6,8.69,2023-09-22,2026-11-01,1,90,0
LON03211,BM,Wilson-Erickson,Retail,751.94,595.37,608.53,A,0.001,0.35,8.57,2021-10-21,2029-04-27,1,0,0
LON03212,BM,"Dean, Morton and Hanna",Energy,815.16,796.83,814.0,BB,0.02,0.35,6.49,2024-05-22,2028-05-24,1,0,0
LON03213,BM,Atkinson-Walker,Shipping,310.35,296.9,311.66,A,0.001,0.45,3.58,2023-09-16,2030-04-25,1,0,0
LON03214,BM,"Turner, Smith and Moore",Shipping,383.63,351.61,358.3,B,0.05,0.25,5.89,2021-03-16,2027-03-15,1,0,0
LON03215,KY,"Dennis, Zhang and Johnson",RealEstate,236.66,208.35,216.28,AA,0.0005,0.25,3.33,2020-10-11,2025-05-26,2,0,0
LON03216,BM,Mcclure-Brock,Hospitality,401.26,320.8,323.24,BB,0.02,0.25,3.09,2022-10-11,2032-03-29,1,60,0
LON03217,JE,Daniels-Cooper,Hospitality,1045.66,828.15,849.37,A,0.001,0.25,3.51,2022-05-17,2024-03-30,1,0,0
LON03218,GU,Escobar-Howard,Energy,1832.83,1646.58,1727.32,A,0.001,0.35,8.25,2022-08-13,2032-05-20,1,0,0
LON03219,BM,Buchanan-Tyler,PrivateWealth,745.09,671.25,695.47,AA,0.0005,0.25,5.31,2021-09-09,2023-02-11,1,0,0
LON03220,KY,"Wilson, Graves and Hoffman",Energy,748.52,688.99,695.79,BB,0.02,0.25,7.46,2021-03-23,2024-09-03,1,0,0
LON03221,JE,"Garrett, Wheeler and Stokes",InvestmentHoldCo,569.25,463.51,478.54,BB,0.02,0.45,3.38,2021-03-24,2023-06-17,1,0,0
LON03222,GU,Ortiz-Johnson,PrivateWealth,448.64,427.37,427.56,BBB,0.005,0.35,4.65,2019-08-21,2026-03-11,1,30,0
LON03223,KY,Barker PLC,InvestmentHoldCo,339.19,288.23,297.23,BBB,0.005,0.25,4.08,2021-01-04,2026-07-19,1,90,0
LON03224,JE,"Snyder, Campbell and Patrick",Energy,1224.44,1013.4,1056.97,BB,0.02,0.25,6.18,2023-07-03,2025-09-21,1,0,0
LON03225,KY,Martinez-Christensen,Energy,237.34,187.27,193.6,BBB,0.005,0.25,6.46,2021-10-05,2028-01-10,2,0,0
LON03226,BM,Simmons-Moore,Energy,92.36,81.32,85.14,BB,0.02,0.6,5.34,2021-08-19,2026-12-18,1,0,0
LON03227,BM,"Johnson, Jones and York",Energy,540.2,520.19,539.7,A,0.001,0.45,7.39,2022-06-05,2024-02-18,1,60,0
LON03228,GU,Maldonado-Browning,PrivateWealth,1209.56,1145.08,1173.77,BBB,0.005,0.25,4.07,2022-01-08,2029-12-28,2,0,0
LON03229,BM,"Smith, Lane and Hamilton",Energy,741.17,681.83,698.1,BBB,0.005,0.25,7.87,2023-03-11,2024-06-09,1,60,0
LON03230,BM,Robinson and Sons,InvestmentHoldCo,2051.29,1696.01,1727.94,B,0.05,0.35,8.42,2019-07-08,2021-06-15,1,0,0
LON03231,KY,Allen-Ryan,Shipping,82.33,75.8,78.59,B,0.05,0.45,8.53,2022-04-27,2026-12-27,1,0,0
LON03232,GU,"Hayes, Stout and Chambers",Energy,408.5,406.35,409.89,BBB,0.005,0.25,7.27,2021-12-06,2024-01-18,2,60,0
LON03233,BM,Acevedo-Howard,PrivateWealth,153.45,137.77,140.3,BBB,0.005,0.6,4.04,2022-09-06,2026-05-04,1,0,0
LON03234,KY,"Wilson, Pena and Torres",Energy,1273.28,1221.25,1245.34,BBB,0.005,0.35,6.14,2020-09-30,2028-09-10,1,0,0
LON03235,KY,Kelly LLC,InvestmentHoldCo,1032.9,859.26,872.92,BB,0.02,0.25,3.32,2021-04-29,2025-01-30,1,90,0
LON03236,BM,"Anderson, Watson and Gardner",Hospitality,2675.95,2387.43,2484.03,B,0.05,0.35,6.41,2020-10-23,2028-11-13,1,0,0
LON03237,BM,Hubbard LLC,InvestmentHoldCo,636.01,569.0,577.34,BB,0.02,0.35,8.1,2023-12-06,2029-02-18,1,0,0
LON03238,BM,Brown-Wiley,Shipping,428.42,337.47,352.52,AAA,0.0001,0.25,6.35,2019-12-23,2024-12-03,1,0,0
LON03239,BM,Koch-Williamson,Hospitality,634.2,534.04,559.32,BB,0.02,0.45,4.38,2020-02-29,2023-03-16,1,30,0
LON03240,JE,"Anderson, Lin and Harris",RealEstate,502.01,405.31,411.05,BBB,0.005,0.35,8.43,2021-05-23,2024-01-17,1,0,0
LON03241,BM,Gutierrez PLC,Hospitality,609.72,541.43,544.62,BBB,0.005,0.25,3.9,2023-05-02,2028-11-16,3,0,0
LON03242,GU,"Mcmahon, Flores and Phillips",Technology,1832.87,1666.86,1681.66,BB,0.02,0.35,5.78,2022-10-30,2026-12-10,1,0,0
LON03243,KY,Long-Elliott,Shipping,657.34,538.58,554.02,BBB,0.005,0.45,5.07,2020-04-19,2026-07-18,1,60,0
LON03244,JE,"Kim, Adams and Flynn",InvestmentHoldCo,1257.46,1054.25,1085.48,A,0.001,0.45,4.06,2023-05-07,2027-02-17,1,0,0
LON03245,GU,"Rasmussen, Moore and Campbell",PrivateWealth,987.57,846.15,872.12,AA,0.0005,0.6,3.3,2019-09-03,2028-11-25,1,0,0
LON03246,KY,"Robles, Hernandez and Floyd",Hospitality,963.26,919.04,948.87,BB,0.02,0.25,8.54,2019-10-02,2026-08-11,1,0,0
LON03247,KY,Robinson-Hicks,Hospitality,1664.96,1468.02,1504.13,BB,0.02,0.25,3.64,2022-11-10,2029-02-15,1,0,0
LON03248,GU,Scott PLC,InvestmentHoldCo,487.53,469.17,480.77,B,0.05,0.25,7.67,2020-09-03,2023-09-17,1,0,0
LON03249,BM,Ramsey-Lee,Retail,641.68,595.93,621.64,BBB,0.005,0.25,5.86,2022-04-25,2025-07-16,1,30,0
LON03250,BM,"Gibbs, Velez and Bell",PrivateWealth,2078.88,1873.23,1940.2,AAA,0.0001,0.35,6.28,2020-06-20,2021-07-03,1,0,0
LON03251,BM,Davis-Mejia,PrivateWealth,1055.59,996.36,1012.19,BB,0.02,0.25,4.21,2023-03-25,2028-02-08,1,60,0
LON03252,BM,Griffith LLC,PrivateWealth,1418.6,1398.3,1418.69,BBB,0.005,0.35,6.26,2020-01-05,2027-03-20,1,0,0
LON03253,GU,Hill-Miller,PrivateWealth,1420.1,1177.29,1233.06,A,0.001,0.45,6.16,2021-06-09,2030-04-30,1,0,0
LON03254,KY,Clark Ltd,RealEstate,160.94,137.92,141.35,B,0.05,0.6,4.2,2021-09-24,2031-04-22,1,0,0
LON03255,BM,"Mccoy, House and Bennett",PrivateWealth,1408.32,1329.85,1357.76,B,0.05,0.25,4.82,2022-04-02,2027-12-07,1,60,0
LON03256,BM,Woods Ltd,PrivateWealth,324.14,296.86,311.24,BBB,0.005,0.45,8.12,2020-03-03,2025-06-20,1,0,0
LON03257,KY,Rodriguez Group,Energy,1169.45,1051.74,1104.22,B,0.05,0.25,8.12,2021-07-12,2029-05-03,2,0,0
LON03258,KY,"Harris, Morales and Golden",Hospitality,1522.38,1476.09,1482.28,BBB,0.005,0.35,4.05,2024-04-24,2032-11-29,2,30,0
LON03259,JE,Griffith and Sons,InvestmentHoldCo,518.38,487.93,497.76,AAA,0.0001,0.25,7.07,2023-10-25,2028-05-09,1,60,0
LON03260,GU,Singleton Inc,RealEstate,1161.59,928.62,935.94,B,0.05,0.25,3.51,2023-01-13,2031-07-10,1,0,0
LON03261,KY,"Gutierrez, Clark and Hall",Hospitality,1127.92,948.42,979.3,AA,0.0005,0.25,6.34,2021-10-25,2024-11-07,1,30,0
LON03262,BM,Chase Group,Retail,490.46,387.58,406.25,AA,0.0005,0.6,8.93,2022-05-10,2025-12-15,1,0,0
LON03263,KY,"Scott, Davis and Bowen",InvestmentHoldCo,824.85,769.85,772.56,B,0.05,0.6,8.22,2020-01-24,2022-05-11,2,90,0
LON03264,JE,Mendez Group,RealEstate,280.73,275.81,279.01,BB,0.02,0.35,7.27,2022-10-06,2028-03-07,3,0,0
LON03265,BM,"Johnson, Williamson and King",Hospitality,1374.88,1201.99,1226.84,B,0.05,0.45,7.3,2024-06-22,2030-11-07,1,0,0
LON03266,KY,Henson-Luna,Retail,444.37,408.26,422.5,AA,0.0005,0.35,6.68,2019-09-22,2027-04-19,1,0,0
LON03267,BM,"Roberts, Tapia and Neal",Energy,439.67,367.33,369.0,B,0.05,0.25,5.95,2021-02-02,2030-02-23,1,30,0
LON03268,KY,"Meza, Salazar and Davidson",Hospitality,609.44,538.18,562.51,BBB,0.005,0.25,7.33,2019-09-04,2028-02-29,1,90,0
LON03269,KY,Potter PLC,Hospitality,204.51,202.0,203.94,B,0.05,0.25,3.89,2020-12-04,2024-11-24,1,0,0
LON03270,BM,Byrd Inc,Shipping,535.73,416.48,431.62,AA,0.0005,0.35,8.77,2022-11-22,2031-04-14,1,0,0
LON03271,BM,"Jackson, Hurley and Ruiz",Retail,2281.02,1898.5,1990.45,B,0.05,0.25,6.68,2023-03-02,2026-11-10,1,0,0
LON03272,BM,Ryan PLC,Hospitality,1565.18,1345.21,1391.96,BBB,0.005,0.45,8.71,2020-10-14,2023-02-18,1,0,0
LON03273,BM,"Morrison, Fowler and Torres",Technology,833.17,810.58,834.34,BB,0.02,0.25,7.74,2022-09-08,2027-10-15,1,0,0
LON03274,KY,Bryan Group,Hospitality,542.44,465.05,483.33,AAA,0.0001,0.35,5.04,2022-11-29,2025-04-12,2,0,0
LON03275,BM,Evans LLC,Retail,425.34,348.55,354.52,BBB,0.005,0.35,6.77,2021-01-21,2026-07-12,1,30,0
LON03276,BM,"Martinez, Cook and Robertson",RealEstate,1775.9,1744.68,1747.85,A,0.001,0.35,3.02,2021-02-22,2024-07-29,1,0,0
LON03277,BM,"Peck, Mills and Savage",Technology,731.46,600.38,628.38,BBB,0.005,0.35,4.37,2020-05-26,2023-12-02,1,60,0
LON03278,GU,"Martin, Moore and Ramos",PrivateWealth,195.34,163.44,169.91,B,0.05,0.25,6.93,2022-06-16,2025-07-17,2,90,0
LON03279,BM,Curry-Clark,Shipping,765.91,684.27,717.83,B,0.05,0.35,8.85,2020-06-08,2024-05-05,1,0,0
LON03280,BM,Warner and Sons,Energy,3361.04,2729.79,2747.91,BB,0.02,0.25,7.98,2022-06-10,2028-12-20,2,0,0
LON03281,GU,Strong Ltd,PrivateWealth,944.91,935.93,969.43,AAA,0.0001,0.25,8.37,2022-11-06,2031-08-19,1,0,0
LON03282,KY,"Forbes, Williams and Blair",Energy,1210.52,949.0,951.15,AAA,0.0001,0.45,8.23,2021-08-23,2023-09-28,2,0,0
LON03283,GU,"Shannon, West and Jones",Hospitality,1110.25,1030.78,1031.35,AAA,0.0001,0.45,5.07,2022-01-01,2030-09-12,2,0,0
LON03284,BM,Robinson Group,RealEstate,961.63,807.46,836.39,B,0.05,0.6,5.93,2022-03-10,2029-06-07,1,90,0
LON03285,BM,"Ewing, Smith and Hall",Technology,403.53,315.33,330.87,BB,0.02,0.35,7.78,2021-06-28,2025-05-03,1,0,0
LON03286,GU,"Newman, Schmitt and Hawkins",Shipping,681.83,552.15,575.56,BBB,0.005,0.25,8.22,2022-07-12,2025-10-28,1,0,0
LON03287,BM,Mccarthy and Sons,RealEstate,689.89,599.98,607.42,BBB,0.005,0.25,8.54,2021-05-19,2027-04-08,1,0,0
LON03288,BM,Wang-Marks,PrivateWealth,1651.57,1609.42,1683.97,A,0.001,0.25,3.37,2023-06-02,2030-04-26,1,0,0
LON03289,BM,Martinez-Hill,Hospitality,210.05,197.79,206.13,AA,0.0005,0.45,4.3,2021-05-22,2030-02-25,1,90,0
LON03290,BM,Lowe Ltd,RealEstate,672.69,533.0,540.44,AA,0.0005,0.25,8.33,2023-02-12,2028-07-24,1,90,0
LON03291,JE,"Yang, Campbell and Burton",Shipping,283.89,234.87,241.58,A,0.001,0.25,3.06,2020-02-16,2024-10-01,1,60,0
LON03292,BM,Smith Inc,Energy,241.72,203.86,205.64,BBB,0.005,0.25,6.83,2019-11-14,2024-03-06,1,60,0
LON03293,KY,Johnson LLC,RealEstate,365.4,320.98,322.68,BB,0.02,0.45,8.7,2021-10-02,2027-02-16,1,0,0
LON03294,BM,"Bradshaw, Aguilar and Vazquez",Hospitality,2850.3,2677.46,2762.78,BBB,0.005,0.25,5.98,2021-06-20,2025-03-28,1,0,0
LON03295,KY,"Carlson, Bowen and Patterson",Retail,1095.51,868.44,884.89,AA,0.0005,0.25,3.39,2019-08-21,2026-09-22,1,0,0
LON03296,GU,Morgan and Sons,Hospitality,915.48,810.25,820.0,BBB,0.005,0.6,6.45,2023-10-16,2029-04-11,2,0,0
LON03297,KY,"Herrera, Parker and Morgan",Shipping,897.33,771.23,779.4,A,0.001,0.35,4.86,2020-01-05,2025-10-16,1,0,0
LON03298,JE,"Jimenez, Bailey and Greene",InvestmentHoldCo,2462.25,2297.31,2402.52,AA,0.0005,0.35,6.69,2021-05-20,2023-03-20,1,0,0
LON03299,KY,"Cruz, Hernandez and Hancock",RealEstate,604.94,517.28,527.32,BB,0.02,0.35,8.82,2021-05-12,2025-05-21,1,0,0
LON03300,KY,Mahoney PLC,Hospitality,1070.15,878.27,894.16,BBB,0.005,0.35,5.25,2023-11-07,2029-02-16,1,60,0
LON03301,BM,"Robinson, Mayo and Smith",InvestmentHoldCo,566.52,532.8,550.26,BBB,0.005,0.6,5.84,2022-01-02,2031-10-07,1,0,0
LON03302,BM,"Cook, Horton and Page",Retail,1226.83,1195.85,1227.58,BBB,0.005,0.25,4.45,2019-12-07,2027-12-26,2,0,0
LON03303,KY,"Garcia, Schwartz and Weaver",RealEstate,218.65,197.91,199.2,BB,0.02,0.35,6.54,2022-10-13,2028-02-18,1,0,0
LON03304,GU,"Johnson, Washington and Farmer",Energy,485.07,439.83,455.14,A,0.001,0.6,6.54,2024-06-29,2026-07-18,1,0,0
LON03305,KY,Lewis-Bell,Energy,715.23,711.79,716.51,BB,0.02,0.25,3.47,2023-08-22,2031-04-14,1,0,0
LON03306,KY,"Horton, Mays and Jones",InvestmentHoldCo,1738.34,1355.78,1393.63,BB,0.02,0.25,5.26,2022-02-21,2027-01-03,1,0,0
LON03307,BM,Schmitt-Barker,Shipping,861.39,824.22,859.46,BBB,0.005,0.6,8.65,2024-01-13,2029-12-29,1,0,0
LON03308,BM,Powers-Cox,RealEstate,463.58,455.76,469.15,B,0.05,0.35,3.39,2021-05-10,2023-06-02,1,0,0
LON03309,KY,Fritz-Gardner,Energy,691.11,604.02,621.56,BBB,0.005,0.35,7.93,2023-05-29,2025-05-04,1,0,0
LON03310,BM,"Martin, Bowers and Lee",Technology,6732.98,5465.93,5540.63,BBB,0.005,0.45,7.68,2022-11-03,2030-09-19,1,0,0
LON03311,GU,Young-Oneal,RealEstate,1026.48,958.64,971.5,B,0.05,0.25,5.54,2019-12-31,2029-08-04,1,60,0
LON03312,BM,Jones Ltd,PrivateWealth,761.63,628.19,637.47,A,0.001,0.45,6.66,2023-02-03,2030-09-26,1,90,0
LON03313,BM,Bennett-Ruiz,Hospitality,359.92,300.24,307.74,AAA,0.0001,0.25,5.75,2020-07-09,2022-05-07,1,0,0
LON03314,BM,"Wells, Lopez and Ball",Retail,961.18,961.04,968.82,A,0.001,0.6,8.17,2021-02-17,2026-03-24,1,0,0
LON03315,BM,Davis-Mcintosh,Technology,2780.31,2386.36,2406.09,BB,0.02,0.35,8.68,2024-05-03,2031-09-01,1,0,0
LON03316,KY,"Smith, Green and Rogers",InvestmentHoldCo,707.34,672.88,697.97,AAA,0.0001,0.25,6.49,2022-06-06,2026-02-14,3,0,0
LON03317,BM,Mccarthy Inc,PrivateWealth,893.17,865.95,874.77,A,0.001,0.25,6.39,2020-01-16,2022-02-19,1,0,0
LON03318,JE,Stevens-Hoffman,Shipping,863.71,826.67,830.04,BB,0.02,0.25,8.14,2021-06-25,2024-08-21,1,0,0
LON03319,BM,Logan and Sons,Energy,354.83,295.06,299.16,AAA,0.0001,0.25,7.24,2019-11-08,2024-07-23,1,60,0
LON03320,BM,"Turner, Carney and Barrera",PrivateWealth,289.61,267.36,269.88,BBB,0.005,0.25,8.73,2023-08-12,2027-07-12,2,30,0
LON03321,BM,Anderson-Lopez,Technology,451.14,402.0,403.08,AA,0.0005,0.25,8.16,2022-10-21,2025-11-24,1,90,0
LON03322,BM,"Snyder, Robinson and Butler",Shipping,318.6,281.77,293.64,A,0.001,0.25,7.12,2020-08-29,2024-07-18,2,0,0
LON03323,BM,Chavez PLC,InvestmentHoldCo,300.21,290.43,294.43,BBB,0.005,0.35,5.74,2019-10-27,2024-08-23,3,90,0
LON03324,BM,Young-Russell,InvestmentHoldCo,950.66,792.08,802.0,BBB,0.005,0.25,4.24,2023-04-16,2030-07-08,1,30,0
LON03325,BM,Campos Ltd,Shipping,444.94,361.66,372.78,AAA,0.0001,0.35,3.69,2019-11-22,2021-12-21,1,0,0
LON03326,KY,Meyer-Potter,InvestmentHoldCo,450.77,363.17,368.01,AA,0.0005,0.35,5.51,2023-11-26,2027-08-21,1,30,0
LON03327,KY,Knight-Perez,RealEstate,339.58,309.64,316.01,A,0.001,0.35,5.61,2024-01-09,2032-05-18,1,0,0
LON03328,KY,Copeland PLC,Energy,1686.44,1328.23,1355.5,A,0.001,0.35,7.23,2022-08-01,2031-03-08,1,90,0
LON03329,BM,Gonzales-Barnett,Technology,1386.57,1127.89,1163.48,A,0.001,0.45,8.0,2020-09-13,2029-09-04,1,60,0
LON03330,BM,"Powers, Duke and Graham",Technology,576.42,575.19,582.41,BBB,0.005,0.6,5.07,2022-10-06,2027-09-16,1,30,0
LON03331,BM,Haley PLC,Retail,627.74,577.67,579.68,BB,0.02,0.25,3.99,2024-06-30,2028-11-03,1,0,0
LON03332,KY,Garcia-Rogers,Technology,941.5,851.61,867.92,AA,0.0005,0.25,7.13,2022-05-04,2026-09-13,1,90,0
LON03333,BM,Price-Lewis,Technology,804.34,742.01,747.32,BBB,0.005,0.25,5.91,2022-08-22,2028-07-04,1,90,0
LON03334,BM,Lutz-Wilson,PrivateWealth,951.15,915.62,944.49,A,0.001,0.25,5.05,2020-05-07,2028-11-05,2,0,0
LON03335,JE,"Jones, Lawson and Harris",Technology,384.4,363.19,375.45,A,0.001,0.35,3.78,2023-11-30,2026-06-04,3,0,0
LON03336,BM,"Hall, Lewis and Molina",Shipping,560.62,486.61,510.06,B,0.05,0.45,7.09,2022-08-04,2028-09-01,1,60,0
LON03337,BM,"Wagner, Mccarty and Cooper",Shipping,166.97,166.23,174.19,B,0.05,0.35,6.91,2023-10-18,2029-01-27,1,90,0
LON03338,BM,Walsh Group,Hospitality,723.58,656.25,659.51,BB,0.02,0.25,3.05,2021-06-05,2025-12-20,1,30,0
LON03339,KY,"Molina, Diaz and Decker",Energy,1251.91,1146.78,1153.16,AA,0.0005,0.25,5.84,2024-02-10,2031-09-05,1,30,0
LON03340,KY,Scott Ltd,Technology,693.65,613.55,636.95,BB,0.02,0.35,7.43,2022-05-01,2027-09-03,1,0,0
LON03341,KY,Charles-Mcclure,Hospitality,409.97,405.79,423.59,A,0.001,0.25,8.91,2023-05-21,2032-09-12,1,30,0
LON03342,GU,"Ashley, Hendrix and Avila",PrivateWealth,402.27,329.49,330.56,A,0.001,0.6,5.62,2022-05-17,2023-09-22,1,0,0
LON03343,BM,Osborne-Cole,Shipping,575.22,464.35,472.21,BBB,0.005,0.6,7.91,2024-01-11,2027-03-28,1,0,0
LON03344,BM,Morales Group,Retail,1333.54,1311.45,1375.05,AAA,0.0001,0.25,6.58,2020-04-24,2028-06-02,1,0,0
LON03345,BM,Holden LLC,InvestmentHoldCo,858.89,768.4,801.0,BBB,0.005,0.35,5.86,2020-08-03,2026-02-12,1,0,0
LON03346,KY,Castro-Wilcox,Energy,1188.95,928.02,945.39,A,0.001,0.25,3.29,2022-07-26,2029-12-29,1,0,0
LON03347,KY,Olson-Wilson,Hospitality,508.69,449.77,466.46,AA,0.0005,0.35,5.77,2021-06-30,2028-07-18,1,30,0
LON03348,BM,Franklin LLC,Hospitality,461.91,370.22,376.28,A,0.001,0.45,5.81,2022-03-08,2032-01-17,2,0,0
LON03349,BM,Green Inc,Hospitality,433.25,414.49,430.05,B,0.05,0.6,5.33,2023-09-19,2029-03-25,1,60,0
LON03350,BM,Perez Inc,Energy,2160.23,2147.4,2183.84,B,0.05,0.45,5.16,2019-12-28,2025-11-21,1,0,0
LON03351,BM,Jensen and Sons,Retail,249.3,223.68,224.65,BBB,0.005,0.6,7.54,2019-08-01,2027-01-14,1,0,0
LON03352,JE,Thomas-Jones,InvestmentHoldCo,3286.84,3015.3,3083.01,BBB,0.005,0.6,8.62,2022-09-22,2026-03-26,2,0,0
LON03353,BM,"Russell, Todd and Crawford",Energy,750.09,608.25,614.47,BBB,0.005,0.45,8.12,2020-09-22,2029-05-03,1,0,0
LON03354,KY,Peterson-Moore,Shipping,761.33,676.22,678.75,A,0.001,0.35,4.32,2022-11-07,2027-07-04,1,90,0
LON03355,GU,Cantu PLC,RealEstate,159.69,146.91,153.74,BB,0.02,0.25,3.71,2022-06-09,2029-09-07,1,60,0
LON03356,KY,"Saunders, Williams and Meyer",Energy,574.56,533.29,533.98,AA,0.0005,0.25,8.37,2022-03-07,2024-07-23,1,30,0
LON03357,GU,"Mills, Pham and Vasquez",RealEstate,596.28,527.36,553.72,B,0.05,0.6,4.42,2023-09-12,2032-05-25,2,90,0
LON03358,KY,"Johnson, Lewis and Wang",Shipping,914.84,727.89,748.97,AA,0.0005,0.35,3.67,2022-02-26,2027-12-19,1,0,0
LON03359,KY,Scott and Sons,InvestmentHoldCo,2302.01,1907.4,1980.5,BB,0.02,0.45,7.96,2021-01-20,2027-03-27,1,0,0
LON03360,BM,Allen Inc,Energy,2130.24,1685.03,1704.43,B,0.05,0.25,5.76,2021-04-09,2030-07-07,2,60,0
LON03361,GU,Moore-Adams,PrivateWealth,982.95,811.43,830.1,BBB,0.005,0.25,3.61,2023-09-03,2031-02-05,2,0,0
LON03362,KY,Bell-Williams,RealEstate,691.16,548.94,556.35,BBB,0.005,0.6,3.73,2019-09-15,2024-11-09,1,0,0
LON03363,GU,"Daniel, Jackson and Mitchell",Shipping,1366.52,1283.72,1287.65,B,0.05,0.45,7.27,2021-11-24,2025-06-28,1,90,0
LON03364,KY,Bowen and Sons,InvestmentHoldCo,265.79,236.95,245.22,BBB,0.005,0.45,5.65,2024-03-16,2026-11-04,1,30,0
LON03365,KY,Swanson-Freeman,Shipping,858.4,661.1,668.52,BBB,0.005,0.25,6.71,2021-12-16,2029-05-05,1,0,0
LON03366,KY,"Mendez, Brown and Reyes",PrivateWealth,918.26,903.13,916.85,BBB,0.005,0.45,4.57,2023-08-16,2031-11-10,1,60,0
LON03367,KY,Hill-Kim,RealEstate,280.76,237.67,238.0,B,0.05,0.35,4.99,2020-03-15,2027-06-26,1,0,0
LON03368,GU,Flores-Hickman,Energy,360.01,324.09,327.48,BBB,0.005,0.45,8.49,2019-09-27,2025-06-25,1,0,0
LON03369,GU,"Ray, Hernandez and Peterson",RealEstate,1181.6,1133.44,1171.0,AA,0.0005,0.25,3.12,2020-01-18,2027-06-20,1,90,0
LON03370,KY,Fernandez-Rose,PrivateWealth,847.77,663.25,683.49,AAA,0.0001,0.6,8.2,2020-09-15,2023-12-18,1,90,0
LON03371,BM,Allen and Sons,InvestmentHoldCo,1724.98,1514.55,1535.54,A,0.001,0.6,6.21,2021-06-14,2026-06-25,1,0,0
LON03372,KY,Tanner PLC,Energy,524.64,423.06,431.33,BB,0.02,0.25,7.58,2020-01-26,2024-02-08,1,60,0
LON03373,BM,Hoffman-Barton,Retail,460.83,406.23,411.34,BBB,0.005,0.45,3.76,2022-05-12,2025-04-09,1,0,0
LON03374,GU,"Ramos, Young and Parker",Shipping,598.74,493.19,496.33,BBB,0.005,0.25,4.8,2022-01-22,2030-06-21,1,0,0
LON03375,GU,Duarte LLC,Hospitality,390.49,371.36,387.76,B,0.05,0.25,7.47,2020-06-27,2025-03-17,2,0,0
LON03376,BM,"Shelton, Smith and Moyer",InvestmentHoldCo,628.77,620.62,634.65,A,0.001,0.25,5.96,2019-08-21,2022-03-05,1,90,0
LON03377,BM,"Elliott, Duncan and Turner",Retail,296.51,271.03,275.27,BB,0.02,0.6,5.08,2024-06-29,2029-08-28,1,0,0
LON03378,KY,Lane Inc,RealEstate,387.77,370.55,386.89,BBB,0.005,0.45,4.41,2021-07-10,2030-01-14,1,0,0
LON03379,KY,"Day, Crosby and Massey",RealEstate,956.94,799.61,817.98,A,0.001,0.35,3.76,2021-08-22,2027-11-12,1,60,0
LON03380,BM,Gomez-Horne,Retail,544.84,537.27,553.59,AA,0.0005,0.25,6.49,2022-12-22,2031-12-04,1,30,0
LON03381,BM,Johnson and Sons,Hospitality,2001.39,1830.13,1908.91,A,0.001,0.45,6.81,2019-10-28,2025-05-26,1,60,0
LON03382,BM,Strickland Group,RealEstate,1201.21,1175.08,1208.26,A,0.001,0.25,5.12,2022-09-15,2024-09-23,1,30,0
LON03383,KY,"Livingston, Edwards and Wilson",Retail,2449.87,1995.23,2025.89,BBB,0.005,0.25,8.05,2022-03-28,2027-05-24,1,0,0
LON03384,KY,"Oconnor, Martinez and Bradley",RealEstate,168.12,150.71,152.8,AA,0.0005,0.45,3.22,2021-12-20,2028-09-18,1,30,0
LON03385,JE,"Thomas, Stevenson and Martin",Hospitality,536.17,452.32,472.58,AAA,0.0001,0.6,4.43,2020-01-25,2025-04-25,1,30,0
LON03386,BM,Winters-Brown,Hospitality,449.67,406.31,422.25,BBB,0.005,0.35,3.25,2020-07-21,2024-03-16,1,0,0
LON03387,JE,Love-Taylor,Energy,886.99,801.22,827.93,BBB,0.005,0.6,8.44,2022-02-13,2027-11-27,1,30,0
LON03388,KY,Carter-Simmons,InvestmentHoldCo,2272.38,2254.34,2296.92,BBB,0.005,0.45,6.91,2022-05-03,2027-04-09,1,0,0
LON03389,KY,"Collins, Wilson and Johnson",RealEstate,458.59,409.89,415.39,BBB,0.005,0.35,6.0,2024-04-06,2032-03-09,1,30,0
LON03390,KY,Reyes and Sons,Hospitality,1150.31,1132.96,1134.82,A,0.001,0.25,4.19,2022-07-01,2028-08-19,1,0,0
LON03391,BM,Molina-Yoder,Retail,455.63,366.5,384.76,A,0.001,0.45,8.17,2021-06-09,2024-02-14,2,0,0
LON03392,KY,"Zimmerman, Pittman and Wright",PrivateWealth,1579.98,1324.96,1372.97,BBB,0.005,0.35,3.91,2020-03-25,2027-11-29,1,0,0
LON03393,KY,Anderson-Hill,Retail,911.32,839.89,840.73,BB,0.02,0.25,8.6,2020-02-22,2023-02-06,1,0,0
LON03394,JE,"Rangel, Johnson and Hall",Energy,358.74,293.56,304.29,BB,0.02,0.35,3.84,2022-12-30,2029-11-13,1,30,0
LON03395,GU,Miller Group,RealEstate,3529.49,3034.06,3058.31,B,0.05,0.25,6.85,2019-08-05,2027-07-31,1,30,0
LON03396,KY,Guerrero-Johnson,Technology,785.77,684.06,709.84,A,0.001,0.25,7.41,2019-11-13,2024-05-26,1,0,0
LON03397,BM,Nunez Inc,Hospitality,678.09,537.86,551.07,BBB,0.005,0.45,6.3,2023-04-03,2030-06-08,1,90,0
LON03398,BM,"Gonzales, Stewart and Kane",Retail,1374.55,1283.2,1325.25,BB,0.02,0.25,4.87,2022-09-14,2031-05-08,2,0,0
LON03399,KY,Alexander and Sons,InvestmentHoldCo,1337.21,1281.49,1345.18,AA,0.0005,0.25,4.67,2019-12-28,2029-12-09,2,0,0
LON03400,BM,Monroe-Frazier,RealEstate,268.18,242.21,244.87,BBB,0.005,0.35,5.68,2021-11-07,2029-04-04,1,90,0
LON03401,GU,Vasquez-Castaneda,Technology,629.26,509.16,524.88,BB,0.02,0.35,8.3,2020-06-27,2027-11-12,1,0,0
LON03402,BM,Oliver-Smith,PrivateWealth,527.03,489.82,493.29,BBB,0.005,0.45,7.73,2020-04-05,2023-03-15,1,0,0
LON03403,JE,Long-Malone,InvestmentHoldCo,1268.93,1167.34,1208.87,BB,0.02,0.35,5.42,2021-09-02,2024-10-28,1,30,0
LON03404,BM,Mitchell PLC,RealEstate,429.76,373.53,377.67,AA,0.0005,0.35,3.18,2024-01-13,2032-01-11,1,60,0
LON03405,KY,"Smith, Howell and Wilson",Technology,1049.07,981.6,1008.25,B,0.05,0.25,4.27,2022-11-04,2024-02-14,1,60,0
LON03406,KY,"Higgins, Serrano and Wilson",Technology,723.88,557.93,578.32,B,0.05,0.25,3.53,2020-10-21,2025-12-07,3,0,0
LON03407,KY,"Smith, Lee and Saunders",Energy,158.16,134.36,136.7,BB,0.02,0.45,7.74,2020-02-07,2027-12-27,2,60,0
LON03408,BM,Martinez-West,Energy,510.85,481.44,488.35,BBB,0.005,0.35,8.23,2023-11-22,2028-01-02,1,0,0
LON03409,BM,Washington PLC,Energy,1803.48,1511.2,1567.33,BBB,0.005,0.35,3.06,2022-11-02,2028-06-05,1,0,0
LON03410,BM,Young and Sons,Retail,728.97,618.68,635.85,A,0.001,0.45,5.28,2024-05-29,2029-12-18,1,90,0
LON03411,BM,"Elliott, Thomas and Everett",Retail,2807.02,2478.1,2553.16,BB,0.02,0.6,4.37,2020-09-18,2023-04-09,1,0,0
LON03412,BM,King-Sanchez,Hospitality,482.11,448.14,466.82,BBB,0.005,0.6,6.78,2023-06-23,2026-08-22,1,90,0
LON03413,BM,Martin and Sons,RealEstate,1849.47,1486.95,1559.2,A,0.001,0.6,6.22,2020-07-21,2022-10-26,1,0,0
LON03414,KY,Franklin-Hart,Retail,5178.56,4206.1,4368.06,BBB,0.005,0.25,3.84,2024-03-20,2029-07-17,1,60,0
LON03415,BM,"Fuentes, Zhang and Carter",Hospitality,364.57,286.87,293.54,BBB,0.005,0.25,4.56,2022-08-27,2026-03-26,1,0,0
LON03416,BM,"Tran, Williams and Lynch",RealEstate,2313.25,1897.11,1980.47,BB,0.02,0.6,8.11,2022-02-23,2024-04-05,1,0,0
LON03417,BM,"Cortez, Coleman and Carter",Technology,650.43,589.73,599.5,BBB,0.005,0.45,6.87,2020-09-29,2030-09-21,2,30,0
LON03418,BM,Carlson Inc,Retail,370.64,341.75,353.43,BBB,0.005,0.35,6.61,2019-09-17,2021-10-17,1,30,0
LON03419,KY,Lee Group,Hospitality,427.75,424.64,432.93,BB,0.02,0.25,8.1,2023-12-31,2027-04-17,1,0,0
LON03420,BM,Garcia-Patel,Energy,748.54,607.06,623.53,BBB,0.005,0.25,7.25,2023-01-31,2029-11-14,3,0,0
LON03421,GU,Campbell Ltd,RealEstate,551.23,431.62,445.01,B,0.05,0.45,3.75,2023-02-25,2024-06-17,2,0,0
LON03422,BM,Page LLC,Energy,1801.17,1435.52,1487.39,B,0.05,0.6,4.76,2020-08-12,2028-04-16,1,0,0
LON03423,KY,Chavez PLC,PrivateWealth,680.91,627.5,655.69,BB,0.02,0.25,3.06,2022-04-18,2029-03-18,2,30,0
LON03424,KY,Castro PLC,PrivateWealth,2204.83,1843.84,1913.01,B,0.05,0.6,6.05,2021-09-14,2025-07-28,1,90,0
LON03425,KY,Davis-Reynolds,RealEstate,1941.32,1528.78,1583.37,AAA,0.0001,0.6,4.15,2020-09-16,2030-01-14,1,60,0
LON03426,BM,Brown-Thompson,RealEstate,223.09,196.48,199.5,AAA,0.0001,0.25,8.77,2020-04-24,2027-06-09,1,30,0
LON03427,BM,Munoz-Peterson,Shipping,1126.27,967.88,995.0,AAA,0.0001,0.45,4.89,2022-12-05,2029-12-16,1,0,0
LON03428,BM,Ramirez Inc,InvestmentHoldCo,848.63,658.1,686.78,BBB,0.005,0.45,3.96,2020-05-28,2022-11-02,3,0,0
LON03429,BM,"Johnston, Green and Ingram",InvestmentHoldCo,518.26,402.98,411.3,B,0.05,0.45,3.91,2023-04-13,2025-08-02,1,0,0
LON03430,KY,Allen-Parrish,InvestmentHoldCo,1641.59,1287.84,1323.86,B,0.05,0.25,8.9,2024-04-14,2029-06-28,1,0,0
LON03431,JE,"Kirby, Jackson and Dixon",RealEstate,207.47,159.9,164.05,BBB,0.005,0.45,5.85,2019-12-17,2026-12-25,1,60,0
LON03432,JE,Torres and Sons,Hospitality,341.23,302.21,310.01,B,0.05,0.25,3.86,2020-07-30,2029-10-27,1,30,0
LON03433,KY,"Barton, Boyle and Frazier",InvestmentHoldCo,219.85,170.23,172.22,BB,0.02,0.35,4.8,2024-03-19,2025-10-27,1,0,0
LON03434,KY,Reed LLC,InvestmentHoldCo,934.13,777.72,789.11,BB,0.02,0.35,8.76,2022-02-27,2028-04-19,1,0,0
LON03435,KY,Castro-Jimenez,Hospitality,986.39,976.19,989.68,A,0.001,0.6,3.08,2024-05-11,2026-03-14,1,0,0
LON03436,BM,Avila PLC,PrivateWealth,1215.17,1093.75,1132.68,BB,0.02,0.35,3.3,2024-02-15,2032-07-03,1,60,0
LON03437,BM,Hansen Group,Retail,471.13,404.09,407.14,B,0.05,0.45,3.18,2019-10-01,2029-04-18,2,0,0
LON03438,BM,Christensen Group,Retail,925.72,812.68,849.03,AA,0.0005,0.45,4.4,2024-01-02,2032-03-09,1,0,0
LON03439,GU,"Beard, Williams and Atkinson",Energy,778.29,755.68,783.64,BB,0.02,0.45,6.31,2024-06-13,2026-02-13,1,0,0
LON03440,JE,Horton PLC,Hospitality,964.64,795.16,809.54,BBB,0.005,0.35,5.2,2022-11-14,2030-09-27,1,0,0
LON03441,KY,Simmons LLC,Technology,672.36,540.63,561.43,BB,0.02,0.25,4.84,2022-02-17,2029-05-02,3,60,0
LON03442,KY,"Decker, Alexander and Jacobs",Energy,1795.27,1514.74,1521.18,B,0.05,0.35,5.43,2020-04-01,2022-04-11,1,0,0
LON03443,KY,"Evans, Johnston and Adams",Energy,1009.56,979.75,985.35,BBB,0.005,0.6,6.96,2021-08-23,2027-03-02,2,0,0
LON03444,BM,Thornton and Sons,InvestmentHoldCo,2397.66,2186.88,2289.17,BB,0.02,0.35,4.33,2023-04-14,2029-02-18,1,30,0
LON03445,BM,"Shaw, Anderson and Rivera",Energy,723.42,646.52,672.9,B,0.05,0.45,5.9,2024-05-11,2027-01-21,2,90,0
LON03446,BM,"Lawrence, Nolan and Freeman",Shipping,204.85,201.67,211.18,BBB,0.005,0.35,4.82,2022-03-31,2026-04-12,1,0,0
LON03447,KY,"Becker, Moore and Patterson",InvestmentHoldCo,504.29,461.02,470.06,BBB,0.005,0.35,7.25,2020-08-15,2025-03-20,1,0,0
LON03448,BM,"Daniels, Taylor and Turner",Shipping,2762.99,2153.92,2225.27,AA,0.0005,0.25,6.03,2019-12-01,2028-08-10,1,60,0
LON03449,JE,"Holmes, Austin and Ward",RealEstate,695.79,606.81,611.47,BBB,0.005,0.6,4.81,2021-06-25,2029-04-04,1,30,0
LON03450,KY,Holt LLC,Shipping,325.23,286.69,294.78,BBB,0.005,0.45,8.76,2021-04-29,2026-05-16,1,30,0
LON03451,BM,Mendoza-Jacobs,Technology,154.55,153.96,161.11,BBB,0.005,0.35,3.23,2022-01-24,2023-07-21,1,0,0
LON03452,BM,"Johnson, Elliott and Heath",RealEstate,321.79,274.13,287.77,BBB,0.005,0.25,7.45,2021-05-17,2031-03-23,1,0,0
LON03453,BM,Campbell-Rodgers,Technology,1203.15,1043.63,1085.84,B,0.05,0.6,7.62,2022-11-13,2029-07-02,1,90,0
LON03454,BM,"Lam, Torres and Ingram",Hospitality,516.98,413.49,429.17,BBB,0.005,0.35,4.7,2021-03-25,2029-01-03,2,0,0
LON03455,GU,Reeves-Torres,Retail,209.58,163.67,165.99,BBB,0.005,0.6,8.78,2022-07-10,2032-01-26,1,30,0
LON03456,GU,Parker-Foley,PrivateWealth,225.7,212.08,212.84,BBB,0.005,0.25,5.82,2023-11-10,2029-11-25,1,0,0
LON03457,BM,Arnold-Long,Shipping,1125.85,872.91,909.09,AA,0.0005,0.45,5.37,2020-02-28,2025-07-02,1,30,0
LON03458,KY,Murray-Rivera,Technology,3221.42,3051.7,3052.17,BB,0.02,0.25,8.26,2021-12-28,2025-10-02,1,0,0
LON03459,BM,Roberts Group,Shipping,650.46,571.4,575.07,B,0.05,0.35,4.77,2020-11-23,2027-11-04,1,0,0
LON03460,BM,Ward-Brown,RealEstate,595.78,484.65,502.68,AA,0.0005,0.45,6.5,2023-08-28,2025-09-02,1,30,0
LON03461,BM,Ibarra-Martinez,RealEstate,994.97,801.91,819.82,BBB,0.005,0.35,5.08,2021-09-24,2027-09-19,1,60,0
LON03462,BM,Moore PLC,InvestmentHoldCo,348.3,326.39,338.4,BBB,0.005,0.25,7.55,2023-06-25,2031-01-13,1,0,0
LON03463,BM,Davis Inc,RealEstate,541.53,537.74,542.77,BB,0.02,0.35,8.13,2024-05-29,2033-02-25,1,0,0
LON03464,GU,"Owens, Williams and Simmons",Shipping,574.14,448.99,449.23,BBB,0.005,0.25,4.3,2023-09-26,2025-03-07,2,60,0
LON03465,GU,"Richard, Gibson and Boyd",Technology,259.98,233.73,239.6,BB,0.02,0.25,4.08,2020-07-24,2025-11-18,1,0,0
LON03466,JE,"Johnston, Franklin and Rogers",Retail,1197.3,935.97,942.27,B,0.05,0.45,6.87,2022-11-18,2026-01-04,1,90,0
LON03467,BM,Herrera-Proctor,Energy,1629.07,1375.62,1386.08,BB,0.02,0.45,4.29,2020-03-22,2023-04-08,2,30,0
LON03468,JE,Chen-Schneider,PrivateWealth,1082.91,854.69,893.82,BBB,0.005,0.35,3.8,2020-02-21,2022-11-01,1,0,0
LON03469,BM,Tapia-Romero,PrivateWealth,553.79,504.2,520.68,BBB,0.005,0.35,4.23,2023-05-01,2029-02-11,1,0,0
LON03470,BM,"Randall, Ramirez and Meyer",Energy,1802.62,1798.44,1841.44,A,0.001,0.25,6.5,2024-02-17,2031-04-04,2,30,0
LON03471,KY,Rodriguez-West,PrivateWealth,396.73,392.43,402.33,BB,0.02,0.35,4.79,2019-08-07,2025-10-29,1,90,0
LON03472,KY,Jones-Washington,Retail,838.2,695.76,728.87,A,0.001,0.45,6.08,2023-03-20,2030-09-13,1,0,0
LON03473,KY,"Gonzalez, Pitts and Morton",Energy,333.2,304.25,308.21,BBB,0.005,0.6,5.74,2019-10-31,2025-07-21,3,90,0
LON03474,BM,Ruiz Group,Technology,338.98,332.35,333.36,A,0.001,0.25,3.9,2023-08-20,2033-05-11,1,30,0
LON03475,BM,"Delacruz, Rodriguez and Reynolds",Shipping,719.8,614.68,641.7,BBB,0.005,0.6,7.41,2021-01-30,2026-04-13,1,60,0
LON03476,BM,Johnson-Frazier,PrivateWealth,680.5,595.96,625.21,BBB,0.005,0.45,8.9,2021-05-09,2026-07-06,1,90,0
LON03477,KY,"Merritt, Green and Hunt",RealEstate,746.92,708.68,731.87,B,0.05,0.35,5.04,2021-02-24,2022-10-19,1,90,0
LON03478,BM,Anthony PLC,RealEstate,364.22,338.76,348.14,BB,0.02,0.25,4.27,2020-01-06,2023-01-02,1,30,0
LON03479,GU,"Blackwell, Tran and Yates",RealEstate,668.93,592.32,615.1,A,0.001,0.35,4.55,2020-05-22,2021-07-03,1,0,0
LON03480,KY,"Huffman, Sanders and Scott",RealEstate,484.19,419.3,429.13,A,0.001,0.6,5.36,2021-02-11,2025-02-02,1,0,0
LON03481,GU,Baxter-Hubbard,Retail,440.87,361.17,377.54,A,0.001,0.45,5.19,2023-09-14,2029-08-03,1,90,0
LON03482,BM,"Johnson, Cross and Allen",RealEstate,413.36,336.31,338.68,B,0.05,0.45,4.86,2020-08-26,2028-10-31,1,0,0
LON03483,BM,Roach and Sons,Shipping,644.86,536.39,547.8,A,0.001,0.6,8.08,2023-11-18,2032-12-06,1,60,0
LON03484,KY,"Jones, Rodriguez and Holt",Hospitality,659.43,576.34,595.67,AAA,0.0001,0.6,3.52,2024-05-14,2028-06-09,1,0,0
LON03485,KY,Jackson-Aguilar,InvestmentHoldCo,661.24,626.66,648.84,A,0.001,0.25,4.14,2021-11-23,2028-11-08,1,90,0
LON03486,BM,Haynes-Mason,Hospitality,1168.14,908.51,949.72,BBB,0.005,0.6,5.49,2020-03-30,2026-09-28,1,60,0
LON03487,KY,Obrien-Shepard,RealEstate,2069.82,1731.63,1733.02,B,0.05,0.25,6.88,2023-02-27,2024-11-26,1,90,0
LON03488,KY,Hayes PLC,PrivateWealth,742.47,616.75,646.96,A,0.001,0.25,4.22,2019-07-15,2027-02-27,1,0,0
LON03489,GU,"Boone, Henson and Barnes",Retail,1147.91,949.99,991.58,BB,0.02,0.25,6.13,2023-06-21,2030-10-08,1,0,0
LON03490,BM,"Preston, Gutierrez and Alvarez",Retail,1087.25,921.33,958.21,BBB,0.005,0.35,7.18,2021-07-14,2023-01-05,1,0,0
LON03491,KY,Gaines-Brown,RealEstate,700.13,600.43,627.06,B,0.05,0.25,4.26,2020-04-03,2024-03-31,1,90,0
LON03492,BM,"Thompson, Smith and Graves",Hospitality,266.14,245.4,248.06,B,0.05,0.25,3.78,2023-03-13,2025-03-21,1,0,0
LON03493,KY,Robertson-Hendrix,Technology,950.33,805.18,823.45,A,0.001,0.25,5.3,2020-04-05,2024-05-20,1,90,0
LON03494,GU,"Castillo, Krause and Johnson",Energy,355.82,305.35,314.2,BBB,0.005,0.35,6.65,2021-06-13,2023-08-15,1,0,0
LON03495,BM,Tyler Ltd,Hospitality,468.38,382.56,397.33,BBB,0.005,0.25,7.34,2019-10-08,2029-09-24,1,90,0
LON03496,KY,Waters-Conley,Shipping,683.73,650.44,669.48,BBB,0.005,0.6,5.97,2020-06-19,2022-01-10,1,0,0
LON03497,BM,Bates and Sons,PrivateWealth,1893.59,1812.77,1833.71,B,0.05,0.25,7.36,2022-02-13,2024-10-11,1,30,0
LON03498,BM,"Preston, Butler and Foster",RealEstate,229.83,212.16,221.18,B,0.05,0.45,6.09,2022-04-19,2032-02-24,1,0,0
LON03499,BM,Crosby-Lopez,InvestmentHoldCo,1354.14,1086.74,1088.6,AA,0.0005,0.45,5.03,2023-02-24,2025-02-09,2,30,0
LON03500,KY,"Ramirez, King and Wood",RealEstate,696.26,543.31,546.59,A,0.001,0.25,8.53,2020-04-27,2025-02-01,1,0,0
LON03501,KY,Meyer Group,Shipping,592.76,522.9,535.66,BB,0.02,0.45,4.0,2019-11-22,2025-03-29,2,0,0
LON03502,KY,"Nelson, Murray and Walker",Hospitality,1555.35,1289.43,1303.34,B,0.05,0.45,5.81,2022-02-24,2025-05-21,2,90,0
LON03503,GU,Peterson-Contreras,RealEstate,743.88,607.09,621.65,A,0.001,0.45,7.66,2019-11-09,2025-12-30,1,0,0
LON03504,KY,Henderson-Richard,RealEstate,423.6,419.83,430.62,B,0.05,0.25,8.35,2022-11-11,2032-02-20,1,30,0
LON03505,BM,Hampton PLC,Shipping,383.26,296.03,301.72,BB,0.02,0.35,5.17,2022-06-11,2032-03-02,1,90,0
LON03506,BM,Hall-Daniels,Retail,419.8,341.54,350.95,BB,0.02,0.25,7.5,2023-01-25,2027-12-13,1,0,0
LON03507,BM,Griffin Ltd,Retail,818.48,685.1,716.44,BBB,0.005,0.25,3.98,2021-01-29,2024-05-27,1,0,0
LON03508,JE,Krause Group,InvestmentHoldCo,1245.24,1103.14,1128.97,BB,0.02,0.35,7.58,2023-05-30,2030-08-10,1,0,0
LON03509,JE,Johnson and Sons,Hospitality,1420.56,1273.68,1298.21,BBB,0.005,0.35,6.05,2023-03-28,2029-07-06,2,60,0
LON03510,KY,Fields Inc,Hospitality,953.19,774.07,812.1,BB,0.02,0.25,8.19,2021-03-20,2029-01-08,1,0,0
LON03511,KY,Beck-Torres,Technology,810.98,664.06,682.41,A,0.001,0.35,6.43,2020-08-31,2023-07-03,1,0,0
LON03512,BM,Smith PLC,Technology,1029.6,982.9,1029.8,B,0.05,0.6,5.74,2019-12-18,2022-12-27,1,0,0
LON03513,KY,Sanchez-Patel,Hospitality,194.54,187.63,194.56,BBB,0.005,0.45,5.84,2023-09-15,2029-02-25,1,60,0
LON03514,BM,"Ramos, Parker and Cisneros",Hospitality,477.3,387.91,388.15,BBB,0.005,0.25,6.25,2021-01-11,2023-02-25,1,0,0
LON03515,BM,Navarro-Nichols,InvestmentHoldCo,685.62,567.78,593.34,BBB,0.005,0.6,5.09,2020-02-01,2028-01-21,1,0,0
LON03516,BM,Jones LLC,Technology,774.26,615.14,616.76,BB,0.02,0.25,5.35,2024-05-06,2028-08-09,1,0,0
LON03517,KY,Coleman LLC,Hospitality,673.54,655.22,669.58,BBB,0.005,0.25,5.83,2021-02-28,2028-05-12,1,0,0
LON03518,BM,"Mccoy, Mathews and Allen",Shipping,1252.81,1071.61,1113.24,AA,0.0005,0.25,8.72,2024-03-18,2025-08-29,1,90,0
LON03519,BM,Smith-Figueroa,Technology,1297.19,1020.19,1038.32,BBB,0.005,0.45,4.81,2021-07-30,2029-01-19,1,0,0
LON03520,KY,Roth-Lee,RealEstate,1047.22,978.56,1024.88,B,0.05,0.45,6.07,2022-10-05,2031-12-12,1,0,0
LON03521,BM,"Thomas, Barnes and Evans",RealEstate,726.3,659.91,685.05,BBB,0.005,0.35,4.33,2022-04-10,2030-06-03,1,30,0
LON03522,BM,"Cantrell, Mcmahon and Harrison",Technology,1532.5,1203.24,1230.73,BB,0.02,0.45,7.19,2022-12-19,2026-07-28,1,0,0
LON03523,BM,"Johnson, Cline and Peters",Energy,1010.24,807.59,826.02,BBB,0.005,0.35,3.03,2020-06-10,2022-09-05,1,0,0
LON03524,KY,Barnes LLC,Shipping,656.55,563.99,571.8,AAA,0.0001,0.6,6.24,2019-11-04,2024-08-27,1,0,0
LON03525,BM,Nguyen-Munoz,PrivateWealth,575.94,496.84,504.91,AAA,0.0001,0.45,8.05,2023-12-08,2032-06-09,1,0,0
LON03526,BM,Dorsey-Riggs,Shipping,1134.76,925.67,946.48,BBB,0.005,0.25,4.95,2024-06-25,2029-11-14,1,0,0
LON03527,BM,Moreno PLC,Hospitality,768.53,641.31,661.36,A,0.001,0.45,4.34,2020-05-07,2027-12-25,2,60,0
LON03528,KY,"Gonzales, Kim and Nichols",InvestmentHoldCo,1129.04,883.67,907.04,BBB,0.005,0.25,3.93,2020-02-16,2023-12-18,1,0,0
LON03529,KY,Shelton Group,Technology,1525.9,1332.09,1358.43,A,0.001,0.35,4.71,2020-10-02,2028-07-30,3,60,0
LON03530,KY,"Crosby, Brown and Lin",PrivateWealth,966.57,856.99,868.77,BBB,0.005,0.25,8.49,2020-04-18,2022-09-03,1,0,0
LON03531,BM,James-Smith,Hospitality,231.86,184.19,191.99,BBB,0.005,0.25,4.07,2024-05-14,2029-12-07,1,60,0
LON03532,JE,"Martin, Rodriguez and Greer",Technology,670.15,575.89,583.08,AA,0.0005,0.25,3.65,2021-11-03,2024-05-04,1,0,0
LON03533,BM,"Hines, Harris and Mccormick",Retail,566.94,528.58,532.67,A,0.001,0.25,6.95,2020-01-17,2022-11-05,1,0,0
LON03534,KY,Marquez and Sons,Hospitality,584.71,462.61,477.48,BBB,0.005,0.35,7.98,2024-01-17,2026-08-14,1,90,0
LON03535,KY,Cochran Group,Technology,256.64,216.2,224.87,BBB,0.005,0.25,4.99,2022-06-17,2026-12-01,1,0,0
LON03536,KY,Moore Ltd,Technology,539.25,418.57,439.02,A,0.001,0.25,3.53,2023-11-08,2029-03-26,1,0,0
LON03537,GU,Harrell LLC,Energy,379.56,370.33,387.0,A,0.001,0.35,4.78,2020-08-29,2029-06-20,1,90,0
LON03538,BM,Webster Ltd,Energy,1741.61,1680.97,1733.31,BBB,0.005,0.35,3.62,2022-04-02,2025-08-16,1,0,0
LON03539,JE,"Rocha, Nguyen and Collins",Retail,373.42,365.33,365.41,B,0.05,0.35,5.63,2023-04-09,2025-04-23,1,0,0
LON03540,GU,Steele Inc,Technology,1276.62,1037.2,1039.83,BBB,0.005,0.25,5.12,2019-10-03,2023-09-22,1,90,0
LON03541,BM,"Hernandez, Rich and Fields",PrivateWealth,475.96,430.61,438.24,B,0.05,0.25,4.94,2023-09-18,2032-09-07,1,0,0
LON03542,BM,"Thomas, Gaines and Higgins",Technology,310.18,287.14,295.39,A,0.001,0.45,3.53,2019-07-13,2020-11-05,1,60,0
LON03543,BM,Rivers Group,Technology,509.89,410.19,423.56,A,0.001,0.25,6.85,2020-09-07,2026-04-14,1,0,0
LON03544,BM,"Valdez, Davenport and Carter",Shipping,504.56,390.25,409.54,BB,0.02,0.25,4.97,2020-09-25,2026-01-07,1,0,0
LON03545,KY,Mayer-Singh,InvestmentHoldCo,869.36,797.62,831.25,AA,0.0005,0.25,7.43,2021-07-07,2027-11-08,2,0,0
LON03546,BM,"Mckenzie, Bell and West",Energy,453.41,428.58,436.55,A,0.001,0.25,6.16,2023-02-04,2030-06-13,1,30,0
LON03547,JE,Jackson Inc,InvestmentHoldCo,170.64,157.53,162.35,BBB,0.005,0.35,5.93,2021-10-15,2027-03-26,1,30,0
LON03548,BM,Salazar PLC,InvestmentHoldCo,888.47,763.91,778.87,BB,0.02,0.25,6.51,2024-05-04,2025-06-21,1,30,0
LON03549,BM,Collins Ltd,Hospitality,914.4,741.34,766.87,B,0.05,0.25,8.63,2020-05-30,2026-08-23,1,30,0
LON03550,GU,Ochoa-Foster,Hospitality,550.69,437.94,449.79,B,0.05,0.45,6.85,2023-09-08,2032-02-04,1,0,0
LON03551,KY,Raymond-Knox,PrivateWealth,1374.49,1160.76,1204.51,BBB,0.005,0.25,5.3,2022-08-25,2031-11-25,1,0,0
LON03552,BM,"Pierce, Yates and Wilson",Hospitality,683.38,533.93,558.76,AAA,0.0001,0.45,7.91,2020-08-26,2026-08-12,1,0,0
LON03553,KY,"Bird, Reynolds and Dyer",InvestmentHoldCo,1786.7,1531.74,1582.54,A,0.001,0.35,6.69,2022-12-03,2031-11-23,1,30,0
LON03554,JE,"Craig, Freeman and Johnson",Energy,3591.0,2874.39,2897.82,AA,0.0005,0.45,5.82,2020-03-01,2021-05-09,1,90,0
LON03555,KY,"Clarke, Rodgers and Reid",PrivateWealth,715.46,610.14,612.06,BB,0.02,0.25,5.37,2021-12-26,2027-06-21,1,0,0
LON03556,KY,Osborn-Simon,RealEstate,639.77,526.71,544.68,B,0.05,0.35,5.69,2021-12-24,2023-10-23,1,90,0
LON03557,BM,Hall-Pratt,Energy,757.84,690.78,707.99,AA,0.0005,0.35,3.92,2023-11-17,2027-12-27,1,0,0
LON03558,KY,Chaney-Rodriguez,Hospitality,468.17,440.18,454.84,BBB,0.005,0.45,7.83,2021-05-25,2029-11-01,3,0,0
LON03559,GU,"Ferguson, Cole and Harris",Retail,1648.2,1543.56,1604.81,BBB,0.005,0.35,3.31,2020-12-14,2022-09-09,1,0,0
LON03560,BM,Foster-Brown,Technology,1639.02,1634.94,1661.16,AA,0.0005,0.35,4.0,2019-11-07,2026-11-20,3,0,0
LON03561,KY,"Carter, Holloway and Sanchez",Energy,547.83,465.06,467.75,BB,0.02,0.35,8.75,2023-07-02,2027-12-13,1,30,0
LON03562,JE,Stokes-Barber,Hospitality,831.92,647.31,662.42,A,0.001,0.35,4.97,2021-10-05,2026-06-04,1,90,0
LON03563,KY,Conner Inc,RealEstate,182.63,148.38,152.82,B,0.05,0.35,5.24,2020-08-18,2028-05-26,1,0,0
LON03564,KY,"Drake, Bradley and Zuniga",RealEstate,402.27,313.72,320.13,BB,0.02,0.25,5.47,2023-05-03,2024-09-14,1,0,0
LON03565,KY,Santos Ltd,Shipping,435.99,401.78,418.3,B,0.05,0.25,8.2,2020-01-15,2027-04-21,1,0,0
LON03566,JE,Parrish Inc,InvestmentHoldCo,439.33,353.63,368.29,BB,0.02,0.45,8.03,2022-02-18,2027-08-15,1,30,0
LON03567,BM,"Jenkins, Morris and Nash",RealEstate,507.17,440.34,462.0,B,0.05,0.25,6.43,2021-04-03,2029-11-10,1,30,0
LON03568,BM,Murphy Inc,Retail,1007.77,966.94,980.48,BB,0.02,0.25,8.57,2020-09-22,2029-11-16,1,0,0
LON03569,BM,"Miller, Little and Hensley",Energy,641.9,591.91,608.39,BBB,0.005,0.25,5.5,2023-03-28,2025-04-26,2,90,0
LON03570,KY,Phillips-Rice,Hospitality,129.46,119.27,124.64,B,0.05,0.45,7.77,2021-03-18,2023-10-07,1,90,0
LON03571,KY,Moore and Sons,Shipping,786.54,770.61,780.18,A,0.001,0.45,6.09,2021-02-10,2030-02-27,2,90,0
LON03572,GU,Short-Nguyen,Hospitality,263.94,251.22,252.84,B,0.05,0.25,5.71,2022-01-16,2025-10-26,1,60,0
LON03573,GU,Ingram LLC,PrivateWealth,318.02,303.45,311.86,BB,0.02,0.25,8.41,2019-07-24,2025-07-28,1,90,0
LON03574,GU,Martin-Turner,Shipping,716.97,661.07,667.52,BBB,0.005,0.25,5.69,2023-11-26,2028-01-21,1,0,0
LON03575,BM,"Herrera, Hardy and Wallace",PrivateWealth,1086.53,838.92,873.99,BB,0.02,0.25,6.79,2021-06-16,2025-08-13,1,0,0
LON03576,BM,Wong-Williams,InvestmentHoldCo,754.61,694.18,706.16,BB,0.02,0.45,3.97,2021-05-21,2026-06-14,1,0,0
LON03577,BM,Padilla Ltd,Technology,408.66,327.75,343.26,A,0.001,0.25,6.57,2023-02-20,2027-08-09,1,30,0
LON03578,BM,Johns-Cunningham,Energy,446.99,408.89,417.74,BB,0.02,0.25,8.18,2021-01-04,2026-11-26,1,0,0
LON03579,KY,"Allen, Lopez and Wood",PrivateWealth,401.28,359.61,370.44,BBB,0.005,0.45,6.07,2021-06-24,2028-07-01,2,0,0
LON03580,GU,Flores-Bullock,Hospitality,224.44,211.11,218.76,BBB,0.005,0.45,4.4,2021-02-07,2026-08-01,1,60,0
LON03581,JE,Walls-Norris,Hospitality,348.21,326.72,330.57,BB,0.02,0.25,8.51,2020-11-06,2028-10-03,1,30,0
LON03582,JE,Johnson-Brown,Technology,1027.55,950.54,995.37,AA,0.0005,0.6,3.8,2023-04-16,2025-07-30,1,0,0
LON03583,BM,Harrison PLC,InvestmentHoldCo,438.86,380.28,396.06,BBB,0.005,0.35,3.41,2023-09-26,2025-12-12,1,0,0
LON03584,KY,Cooper-Rice,Shipping,775.22,611.68,615.51,BB,0.02,0.25,7.78,2023-10-03,2028-09-07,1,0,0
LON03585,GU,Hicks Inc,InvestmentHoldCo,575.34,559.33,563.26,AA,0.0005,0.35,3.64,2019-07-26,2023-09-01,1,0,0
LON03586,KY,Mejia-White,Energy,1265.74,1237.22,1242.0,BBB,0.005,0.6,8.89,2023-06-18,2032-07-19,1,0,0
LON03587,GU,"Gibson, Martinez and Armstrong",PrivateWealth,935.66,732.6,741.37,AA,0.0005,0.35,6.71,2020-11-10,2027-08-05,1,0,0
LON03588,BM,Tran-Phelps,RealEstate,2852.12,2604.44,2651.03,BB,0.02,0.35,6.72,2019-09-19,2024-10-08,1,0,0
LON03589,BM,"Landry, Parker and Anderson",PrivateWealth,208.25,203.32,205.95,A,0.001,0.45,3.71,2022-06-08,2027-03-08,1,0,0
LON03590,KY,Marshall-Klein,Energy,3895.66,3085.97,3121.31,BB,0.02,0.6,6.3,2023-11-02,2026-06-02,1,0,0
LON03591,GU,"Gibson, Blackburn and Gonzalez",PrivateWealth,569.52,506.11,509.71,BBB,0.005,0.25,3.15,2021-01-23,2022-03-30,1,0,0
LON03592,KY,Hartman and Sons,InvestmentHoldCo,876.14,875.97,891.14,BBB,0.005,0.35,6.93,2021-01-08,2029-11-09,1,0,0
LON03593,GU,"Reed, Griffin and Miller",Hospitality,292.67,241.4,248.65,A,0.001,0.35,4.3,2022-10-25,2026-09-15,1,30,0
LON03594,BM,Nicholson-Brown,Hospitality,1156.79,955.39,968.31,AA,0.0005,0.6,4.87,2023-06-30,2027-11-11,1,90,0
LON03595,BM,"Brown, Nelson and West",Retail,763.69,706.9,706.97,BB,0.02,0.25,7.53,2023-05-19,2029-11-13,1,0,0
LON03596,BM,Richards Group,Shipping,683.7,670.76,679.03,BB,0.02,0.35,5.46,2023-07-07,2025-01-05,1,0,0
LON03597,JE,"Lopez, Franklin and Zimmerman",Energy,973.66,933.61,934.84,BB,0.02,0.35,4.8,2020-10-10,2022-12-14,1,90,0
LON03598,KY,"Larson, Mccoy and Stephens",Hospitality,909.7,744.6,780.55,A,0.001,0.25,7.04,2023-03-14,2024-08-22,1,0,0
LON03599,GU,Kelley-Lee,InvestmentHoldCo,309.13,285.05,288.92,BB,0.02,0.35,6.97,2021-06-17,2023-01-30,1,0,0
LON03600,GU,Wood Ltd,Shipping,633.8,568.24,569.33,BB,0.02,0.45,7.14,2020-02-08,2021-05-12,1,60,0
LON03601,KY,Stewart Ltd,Shipping,186.63,151.38,158.71,B,0.05,0.25,4.76,2022-05-17,2031-05-23,1,0,0
LON03602,BM,Aguilar Inc,InvestmentHoldCo,304.61,286.59,298.18,A,0.001,0.25,3.56,2019-12-24,2025-06-23,2,0,0
LON03603,KY,"Simmons, Hernandez and Serrano",Energy,518.21,463.37,473.5,A,0.001,0.25,6.14,2020-05-12,2027-09-21,2,0,0
LON03604,GU,Gonzalez-Wagner,PrivateWealth,259.19,230.55,236.35,BB,0.02,0.35,4.31,2020-02-23,2029-10-29,1,0,0
LON03605,JE,"Johnson, Lee and Carroll",Retail,1536.65,1274.98,1282.52,BB,0.02,0.25,4.62,2021-01-07,2023-02-03,1,0,0
LON03606,BM,Lee Inc,Retail,1350.88,1054.7,1076.76,A,0.001,0.25,5.71,2019-10-30,2023-11-02,1,90,0
LON03607,GU,"Terry, Myers and Webster",Retail,2645.79,2331.07,2398.2,B,0.05,0.35,5.49,2021-07-25,2029-02-28,1,0,0
LON03608,KY,Garcia LLC,Energy,839.2,689.91,690.37,BB,0.02,0.6,3.81,2023-02-07,2026-12-24,1,0,0
LON03609,KY,Wells and Sons,Retail,488.16,454.65,465.96,A,0.001,0.25,3.69,2019-08-31,2025-03-15,1,0,0
LON03610,BM,Bishop Inc,Retail,4284.31,3872.09,4000.57,AA,0.0005,0.35,6.68,2023-05-15,2033-01-17,1,30,0
LON03611,JE,"Adams, Blankenship and Bernard",Energy,946.06,943.82,956.57,BBB,0.005,0.35,6.34,2022-12-16,2029-05-04,1,30,0
LON03612,KY,"Simmons, Williams and Gray",PrivateWealth,1076.71,1028.14,1077.96,B,0.05,0.35,6.47,2021-03-12,2030-03-23,1,0,0
LON03613,GU,Lopez-Travis,RealEstate,373.12,349.6,359.32,BB,0.02,0.35,6.37,2019-09-18,2026-10-12,2,90,0
LON03614,GU,Andrews-Baker,Technology,375.81,343.39,352.72,B,0.05,0.35,5.44,2024-01-08,2026-05-15,2,0,0
LON03615,KY,White-Chandler,Technology,1560.51,1207.51,1243.93,AAA,0.0001,0.45,5.18,2020-01-08,2024-10-31,1,0,0
LON03616,KY,Kim Group,RealEstate,1668.35,1592.11,1646.76,BBB,0.005,0.25,8.28,2022-01-27,2025-01-17,1,0,0
LON03617,KY,"Hernandez, Simmons and Simpson",Energy,711.03,583.73,592.46,BBB,0.005,0.35,8.72,2024-05-21,2029-03-20,1,0,0
LON03618,BM,"Short, Miller and Ramos",PrivateWealth,397.49,387.61,390.92,A,0.001,0.6,8.39,2020-09-01,2023-09-05,1,0,0
LON03619,KY,Patton-Russell,Retail,532.69,479.42,495.96,BBB,0.005,0.35,6.11,2022-01-22,2029-08-16,1,0,0
LON03620,BM,Klein-Wilkins,Energy,2066.56,1755.27,1776.39,A,0.001,0.6,4.42,2020-11-16,2024-02-23,1,60,0
LON03621,BM,"Montoya, Quinn and Shannon",RealEstate,3313.29,2834.78,2855.85,BBB,0.005,0.6,4.28,2021-10-12,2027-12-06,1,60,0
LON03622,GU,Miller-Kelly,Energy,425.18,380.42,395.67,BB,0.02,0.25,3.25,2023-07-02,2033-06-04,1,90,0
LON03623,GU,"Copeland, Tyler and Atkins",Hospitality,1037.95,1012.12,1020.02,BB,0.02,0.35,5.41,2022-08-22,2030-03-28,1,0,0
LON03624,KY,Roberts-Guzman,InvestmentHoldCo,1647.13,1578.74,1645.26,BB,0.02,0.25,8.97,2019-08-31,2023-04-29,1,90,0
LON03625,BM,"Jimenez, Howard and Trevino",Energy,557.98,557.29,557.4,BB,0.02,0.35,3.88,2020-04-28,2026-01-24,2,0,0
LON03626,BM,Ramos and Sons,InvestmentHoldCo,1336.55,1108.74,1112.32,BBB,0.005,0.45,8.85,2020-12-20,2022-10-05,1,0,0
LON03627,GU,Richardson-Warren,RealEstate,1191.54,1071.51,1121.94,BBB,0.005,0.45,3.43,2022-03-20,2026-10-05,1,0,0
LON03628,KY,Buck-Thomas,Hospitality,1162.02,1081.45,1110.78,A,0.001,0.25,7.83,2024-05-23,2027-12-02,1,0,0
LON03629,KY,Washington Group,Retail,576.57,500.94,500.95,B,0.05,0.25,3.94,2021-06-02,2028-10-12,1,90,0
LON03630,BM,Smith PLC,Retail,1022.56,959.39,1007.27,BBB,0.005,0.25,6.51,2020-03-29,2028-03-06,1,90,0
LON03631,KY,Ramos-Mitchell,Technology,1409.6,1151.56,1190.32,B,0.05,0.35,8.87,2022-07-14,2028-05-27,1,0,0
LON03632,JE,Johnson-Moore,Energy,359.53,324.22,331.44,BBB,0.005,0.35,8.29,2024-03-17,2029-12-08,1,0,0
LON03633,BM,"Wallace, Warren and Chapman",Energy,887.63,837.47,857.84,BB,0.02,0.25,8.26,2021-02-28,2025-08-26,1,60,0
LON03634,KY,Long-Cook,Shipping,827.08,757.17,793.53,A,0.001,0.25,3.09,2024-02-04,2025-07-24,1,0,0
LON03635,KY,"Wright, Kim and Pineda",RealEstate,298.44,240.92,242.92,BBB,0.005,0.35,8.2,2021-10-28,2022-12-06,1,0,0
LON03636,BM,Freeman Group,Retail,686.53,620.29,650.32,BB,0.02,0.6,4.39,2022-10-22,2026-05-21,1,0,0
LON03637,BM,Rodgers-Cruz,Energy,255.4,204.68,209.51,A,0.001,0.35,6.42,2023-09-26,2032-12-26,1,0,0
LON03638,JE,Chandler-Massey,Technology,329.64,301.01,302.31,BB,0.02,0.35,4.07,2021-05-22,2031-02-25,1,0,0
LON03639,BM,Andersen and Sons,PrivateWealth,659.25,625.26,655.98,BB,0.02,0.6,5.31,2019-09-07,2023-04-01,1,60,0
LON03640,KY,Singleton-Perez,Shipping,871.36,798.34,814.95,A,0.001,0.25,5.78,2021-09-06,2030-08-25,1,90,0
LON03641,BM,Estrada LLC,RealEstate,424.98,359.88,368.0,A,0.001,0.45,3.41,2020-01-31,2024-04-10,2,90,0
LON03642,KY,"Sharp, Perez and Odom",PrivateWealth,738.51,628.13,639.41,A,0.001,0.25,3.3,2022-02-22,2027-03-16,1,90,0
LON03643,KY,"Solis, Miller and Norris",Retail,978.53,772.72,790.84,A,0.001,0.6,8.09,2021-10-21,2025-06-03,1,30,0
LON03644,BM,Ware Group,Technology,260.87,255.07,255.71,BBB,0.005,0.25,6.15,2024-01-02,2025-12-06,1,60,0
LON03645,BM,Dudley-Collins,RealEstate,1637.07,1481.52,1554.26,BB,0.02,0.25,4.44,2021-03-14,2024-02-04,1,0,0
LON03646,GU,"Hopkins, Martin and Gordon",Retail,120.22,93.14,97.78,BBB,0.005,0.25,6.02,2024-04-23,2031-12-29,1,60,0
LON03647,KY,"Gomez, Mays and Roberts",Retail,280.21,240.25,240.46,BBB,0.005,0.25,6.45,2022-11-14,2025-10-14,1,90,0
LON03648,BM,Benson Ltd,Shipping,668.76,656.62,665.32,A,0.001,0.45,6.41,2022-06-13,2026-10-03,2,90,0
LON03649,JE,"Reynolds, King and Thornton",RealEstate,1809.61,1404.89,1456.02,BB,0.02,0.6,7.89,2022-02-01,2024-04-01,2,0,0
LON03650,KY,Marks PLC,Hospitality,611.85,545.7,563.48,A,0.001,0.25,5.7,2021-04-19,2031-01-16,1,0,0
LON03651,KY,Walker-Carpenter,Energy,618.63,574.86,590.05,BB,0.02,0.35,8.08,2020-04-09,2027-09-25,1,30,0
LON03652,KY,Young-Diaz,Energy,522.23,471.54,490.51,BB,0.02,0.35,6.15,2021-04-25,2027-12-03,1,0,0
LON03653,BM,"Cox, Novak and Melton",InvestmentHoldCo,205.69,199.66,208.57,AA,0.0005,0.25,6.68,2019-07-11,2027-10-28,1,0,0
LON03654,BM,Martinez Ltd,PrivateWealth,260.34,243.46,251.46,BB,0.02,0.25,8.24,2022-02-08,2027-12-29,1,0,0
LON03655,KY,Sanders-Walker,Technology,384.61,307.71,313.27,B,0.05,0.35,7.7,2020-03-19,2024-01-16,1,0,0
LON03656,BM,Roman LLC,Energy,984.74,798.71,802.08,BB,0.02,0.45,8.91,2022-03-11,2023-07-11,1,0,0
LON03657,KY,"Kennedy, Curry and Morgan",Retail,503.31,416.96,430.04,BB,0.02,0.25,7.42,2022-05-29,2025-10-16,1,30,0
LON03658,KY,"Lee, Jones and Lewis",PrivateWealth,378.1,296.21,309.32,BBB,0.005,0.25,8.15,2020-11-24,2027-12-04,1,60,0
LON03659,BM,Camacho-Nelson,Shipping,1732.77,1389.04,1423.03,A,0.001,0.25,8.06,2020-05-27,2029-06-09,1,0,0
LON03660,KY,Graham-French,InvestmentHoldCo,1444.55,1275.28,1315.35,B,0.05,0.25,4.3,2019-10-19,2024-09-03,1,0,0
LON03661,BM,Brown-Trujillo,Hospitality,191.03,164.64,165.32,A,0.001,0.25,4.19,2023-01-29,2028-10-14,1,0,0
LON03662,KY,Jefferson-Petty,Technology,811.65,763.79,792.58,BBB,0.005,0.25,8.74,2022-10-08,2028-05-27,2,0,0
LON03663,KY,"Gomez, Hernandez and Smith",Retail,1930.87,1573.27,1596.15,BBB,0.005,0.45,8.39,2023-01-29,2032-09-29,1,0,0
LON03664,BM,Cooper PLC,Retail,1212.59,1098.42,1116.3,A,0.001,0.25,6.3,2023-10-12,2033-09-30,1,0,0
LON03665,GU,Harrington-Mata,Shipping,823.12,682.02,705.82,AA,0.0005,0.6,7.39,2020-04-24,2026-07-19,2,0,0
LON03666,GU,Chapman-Steele,Hospitality,1149.4,906.56,947.05,BB,0.02,0.35,6.51,2023-03-26,2030-02-12,1,60,0
LON03667,BM,Moore-Evans,Technology,724.43,717.87,729.85,BB,0.02,0.45,4.06,2022-03-21,2029-12-11,1,0,0
LON03668,BM,"Bruce, Ross and Wong",InvestmentHoldCo,271.43,271.02,284.26,A,0.001,0.6,7.64,2022-06-11,2028-01-26,1,0,0
LON03669,GU,Robles-Espinoza,Hospitality,1294.05,1077.19,1077.91,BBB,0.005,0.25,6.4,2022-02-25,2026-07-30,1,30,0
LON03670,KY,"Ramos, Reynolds and Hall",Hospitality,1259.39,974.91,986.51,B,0.05,0.45,7.35,2022-06-15,2027-02-27,1,30,0
LON03671,KY,Short-Newman,PrivateWealth,511.59,398.86,414.94,A,0.001,0.6,8.87,2019-12-22,2029-06-21,1,60,0
LON03672,JE,Daniels-Walsh,Energy,717.53,602.01,627.52,BB,0.02,0.25,4.48,2023-07-17,2032-03-13,1,90,0
LON03673,BM,Williamson Inc,Technology,156.87,135.77,139.91,BBB,0.005,0.6,3.55,2019-08-24,2022-10-10,1,30,0
LON03674,BM,"Barker, Rodriguez and Marsh",InvestmentHoldCo,385.22,327.39,333.96,A,0.001,0.35,7.39,2019-09-17,2022-08-02,1,90,0
LON03675,KY,Stevenson-Dean,RealEstate,918.88,721.38,740.5,B,0.05,0.25,4.36,2019-07-02,2024-09-27,1,0,0
LON03676,GU,Dennis LLC,InvestmentHoldCo,956.78,835.46,857.13,B,0.05,0.25,3.77,2023-01-19,2028-04-13,1,60,0
LON03677,JE,Bridges Ltd,Hospitality,593.31,543.98,555.89,BBB,0.005,0.45,4.02,2022-10-01,2029-06-19,1,0,0
LON03678,JE,Cummings PLC,RealEstate,805.85,714.9,730.3,BBB,0.005,0.45,4.52,2023-02-21,2026-05-03,1,60,0
LON03679,BM,"Miles, Moody and Dixon",Technology,918.38,742.17,746.36,B,0.05,0.25,8.39,2021-08-11,2024-05-15,2,0,0
LON03680,BM,"Martinez, Graham and Hartman",InvestmentHoldCo,137.67,124.41,125.14,AA,0.0005,0.25,7.24,2020-06-09,2022-12-18,1,0,0
LON03681,GU,Anderson-Gonzalez,Hospitality,495.63,383.18,386.17,B,0.05,0.25,8.27,2023-05-27,2026-11-11,1,0,0
LON03682,BM,Lewis-Johnston,Technology,729.6,671.87,678.12,A,0.001,0.45,4.12,2022-11-01,2024-11-04,1,60,0
LON03683,JE,Mills-Moreno,Energy,321.55,291.54,304.75,BB,0.02,0.6,5.95,2021-01-15,2026-01-25,1,30,0
LON03684,KY,Armstrong-Gomez,Energy,122.71,102.3,104.51,A,0.001,0.45,8.47,2022-09-15,2032-04-17,1,90,0
LON03685,BM,Johnson-Nelson,Shipping,477.18,371.58,374.43,A,0.001,0.6,7.95,2022-10-18,2030-02-20,1,0,0
LON03686,JE,Lamb PLC,PrivateWealth,1067.12,946.66,984.07,AA,0.0005,0.6,7.26,2019-09-09,2021-03-31,1,0,0
LON03687,JE,Dougherty-Salas,Hospitality,1094.11,940.38,962.96,BBB,0.005,0.45,3.34,2021-01-12,2023-09-10,1,0,0
LON03688,BM,Murray PLC,Hospitality,530.32,519.01,519.13,B,0.05,0.45,5.68,2020-11-26,2023-05-08,1,90,0
LON03689,KY,Stevens-Allen,Shipping,392.49,311.78,312.32,B,0.05,0.45,8.47,2020-06-03,2024-10-17,1,0,0
LON03690,KY,Flores-Kim,Energy,533.43,487.32,507.55,AA,0.0005,0.45,5.17,2022-03-25,2028-01-19,1,0,0
LON03691,KY,Strickland PLC,Energy,378.24,359.1,362.95,A,0.001,0.25,5.47,2019-12-14,2022-07-15,1,90,0
LON03692,BM,"Mays, Delacruz and Greene",Shipping,1610.12,1570.71,1617.35,BBB,0.005,0.35,7.91,2020-02-17,2029-04-13,1,0,0
LON03693,JE,"Jensen, Lopez and Schaefer",Hospitality,371.22,338.7,345.61,BBB,0.005,0.35,6.42,2020-01-06,2021-09-25,1,0,0
LON03694,GU,Alvarez Ltd,Retail,2307.57,1823.03,1906.12,A,0.001,0.25,6.5,2020-10-14,2022-03-10,1,90,0
LON03695,KY,Wood Inc,Shipping,342.0,268.45,273.63,AA,0.0005,0.35,7.07,2024-03-22,2031-10-08,1,0,0
LON03696,BM,"Green, Wood and Coleman",Retail,88.62,84.68,85.85,B,0.05,0.45,3.79,2019-10-04,2028-12-15,1,60,0
LON03697,KY,Pierce Ltd,Hospitality,266.91,222.77,227.89,AA,0.0005,0.45,3.13,2021-05-18,2024-05-20,1,0,0
LON03698,GU,Jones Ltd,Retail,500.43,435.95,449.79,AA,0.0005,0.25,3.72,2020-06-23,2024-02-27,1,30,0
LON03699,KY,Silva-Mitchell,Shipping,4491.17,3708.4,3834.77,B,0.05,0.45,8.37,2024-05-14,2032-07-31,2,30,0
LON03700,BM,Lester Group,RealEstate,526.17,501.01,513.91,BBB,0.005,0.45,8.64,2024-04-02,2029-06-16,1,90,0
LON03701,BM,Mccormick LLC,PrivateWealth,1253.76,1142.0,1142.06,A,0.001,0.25,5.22,2020-02-09,2024-07-04,2,0,0
LON03702,JE,"Turner, Hernandez and Smith",Retail,756.82,674.11,705.04,BBB,0.005,0.45,5.73,2020-08-12,2029-12-22,1,30,0
LON03703,KY,"Molina, Norton and Collins",Retail,432.14,397.06,411.98,AAA,0.0001,0.6,5.64,2020-12-09,2030-01-19,1,60,0
LON03704,BM,"Williams, Hudson and Smith",Retail,2459.32,2197.71,2220.23,A,0.001,0.25,3.9,2022-04-26,2029-05-24,1,0,0
LON03705,KY,Leon PLC,Technology,854.41,714.96,736.62,A,0.001,0.35,7.04,2021-07-09,2024-06-08,1,0,0
LON03706,KY,Morris Ltd,InvestmentHoldCo,746.73,665.45,683.2,A,0.001,0.45,5.96,2021-01-21,2024-04-11,1,0,0
LON03707,BM,"Jones, Guerra and Hess",Shipping,657.65,561.12,574.86,BB,0.02,0.25,3.56,2020-11-13,2029-03-22,1,0,0
LON03708,KY,Williams-Christensen,InvestmentHoldCo,1180.96,955.78,993.33,B,0.05,0.6,8.92,2020-01-06,2029-12-07,1,0,0
LON03709,BM,"Johnson, Wright and Rodriguez",Technology,671.03,587.71,592.96,B,0.05,0.35,8.95,2021-03-12,2029-05-06,2,0,0
LON03710,KY,"Thompson, Haas and Walker",InvestmentHoldCo,593.69,515.61,536.85,BB,0.02,0.35,5.47,2023-04-19,2025-07-22,1,90,0
LON03711,KY,"Roberts, Nichols and Lara",Retail,189.41,175.21,179.22,BB,0.02,0.25,3.02,2021-07-29,2029-09-26,1,30,0
LON03712,BM,Brown-Rivera,Hospitality,228.04,196.31,202.1,A,0.001,0.45,3.85,2022-11-15,2032-04-23,1,90,0
LON03713,BM,Conway-Morales,Technology,874.96,731.13,740.42,BBB,0.005,0.25,3.84,2022-06-21,2023-06-28,1,0,0
LON03714,BM,Knight-Velez,InvestmentHoldCo,1373.99,1210.6,1258.0,BBB,0.005,0.6,5.4,2020-05-16,2025-07-04,1,90,0
LON03715,KY,Olson Inc,Energy,908.16,761.75,785.02,BBB,0.005,0.45,8.63,2023-10-16,2025-08-16,1,90,0
LON03716,KY,"Miller, Gonzalez and Francis",Energy,936.7,816.61,854.04,BBB,0.005,0.6,6.74,2020-03-29,2028-10-18,1,0,0
LON03717,JE,Ross-Rich,Retail,1678.44,1654.17,1690.94,BBB,0.005,0.45,7.21,2021-03-04,2023-04-05,1,60,0
LON03718,BM,"Blake, Cooper and Smith",Shipping,1047.48,962.41,990.62,BBB,0.005,0.25,6.53,2019-07-13,2023-06-26,1,0,0
LON03719,BM,"Vargas, Martinez and Webb",Retail,1516.9,1210.14,1257.03,BB,0.02,0.25,5.26,2023-04-10,2029-05-24,1,0,0
LON03720,KY,Galloway-Chang,PrivateWealth,341.88,263.75,274.11,B,0.05,0.35,6.61,2022-02-07,2028-01-24,1,90,0
LON03721,KY,"King, Davis and Rivera",RealEstate,761.93,607.17,634.53,BBB,0.005,0.6,5.0,2020-11-30,2022-08-28,1,0,0
LON03722,KY,Dalton Inc,PrivateWealth,377.73,347.61,364.7,A,0.001,0.45,4.04,2023-04-09,2025-10-17,1,30,0
LON03723,BM,Espinoza LLC,InvestmentHoldCo,718.43,598.11,607.82,A,0.001,0.35,8.12,2022-08-15,2030-04-28,1,0,0
LON03724,KY,Hawkins Ltd,Retail,506.24,390.17,399.57,AA,0.0005,0.35,8.38,2022-07-26,2029-12-06,1,0,0
LON03725,BM,Watson Ltd,Technology,161.57,143.18,147.26,B,0.05,0.45,7.34,2021-10-04,2029-09-11,2,0,0
LON03726,BM,"Ball, Stevens and Miller",Energy,1452.08,1190.67,1214.93,B,0.05,0.25,3.53,2020-12-06,2029-10-02,1,0,0
LON03727,GU,Lang-Davila,Hospitality,1361.98,1231.57,1254.33,BBB,0.005,0.25,7.99,2023-10-28,2032-11-30,1,30,0
LON03728,BM,Velez-Brown,Energy,388.6,335.34,348.51,BBB,0.005,0.25,8.4,2023-03-30,2031-09-25,1,0,0
LON03729,KY,Jones-Allen,Hospitality,1384.84,1118.45,1142.01,AA,0.0005,0.25,6.31,2020-11-25,2023-11-02,1,0,0
LON03730,BM,Nelson-Bradshaw,RealEstate,654.84,610.04,631.54,BBB,0.005,0.35,7.53,2020-06-12,2030-04-26,1,0,0
LON03731,BM,Martinez and Sons,Hospitality,359.42,277.31,284.79,BBB,0.005,0.35,6.39,2023-06-20,2029-03-27,1,0,0
LON03732,BM,Acosta-Smith,Technology,484.98,409.56,416.48,BB,0.02,0.25,7.06,2020-05-14,2021-06-01,1,0,0
LON03733,KY,"Gonzales, Howell and Robinson",InvestmentHoldCo,1435.79,1294.37,1349.28,A,0.001,0.25,4.63,2023-10-16,2026-03-12,1,60,0
LON03734,KY,Dean-Lowe,PrivateWealth,1023.94,927.32,947.64,BBB,0.005,0.35,8.54,2022-03-13,2030-09-25,1,60,0
LON03735,GU,"Day, Jones and Ortiz",RealEstate,1117.13,861.47,893.95,AAA,0.0001,0.25,5.54,2020-12-11,2025-10-30,1,90,0
LON03736,BM,"Vincent, Wright and Hunt",Retail,276.97,274.75,281.01,A,0.001,0.6,3.06,2021-05-24,2030-09-21,2,0,0
LON03737,KY,Gibson-Brooks,Energy,299.81,286.57,294.04,BB,0.02,0.25,4.92,2019-07-23,2027-05-20,3,0,0
LON03738,BM,Campbell-Johnson,RealEstate,373.61,332.93,343.05,AA,0.0005,0.25,7.59,2023-01-13,2030-09-15,1,30,0
LON03739,JE,"Ramos, Gonzales and Thomas",Technology,285.25,236.79,240.82,A,0.001,0.25,5.21,2021-01-18,2022-12-31,2,60,0
LON03740,BM,Burgess LLC,Shipping,546.62,483.63,495.12,BB,0.02,0.35,4.16,2020-07-27,2025-04-24,1,0,0
LON03741,GU,Davis-Colon,PrivateWealth,556.18,519.84,545.06,BB,0.02,0.25,4.13,2020-08-04,2027-03-19,1,0,0
LON03742,KY,"Thomas, Carroll and French",Retail,1184.32,941.88,951.68,AA,0.0005,0.45,4.83,2020-07-06,2026-12-24,1,60,0
LON03743,KY,Maddox LLC,RealEstate,2184.7,2069.47,2150.77,BBB,0.005,0.45,4.12,2019-12-30,2025-09-17,1,0,0
LON03744,KY,Snyder LLC,InvestmentHoldCo,430.03,361.17,367.96,B,0.05,0.6,6.1,2022-09-12,2028-03-23,1,90,0
LON03745,GU,Fields-Martinez,Shipping,410.08,383.32,383.75,AAA,0.0001,0.35,5.92,2022-08-04,2029-08-10,1,0,0
LON03746,JE,"Lopez, Perez and Morgan",Retail,1005.52,962.59,979.68,BBB,0.005,0.35,4.39,2023-04-12,2027-11-20,1,60,0
LON03747,BM,Lopez-Carter,RealEstate,399.27,344.73,358.38,BBB,0.005,0.25,6.94,2022-04-13,2026-10-20,1,90,0
LON03748,KY,"Mcdonald, Silva and Patel",Hospitality,1034.48,828.08,863.49,A,0.001,0.45,5.3,2021-05-05,2027-08-23,1,0,0
LON03749,BM,Cabrera-Murphy,PrivateWealth,655.9,582.43,611.5,BBB,0.005,0.25,8.06,2024-02-11,2029-08-14,1,90,0
LON03750,BM,Byrd Group,Hospitality,451.12,373.1,387.5,A,0.001,0.45,8.75,2022-08-06,2027-02-15,1,0,0
LON03751,KY,Bailey Inc,InvestmentHoldCo,292.95,275.74,275.93,BBB,0.005,0.25,3.64,2020-03-28,2025-12-31,1,60,0
LON03752,KY,Gibson-Hart,Energy,194.4,170.54,172.76,A,0.001,0.35,8.64,2022-12-21,2024-03-22,1,90,0
LON03753,BM,Sanchez LLC,Retail,1543.78,1346.25,1397.01,A,0.001,0.6,4.55,2021-10-19,2029-09-27,1,30,0
LON03754,KY,Hill PLC,PrivateWealth,1458.96,1372.68,1415.22,A,0.001,0.45,3.22,2023-04-27,2024-06-09,1,90,0
LON03755,BM,"Turner, Carr and Porter",Energy,1242.31,1121.97,1143.92,BBB,0.005,0.35,4.69,2021-09-26,2023-03-22,1,0,0
LON03756,KY,"Mosley, Aguirre and Bentley",RealEstate,1462.57,1441.33,1492.39,B,0.05,0.45,5.46,2019-11-05,2027-05-03,1,60,0
LON03757,BM,"Park, Bell and Jordan",Technology,933.65,745.11,773.69,A,0.001,0.6,4.73,2022-07-23,2029-03-29,1,0,0
LON03758,KY,"Hodges, Scott and Watson",Technology,812.88,654.98,674.64,BB,0.02,0.25,6.22,2022-08-18,2028-10-13,1,0,0
LON03759,BM,Rice-Chapman,Hospitality,241.19,240.41,240.81,BB,0.02,0.35,7.31,2023-01-09,2032-06-15,1,60,0
LON03760,BM,Barnes-Hurst,Retail,1293.12,1239.86,1261.27,A,0.001,0.35,4.53,2023-10-01,2031-04-14,1,30,0
LON03761,BM,Harris LLC,Technology,1894.67,1768.34,1798.91,A,0.001,0.25,7.41,2023-03-31,2029-12-17,1,0,0
LON03762,KY,Turner-Hicks,Retail,462.9,442.17,445.46,BBB,0.005,0.6,7.81,2022-05-26,2025-03-31,1,90,0
LON03763,BM,Ho Inc,RealEstate,1332.82,1032.35,1049.16,AA,0.0005,0.25,3.29,2022-05-29,2025-04-07,1,60,0
LON03764,BM,"Valdez, Henderson and Jones",PrivateWealth,1624.7,1261.39,1313.12,BB,0.02,0.45,3.5,2019-10-22,2022-05-17,1,0,0
LON03765,BM,Kelly-Mcmillan,Shipping,930.61,875.56,899.65,B,0.05,0.25,4.52,2022-03-16,2031-01-02,1,30,0
LON03766,BM,Coffey-Hunt,InvestmentHoldCo,471.71,459.22,465.14,BB,0.02,0.25,3.95,2020-11-27,2025-08-05,1,0,0
LON03767,JE,Bennett-Stewart,PrivateWealth,496.05,382.06,391.3,A,0.001,0.45,8.35,2020-02-01,2027-11-05,1,0,0
LON03768,GU,Lopez Ltd,Technology,1104.5,874.21,903.66,AAA,0.0001,0.25,6.31,2022-04-02,2026-09-05,1,0,0
LON03769,KY,"Martin, Carey and Marks",InvestmentHoldCo,1520.3,1413.89,1480.62,A,0.001,0.6,6.15,2020-09-28,2029-12-29,3,0,0
LON03770,BM,"Clark, Strickland and Sandoval",RealEstate,393.61,319.96,331.78,BBB,0.005,0.45,4.92,2021-04-16,2028-03-02,1,0,0
LON03771,GU,Mcconnell LLC,RealEstate,760.05,616.1,643.59,BBB,0.005,0.25,5.28,2020-06-29,2022-09-30,1,0,0
LON03772,BM,"Green, Cummings and Chavez",Technology,465.19,382.41,392.13,A,0.001,0.45,3.28,2023-12-07,2027-04-12,1,60,0
LON03773,BM,"Bailey, Morgan and Li",RealEstate,707.67,651.67,673.83,AAA,0.0001,0.45,5.36,2020-03-31,2025-09-11,2,0,0
LON03774,BM,Grant-Jones,Energy,1219.52,1112.73,1128.68,BBB,0.005,0.35,8.9,2021-04-11,2030-02-27,1,0,0
LON03775,BM,Thompson and Sons,Shipping,346.34,307.98,308.63,B,0.05,0.25,4.56,2020-09-07,2026-11-09,1,90,0
LON03776,KY,"Schaefer, Grant and Cuevas",Energy,2551.13,1983.61,2059.44,BBB,0.005,0.45,4.61,2023-03-04,2029-12-02,1,60,0
LON03777,KY,Hess-Hanson,InvestmentHoldCo,460.88,414.44,419.24,A,0.001,0.6,4.27,2020-01-24,2025-04-23,1,60,0
LON03778,BM,Wilson-Cohen,Technology,722.1,625.26,642.68,BB,0.02,0.45,7.24,2021-03-01,2030-09-02,1,0,0
LON03779,GU,Wright-Norton,InvestmentHoldCo,108.79,104.19,106.73,AA,0.0005,0.35,3.79,2022-12-25,2024-08-06,1,0,0
LON03780,BM,Johnson-Copeland,PrivateWealth,1033.29,1007.36,1030.98,BB,0.02,0.45,3.29,2021-01-24,2030-10-12,1,30,0
LON03781,KY,"Aguirre, Parks and Brown",PrivateWealth,457.31,353.3,367.24,BBB,0.005,0.6,6.01,2023-07-29,2033-06-20,3,0,0
LON03782,BM,"Morrison, Smith and Castillo",Energy,840.93,800.94,821.87,BBB,0.005,0.6,8.92,2023-03-28,2030-10-22,1,90,0
LON03783,KY,"Carson, Steele and Garrett",RealEstate,677.13,590.78,615.87,B,0.05,0.6,5.91,2022-12-30,2031-05-23,1,90,0
LON03784,KY,Johnson-White,Technology,485.76,433.73,452.97,B,0.05,0.6,7.09,2024-06-08,2032-09-15,1,0,0
LON03785,GU,Leach and Sons,Shipping,1274.11,1039.57,1079.09,BB,0.02,0.45,8.6,2022-01-18,2030-03-23,1,0,0
LON03786,BM,Small-Lee,Energy,832.4,698.95,732.82,BBB,0.005,0.6,6.99,2022-07-30,2029-07-10,1,60,0
LON03787,KY,Sullivan-Bradley,Hospitality,338.71,308.54,317.31,BBB,0.005,0.35,7.52,2023-01-06,2029-03-03,1,30,0
LON03788,JE,"Richardson, Rodriguez and Wood",Hospitality,2095.84,1689.96,1690.0,B,0.05,0.35,4.26,2022-02-03,2026-09-16,1,0,0
LON03789,GU,Kennedy-Cruz,Hospitality,621.98,496.91,501.6,BB,0.02,0.6,5.38,2020-01-12,2027-09-29,1,60,0
LON03790,BM,Lopez-Andrade,Hospitality,1012.29,783.08,799.07,A,0.001,0.6,3.92,2019-12-26,2023-03-08,1,90,0
LON03791,GU,"Roberts, Elliott and Blair",PrivateWealth,302.75,302.71,309.87,BBB,0.005,0.35,7.79,2023-09-04,2028-04-03,1,90,0
LON03792,KY,Zamora LLC,PrivateWealth,871.41,671.96,677.22,BB,0.02,0.35,5.85,2023-01-07,2025-04-22,1,0,0
LON03793,GU,Smith Inc,PrivateWealth,1108.97,945.35,966.82,BB,0.02,0.25,6.92,2020-08-25,2030-05-26,1,0,0
LON03794,KY,"Thomas, Clayton and Wood",Retail,549.23,548.19,550.69,AA,0.0005,0.25,5.68,2020-03-01,2029-02-07,1,0,0
LON03795,KY,Long Ltd,Shipping,529.62,464.44,468.22,B,0.05,0.25,3.59,2024-05-24,2027-10-27,1,30,0
LON03796,KY,"Luna, Smith and Reyes",InvestmentHoldCo,760.56,678.61,692.66,BB,0.02,0.35,7.49,2023-12-08,2029-12-02,1,60,0
LON03797,KY,Collins Group,PrivateWealth,467.91,444.79,459.27,BBB,0.005,0.25,7.71,2023-12-09,2028-04-14,2,0,0
LON03798,BM,"Pierce, Smith and Gibbs",Hospitality,1062.12,1002.55,1049.11,A,0.001,0.45,8.47,2023-07-27,2026-07-09,1,30,0
LON03799,JE,Alvarez Group,Hospitality,660.04,563.04,569.66,A,0.001,0.25,8.46,2023-01-01,2026-02-26,1,0,0
LON03800,BM,Stevens-Wallace,RealEstate,611.77,501.94,522.08,A,0.001,0.25,3.24,2022-04-25,2031-09-17,1,90,0
LON03801,BM,Wilson-Trevino,RealEstate,558.6,455.9,476.89,BBB,0.005,0.25,5.94,2021-10-16,2026-04-29,3,60,0
LON03802,BM,"Moore, Foster and Hanson",Technology,509.92,454.65,462.01,BB,0.02,0.35,5.44,2021-06-13,2030-07-12,1,60,0
LON03803,KY,Daniel-Weber,Hospitality,461.19,437.26,452.9,BBB,0.005,0.25,5.86,2022-02-19,2025-04-30,1,0,0
LON03804,BM,Whitehead-Smith,Energy,983.93,845.43,878.78,B,0.05,0.35,6.75,2024-04-06,2031-10-08,1,60,0
LON03805,KY,Baldwin and Sons,RealEstate,377.45,316.22,329.07,A,0.001,0.35,8.6,2019-12-08,2021-12-02,1,90,0
LON03806,KY,Smith-Luna,Energy,216.64,191.88,197.91,BB,0.02,0.25,5.49,2022-10-30,2024-05-27,1,0,0
LON03807,BM,Campbell Group,RealEstate,821.83,634.92,654.78,BBB,0.005,0.25,8.95,2021-01-22,2030-11-20,1,60,0
LON03808,BM,"Moore, Zimmerman and Smith",PrivateWealth,537.47,455.21,472.05,BB,0.02,0.35,8.53,2024-05-20,2034-03-16,1,30,0
LON03809,KY,Mendez-Taylor,RealEstate,439.82,433.08,448.53,AAA,0.0001,0.35,3.56,2020-07-08,2029-09-20,1,0,0
LON03810,KY,Gardner Ltd,Technology,1253.11,1090.8,1097.78,A,0.001,0.45,8.27,2023-11-09,2025-02-24,1,0,0
LON03811,KY,Wilcox-Nguyen,Hospitality,751.52,678.1,680.97,BBB,0.005,0.45,5.19,2022-05-27,2030-01-10,1,30,0
LON03812,KY,"Wallace, Nichols and Singh",Shipping,267.22,227.28,232.96,AA,0.0005,0.25,3.24,2024-06-08,2027-01-05,1,0,0
LON03813,KY,Bowman-Calderon,Energy,683.02,536.18,536.4,B,0.05,0.25,7.32,2023-02-07,2029-10-06,1,90,0
LON03814,GU,Sampson Inc,Shipping,2288.65,2274.3,2316.46,B,0.05,0.6,3.38,2022-03-31,2027-01-27,1,0,0
LON03815,KY,Cook-Martin,Technology,864.51,684.63,713.21,BBB,0.005,0.6,8.31,2024-05-10,2031-12-18,1,0,0
LON03816,JE,"Wilson, Petersen and Johnson",InvestmentHoldCo,594.55,514.08,523.56,BBB,0.005,0.25,7.67,2019-10-09,2029-09-20,1,0,0
LON03817,BM,"Lopez, Rodriguez and Carroll",Hospitality,704.38,630.07,643.94,BBB,0.005,0.45,6.97,2019-11-10,2026-10-23,1,0,0
LON03818,GU,"Ortiz, Carlson and Brown",Technology,1168.97,928.13,947.39,BBB,0.005,0.6,6.12,2022-09-01,2024-09-24,1,0,0
LON03819,KY,Elliott-Fox,Hospitality,1119.05,881.89,897.07,BBB,0.005,0.25,3.04,2020-08-17,2023-04-17,1,0,0
LON03820,GU,"Case, Holmes and Patterson",Shipping,794.39,791.69,815.69,BB,0.02,0.25,5.21,2019-12-20,2024-02-26,2,0,0
LON03821,KY,Mcintyre and Sons,Technology,811.42,641.98,654.83,A,0.001,0.35,8.25,2022-06-09,2023-08-01,1,0,0
LON03822,GU,Howard PLC,Technology,438.63,421.59,430.25,B,0.05,0.25,7.31,2020-03-30,2029-12-05,1,0,0
LON03823,BM,Johnson-Morton,Retail,979.89,861.2,873.16,AA,0.0005,0.35,7.23,2024-05-07,2029-03-23,1,0,0
LON03824,BM,Knapp-Coleman,PrivateWealth,472.6,370.59,378.69,B,0.05,0.6,6.55,2022-10-18,2029-11-25,2,60,0
LON03825,BM,Olsen-Clark,InvestmentHoldCo,773.39,618.97,649.05,BBB,0.005,0.25,8.21,2022-04-19,2024-05-04,1,60,0
LON03826,KY,"Adkins, Calderon and Calhoun",PrivateWealth,455.74,368.17,377.66,BBB,0.005,0.25,4.88,2023-02-27,2024-08-27,1,30,0
LON03827,KY,Smith-Johnson,Energy,1098.43,876.45,899.69,BBB,0.005,0.45,6.6,2021-12-07,2030-02-26,2,0,0
LON03828,JE,Conway-Murray,Technology,1070.13,951.5,957.91,BBB,0.005,0.25,5.53,2022-09-05,2029-10-20,1,60,0
LON03829,KY,Reynolds-Pham,InvestmentHoldCo,235.59,221.16,225.23,BB,0.02,0.45,6.18,2020-11-30,2030-03-12,1,0,0
LON03830,KY,Henry PLC,Technology,830.7,825.7,833.93,A,0.001,0.35,7.67,2022-02-21,2025-12-01,1,90,0
LON03831,JE,Golden Inc,Retail,2764.98,2722.71,2857.57,B,0.05,0.6,4.07,2023-01-07,2024-04-25,1,0,0
LON03832,GU,"Gray, Cochran and Smith",PrivateWealth,1703.2,1653.52,1705.73,A,0.001,0.25,5.2,2021-07-04,2027-07-20,1,0,0
LON03833,KY,"Lee, Robertson and Davis",Retail,1451.09,1158.09,1159.08,BB,0.02,0.25,6.51,2023-11-04,2032-03-22,1,90,0
LON03834,BM,"Pope, Gilbert and Vasquez",Retail,1299.73,1114.83,1130.22,A,0.001,0.25,4.22,2021-10-14,2029-01-10,1,60,0
LON03835,GU,Martin LLC,Hospitality,691.77,594.86,598.66,B,0.05,0.45,5.56,2022-03-07,2026-09-26,1,0,0
LON03836,BM,Perry-Middleton,Technology,580.49,577.68,587.51,B,0.05,0.35,4.47,2022-04-19,2028-11-20,1,60,0
LON03837,BM,"Hernandez, Russell and Thompson",Technology,559.47,468.94,483.9,BB,0.02,0.35,8.55,2021-11-29,2023-06-10,1,0,0
LON03838,BM,Webster-Villarreal,RealEstate,1033.8,967.27,1011.83,BB,0.02,0.25,7.44,2021-08-27,2023-07-19,1,30,0
LON03839,BM,Dillon-Wheeler,Retail,649.97,638.97,651.19,AAA,0.0001,0.35,4.38,2020-08-27,2028-04-28,1,0,0
LON03840,KY,"Hall, Hobbs and Perez",Shipping,821.74,724.09,749.91,BB,0.02,0.25,3.97,2021-03-10,2023-10-23,2,60,0
LON03841,KY,Douglas-Brown,Energy,801.24,712.49,727.88,BB,0.02,0.35,5.05,2023-04-10,2031-08-07,1,0,0
LON03842,GU,"Holmes, Evans and Rojas",Technology,1432.63,1108.78,1139.22,AAA,0.0001,0.45,8.9,2022-01-06,2023-07-22,1,0,0
LON03843,KY,Riley PLC,Energy,475.36,441.47,443.22,BBB,0.005,0.45,5.91,2023-05-07,2025-09-16,1,0,0
LON03844,KY,Duffy and Sons,Technology,249.46,212.18,218.06,BBB,0.005,0.35,8.24,2019-07-27,2028-12-15,1,90,0
LON03845,BM,Richards-Bridges,Retail,381.08,332.22,336.1,AA,0.0005,0.6,7.67,2020-03-28,2022-12-10,1,30,0
LON03846,GU,"Rodriguez, Jones and Howard",Energy,394.38,303.56,305.4,BBB,0.005,0.25,5.02,2020-10-16,2029-07-23,1,60,0
LON03847,BM,"Wood, Clark and Robertson",InvestmentHoldCo,1403.1,1285.0,1306.45,B,0.05,0.25,5.54,2023-07-31,2025-09-06,1,0,0
LON03848,BM,Anderson LLC,Energy,1627.41,1625.53,1652.0,A,0.001,0.35,7.09,2023-03-18,2024-05-06,1,0,0
LON03849,GU,"Dunlap, Gilmore and Burch",Energy,783.81,685.43,686.19,BB,0.02,0.6,8.13,2019-10-26,2026-06-12,1,0,0
LON03850,BM,Tran-Payne,Retail,701.54,661.69,669.17,BB,0.02,0.45,5.16,2024-06-26,2030-05-22,1,0,0
LON03851,BM,"Holland, Thompson and Watkins",Shipping,867.62,749.17,752.0,A,0.001,0.35,3.27,2022-04-20,2028-04-28,1,0,0
LON03852,KY,Garcia-Robbins,RealEstate,2499.93,2020.72,2050.08,AA,0.0005,0.25,3.8,2021-10-17,2023-07-05,1,0,0
LON03853,GU,Hernandez Ltd,Retail,1166.49,1108.94,1136.41,B,0.05,0.25,3.13,2021-07-09,2024-10-16,1,0,0
LON03854,BM,Hall-Brewer,RealEstate,590.5,454.28,473.52,BB,0.02,0.25,7.03,2023-11-25,2031-02-03,1,0,0
LON03855,KY,Swanson Ltd,RealEstate,564.03,467.19,486.39,BBB,0.005,0.25,5.25,2023-09-11,2033-05-12,1,0,0
LON03856,BM,"Green, Duncan and Robinson",RealEstate,2233.45,1766.58,1823.2,BBB,0.005,0.6,3.64,2023-10-04,2030-01-15,1,90,0
LON03857,KY,"Duarte, Keller and Garcia",Technology,384.29,368.56,371.33,B,0.05,0.35,6.21,2021-07-11,2028-07-09,1,0,0
LON03858,KY,Novak-Jimenez,Shipping,412.36,336.9,349.4,BB,0.02,0.25,6.02,2020-06-13,2023-07-14,1,0,0
LON03859,JE,Smith PLC,Hospitality,786.55,763.32,763.6,B,0.05,0.6,6.19,2024-04-21,2031-10-27,1,60,0
LON03860,JE,"Wright, Ferrell and Martin",Shipping,951.73,737.14,770.34,B,0.05,0.35,4.3,2022-03-04,2029-06-11,1,0,0
LON03861,JE,Burton-Perez,Technology,436.71,411.88,414.63,BBB,0.005,0.45,3.38,2023-08-09,2032-12-16,1,90,0
LON03862,GU,White Group,Retail,292.77,228.74,238.91,BB,0.02,0.25,8.57,2023-08-13,2028-02-07,1,0,0
LON03863,KY,Huang Ltd,PrivateWealth,1094.68,954.48,983.28,BBB,0.005,0.25,6.16,2020-10-04,2029-06-04,1,0,0
LON03864,KY,"Hobbs, Smith and Clark",RealEstate,586.49,463.83,475.79,AAA,0.0001,0.25,4.01,2023-06-22,2031-11-03,1,0,0
LON03865,KY,Gutierrez-Davis,PrivateWealth,1385.08,1147.49,1198.58,A,0.001,0.45,5.47,2023-06-30,2030-11-18,1,0,0
LON03866,BM,Martinez Inc,RealEstate,449.36,365.55,382.09,A,0.001,0.25,3.2,2020-09-05,2022-11-29,1,0,0
LON03867,BM,Henderson-Brown,PrivateWealth,491.13,394.79,405.19,BBB,0.005,0.25,5.81,2022-12-22,2025-04-21,1,30,0
LON03868,BM,Anthony and Sons,PrivateWealth,451.99,450.89,466.84,AA,0.0005,0.6,4.04,2024-02-12,2026-03-22,1,0,0
LON03869,BM,Lawrence LLC,Hospitality,524.82,513.69,516.41,B,0.05,0.25,6.59,2020-05-08,2026-02-03,1,0,0
LON03870,BM,"Carter, Owen and Garcia",RealEstate,1791.99,1466.89,1468.66,BB,0.02,0.35,3.3,2023-01-30,2024-09-01,1,60,0
LON03871,BM,Peterson-Moses,InvestmentHoldCo,193.17,190.85,197.18,BBB,0.005,0.35,6.52,2020-03-13,2028-09-11,1,30,0
LON03872,BM,Henderson-Mcgrath,InvestmentHoldCo,707.13,582.78,610.26,B,0.05,0.35,4.82,2021-09-24,2024-12-08,1,0,0
LON03873,KY,Phillips Inc,Hospitality,407.4,322.69,325.87,BBB,0.005,0.45,5.96,2024-06-09,2033-01-10,2,0,0
LON03874,BM,"White, Hall and Martin",Technology,278.65,273.95,275.59,BBB,0.005,0.35,6.29,2023-03-19,2032-07-23,1,60,0
LON03875,BM,Cuevas Group,Technology,274.36,234.93,244.17,BB,0.02,0.25,5.55,2020-07-20,2022-04-15,1,0,0
LON03876,KY,Ramirez-Carpenter,Technology,1968.34,1842.62,1912.55,AAA,0.0001,0.25,4.33,2022-01-27,2026-04-02,1,0,0
LON03877,BM,Martinez-Berry,Hospitality,756.89,737.63,750.84,BBB,0.005,0.25,5.59,2021-04-17,2030-07-01,1,0,0
LON03878,BM,"Mason, Guerrero and Moody",Shipping,1251.09,964.57,1004.61,BBB,0.005,0.45,4.09,2023-10-16,2026-08-12,2,0,0
LON03879,KY,"Black, Fernandez and Howard",InvestmentHoldCo,1096.0,945.99,959.4,BB,0.02,0.45,6.0,2021-04-09,2024-06-08,1,30,0
LON03880,BM,Davis LLC,Retail,409.06,335.89,344.45,A,0.001,0.25,3.83,2023-12-02,2025-05-27,2,90,0
LON03881,GU,"Elliott, Petersen and Rojas",Technology,618.92,591.88,620.35,AA,0.0005,0.35,3.86,2023-04-25,2025-07-03,1,30,0
LON03882,KY,"Guerrero, Hughes and Griffin",Technology,926.5,743.81,746.44,A,0.001,0.25,5.71,2020-01-31,2029-03-22,1,90,0
LON03883,JE,Davis-Ramirez,PrivateWealth,1289.38,1144.87,1161.39,AA,0.0005,0.45,4.23,2022-10-05,2027-09-09,1,0,0
LON03884,BM,Jackson-Ray,Retail,619.43,595.93,615.94,BB,0.02,0.35,5.57,2023-08-11,2025-12-14,1,30,0
LON03885,BM,Henry-Griffin,Technology,524.41,495.05,513.14,B,0.05,0.25,8.22,2024-02-08,2028-11-18,1,0,0
LON03886,GU,"Brock, Robinson and Camacho",Technology,110.69,89.38,89.87,BB,0.02,0.35,4.95,2020-07-11,2027-03-17,1,90,0
LON03887,BM,Alvarado-Green,Retail,551.68,451.15,464.1,A,0.001,0.25,7.41,2022-10-13,2024-06-04,2,30,0
LON03888,KY,"Johnson, Murray and Ryan",Energy,380.64,374.19,379.73,B,0.05,0.35,4.48,2023-07-29,2027-12-01,1,0,0
LON03889,GU,"Blackwell, Mitchell and Clark",InvestmentHoldCo,2157.59,1683.14,1737.44,A,0.001,0.35,6.33,2020-07-05,2025-01-14,2,90,0
LON03890,KY,"Alvarez, Mccullough and Davis",RealEstate,2540.34,2538.39,2543.26,BB,0.02,0.25,5.39,2023-08-15,2028-01-21,1,0,0
LON03891,KY,Miller-Griffin,Shipping,357.73,324.33,337.83,A,0.001,0.35,8.51,2024-05-23,2025-08-06,1,30,0
LON03892,BM,Brown-Maldonado,RealEstate,1640.12,1488.25,1495.0,B,0.05,0.6,3.12,2020-12-25,2030-12-05,1,0,0
LON03893,KY,Wilkinson-Evans,Technology,3180.72,2553.91,2646.79,BBB,0.005,0.35,4.33,2022-07-06,2031-12-12,1,0,0
LON03894,GU,Garcia PLC,Shipping,498.73,417.65,424.53,B,0.05,0.35,4.73,2020-08-08,2028-05-24,1,0,0
LON03895,BM,"Miller, Hull and James",InvestmentHoldCo,300.9,271.96,273.53,BBB,0.005,0.6,8.5,2023-04-05,2029-08-09,1,90,0
LON03896,KY,Elliott-Ferrell,RealEstate,276.67,241.91,246.25,AA,0.0005,0.6,7.54,2019-11-04,2027-04-08,2,60,0
LON03897,JE,Gilmore-Wagner,Hospitality,1518.44,1430.7,1495.87,A,0.001,0.35,8.64,2023-11-21,2026-04-29,1,0,0
LON03898,BM,"Dunn, Joseph and Gardner",Retail,1035.89,887.46,904.44,BB,0.02,0.25,5.8,2024-02-17,2027-10-25,1,90,0
LON03899,KY,Glover-Walls,Shipping,486.68,421.24,435.92,AAA,0.0001,0.25,3.76,2024-02-17,2027-10-06,2,90,0
LON03900,KY,Diaz-Burns,PrivateWealth,1202.23,947.34,973.65,A,0.001,0.6,3.25,2021-01-27,2023-04-10,1,0,0
LON03901,BM,Gibson-Wright,Retail,2425.4,2220.64,2283.44,A,0.001,0.35,3.54,2020-12-03,2025-12-28,1,60,0
LON03902,KY,Smith Inc,Hospitality,405.9,312.78,323.03,BBB,0.005,0.45,4.06,2020-01-31,2024-07-02,3,0,0
LON03903,BM,Williams-Ball,Shipping,260.52,228.22,237.9,B,0.05,0.25,8.68,2023-07-21,2026-09-24,1,0,0
LON03904,BM,"Skinner, Owens and Johnson",InvestmentHoldCo,573.49,560.0,572.36,BB,0.02,0.25,7.2,2022-09-05,2032-07-05,1,30,0
LON03905,BM,"Pearson, Arias and Glenn",PrivateWealth,965.44,759.8,786.06,AAA,0.0001,0.25,8.34,2020-12-06,2022-08-28,1,0,0
LON03906,BM,"Weeks, Morris and Richmond",Technology,805.88,785.6,789.56,AA,0.0005,0.45,6.5,2022-10-01,2025-12-20,1,0,0
LON03907,BM,Young Inc,RealEstate,576.91,516.78,530.12,BB,0.02,0.45,6.94,2022-09-18,2029-05-22,1,0,0
LON03908,KY,"Welch, Mitchell and Myers",Shipping,938.85,890.37,891.42,A,0.001,0.25,8.2,2022-04-02,2025-02-13,1,60,0
LON03909,GU,"Cooper, Pierce and Bowman",PrivateWealth,366.59,317.76,322.63,AA,0.0005,0.35,3.09,2022-06-17,2024-01-04,2,0,0
LON03910,KY,"White, Miller and Stevenson",Energy,500.93,428.3,434.17,BBB,0.005,0.25,6.51,2023-03-15,2025-07-25,1,0,0
LON03911,KY,Brown-Carson,Shipping,299.78,263.01,265.31,A,0.001,0.25,7.09,2020-02-19,2023-03-23,1,60,0
LON03912,KY,Neal PLC,Retail,1250.64,1012.7,1046.98,A,0.001,0.35,4.55,2021-05-15,2029-03-11,1,0,0
LON03913,JE,Hanson-Smith,InvestmentHoldCo,412.42,319.86,327.02,BB,0.02,0.45,6.6,2023-12-12,2026-06-03,1,0,0
LON03914,JE,Adams PLC,InvestmentHoldCo,431.55,373.89,386.48,A,0.001,0.25,6.9,2020-12-20,2026-06-19,1,0,0
LON03915,BM,Hunt Ltd,Technology,425.6,331.72,343.01,BBB,0.005,0.25,7.45,2023-06-30,2030-02-21,2,0,0
LON03916,KY,Buck Group,Technology,513.16,510.33,527.3,BBB,0.005,0.35,7.96,2023-06-06,2033-02-05,1,0,0
LON03917,BM,Saunders-Nelson,Shipping,169.61,147.7,148.47,A,0.001,0.25,8.25,2024-02-03,2026-07-01,1,0,0
LON03918,KY,"Galvan, Parker and Chapman",Retail,303.06,269.39,279.93,A,0.001,0.45,6.65,2021-10-06,2027-06-25,2,0,0
LON03919,KY,Tran-Martinez,PrivateWealth,603.09,482.76,486.02,BBB,0.005,0.35,8.53,2019-12-28,2027-11-17,1,60,0
LON03920,GU,Andrade-Roberts,PrivateWealth,898.46,704.07,708.03,AA,0.0005,0.25,4.55,2020-11-12,2023-09-27,2,0,0
LON03921,BM,"Anderson, Barry and Bolton",Retail,474.03,446.95,452.68,A,0.001,0.25,5.96,2021-01-06,2025-01-19,2,0,0
LON03922,BM,"Perez, Miller and Price",Technology,393.22,341.66,353.32,A,0.001,0.35,6.36,2019-12-10,2024-03-27,1,0,0
LON03923,JE,"Potts, Solomon and Ochoa",Retail,461.44,436.13,441.38,BBB,0.005,0.45,8.92,2019-11-20,2022-07-17,2,0,0
LON03924,BM,Cabrera-Beasley,PrivateWealth,1390.67,1373.76,1376.68,BB,0.02,0.25,3.4,2020-08-20,2025-08-13,2,0,0
LON03925,BM,Hatfield Inc,Technology,831.89,666.02,683.26,BBB,0.005,0.6,6.6,2023-11-18,2029-01-09,2,0,0
LON03926,KY,Haley and Sons,InvestmentHoldCo,313.93,269.39,273.95,BBB,0.005,0.6,6.36,2022-04-19,2025-04-29,1,30,0
LON03927,BM,Walker-Duncan,RealEstate,1752.18,1410.12,1466.99,BBB,0.005,0.25,3.77,2022-12-10,2030-11-30,1,0,0
LON03928,GU,Jackson-James,Retail,787.68,732.34,765.95,AA,0.0005,0.35,3.12,2019-10-04,2024-08-04,2,60,0
LON03929,GU,Bell-Lara,RealEstate,2226.96,1988.11,2042.2,BBB,0.005,0.25,4.35,2024-06-12,2031-01-02,1,0,0
LON03930,BM,Thompson LLC,Energy,2293.43,2073.74,2176.51,A,0.001,0.25,3.45,2024-03-10,2031-11-27,1,0,0
LON03931,KY,Key-Arnold,Hospitality,303.42,248.08,248.79,BB,0.02,0.35,7.75,2021-12-31,2031-07-15,1,60,0
LON03932,JE,Hunter LLC,RealEstate,1044.97,1001.27,1024.88,A,0.001,0.6,6.75,2024-05-12,2030-06-19,1,30,0
LON03933,GU,Day Ltd,Energy,815.52,760.63,778.41,AAA,0.0001,0.25,7.9,2022-11-26,2027-03-06,1,90,0
LON03934,KY,Porter and Sons,Hospitality,486.31,377.45,386.67,AA,0.0005,0.25,6.54,2023-08-31,2026-07-24,1,0,0
LON03935,KY,Johnson LLC,Energy,2330.88,1860.63,1910.11,AAA,0.0001,0.45,7.7,2022-04-22,2025-09-30,2,30,0
LON03936,KY,Roth-Gibson,Retail,1092.67,867.43,876.02,BBB,0.005,0.35,8.16,2021-08-25,2029-03-26,1,90,0
LON03937,BM,"Cooper, Dorsey and Bennett",Retail,1257.55,1003.01,1048.38,BB,0.02,0.6,8.14,2021-02-26,2022-03-15,1,60,0
LON03938,KY,Collins Group,Shipping,2597.35,2385.42,2425.24,BBB,0.005,0.25,5.52,2022-04-03,2031-07-09,1,0,0
LON03939,KY,Hanson Group,Shipping,819.54,650.97,654.64,BBB,0.005,0.25,5.44,2023-08-16,2027-07-24,1,60,0
LON03940,KY,Rice and Sons,PrivateWealth,393.94,318.23,319.97,BBB,0.005,0.35,8.83,2020-09-21,2029-04-29,1,60,0
LON03941,BM,"Garcia, Stone and Garza",Technology,1477.81,1243.91,1260.93,A,0.001,0.25,7.29,2022-02-21,2029-07-19,1,60,0
LON03942,BM,"Watkins, Baker and Kelly",Energy,1384.8,1127.43,1158.78,BB,0.02,0.45,8.57,2021-07-04,2026-04-22,1,30,0
LON03943,BM,Taylor-Andrews,PrivateWealth,537.81,453.41,454.77,BB,0.02,0.35,3.58,2021-04-21,2025-08-13,1,0,0
LON03944,JE,Mitchell-Daniels,PrivateWealth,290.37,282.51,290.52,BBB,0.005,0.25,7.37,2021-11-28,2023-10-26,1,0,0
LON03945,KY,Webb and Sons,Energy,1610.59,1411.04,1472.69,BBB,0.005,0.6,8.8,2022-05-16,2024-07-03,1,0,0
LON03946,JE,Miller-Hicks,Hospitality,417.59,334.99,337.65,B,0.05,0.25,3.37,2021-09-28,2025-09-21,1,0,0
LON03947,GU,"Payne, Williams and Rios",Energy,373.19,336.98,344.79,BBB,0.005,0.25,8.12,2021-02-02,2026-07-13,1,0,0
LON03948,BM,Wilson and Sons,Technology,624.39,595.5,616.2,A,0.001,0.45,7.15,2021-09-03,2022-12-24,1,0,0
LON03949,KY,"Lawson, Robinson and Martinez",Retail,4795.3,3952.72,4013.89,AAA,0.0001,0.25,3.71,2022-07-16,2032-03-12,1,90,0
LON03950,KY,Garcia-Smith,Technology,1634.17,1326.28,1380.39,BB,0.02,0.25,3.91,2021-11-12,2026-08-28,1,0,0
LON03951,KY,Blair-Brown,Technology,360.14,289.88,290.79,BB,0.02,0.25,6.72,2021-09-20,2031-02-25,1,90,0
LON03952,BM,"Marsh, Henderson and Johnson",Technology,508.67,425.87,437.38,A,0.001,0.35,3.63,2022-06-01,2027-12-28,1,0,0
LON03953,BM,Stone-Morris,Retail,264.67,214.09,215.67,B,0.05,0.25,5.0,2020-10-08,2027-01-15,2,0,0
LON03954,JE,Stone Group,PrivateWealth,635.7,541.17,541.4,A,0.001,0.25,6.72,2024-03-04,2029-05-11,1,0,0
LON03955,KY,"Howe, Adams and Moore",InvestmentHoldCo,908.15,860.73,879.19,BBB,0.005,0.45,8.64,2024-04-17,2034-01-08,1,0,0
LON03956,KY,Ramos-Stone,Shipping,1073.32,936.85,965.84,BBB,0.005,0.35,3.48,2021-07-31,2030-11-30,1,0,0
LON03957,GU,Fisher-Walker,PrivateWealth,1048.83,1010.92,1047.82,BBB,0.005,0.25,8.5,2020-01-09,2026-11-20,1,0,0
LON03958,KY,Montoya and Sons,PrivateWealth,1006.73,787.61,810.28,BB,0.02,0.25,8.09,2024-04-30,2034-02-07,1,0,0
LON03959,JE,"Boone, Andrews and Mcneil",Technology,631.93,533.26,550.58,BBB,0.005,0.35,3.09,2023-03-26,2031-09-27,1,60,0
LON03960,KY,"Brown, Hill and Christian",Energy,415.65,357.83,362.71,A,0.001,0.35,8.11,2021-04-24,2026-07-23,1,0,0
LON03961,KY,"Scott, Johnston and Gibson",InvestmentHoldCo,2215.4,1722.58,1753.2,BBB,0.005,0.25,4.02,2021-08-17,2026-12-09,1,30,0
LON03962,BM,Howard-Wilson,Technology,681.61,668.12,671.22,BBB,0.005,0.25,5.94,2023-09-07,2029-04-28,1,60,0
LON03963,BM,"Rose, Sharp and Swanson",Shipping,558.69,471.44,475.82,BBB,0.005,0.25,6.8,2023-10-14,2032-03-21,1,0,0
LON03964,KY,"Nichols, Rodriguez and Harris",Hospitality,914.78,782.48,783.26,AAA,0.0001,0.25,7.19,2021-11-15,2026-02-06,1,0,0
LON03965,BM,"Graham, Carpenter and Howard",PrivateWealth,699.7,658.81,674.17,BB,0.02,0.35,4.06,2020-05-14,2029-05-16,1,30,0
LON03966,KY,Rios-Salas,RealEstate,606.28,579.11,592.73,B,0.05,0.25,4.52,2019-08-31,2027-01-11,1,0,0
LON03967,GU,Lewis and Sons,Shipping,893.6,724.61,748.57,BBB,0.005,0.25,4.71,2021-06-16,2029-01-06,1,0,0
LON03968,BM,"Diaz, Perkins and Sandoval",RealEstate,1319.85,1242.44,1268.94,BBB,0.005,0.35,7.62,2020-03-04,2025-01-27,1,0,0
LON03969,BM,Gordon Inc,Energy,403.17,376.13,389.79,BB,0.02,0.35,7.7,2022-09-01,2030-08-17,1,90,0
LON03970,BM,Black-Lee,PrivateWealth,1161.57,1055.17,1087.73,BBB,0.005,0.45,4.34,2019-09-09,2024-01-21,1,0,0
LON03971,KY,"Henderson, Velez and Robbins",PrivateWealth,538.2,415.68,417.25,A,0.001,0.6,6.16,2020-08-09,2025-09-15,1,90,0
LON03972,GU,"Hughes, Hubbard and Price",InvestmentHoldCo,1152.93,1021.18,1064.73,BBB,0.005,0.45,3.47,2023-02-16,2031-05-31,1,0,0
LON03973,GU,Harvey and Sons,Hospitality,344.4,293.27,300.52,BBB,0.005,0.25,7.2,2024-02-01,2033-02-04,2,0,0
LON03974,KY,Le Ltd,Hospitality,464.11,461.97,463.45,BB,0.02,0.25,8.05,2022-05-13,2027-10-07,2,90,0
LON03975,KY,Ross LLC,RealEstate,500.62,397.48,406.02,AA,0.0005,0.45,6.69,2020-09-28,2029-05-26,1,0,0
LON03976,BM,Clark-Hill,Hospitality,868.85,741.88,769.01,A,0.001,0.6,6.4,2020-01-30,2028-10-13,1,90,0
LON03977,KY,Wall Ltd,Energy,1057.78,818.36,850.7,BBB,0.005,0.45,4.85,2023-10-18,2025-12-04,2,60,0
LON03978,KY,"Jimenez, Vasquez and Waller",InvestmentHoldCo,1098.39,1041.63,1082.17,BBB,0.005,0.6,6.52,2020-06-04,2025-12-02,1,0,0
LON03979,BM,Mccoy LLC,Hospitality,627.06,526.44,540.74,A,0.001,0.25,6.35,2023-12-23,2031-08-23,1,0,0
LON03980,KY,Newman-Shannon,PrivateWealth,427.6,412.15,422.93,B,0.05,0.6,8.04,2021-05-06,2029-04-11,1,0,0
LON03981,BM,Reynolds-Jacobs,Hospitality,1809.61,1401.24,1418.04,B,0.05,0.45,4.24,2023-03-14,2026-09-04,1,30,0
LON03982,BM,Eaton Group,Retail,695.72,549.57,559.13,BB,0.02,0.25,6.46,2021-12-21,2028-11-27,1,30,0
LON03983,JE,"Cline, Roberts and Martinez",Energy,655.08,569.42,592.37,BB,0.02,0.45,4.65,2019-12-22,2024-09-12,1,0,0
LON03984,BM,Walker LLC,RealEstate,634.59,523.58,532.8,BB,0.02,0.35,3.7,2021-07-18,2030-02-13,1,0,0
LON03985,BM,Ray PLC,Technology,2684.05,2090.83,2173.47,BB,0.02,0.25,5.28,2022-04-24,2027-09-09,1,90,0
LON03986,KY,"Church, Jones and Hall",RealEstate,757.08,609.34,611.13,A,0.001,0.25,3.36,2021-11-06,2025-07-25,1,0,0
LON03987,BM,"Gonzales, Spencer and Green",Technology,2056.78,1845.96,1908.82,AAA,0.0001,0.25,5.44,2021-12-22,2023-11-12,1,0,0
LON03988,BM,Rodriguez-Fuentes,PrivateWealth,451.16,362.99,372.58,A,0.001,0.25,5.85,2023-03-20,2031-07-17,1,90,0
LON03989,BM,"Cox, Carter and Thornton",Energy,206.32,181.41,189.58,BBB,0.005,0.6,7.64,2024-02-06,2033-03-07,1,0,0
LON03990,BM,"Sims, King and Morton",Hospitality,955.87,840.75,858.24,BBB,0.005,0.45,6.07,2022-07-13,2031-06-05,1,30,0
LON03991,BM,"Long, Jones and Sanchez",RealEstate,1834.44,1448.14,1481.51,AAA,0.0001,0.35,3.26,2022-04-10,2028-12-02,1,30,0
LON03992,BM,Perez-Nichols,Hospitality,766.46,653.14,684.61,BBB,0.005,0.35,5.66,2022-11-04,2030-10-12,1,0,0
LON03993,BM,Torres-Parker,PrivateWealth,402.61,358.08,361.2,BBB,0.005,0.25,8.48,2022-11-17,2029-10-12,1,30,0
LON03994,KY,Fuentes Inc,PrivateWealth,920.13,735.76,767.12,BBB,0.005,0.35,7.89,2019-08-01,2027-03-25,1,30,0
LON03995,BM,Marsh PLC,Hospitality,419.77,385.51,387.77,AA,0.0005,0.25,6.88,2020-11-08,2025-06-09,1,0,0
LON03996,BM,Guerrero Group,Hospitality,396.65,313.47,325.31,B,0.05,0.35,3.97,2021-11-14,2025-09-25,1,90,0
LON03997,KY,Jensen-Smith,PrivateWealth,1367.92,1291.54,1331.99,B,0.05,0.45,3.63,2022-09-28,2029-02-01,1,90,0
LON03998,KY,Liu Inc,Hospitality,1132.91,884.02,895.62,A,0.001,0.6,3.65,2024-04-16,2028-07-14,1,0,0
LON03999,KY,Estes LLC,RealEstate,605.05,528.43,542.17,BBB,0.005,0.35,6.68,2020-03-29,2024-08-31,3,0,0
LON04000,BM,Bird and Sons,PrivateWealth,569.71,462.3,479.86,BBB,0.005,0.25,7.52,2023-12-23,2033-12-11,1,90,0
LON04001,KY,"Herrera, Lewis and Perry",InvestmentHoldCo,625.27,563.03,576.47,BBB,0.005,0.45,4.12,2022-02-15,2024-02-11,1,60,0
LON04002,KY,Medina and Sons,Retail,401.54,361.72,367.02,BB,0.02,0.25,3.84,2021-05-01,2023-07-16,1,0,0
LON04003,GU,Potter-Dunn,RealEstate,335.06,318.01,332.37,A,0.001,0.6,7.41,2021-10-21,2023-12-12,1,60,0
LON04004,GU,"Frazier, Kaufman and Weber",RealEstate,404.31,379.55,382.47,A,0.001,0.25,7.28,2024-06-28,2031-12-12,1,60,0
LON04005,KY,Snyder-Long,Retail,400.39,394.35,409.02,BB,0.02,0.35,7.0,2022-05-05,2029-01-12,1,0,0
LON04006,KY,Hall Group,Technology,345.56,305.68,319.56,BB,0.02,0.6,6.48,2021-01-21,2028-09-24,1,0,0
LON04007,KY,Perkins-Trujillo,Shipping,654.16,520.02,521.08,A,0.001,0.35,3.34,2022-10-18,2031-04-03,1,0,0
LON04008,GU,Blair-Morgan,Retail,671.49,557.65,577.86,BB,0.02,0.25,7.51,2023-05-26,2032-03-24,1,0,0
LON04009,GU,"Miller, Fleming and Chen",Shipping,434.5,347.12,361.58,B,0.05,0.6,4.49,2023-02-18,2032-08-07,2,60,0
LON04010,BM,"George, Hogan and Lawrence",Hospitality,267.5,258.42,263.7,BB,0.02,0.35,6.78,2020-10-10,2022-12-31,3,0,0
LON04011,JE,"Bryant, Huff and Beasley",Technology,211.28,199.1,205.53,A,0.001,0.25,6.34,2023-10-20,2027-06-03,2,0,0
LON04012,BM,"Shelton, Holt and Beck",Hospitality,553.85,433.64,442.69,BBB,0.005,0.25,8.14,2024-06-18,2029-09-09,1,0,0
LON04013,BM,Reynolds-Olson,Hospitality,580.73,492.9,497.98,BB,0.02,0.35,6.23,2023-10-18,2025-04-02,1,0,0
LON04014,KY,Riley-Watson,InvestmentHoldCo,2937.79,2453.74,2549.0,AAA,0.0001,0.45,5.31,2021-03-15,2031-02-04,2,0,0
LON04015,BM,Washington PLC,Technology,246.35,199.76,206.66,BB,0.02,0.25,6.55,2022-04-02,2024-04-06,1,0,0
LON04016,BM,Robertson-Norman,RealEstate,1465.16,1139.62,1148.56,BB,0.02,0.35,3.24,2022-08-29,2031-05-13,1,0,0
LON04017,BM,Quinn-Hayes,Hospitality,438.43,383.02,387.31,BBB,0.005,0.25,5.04,2020-10-15,2028-08-31,1,0,0
LON04018,BM,"Jefferson, Robertson and Thompson",Shipping,187.94,161.63,166.15,BBB,0.005,0.45,8.41,2023-08-26,2027-05-01,1,90,0
LON04019,JE,Williams PLC,Energy,164.33,138.22,140.51,BBB,0.005,0.25,4.62,2021-01-05,2028-05-31,3,0,0
LON04020,GU,"Morse, Bush and Braun",RealEstate,1614.45,1260.66,1312.61,AAA,0.0001,0.25,7.29,2020-01-13,2029-11-05,1,0,0
LON04021,KY,"Houston, Baker and Evans",InvestmentHoldCo,599.7,543.76,570.29,BBB,0.005,0.35,6.98,2019-10-03,2024-12-11,1,90,0
LON04022,KY,Wade Group,Hospitality,1186.99,994.66,1007.82,A,0.001,0.45,4.19,2021-01-01,2030-02-05,1,0,0
LON04023,KY,Burns Group,Shipping,626.84,505.32,520.38,B,0.05,0.25,6.72,2020-09-22,2021-11-30,1,0,0
LON04024,GU,Ortega-Morrow,RealEstate,239.17,196.37,199.53,BBB,0.005,0.25,7.32,2022-05-24,2029-10-27,1,60,0
LON04025,KY,"Scott, Thomas and Carr",Energy,299.17,240.46,248.82,B,0.05,0.6,4.31,2019-11-25,2024-01-17,1,0,0
LON04026,BM,Bryant PLC,PrivateWealth,401.12,325.77,336.05,BB,0.02,0.25,4.75,2024-02-26,2032-05-29,1,0,0
LON04027,JE,Alexander-French,InvestmentHoldCo,606.69,492.64,515.41,BB,0.02,0.6,3.91,2021-11-19,2027-08-14,1,0,0
LON04028,KY,Larsen Inc,Hospitality,890.34,713.61,742.7,B,0.05,0.6,5.06,2022-09-20,2026-05-02,1,0,0
LON04029,KY,"Edwards, Steele and Benson",Shipping,249.44,237.95,248.92,B,0.05,0.45,3.8,2021-07-10,2029-01-30,1,0,0
LON04030,GU,Diaz and Sons,Hospitality,244.37,193.74,203.28,BB,0.02,0.35,5.34,2022-04-08,2029-06-25,1,0,0
LON04031,BM,"Adams, King and Wallace",RealEstate,390.31,314.01,329.22,BBB,0.005,0.35,3.68,2020-06-21,2028-05-08,1,0,0
LON04032,KY,Brown LLC,InvestmentHoldCo,298.69,266.83,267.55,A,0.001,0.25,8.29,2020-12-23,2023-12-20,1,0,0
LON04033,BM,Newman-Wallace,Technology,397.51,306.74,316.16,A,0.001,0.35,5.17,2021-03-08,2027-12-23,1,0,0
LON04034,KY,"Cabrera, King and Perez",Hospitality,308.83,275.73,279.58,BB,0.02,0.25,5.78,2020-02-12,2024-10-08,1,60,0
LON04035,BM,Morales and Sons,Shipping,321.08,284.5,290.95,A,0.001,0.25,8.52,2022-07-28,2024-01-06,2,60,0
LON04036,BM,Lowe-Ward,InvestmentHoldCo,644.22,633.36,660.66,BB,0.02,0.45,4.81,2023-12-05,2025-11-28,1,0,0
LON04037,GU,Walker LLC,Shipping,588.16,513.97,516.73,BBB,0.005,0.35,4.38,2022-09-12,2027-01-03,2,0,0
LON04038,BM,Martin-Valencia,PrivateWealth,1268.1,1058.73,1103.54,A,0.001,0.35,4.31,2020-03-24,2028-10-29,1,0,0
LON04039,KY,Thompson Inc,Energy,929.23,813.77,849.43,BB,0.02,0.25,6.35,2020-04-23,2026-10-11,1,90,0
LON04040,GU,Hernandez LLC,InvestmentHoldCo,339.74,308.95,320.75,B,0.05,0.25,3.61,2022-10-06,2027-08-07,1,0,0
LON04041,BM,"Duncan, Lozano and Hill",Technology,1223.85,1193.95,1200.01,A,0.001,0.35,5.33,2021-08-01,2023-07-29,1,90,0
LON04042,KY,Johnson LLC,RealEstate,862.06,786.04,786.32,A,0.001,0.45,3.37,2021-03-02,2024-01-10,1,0,0
LON04043,KY,Savage-Mcguire,RealEstate,989.27,784.8,814.64,BB,0.02,0.25,8.8,2021-10-18,2030-04-03,1,0,0
LON04044,KY,Morales Inc,PrivateWealth,314.77,258.82,271.12,BBB,0.005,0.45,4.95,2024-05-29,2027-11-01,2,0,0
LON04045,GU,"Olson, Singh and Allen",Energy,814.89,805.62,816.37,BBB,0.005,0.25,8.87,2023-07-01,2026-03-24,1,0,0
LON04046,BM,Casey-Jones,RealEstate,1708.37,1556.07,1632.19,A,0.001,0.25,6.45,2021-08-24,2023-10-24,1,0,0
LON04047,JE,Alexander Ltd,Technology,497.24,415.44,421.42,A,0.001,0.35,6.83,2021-04-25,2022-10-08,1,60,0
LON04048,BM,"Wilson, Pearson and Marsh",Retail,797.01,707.46,740.82,BBB,0.005,0.6,7.21,2021-04-18,2027-03-25,3,90,0
LON04049,KY,Lawson-Holland,Shipping,483.08,397.74,417.41,BBB,0.005,0.45,8.55,2024-02-13,2026-06-03,1,0,0
LON04050,KY,"Strong, Nichols and Reynolds",InvestmentHoldCo,221.14,220.39,228.1,A,0.001,0.25,3.67,2024-02-20,2026-01-01,3,0,0
LON04051,BM,"Campbell, Adams and Mcdaniel",Retail,601.18,580.64,582.97,AAA,0.0001,0.45,3.21,2022-02-10,2023-11-10,1,60,0
LON04052,BM,"Shelton, Harvey and Gonzales",PrivateWealth,709.01,564.15,586.21,BBB,0.005,0.35,8.7,2023-12-02,2025-11-09,1,0,0
LON04053,KY,"Wallace, Gonzalez and Cox",Retail,895.55,714.34,724.36,A,0.001,0.25,5.81,2024-06-01,2032-07-18,1,0,0
LON04054,BM,"Hunter, Barton and Chandler",Shipping,369.46,356.37,368.12,AAA,0.0001,0.6,4.16,2020-07-29,2021-11-28,1,60,0
LON04055,JE,"Campbell, Jackson and Edwards",Shipping,615.02,595.89,600.39,BBB,0.005,0.35,5.78,2023-03-31,2027-06-07,1,0,0
LON04056,KY,"Macias, Jones and Washington",Hospitality,4190.84,3627.38,3696.62,B,0.05,0.45,5.93,2021-07-28,2031-04-04,1,0,0
LON04057,KY,Mccoy-Bowen,PrivateWealth,975.64,946.33,977.91,A,0.001,0.35,8.63,2022-07-08,2028-10-24,1,0,0
LON04058,BM,"Wise, Jefferson and Trujillo",Technology,722.3,691.89,699.9,A,0.001,0.35,8.21,2024-06-17,2029-02-10,1,30,0
LON04059,GU,Sanchez-Miller,Hospitality,682.65,632.22,657.98,A,0.001,0.35,8.87,2023-01-29,2028-04-30,1,60,0
LON04060,KY,Gillespie-Williams,InvestmentHoldCo,412.81,338.79,349.94,A,0.001,0.35,5.57,2022-02-01,2024-11-30,1,0,0
LON04061,BM,"Jackson, Tyler and Hernandez",Retail,2663.62,2360.79,2372.47,AA,0.0005,0.35,7.82,2020-05-26,2030-01-31,1,60,0
LON04062,BM,Murphy LLC,Hospitality,1013.98,833.77,863.64,AAA,0.0001,0.6,6.32,2019-07-15,2023-09-08,1,60,0
LON04063,BM,Edwards and Sons,Shipping,2383.31,2000.09,2049.44,BBB,0.005,0.25,3.71,2023-10-11,2026-10-02,1,0,0
LON04064,BM,Silva LLC,InvestmentHoldCo,1037.27,878.05,896.89,AAA,0.0001,0.35,7.92,2021-12-18,2023-06-11,1,0,0
LON04065,KY,Arellano-Jenkins,InvestmentHoldCo,1426.01,1302.69,1362.41,BB,0.02,0.35,5.9,2024-06-25,2028-02-18,1,60,0
LON04066,BM,Morrow-Delgado,Technology,581.67,484.98,492.53,AA,0.0005,0.45,6.4,2022-12-16,2032-08-29,1,0,0
LON04067,KY,"Atkinson, Hall and Green",RealEstate,356.07,311.38,311.85,BBB,0.005,0.6,7.7,2020-03-12,2027-03-28,2,0,0
LON04068,BM,"Flowers, Oliver and Stewart",Energy,613.88,523.61,541.17,B,0.05,0.45,6.41,2023-04-05,2032-04-28,1,90,0
LON04069,BM,Schneider and Sons,InvestmentHoldCo,252.9,198.04,206.75,BBB,0.005,0.45,3.81,2022-10-14,2026-07-18,2,0,0
LON04070,JE,Lane-Hernandez,Energy,210.02,180.82,189.01,BBB,0.005,0.6,5.09,2024-02-20,2028-02-09,1,0,0
LON04071,KY,"Lopez, Nash and Mclaughlin",PrivateWealth,439.33,438.77,446.12,A,0.001,0.35,4.48,2024-04-29,2031-09-05,1,60,0
LON04072,KY,Whitaker-Brown,Hospitality,995.64,974.58,987.93,A,0.001,0.25,6.67,2022-08-26,2027-06-08,1,0,0
LON04073,KY,Shelton and Sons,RealEstate,497.25,458.19,468.77,AA,0.0005,0.6,7.01,2019-11-04,2029-07-17,1,0,0
LON04074,GU,Ortiz-Smith,Energy,717.16,663.66,688.79,AA,0.0005,0.25,8.36,2022-09-19,2029-04-09,1,60,0
LON04075,BM,Rogers Ltd,Retail,280.02,277.17,281.84,BBB,0.005,0.45,5.04,2020-03-01,2022-09-17,1,60,0
LON04076,KY,"Smith, Flynn and Hunt",Shipping,1159.08,1060.8,1089.24,A,0.001,0.25,7.65,2023-02-16,2025-06-09,1,30,0
LON04077,KY,"Dixon, King and Tucker",Technology,194.97,176.81,182.61,B,0.05,0.25,8.93,2019-10-20,2026-11-28,1,60,0
LON04078,KY,Donaldson-Hall,PrivateWealth,167.88,160.16,167.16,A,0.001,0.25,4.04,2022-12-23,2025-09-27,1,0,0
LON04079,KY,"Smith, Miller and Kelly",Retail,618.88,545.65,568.77,A,0.001,0.25,6.97,2019-08-14,2028-07-31,1,0,0
LON04080,BM,Green-Carter,Retail,2033.85,1669.7,1731.61,AA,0.0005,0.6,6.84,2020-02-23,2028-03-20,1,60,0
LON04081,KY,Miles Group,Shipping,197.93,193.03,196.38,BBB,0.005,0.25,7.34,2021-12-31,2026-07-12,1,0,0
LON04082,KY,Collins LLC,InvestmentHoldCo,1886.39,1783.01,1796.62,AA,0.0005,0.35,7.91,2021-07-08,2030-10-06,1,0,0
LON04083,KY,Martin-Dixon,Technology,467.49,422.87,430.0,BB,0.02,0.35,6.59,2020-01-10,2029-10-10,1,30,0
LON04084,GU,Gomez-Delgado,Shipping,783.82,735.6,771.12,BBB,0.005,0.45,5.08,2019-09-26,2022-08-18,1,0,0
LON04085,GU,"Edwards, Taylor and Torres",Retail,487.36,387.25,402.03,BBB,0.005,0.45,5.5,2020-08-13,2030-05-06,1,0,0
LON04086,KY,"Terrell, Webb and Mckay",Technology,983.93,979.99,980.33,AAA,0.0001,0.45,3.8,2022-07-09,2024-07-15,1,0,0
LON04087,BM,"Turner, Harris and Anderson",InvestmentHoldCo,304.66,268.4,276.39,BBB,0.005,0.6,8.55,2024-01-02,2028-03-27,1,30,0
LON04088,BM,Hawkins Group,Retail,191.1,148.81,152.61,BB,0.02,0.25,3.52,2020-07-10,2028-02-21,1,0,0
LON04089,GU,Zhang-Castillo,Hospitality,2466.36,2041.15,2101.02,BBB,0.005,0.25,4.51,2020-03-13,2023-10-12,1,0,0
LON04090,BM,Alvarado LLC,Technology,592.08,507.72,516.11,AAA,0.0001,0.35,5.09,2019-09-27,2028-09-14,2,0,0
LON04091,KY,"Jacobson, Stephenson and Jones",Shipping,496.13,471.36,493.88,BB,0.02,0.25,5.95,2022-07-18,2030-08-15,1,90,0
LON04092,KY,"Alvarez, Ochoa and Foster",Energy,650.57,508.27,509.55,A,0.001,0.25,7.85,2021-07-28,2030-03-21,1,30,0
LON04093,KY,Smith LLC,Shipping,609.95,478.52,490.06,A,0.001,0.35,4.44,2020-09-05,2025-12-04,1,60,0
LON04094,KY,Fuller Ltd,RealEstate,551.69,528.17,540.27,BBB,0.005,0.35,5.54,2021-01-13,2026-06-25,1,0,0
LON04095,BM,"Robinson, Lowe and Wood",InvestmentHoldCo,117.31,108.34,109.97,A,0.001,0.6,6.62,2020-05-06,2027-08-05,1,30,0
LON04096,GU,Rosario Ltd,Shipping,776.0,751.56,758.14,BBB,0.005,0.35,8.76,2021-04-05,2025-11-11,1,60,0
LON04097,JE,Nelson Group,InvestmentHoldCo,182.24,142.48,146.76,B,0.05,0.25,3.53,2022-04-16,2026-04-13,1,60,0
LON04098,KY,Mcclure Inc,Shipping,578.9,533.26,545.67,BBB,0.005,0.35,7.52,2021-08-02,2026-08-06,1,60,0
LON04099,KY,"Sanders, Matthews and Perry",Energy,990.87,958.24,997.63,BBB,0.005,0.6,5.46,2019-09-03,2027-11-27,1,0,0
LON04100,BM,Hart-Solis,Technology,1070.57,961.98,965.27,BBB,0.005,0.45,7.42,2020-02-23,2024-10-28,1,0,0
LON04101,BM,"Hawkins, Ramos and Walton",RealEstate,1156.82,950.03,976.21,AA,0.0005,0.6,7.86,2021-04-23,2030-09-30,1,0,0
LON04102,GU,"Craig, Washington and Alexander",PrivateWealth,644.31,559.71,586.69,BBB,0.005,0.35,8.57,2021-01-25,2026-02-12,1,0,0
LON04103,BM,"Gregory, Bentley and Mueller",PrivateWealth,631.4,506.26,520.78,BBB,0.005,0.6,6.44,2020-10-19,2026-06-12,1,90,0
LON04104,JE,"Morris, Williams and Moore",Shipping,979.64,753.66,773.92,B,0.05,0.35,5.41,2021-03-28,2027-07-21,1,0,0
LON04105,BM,West-Jones,InvestmentHoldCo,528.31,425.98,430.54,BBB,0.005,0.45,6.82,2022-07-28,2032-04-25,1,0,0
LON04106,KY,"Clark, Stephenson and Fernandez",RealEstate,997.01,981.8,982.15,BB,0.02,0.6,7.3,2023-11-20,2032-03-18,2,60,0
LON04107,JE,"Watson, Price and Hunter",InvestmentHoldCo,179.22,162.69,162.93,A,0.001,0.25,8.84,2020-11-03,2026-08-02,2,30,0
LON04108,GU,Miller Inc,RealEstate,787.38,754.15,765.48,A,0.001,0.35,3.61,2020-07-06,2026-03-28,1,30,0
LON04109,BM,Young Ltd,Retail,340.12,273.73,276.43,BB,0.02,0.35,7.79,2022-02-03,2024-04-09,1,90,0
LON04110,KY,"Saunders, West and West",Hospitality,1284.54,1045.18,1083.03,A,0.001,0.45,6.96,2022-08-25,2027-08-10,1,30,0
LON04111,KY,Mcdonald Inc,Technology,513.89,455.75,457.41,A,0.001,0.45,3.84,2022-10-12,2026-09-24,1,60,0
LON04112,KY,"Garrison, Ware and Mccarthy",Technology,421.27,370.87,371.05,A,0.001,0.6,7.87,2020-11-03,2022-08-28,1,0,0
LON04113,GU,Russell Ltd,Retail,982.9,875.24,883.98,AA,0.0005,0.6,3.56,2020-12-04,2024-12-23,1,60,0
LON04114,BM,Morris Inc,Shipping,175.3,169.27,172.67,BBB,0.005,0.35,7.01,2021-07-02,2024-04-25,1,0,0
LON04115,BM,Martinez-Sanders,InvestmentHoldCo,910.07,862.72,890.49,BB,0.02,0.35,7.97,2022-11-30,2031-03-13,1,30,0
LON04116,BM,"Hardin, Diaz and Vaughan",RealEstate,608.98,519.85,522.89,BBB,0.005,0.25,4.09,2021-05-22,2030-01-30,1,0,0
LON04117,JE,"Ho, Rogers and Martinez",Energy,506.82,400.21,417.91,AA,0.0005,0.6,4.53,2023-09-21,2030-05-09,1,0,0
LON04118,KY,Hayes LLC,Hospitality,579.11,481.73,492.86,BBB,0.005,0.25,7.19,2020-09-25,2029-05-21,1,0,0
LON04119,BM,Gentry-Rogers,Shipping,411.56,375.52,382.73,A,0.001,0.35,8.29,2024-03-13,2033-11-26,1,0,0
LON04120,KY,"Reyes, Fowler and Smith",RealEstate,551.62,547.62,564.03,BBB,0.005,0.25,6.88,2020-01-21,2024-12-17,1,60,0
LON04121,KY,Dennis-Yu,RealEstate,280.07,217.07,221.85,BBB,0.005,0.25,7.4,2020-08-07,2024-05-15,2,0,0
LON04122,BM,Williams-Cooper,InvestmentHoldCo,521.87,434.88,447.39,AAA,0.0001,0.35,7.41,2021-11-10,2026-10-25,1,0,0
LON04123,KY,"Miranda, Ryan and Griffin",Technology,329.56,279.73,287.2,A,0.001,0.6,7.82,2022-06-23,2031-06-13,1,0,0
LON04124,BM,Martinez Ltd,Hospitality,528.83,448.06,460.58,BB,0.02,0.25,5.28,2021-05-03,2023-12-07,2,0,0
LON04125,BM,Hensley and Sons,Energy,655.67,522.72,538.49,BBB,0.005,0.45,3.23,2020-02-03,2028-03-21,1,0,0
LON04126,BM,Williams-Carr,Shipping,670.38,608.32,632.75,BB,0.02,0.25,5.31,2023-08-20,2029-05-26,2,30,0
LON04127,BM,Edwards and Sons,Energy,802.16,728.66,744.29,BBB,0.005,0.45,5.12,2020-12-14,2029-08-28,1,0,0
LON04128,BM,"Clark, Williams and Norman",PrivateWealth,759.27,639.71,643.32,BBB,0.005,0.25,4.96,2020-09-25,2024-04-22,1,0,0
LON04129,BM,Vasquez-Peters,Energy,532.37,527.2,527.6,BB,0.02,0.25,6.03,2022-08-19,2024-12-20,1,0,0
LON04130,GU,Garcia LLC,PrivateWealth,310.45,278.38,288.57,BBB,0.005,0.35,3.18,2021-10-07,2025-02-22,2,0,0
LON04131,GU,Wood Group,InvestmentHoldCo,1007.12,781.07,794.47,A,0.001,0.25,6.35,2022-03-14,2027-11-30,1,30,0
LON04132,BM,Copeland-Nelson,Shipping,554.47,457.36,471.98,AA,0.0005,0.45,7.19,2022-03-12,2023-09-25,1,90,0
LON04133,KY,"Simpson, Martinez and Garcia",Shipping,207.2,179.93,180.41,A,0.001,0.35,6.55,2020-06-15,2028-11-10,2,0,0
LON04134,JE,Golden-Foster,Shipping,207.62,175.21,180.3,B,0.05,0.35,7.06,2023-06-20,2031-12-09,1,30,0
LON04135,BM,Price Ltd,Hospitality,1637.99,1500.49,1501.15,BBB,0.005,0.6,6.82,2020-09-14,2026-04-24,1,30,0
LON04136,BM,Morgan and Sons,Hospitality,876.08,828.62,832.26,AAA,0.0001,0.35,8.14,2021-11-27,2026-08-11,2,60,0
LON04137,KY,"Medina, Edwards and Novak",InvestmentHoldCo,496.81,454.15,462.35,AA,0.0005,0.25,7.74,2023-05-03,2029-03-19,1,30,0
LON04138,JE,Wright and Sons,Hospitality,919.9,891.69,919.67,AAA,0.0001,0.35,6.23,2021-10-30,2027-12-01,1,60,0
LON04139,BM,"Klein, Ali and Dyer",InvestmentHoldCo,1072.84,877.44,883.29,AA,0.0005,0.35,4.96,2020-08-26,2027-02-16,1,60,0
LON04140,BM,Schultz PLC,Energy,1127.59,1002.91,1041.03,B,0.05,0.25,5.01,2021-02-25,2022-11-25,1,30,0
LON04141,BM,Acosta-Koch,Technology,731.7,606.62,609.79,AA,0.0005,0.25,8.53,2022-08-10,2031-11-04,1,0,0
LON04142,JE,Salas-Jones,Shipping,86.64,79.04,80.58,B,0.05,0.25,6.73,2024-03-09,2025-06-15,2,30,0
LON04143,BM,"Valencia, Copeland and Williams",Technology,406.48,335.74,343.35,A,0.001,0.35,7.88,2020-04-19,2028-08-18,1,0,0
LON04144,KY,Watson-Walker,Technology,1274.75,1035.69,1058.56,A,0.001,0.35,4.84,2021-09-29,2024-05-04,1,30,0
LON04145,BM,Hayes PLC,RealEstate,790.62,653.32,654.8,B,0.05,0.25,5.0,2023-05-31,2028-08-10,2,0,0
LON04146,JE,Woods PLC,PrivateWealth,838.39,659.41,674.99,BBB,0.005,0.35,7.71,2024-03-14,2028-10-30,1,0,0
LON04147,KY,Griffith-Foster,PrivateWealth,994.37,962.42,991.13,BBB,0.005,0.35,5.25,2023-09-23,2027-04-24,1,0,0
LON04148,GU,Wright and Sons,Energy,1030.54,960.44,987.6,BB,0.02,0.35,6.82,2020-08-12,2029-09-28,2,0,0
LON04149,JE,Lynn-Woods,Retail,2103.96,1676.99,1722.64,BBB,0.005,0.45,5.44,2023-01-21,2026-07-06,1,0,0
LON04150,BM,Logan Ltd,Technology,343.53,341.71,343.85,A,0.001,0.35,6.46,2020-08-07,2029-01-26,1,30,0
LON04151,KY,"Scott, Roberts and Allen",PrivateWealth,1725.62,1491.1,1524.53,A,0.001,0.35,4.61,2019-12-15,2026-11-26,1,0,0
LON04152,JE,Barrett Ltd,Hospitality,2778.87,2280.76,2290.61,BBB,0.005,0.45,4.94,2024-03-14,2030-08-22,1,30,0
LON04153,KY,Bishop Ltd,Shipping,640.67,561.84,564.05,BBB,0.005,0.35,5.97,2023-08-22,2032-04-14,1,0,0
LON04154,JE,Buchanan Group,Energy,180.97,172.49,175.78,BB,0.02,0.25,4.9,2020-01-12,2027-01-17,1,0,0
LON04155,BM,Cervantes-Lawrence,RealEstate,166.26,159.0,160.59,BB,0.02,0.45,7.88,2023-01-21,2025-12-27,1,0,0
LON04156,JE,Best-White,RealEstate,974.88,835.72,847.18,B,0.05,0.25,4.5,2021-08-09,2028-04-06,1,60,0
LON04157,GU,"Reed, Robinson and Riley",Hospitality,539.69,512.31,514.48,BB,0.02,0.35,5.12,2024-06-09,2026-04-16,1,60,0
LON04158,JE,"Johnson, Hubbard and Spencer",Retail,776.77,618.91,624.15,BBB,0.005,0.25,6.23,2021-11-07,2024-03-07,1,0,0
LON04159,GU,Martin-Roberts,PrivateWealth,846.79,743.62,752.9,BBB,0.005,0.35,4.84,2023-10-22,2029-09-30,1,60,0
LON04160,KY,Thompson Inc,Hospitality,366.05,351.01,363.99,BBB,0.005,0.6,5.23,2020-09-23,2030-06-15,1,90,0
LON04161,JE,Morgan Ltd,PrivateWealth,438.05,348.08,355.84,AAA,0.0001,0.35,3.84,2024-01-07,2025-10-18,1,30,0
LON04162,KY,"Wood, Weiss and Harrison",Energy,633.82,488.59,489.95,BBB,0.005,0.6,6.75,2023-11-01,2026-04-23,1,0,0
LON04163,KY,"Torres, Wilson and Melton",RealEstate,307.4,306.11,307.87,BBB,0.005,0.25,8.29,2021-11-16,2030-06-19,1,0,0
LON04164,JE,"Wise, Fox and Gonzales",Retail,603.98,496.45,496.68,AA,0.0005,0.25,8.16,2022-02-12,2023-04-24,1,30,0
LON04165,JE,Garrett-Medina,Energy,2434.87,1958.59,1991.51,BBB,0.005,0.45,7.34,2020-11-11,2029-06-17,1,0,0
LON04166,JE,Bright-Hendrix,RealEstate,312.66,278.39,289.09,A,0.001,0.25,7.08,2024-04-20,2031-08-29,1,0,0
LON04167,KY,"Rush, Turner and Medina",RealEstate,228.66,180.73,187.02,AA,0.0005,0.25,4.72,2021-05-20,2025-06-22,1,0,0
LON04168,BM,White PLC,Technology,950.49,920.71,928.88,BBB,0.005,0.25,6.72,2020-10-07,2022-05-24,1,90,0
LON04169,KY,Adams and Sons,RealEstate,927.53,714.88,719.73,B,0.05,0.25,6.19,2020-09-01,2028-10-09,1,60,0
LON04170,BM,Griffin-Ramsey,Technology,1058.53,913.58,917.4,A,0.001,0.6,3.38,2021-11-10,2027-09-03,1,0,0
LON04171,JE,"Walker, Davenport and Brown",InvestmentHoldCo,639.15,562.07,585.3,BB,0.02,0.45,5.79,2019-09-04,2021-04-26,2,0,0
LON04172,KY,King Inc,PrivateWealth,1616.36,1409.94,1427.24,A,0.001,0.6,6.7,2021-12-19,2023-11-08,1,0,0
LON04173,KY,Banks and Sons,PrivateWealth,288.98,259.79,263.07,A,0.001,0.25,6.6,2020-09-11,2024-03-01,1,0,0
LON04174,BM,Padilla Group,InvestmentHoldCo,1743.44,1551.12,1599.56,AA,0.0005,0.25,4.4,2022-11-26,2026-02-10,1,0,0
LON04175,BM,"Diaz, Matthews and Gill",InvestmentHoldCo,526.39,436.45,440.71,B,0.05,0.45,3.97,2019-09-23,2027-05-23,1,90,0
LON04176,KY,Benson-Adams,Energy,348.63,297.22,303.58,B,0.05,0.45,5.38,2019-08-18,2021-03-27,1,0,0
LON04177,KY,"Figueroa, Schwartz and Martinez",Energy,2233.76,2114.67,2213.51,BB,0.02,0.45,5.94,2020-08-24,2023-04-19,1,60,0
LON04178,GU,"Barber, Stone and Blake",Retail,229.94,216.64,218.73,BB,0.02,0.25,7.51,2024-06-21,2032-06-28,1,90,0
LON04179,KY,"Lozano, Marquez and Mckenzie",RealEstate,886.66,842.45,866.18,AA,0.0005,0.45,8.05,2022-10-23,2032-06-12,1,30,0
LON04180,KY,"Jenkins, Joseph and Jackson",PrivateWealth,1408.37,1320.25,1340.81,A,0.001,0.45,3.83,2021-08-08,2028-07-04,1,30,0
LON04181,GU,"Parker, Fowler and Edwards",Energy,1053.94,833.95,839.13,AAA,0.0001,0.25,6.28,2019-11-26,2027-10-28,1,60,0
LON04182,BM,Rogers LLC,RealEstate,1117.47,1102.74,1136.22,AAA,0.0001,0.25,3.93,2023-01-24,2029-05-04,1,30,0
LON04183,BM,Pitts Group,InvestmentHoldCo,1132.8,982.47,1026.24,BBB,0.005,0.25,6.94,2023-01-18,2032-01-09,1,0,0
LON04184,BM,Little Inc,RealEstate,617.53,506.49,529.3,BB,0.02,0.25,5.11,2023-11-05,2025-03-19,2,30,0
LON04185,JE,"Johnson, Munoz and Cunningham",PrivateWealth,3073.42,2807.56,2895.48,BBB,0.005,0.45,5.06,2024-02-06,2028-09-05,1,0,0
LON04186,JE,Fernandez-Navarro,Retail,879.73,723.28,757.93,B,0.05,0.35,4.63,2020-10-01,2024-02-01,1,90,0
LON04187,KY,"Barnett, Cain and Smith",Hospitality,620.77,543.44,566.79,A,0.001,0.25,6.35,2019-11-11,2021-01-13,1,0,0
LON04188,KY,Trujillo Inc,PrivateWealth,961.27,791.94,810.7,AA,0.0005,0.45,4.45,2020-06-10,2023-11-07,1,90,0
LON04189,GU,Hawkins-Banks,Shipping,3892.54,3719.46,3768.71,BBB,0.005,0.6,6.56,2024-04-10,2033-09-10,1,0,0
LON04190,KY,"Bishop, Coleman and Bruce",Shipping,1181.73,1060.02,1097.47,A,0.001,0.25,6.53,2021-09-20,2026-06-04,1,90,0
LON04191,GU,Nunez and Sons,Technology,1086.91,1031.95,1062.03,A,0.001,0.35,3.83,2023-07-31,2032-03-31,2,30,0
LON04192,JE,Harrison-Ramsey,PrivateWealth,1044.88,1013.43,1060.27,B,0.05,0.45,7.43,2023-09-16,2032-07-19,1,60,0
LON04193,KY,Carter-Church,Energy,501.57,403.08,419.43,A,0.001,0.45,4.69,2022-12-05,2028-03-01,1,0,0
LON04194,KY,Davis Ltd,PrivateWealth,1269.54,1012.19,1038.55,BBB,0.005,0.6,8.45,2023-12-01,2026-02-16,1,90,0
LON04195,BM,Harrison-Garcia,Shipping,362.94,331.91,342.3,B,0.05,0.25,3.03,2022-02-01,2025-08-01,1,30,0
LON04196,BM,Davis-White,Shipping,1834.09,1642.36,1692.36,AAA,0.0001,0.25,7.5,2020-01-04,2022-01-21,1,90,0
LON04197,KY,"Johnson, Shaw and Brown",Technology,1007.25,949.13,981.57,B,0.05,0.35,6.68,2021-09-03,2026-09-27,1,30,0
LON04198,BM,Sanchez and Sons,Retail,1202.93,1139.4,1194.48,BBB,0.005,0.6,5.09,2022-08-23,2029-05-29,1,0,0
LON04199,BM,Hobbs LLC,Hospitality,301.67,277.99,281.37,BB,0.02,0.6,7.33,2023-03-06,2024-10-10,2,0,0
LON04200,JE,Mcgee-Allen,Energy,559.66,539.07,556.32,BB,0.02,0.35,7.96,2020-08-13,2025-08-30,3,0,0
LON04201,BM,Ward-Wilson,Technology,254.7,232.69,233.59,BB,0.02,0.6,6.23,2022-01-22,2026-01-24,1,0,0
LON04202,BM,"Harding, Taylor and Burgess",InvestmentHoldCo,740.05,714.28,732.38,B,0.05,0.35,3.11,2023-02-02,2029-05-15,1,0,0
LON04203,JE,Garcia-Martinez,PrivateWealth,695.96,536.01,544.87,AA,0.0005,0.45,7.76,2019-10-12,2025-04-03,1,0,0
LON04204,KY,Bauer-Gregory,Energy,2533.08,2319.74,2349.14,BBB,0.005,0.35,5.9,2020-01-29,2025-10-30,1,0,0
LON04205,BM,Sanders LLC,Shipping,324.45,318.81,332.68,B,0.05,0.35,8.46,2019-12-29,2023-02-28,1,0,0
LON04206,KY,"Gonzales, Miller and Sanders",Energy,717.51,652.25,657.45,B,0.05,0.25,5.66,2019-12-13,2023-11-22,1,0,0
LON04207,BM,"Simpson, Scott and Lopez",RealEstate,145.85,136.68,143.04,BBB,0.005,0.6,3.41,2023-03-13,2029-09-28,1,0,0
LON04208,BM,"Chen, Hamilton and Ferguson",InvestmentHoldCo,1446.52,1216.03,1249.74,BBB,0.005,0.6,7.56,2023-02-22,2025-10-03,1,60,0
LON04209,KY,"Herrera, Adams and Hogan",Technology,332.91,277.36,289.82,A,0.001,0.6,3.23,2020-11-06,2023-04-09,1,0,0
LON04210,KY,Moreno-Villa,Retail,337.5,294.13,299.78,BBB,0.005,0.25,5.48,2022-10-29,2029-05-03,1,90,0
LON04211,KY,"Hartman, Dunn and Mccullough",InvestmentHoldCo,261.22,210.74,213.56,AA,0.0005,0.45,7.07,2023-10-08,2031-08-14,1,0,0
LON04212,JE,"Patterson, Strong and Davidson",RealEstate,760.64,698.08,728.78,BBB,0.005,0.45,5.87,2021-05-16,2027-07-13,2,0,0
LON04213,BM,"Fletcher, Lucas and Vance",Retail,1599.67,1390.43,1449.27,AA,0.0005,0.45,4.14,2022-10-28,2025-03-08,1,0,0
LON04214,GU,"Lopez, Meyers and Kim",Hospitality,951.85,847.56,884.66,A,0.001,0.35,8.49,2020-07-10,2026-07-14,1,0,0
LON04215,KY,Beck-Peters,Retail,813.76,781.34,809.5,A,0.001,0.6,7.67,2020-09-06,2023-12-26,1,0,0
LON04216,BM,Gray-Ferrell,RealEstate,686.65,605.83,613.29,B,0.05,0.35,7.2,2021-06-20,2030-06-25,2,0,0
LON04217,KY,Lewis and Sons,PrivateWealth,2401.16,1948.19,2024.87,BB,0.02,0.35,3.65,2022-04-24,2025-06-21,1,30,0
LON04218,KY,Hayes-Castillo,PrivateWealth,1742.41,1513.71,1570.89,B,0.05,0.6,8.69,2019-10-14,2025-03-02,1,0,0
LON04219,KY,"Jacobson, Cannon and Roman",Shipping,369.42,309.45,314.75,A,0.001,0.25,8.09,2024-01-20,2030-04-26,1,30,0
LON04220,GU,Mitchell and Sons,Shipping,247.84,196.4,203.33,BBB,0.005,0.6,3.36,2023-12-27,2028-09-10,1,0,0
LON04221,JE,"King, Williams and Walker",Energy,548.75,485.86,502.17,B,0.05,0.25,4.13,2022-01-27,2028-01-06,3,0,0
LON04222,KY,Castillo-Gordon,Energy,230.15,180.88,182.0,BB,0.02,0.6,5.59,2020-04-19,2021-12-31,1,30,0
LON04223,KY,Mueller-Boyer,Technology,477.53,442.52,452.4,BB,0.02,0.45,5.85,2023-06-15,2028-11-05,1,0,0
LON04224,JE,Best-Nelson,Technology,732.59,702.96,713.29,BB,0.02,0.25,8.84,2021-08-30,2031-07-03,1,0,0
LON04225,JE,Bryant-King,RealEstate,354.08,331.53,339.58,BB,0.02,0.35,3.29,2024-01-19,2031-01-05,1,60,0
LON04226,KY,Anderson-Anderson,Retail,320.45,298.39,313.28,BBB,0.005,0.45,7.5,2023-01-03,2029-12-03,1,90,0
LON04227,BM,Williams-Dorsey,InvestmentHoldCo,209.58,172.81,180.02,BB,0.02,0.6,8.26,2020-07-19,2025-06-15,1,0,0
LON04228,GU,Williams-Wood,Technology,851.48,840.65,849.86,A,0.001,0.6,8.61,2023-10-10,2028-01-19,1,60,0
LON04229,BM,Johns-Hood,Retail,619.51,618.77,643.33,BB,0.02,0.25,8.25,2022-08-23,2023-11-04,1,0,0
LON04230,KY,Shelton and Sons,Shipping,1582.96,1317.0,1328.27,A,0.001,0.6,4.37,2020-02-23,2028-01-22,1,0,0
LON04231,BM,Gibson-Henry,Shipping,277.59,214.57,221.32,BB,0.02,0.45,7.92,2024-05-15,2027-07-06,1,0,0
LON04232,BM,Stevenson and Sons,PrivateWealth,669.45,561.02,586.95,BB,0.02,0.6,8.65,2022-08-22,2027-03-21,2,30,0
LON04233,BM,"Malone, Gilbert and Andrews",Technology,673.94,531.11,549.01,BBB,0.005,0.45,8.34,2020-08-30,2024-03-17,2,0,0
LON04234,KY,"Pratt, Ayers and Huff",Hospitality,463.87,376.29,385.34,BBB,0.005,0.25,7.9,2023-12-01,2031-11-17,1,30,0
LON04235,BM,Smith-Hernandez,Technology,1576.19,1324.97,1356.85,BBB,0.005,0.45,6.48,2022-11-24,2032-02-20,1,0,0
LON04236,BM,Martin-Bryant,RealEstate,2237.43,2203.9,2208.9,BB,0.02,0.6,8.6,2022-07-28,2026-07-16,1,0,0
LON04237,KY,Walker Ltd,Energy,842.95,726.91,730.33,BBB,0.005,0.6,4.64,2023-01-06,2030-09-13,1,0,0
LON04238,GU,"Walker, Davis and Lowery",Shipping,940.97,879.69,918.41,A,0.001,0.45,4.59,2020-12-31,2024-03-31,1,30,0
LON04239,KY,"Hill, Fields and Adkins",RealEstate,1472.89,1206.07,1206.54,A,0.001,0.35,3.1,2020-08-18,2021-09-18,1,0,0
LON04240,BM,Boyle and Sons,Retail,407.77,325.0,327.13,B,0.05,0.25,4.18,2021-01-18,2026-07-05,1,30,0
LON04241,KY,Dunn-Weaver,RealEstate,290.21,282.97,291.65,BB,0.02,0.25,7.34,2023-08-09,2029-08-28,1,0,0
LON04242,BM,"Juarez, Riddle and Johnson",Shipping,1924.85,1551.09,1553.13,BBB,0.005,0.35,4.83,2023-05-05,2032-09-09,2,0,0
LON04243,KY,Luna-Thomas,Hospitality,568.44,445.92,463.31,A,0.001,0.6,4.31,2021-04-08,2028-10-21,1,30,0
LON04244,BM,"Jones, Ortega and Burgess",InvestmentHoldCo,391.92,326.33,330.48,BBB,0.005,0.6,7.51,2022-05-23,2028-06-09,1,0,0
LON04245,GU,"Carlson, Andersen and Santiago",Hospitality,342.61,328.07,341.54,BBB,0.005,0.25,8.51,2019-07-03,2024-06-16,1,60,0
LON04246,BM,"Tucker, Schultz and Brown",Technology,1611.6,1261.38,1275.78,AAA,0.0001,0.25,6.71,2019-11-28,2025-07-27,1,90,0
LON04247,BM,Wright Group,Technology,533.22,525.93,547.8,A,0.001,0.35,5.55,2024-05-18,2030-03-12,1,30,0
LON04248,JE,Olsen-Vargas,Retail,1065.29,911.04,934.1,BB,0.02,0.25,7.63,2022-09-17,2032-06-15,1,60,0
LON04249,KY,"Wilcox, Kelley and Hubbard",PrivateWealth,205.32,179.85,180.58,BBB,0.005,0.35,8.11,2021-03-28,2027-12-03,1,0,0
LON04250,BM,Thomas-Cochran,Retail,1713.43,1454.61,1470.68,A,0.001,0.25,6.34,2021-04-20,2026-10-09,1,0,0
LON04251,KY,"Brown, Carr and Patrick",Shipping,495.4,478.15,482.91,A,0.001,0.35,4.77,2020-08-21,2024-07-16,1,60,0
LON04252,BM,"Tran, Pennington and Blair",PrivateWealth,863.06,801.11,825.9,AA,0.0005,0.25,8.06,2021-08-13,2026-05-31,2,30,0
LON04253,KY,"Huynh, Vasquez and Evans",Shipping,331.4,291.66,306.12,A,0.001,0.25,8.64,2023-08-07,2029-01-20,1,60,0
LON04254,JE,Mccall and Sons,Shipping,1073.9,937.84,965.17,B,0.05,0.25,5.07,2024-02-25,2026-03-04,1,0,0
LON04255,BM,Lyons Inc,Shipping,439.58,344.98,350.67,BBB,0.005,0.25,6.38,2019-08-07,2025-05-04,1,90,0
LON04256,BM,Henson Ltd,Shipping,1303.61,1251.47,1285.52,B,0.05,0.35,5.06,2020-07-06,2029-12-13,1,0,0
LON04257,KY,Ellis-Johnson,Energy,801.3,786.39,790.3,AAA,0.0001,0.45,4.05,2023-09-27,2027-08-18,1,0,0
LON04258,GU,"Lara, Wright and Mckee",Shipping,453.2,349.34,352.37,BBB,0.005,0.25,4.67,2020-05-26,2027-11-05,1,0,0
LON04259,GU,Bailey Inc,Shipping,2552.14,1994.01,2082.5,A,0.001,0.45,5.99,2020-08-31,2025-03-02,1,0,0
LON04260,GU,Odonnell-Rivera,PrivateWealth,198.64,162.24,164.06,BB,0.02,0.45,7.73,2022-11-26,2029-11-21,1,60,0
LON04261,KY,Phillips LLC,PrivateWealth,990.94,807.08,819.19,A,0.001,0.25,7.55,2020-03-01,2025-06-08,1,90,0
LON04262,BM,Saunders-Montgomery,Hospitality,321.72,297.47,300.43,BB,0.02,0.35,7.95,2023-12-29,2030-01-08,1,0,0
LON04263,BM,Griffin and Sons,Retail,1523.73,1472.77,1496.21,BBB,0.005,0.45,4.42,2023-07-29,2027-04-30,1,0,0
LON04264,KY,Summers-Wells,PrivateWealth,481.14,454.11,454.88,BB,0.02,0.25,3.48,2019-12-01,2025-05-11,1,90,0
LON04265,BM,"Williams, House and Morrison",Energy,532.36,478.58,488.39,B,0.05,0.25,3.85,2023-08-20,2028-11-07,1,30,0
LON04266,BM,"James, Johnson and Smith",PrivateWealth,553.54,504.54,509.78,B,0.05,0.25,6.9,2020-02-12,2021-12-02,1,60,0
LON04267,KY,Benson PLC,Technology,2853.67,2847.11,2871.26,B,0.05,0.25,8.89,2021-09-06,2029-11-25,1,0,0
LON04268,KY,Decker-Jacobson,Technology,4332.32,4273.87,4456.12,BBB,0.005,0.45,7.3,2022-01-27,2029-08-28,1,0,0
LON04269,GU,Pham LLC,Hospitality,1554.25,1442.64,1506.77,AA,0.0005,0.35,4.44,2022-11-14,2029-10-19,1,0,0
LON04270,GU,Berg-Cross,InvestmentHoldCo,654.93,607.71,617.79,AAA,0.0001,0.25,4.49,2024-01-06,2027-04-13,1,0,0
LON04271,BM,"Jackson, Wilson and Ortega",RealEstate,165.08,129.16,131.16,AAA,0.0001,0.25,7.67,2019-09-06,2023-09-05,1,30,0
LON04272,KY,Williams-Odom,Hospitality,463.76,375.99,378.73,B,0.05,0.25,8.71,2021-06-10,2030-08-13,1,60,0
LON04273,BM,"Davis, Butler and Collins",Hospitality,507.68,395.26,397.67,BBB,0.005,0.45,4.17,2023-08-12,2032-06-06,1,90,0
LON04274,KY,"Ashley, Johnson and Davis",InvestmentHoldCo,450.54,436.46,452.91,BBB,0.005,0.35,5.85,2024-02-08,2025-02-21,1,30,0
LON04275,KY,"Melendez, Savage and Tucker",Shipping,1080.08,970.66,999.55,BB,0.02,0.45,8.17,2023-12-21,2027-11-12,1,0,0
LON04276,BM,"Alvarez, Henderson and Davis",PrivateWealth,1596.45,1498.21,1542.17,B,0.05,0.35,4.68,2021-10-03,2023-08-03,3,60,0
LON04277,BM,Wong-Collins,InvestmentHoldCo,1244.53,978.44,996.32,B,0.05,0.6,3.11,2021-10-13,2027-02-23,1,30,0
LON04278,GU,Hopkins-Anderson,Technology,396.45,318.45,322.56,AA,0.0005,0.25,5.88,2021-08-29,2027-02-06,1,0,0
LON04279,KY,Barnes-Davila,Shipping,307.44,260.1,263.15,BB,0.02,0.25,5.37,2023-02-27,2031-03-23,1,0,0
LON04280,BM,Garcia Group,RealEstate,1046.12,1036.69,1055.75,A,0.001,0.45,3.38,2021-03-05,2030-09-17,2,0,0
LON04281,BM,Baker-Cook,RealEstate,625.19,527.95,538.81,A,0.001,0.35,7.83,2020-03-07,2025-10-26,1,0,0
LON04282,BM,"Chan, Blake and Dunn",Technology,575.04,482.52,491.15,BBB,0.005,0.45,8.25,2023-08-21,2030-02-26,1,0,0
LON04283,BM,Day-Wood,RealEstate,665.86,541.86,561.84,BB,0.02,0.45,4.49,2023-04-30,2028-07-15,1,60,0
LON04284,BM,Hicks-Hanson,RealEstate,1284.43,1201.61,1253.74,BBB,0.005,0.35,7.42,2020-05-31,2027-12-08,1,60,0
LON04285,JE,"Jarvis, Dougherty and Shepard",Energy,1119.43,992.44,1017.8,BB,0.02,0.6,8.37,2024-04-28,2026-10-13,2,0,0
LON04286,BM,Wood-Stone,Retail,557.8,525.92,537.65,AA,0.0005,0.25,8.36,2021-11-28,2024-12-30,1,0,0
LON04287,JE,Mendoza PLC,Energy,786.43,664.29,693.75,BBB,0.005,0.35,8.88,2019-10-21,2028-12-13,1,0,0
LON04288,BM,"Scott, Johnson and James",Technology,257.63,256.26,261.29,B,0.05,0.25,7.48,2020-03-15,2022-12-05,1,0,0
LON04289,GU,"Baxter, Rodgers and Stein",RealEstate,2541.98,2227.95,2230.79,AA,0.0005,0.45,7.67,2021-07-26,2028-03-23,1,90,0
LON04290,KY,Hansen PLC,InvestmentHoldCo,669.84,532.77,554.03,B,0.05,0.25,4.12,2024-03-23,2031-03-15,1,0,0
LON04291,KY,Tyler and Sons,Retail,2227.69,1892.1,1901.58,A,0.001,0.45,6.68,2020-01-07,2022-07-15,2,90,0
LON04292,KY,Griffith Inc,InvestmentHoldCo,473.21,378.27,389.55,BBB,0.005,0.25,4.0,2020-08-05,2030-06-14,1,60,0
LON04293,KY,Vance Ltd,Technology,244.68,225.84,228.21,A,0.001,0.35,7.96,2021-02-18,2026-07-23,1,30,0
LON04294,GU,"Rodgers, West and Wiley",Shipping,1681.48,1559.91,1636.94,B,0.05,0.25,6.45,2021-06-17,2030-12-30,1,30,0
LON04295,BM,Lee-Morris,Hospitality,1447.35,1163.22,1198.37,B,0.05,0.45,5.27,2022-07-02,2025-09-22,1,90,0
LON04296,GU,"West, Riley and Schaefer",InvestmentHoldCo,1550.63,1428.09,1484.44,AA,0.0005,0.35,5.95,2022-02-20,2027-07-30,2,30,0
LON04297,KY,Evans-Harris,InvestmentHoldCo,962.14,849.65,850.31,B,0.05,0.45,3.42,2023-03-07,2029-01-07,1,0,0
LON04298,KY,"Gonzalez, Kelly and Wright",Shipping,1413.2,1377.97,1395.06,A,0.001,0.6,7.17,2019-10-13,2026-09-13,2,30,0
LON04299,BM,Strickland-Moore,Technology,550.31,541.47,543.85,AAA,0.0001,0.25,6.79,2023-03-06,2032-08-31,1,0,0
LON04300,KY,"Diaz, Petersen and Peterson",Technology,549.22,537.32,548.78,BBB,0.005,0.6,3.8,2022-12-18,2025-01-26,2,0,0
LON04301,BM,Gonzales-Quinn,RealEstate,594.09,468.83,475.38,AA,0.0005,0.25,5.14,2020-03-13,2025-02-08,1,0,0
LON04302,KY,Lopez Group,Technology,895.79,831.78,841.27,BBB,0.005,0.25,4.72,2023-07-21,2025-06-08,1,0,0
LON04303,KY,"Rose, Taylor and Tucker",Hospitality,619.77,575.57,578.15,A,0.001,0.35,7.09,2024-06-21,2029-05-09,1,0,0
LON04304,BM,Robles-Taylor,Hospitality,1056.42,1040.03,1056.98,A,0.001,0.25,6.73,2022-01-13,2029-02-08,1,60,0
LON04305,BM,Whitehead PLC,Energy,676.55,650.07,654.74,A,0.001,0.25,8.85,2024-02-11,2033-12-17,1,0,0
LON04306,GU,"White, Wheeler and Carey",Hospitality,1824.64,1440.65,1486.22,BBB,0.005,0.25,6.64,2023-05-21,2030-08-23,1,30,0
LON04307,GU,Robinson and Sons,Retail,1078.88,872.97,904.18,A,0.001,0.45,5.04,2024-05-16,2027-08-12,1,60,0
LON04308,BM,Rivas-Goodman,Energy,652.62,617.27,619.69,A,0.001,0.6,7.66,2023-01-19,2027-05-05,1,0,0
LON04309,JE,Young-Moore,InvestmentHoldCo,612.86,564.61,573.62,BBB,0.005,0.45,7.65,2019-09-26,2026-06-26,1,0,0
LON04310,BM,Morrison-Bennett,PrivateWealth,280.89,216.84,217.01,B,0.05,0.45,3.38,2023-05-21,2025-06-24,1,0,0
LON04311,BM,"Morales, Gray and Jones",Energy,1226.49,1095.09,1134.2,A,0.001,0.25,5.09,2021-04-27,2023-10-28,1,0,0
LON04312,BM,"Lynch, Jenkins and Savage",Energy,2627.12,2608.09,2713.48,AAA,0.0001,0.6,7.96,2019-09-22,2029-06-26,1,0,0
LON04313,JE,Smith-Jones,Energy,146.3,112.56,117.82,A,0.001,0.45,7.63,2023-04-06,2029-04-17,1,0,0
LON04314,BM,Cameron-Jackson,Technology,1115.33,1072.24,1075.61,B,0.05,0.45,8.11,2020-08-16,2028-09-19,1,90,0
LON04315,KY,Reed Ltd,RealEstate,563.06,530.25,533.51,A,0.001,0.45,8.78,2023-03-14,2028-10-16,2,0,0
LON04316,JE,Norton-Campbell,InvestmentHoldCo,1136.43,1031.76,1076.93,BB,0.02,0.35,7.48,2024-05-18,2026-07-31,1,90,0
LON04317,KY,Carpenter-Mitchell,Retail,412.84,319.9,334.58,BB,0.02,0.35,3.56,2022-03-21,2024-03-27,1,0,0
LON04318,GU,"Martin, Kim and Ellison",RealEstate,429.61,420.12,426.46,AA,0.0005,0.35,8.54,2020-08-11,2022-05-14,1,90,0
LON04319,BM,Roach Group,Technology,1723.81,1425.46,1429.53,BBB,0.005,0.25,4.38,2022-12-21,2026-04-01,1,0,0
LON04320,KY,Peters Inc,Retail,587.37,580.89,595.57,AAA,0.0001,0.35,5.17,2019-12-15,2021-09-08,1,30,0
LON04321,GU,Walters-Campbell,Retail,408.09,359.09,364.14,A,0.001,0.45,3.34,2022-10-15,2028-10-01,1,30,0
LON04322,BM,Hernandez-Sandoval,Hospitality,829.6,678.44,704.4,BB,0.02,0.35,3.1,2022-08-26,2025-09-30,3,90,0
LON04323,JE,Allen Ltd,Energy,441.13,347.42,360.46,BB,0.02,0.45,7.83,2020-08-01,2029-08-16,1,0,0
LON04324,BM,"Morris, Case and Johnson",Hospitality,106.25,85.49,88.68,A,0.001,0.25,3.33,2024-06-06,2033-10-19,1,0,0
LON04325,KY,Harrison-Brown,PrivateWealth,283.58,265.58,275.25,A,0.001,0.25,4.12,2021-03-31,2028-10-25,1,0,0
LON04326,BM,"Williams, Thompson and Horne",Energy,1063.5,1020.69,1026.81,BBB,0.005,0.25,5.73,2020-09-19,2024-10-14,1,30,0
LON04327,JE,Blevins-Stokes,Technology,287.77,272.24,277.06,A,0.001,0.25,7.59,2022-12-08,2031-01-05,1,60,0
LON04328,BM,Reynolds Group,RealEstate,651.59,576.81,601.35,B,0.05,0.6,5.75,2024-03-14,2027-06-09,1,0,0
LON04329,KY,Harris PLC,Retail,540.41,438.94,442.14,AA,0.0005,0.45,8.65,2022-11-27,2030-03-17,1,0,0
LON04330,BM,Blankenship-Salazar,PrivateWealth,889.79,685.51,706.0,BB,0.02,0.25,3.56,2019-09-12,2025-01-07,1,0,0
LON04331,KY,"Chung, Harris and Wallace",InvestmentHoldCo,90.72,89.37,90.07,BB,0.02,0.6,4.02,2023-07-11,2031-03-05,1,0,0
LON04332,GU,"Cardenas, Lee and Calderon",InvestmentHoldCo,615.46,483.39,504.76,BB,0.02,0.45,3.23,2019-07-11,2029-03-01,1,0,0
LON04333,KY,Newman-Carroll,Energy,1385.25,1086.06,1090.41,A,0.001,0.35,5.22,2021-11-07,2023-08-23,1,30,0
LON04334,BM,"Navarro, Hernandez and Collins",Shipping,207.07,182.04,185.97,B,0.05,0.25,4.9,2023-05-01,2025-03-30,1,0,0
LON04335,KY,Hernandez LLC,Hospitality,807.28,689.38,716.21,BBB,0.005,0.35,3.48,2020-07-05,2025-05-24,1,30,0
LON04336,GU,Butler-Potts,Technology,3874.11,3127.81,3200.4,AA,0.0005,0.45,7.64,2024-02-19,2030-08-09,2,60,0
LON04337,BM,Watts-Fitzpatrick,RealEstate,1328.96,1034.27,1082.29,B,0.05,0.45,5.66,2022-12-10,2028-10-13,1,30,0
LON04338,BM,"Brown, Chambers and Sanchez",Energy,317.8,282.99,292.01,AA,0.0005,0.6,8.86,2023-10-30,2031-01-19,1,0,0
LON04339,JE,Huang-Brown,InvestmentHoldCo,578.29,516.55,527.23,BB,0.02,0.25,3.06,2023-12-02,2025-11-27,1,30,0
LON04340,KY,Brady and Sons,PrivateWealth,1833.6,1487.3,1521.65,BBB,0.005,0.45,6.59,2023-07-13,2028-06-22,2,0,0
LON04341,KY,Luna PLC,Retail,1043.63,903.45,947.58,A,0.001,0.45,5.91,2020-03-07,2022-06-05,3,0,0
LON04342,KY,Adams-Wilson,PrivateWealth,280.76,237.09,245.79,A,0.001,0.6,3.94,2020-09-29,2028-06-24,1,90,0
LON04343,BM,"Green, Jackson and Thompson",Hospitality,1211.64,935.04,973.04,B,0.05,0.35,3.71,2024-06-21,2029-08-18,1,0,0
LON04344,BM,Thompson and Sons,RealEstate,1722.82,1611.37,1661.75,A,0.001,0.25,5.94,2023-12-19,2033-06-05,1,0,0
LON04345,JE,Olsen LLC,RealEstate,495.15,441.0,462.94,BB,0.02,0.35,8.54,2021-04-17,2026-02-16,1,60,0
LON04346,KY,Williams Inc,Retail,442.12,423.67,425.49,BBB,0.005,0.45,7.76,2023-09-01,2032-09-09,2,90,0
LON04347,KY,Edwards-Williams,Retail,1504.45,1332.27,1398.41,A,0.001,0.6,7.83,2019-11-07,2027-02-07,1,0,0
LON04348,KY,Ross-Johnson,Hospitality,128.76,126.67,127.12,A,0.001,0.45,7.7,2020-09-30,2022-07-13,1,0,0
LON04349,KY,"Reid, Ryan and Cantrell",RealEstate,3012.91,2367.8,2402.3,BB,0.02,0.25,7.79,2020-04-27,2027-11-16,1,90,0
LON04350,KY,Carter and Sons,Energy,1294.38,1184.97,1191.95,A,0.001,0.35,5.2,2024-02-27,2032-09-06,2,60,0
LON04351,BM,Maxwell Group,RealEstate,856.03,811.39,812.62,BB,0.02,0.45,5.65,2021-03-31,2022-05-04,1,90,0
LON04352,JE,Mclean-Diaz,InvestmentHoldCo,1262.55,1143.34,1180.8,BB,0.02,0.45,8.62,2021-04-19,2024-09-14,1,0,0
LON04353,KY,Castillo-Stone,PrivateWealth,1206.56,1072.48,1114.05,BBB,0.005,0.45,4.56,2020-08-14,2029-11-06,1,90,0
LON04354,BM,Andersen Ltd,RealEstate,844.23,713.28,748.26,BBB,0.005,0.45,8.39,2021-01-17,2026-11-09,2,90,0
LON04355,BM,Zhang-Lam,Retail,623.82,512.96,516.93,A,0.001,0.6,8.55,2019-12-11,2027-02-22,1,0,0
LON04356,BM,Smith-Orozco,Shipping,225.85,196.28,197.41,BBB,0.005,0.25,8.42,2022-12-13,2028-12-01,1,0,0
LON04357,KY,Collins-Webb,RealEstate,394.85,321.07,323.81,B,0.05,0.25,3.52,2021-10-28,2027-05-31,2,90,0
LON04358,BM,Mitchell-Bond,Shipping,924.27,748.06,774.71,AAA,0.0001,0.25,3.98,2020-03-17,2027-07-24,1,0,0
LON04359,BM,"Cochran, Brock and Hall",Shipping,238.25,234.28,238.07,B,0.05,0.25,3.67,2023-03-26,2027-05-29,1,0,0
LON04360,BM,"Freeman, Smith and Martin",Retail,359.8,302.69,317.72,BB,0.02,0.6,4.31,2022-07-24,2032-03-18,2,0,0
LON04361,KY,"Patel, Mccormick and Hill",Technology,915.57,823.85,844.34,A,0.001,0.35,3.2,2020-06-26,2025-05-13,1,90,0
LON04362,BM,Sosa-Gonzalez,Retail,1319.47,1283.36,1324.03,A,0.001,0.45,3.49,2020-05-22,2027-03-22,1,30,0
LON04363,KY,James LLC,Technology,305.81,279.45,288.65,A,0.001,0.35,6.06,2022-12-22,2026-07-28,1,0,0
LON04364,KY,Charles Group,RealEstate,323.31,266.56,279.56,A,0.001,0.35,3.33,2021-10-17,2023-05-10,1,90,0
LON04365,BM,Graham LLC,Energy,278.66,224.27,225.07,BBB,0.005,0.45,7.73,2023-04-28,2026-11-01,1,0,0
LON04366,BM,"King, Williams and Miller",PrivateWealth,574.16,445.85,465.72,A,0.001,0.35,8.16,2023-03-16,2025-04-24,1,30,0
LON04367,GU,Warren-Bradley,InvestmentHoldCo,1305.16,1194.05,1208.02,B,0.05,0.45,3.29,2023-08-09,2025-11-25,1,90,0
LON04368,KY,"Cooper, Stephens and Page",Shipping,1180.34,1110.28,1128.12,BB,0.02,0.45,7.4,2021-09-16,2030-02-04,1,30,0
LON04369,BM,Marshall Ltd,Technology,693.92,552.1,570.94,A,0.001,0.25,8.72,2019-12-16,2022-04-03,1,60,0
LON04370,KY,"Buchanan, Holmes and Khan",PrivateWealth,635.02,497.28,507.61,BB,0.02,0.6,5.25,2024-06-16,2030-07-27,1,0,0
LON04371,KY,Hughes Ltd,RealEstate,291.68,256.66,264.84,A,0.001,0.6,5.26,2023-05-09,2024-06-15,1,0,0
LON04372,BM,Graham PLC,InvestmentHoldCo,873.83,813.49,823.28,A,0.001,0.45,8.03,2020-09-01,2024-10-07,1,0,0
LON04373,BM,Martinez-Coffey,Technology,360.13,327.44,328.83,BBB,0.005,0.45,6.69,2024-01-14,2027-04-13,2,60,0
LON04374,KY,"Sanders, Ramirez and Olson",Retail,1021.45,813.28,818.57,B,0.05,0.25,8.79,2023-04-09,2028-01-26,1,60,0
LON04375,KY,Chavez Inc,Energy,1868.82,1583.76,1658.38,BB,0.02,0.35,3.69,2022-02-19,2028-06-09,1,60,0
LON04376,KY,Harvey LLC,PrivateWealth,426.3,424.39,426.91,BBB,0.005,0.25,7.82,2019-10-07,2025-11-01,1,90,0
LON04377,KY,"Smith, Davis and Cole",InvestmentHoldCo,857.49,694.24,713.4,BB,0.02,0.25,6.7,2021-10-02,2027-11-10,1,60,0
LON04378,BM,Cruz-Deleon,Shipping,722.47,607.05,635.5,A,0.001,0.25,6.35,2022-09-08,2026-11-21,1,0,0
LON04379,KY,Pena-Bates,Retail,2079.38,1720.14,1788.39,A,0.001,0.6,6.24,2021-02-13,2023-07-19,1,0,0
LON04380,BM,Smith-Ruiz,RealEstate,692.08,647.58,653.35,BB,0.02,0.25,7.47,2021-05-19,2025-12-14,1,0,0
LON04381,KY,Collins-Wallace,InvestmentHoldCo,973.39,851.69,854.24,BBB,0.005,0.35,3.48,2020-09-13,2028-06-24,1,0,0
LON04382,BM,Paul-Floyd,Retail,550.07,435.03,438.75,BB,0.02,0.25,8.25,2023-07-29,2026-12-02,1,90,0
LON04383,BM,Gonzalez and Sons,Hospitality,851.51,729.34,737.45,BB,0.02,0.6,3.91,2020-01-09,2026-07-09,1,60,0
LON04384,KY,Davis PLC,Energy,479.89,435.44,447.29,AAA,0.0001,0.25,4.32,2022-04-11,2024-03-28,1,90,0
LON04385,JE,Sawyer PLC,Technology,3088.28,2883.48,2989.15,AAA,0.0001,0.35,4.97,2023-03-31,2029-12-23,1,0,0
LON04386,KY,Davis-Green,Energy,230.15,182.01,185.56,B,0.05,0.45,3.97,2021-04-06,2024-12-25,1,30,0
LON04387,JE,"Wade, Long and Lambert",RealEstate,606.11,487.98,509.98,BBB,0.005,0.45,5.16,2023-12-31,2026-11-02,1,0,0
LON04388,BM,"Jackson, Simmons and Robinson",Shipping,351.63,307.36,318.7,A,0.001,0.25,6.74,2021-11-12,2024-08-21,1,0,0
LON04389,KY,Murray-Moore,InvestmentHoldCo,979.37,970.23,982.7,BBB,0.005,0.35,7.19,2020-09-13,2026-06-22,1,0,0
LON04390,BM,Hahn-Baker,PrivateWealth,308.34,291.07,291.77,A,0.001,0.35,8.14,2021-01-18,2028-08-13,1,30,0
LON04391,BM,Davis-Anderson,Retail,1277.34,1150.59,1170.83,BBB,0.005,0.25,5.67,2020-04-29,2026-02-06,1,60,0
LON04392,BM,Lam-Lewis,Technology,417.16,404.5,407.66,BB,0.02,0.25,5.68,2021-11-11,2025-04-22,1,0,0
LON04393,KY,Kane Inc,Technology,663.82,603.78,622.24,AA,0.0005,0.6,5.49,2024-05-29,2029-11-24,2,0,0
LON04394,JE,Lopez-Garcia,Retail,1910.14,1899.62,1973.45,BB,0.02,0.25,5.69,2020-05-01,2027-09-16,1,60,0
LON04395,GU,Schneider-Spencer,Shipping,719.62,711.3,723.15,BB,0.02,0.25,4.94,2020-07-19,2028-09-03,2,0,0
LON04396,KY,Harris PLC,Hospitality,993.37,951.68,955.06,A,0.001,0.35,7.62,2022-12-30,2024-06-28,1,0,0
LON04397,BM,Owens-Walker,RealEstate,3018.78,2555.16,2577.2,AAA,0.0001,0.25,5.41,2023-10-21,2029-02-24,1,30,0
LON04398,BM,Reynolds LLC,Technology,463.29,357.27,369.46,BBB,0.005,0.45,5.26,2020-06-02,2027-12-11,1,90,0
LON04399,JE,Acosta LLC,Technology,347.28,294.7,302.49,BB,0.02,0.35,4.16,2022-10-16,2032-05-21,1,30,0
LON04400,KY,"Davis, Walsh and Watson",Retail,406.25,378.8,391.08,B,0.05,0.35,4.14,2023-05-23,2024-08-07,1,60,0
LON04401,GU,Maxwell Ltd,RealEstate,437.75,358.72,366.02,B,0.05,0.25,4.29,2022-01-30,2031-05-31,1,0,0
LON04402,KY,"Salas, Brooks and Pope",Retail,975.66,892.21,925.42,AA,0.0005,0.35,6.25,2020-03-04,2024-12-23,1,30,0
LON04403,KY,Schultz Inc,InvestmentHoldCo,910.05,732.07,742.21,AA,0.0005,0.25,3.86,2020-04-14,2026-10-14,1,0,0
LON04404,BM,Smith LLC,Technology,791.77,621.05,638.34,BBB,0.005,0.35,8.0,2022-10-25,2030-07-08,1,60,0
LON04405,GU,Ruiz-Edwards,RealEstate,1841.41,1430.77,1431.52,B,0.05,0.25,5.05,2022-01-10,2023-07-16,1,90,0
LON04406,KY,Lawson LLC,RealEstate,1492.89,1195.65,1250.28,B,0.05,0.45,5.32,2023-10-07,2031-04-14,1,0,0
LON04407,KY,Allen-Clark,Technology,1123.8,996.99,1024.05,BBB,0.005,0.6,8.26,2024-01-03,2030-07-21,1,0,0
LON04408,KY,"Hall, Wise and Sims",InvestmentHoldCo,617.98,531.56,532.15,BB,0.02,0.35,8.2,2021-03-03,2030-10-19,3,0,0
LON04409,KY,Robertson LLC,Energy,1453.35,1359.88,1398.34,A,0.001,0.25,6.2,2024-04-03,2030-02-12,1,30,0
LON04410,KY,"Johnson, Gibson and Rodriguez",RealEstate,308.88,306.67,310.86,A,0.001,0.25,7.2,2023-08-12,2033-04-25,1,0,0
LON04411,GU,Wang-Lewis,Energy,1654.55,1318.89,1346.48,BBB,0.005,0.35,3.04,2021-03-07,2023-08-13,1,90,0
LON04412,JE,"Duncan, Pacheco and Maynard",PrivateWealth,1260.85,1236.66,1244.66,BBB,0.005,0.35,7.02,2023-01-04,2029-04-29,1,0,0
LON04413,BM,Klein-Lin,Hospitality,475.36,437.05,450.42,BBB,0.005,0.35,3.3,2021-02-28,2025-12-09,1,0,0
LON04414,BM,Flores-Russell,Technology,1695.75,1432.74,1494.48,BB,0.02,0.25,5.67,2019-11-20,2027-08-23,1,30,0
LON04415,BM,"Brown, Huffman and Hogan",PrivateWealth,1225.88,1003.52,1044.11,BBB,0.005,0.25,8.94,2019-08-19,2025-09-16,1,0,0
LON04416,BM,"Alexander, Washington and Richardson",Energy,1142.65,1052.69,1078.33,B,0.05,0.35,6.42,2024-03-02,2027-06-18,1,0,0
LON04417,BM,Lee and Sons,Hospitality,219.31,204.5,211.84,BBB,0.005,0.45,5.87,2021-03-25,2023-02-12,1,0,0
LON04418,JE,Williams LLC,InvestmentHoldCo,1969.06,1604.08,1642.8,A,0.001,0.45,8.2,2024-04-01,2026-05-11,1,90,0
LON04419,KY,"Maxwell, Stuart and Frey",Energy,938.51,795.0,805.97,BB,0.02,0.45,4.75,2022-07-12,2029-09-12,1,60,0
LON04420,JE,Nelson Group,RealEstate,550.08,466.0,469.21,B,0.05,0.25,6.93,2021-05-04,2024-11-03,1,90,0
LON04421,BM,"Allen, Barker and Davidson",InvestmentHoldCo,241.51,197.97,198.26,A,0.001,0.25,3.64,2021-02-13,2026-01-22,1,90,0
LON04422,BM,Hale Ltd,Hospitality,558.61,440.32,451.34,BBB,0.005,0.45,3.36,2020-10-15,2025-10-30,1,30,0
LON04423,GU,"Frost, Baker and Ramos",Shipping,697.33,696.68,702.88,A,0.001,0.45,5.29,2020-03-14,2028-04-08,1,90,0
LON04424,BM,Weaver and Sons,RealEstate,1156.21,1078.33,1096.64,B,0.05,0.25,8.47,2021-08-03,2029-10-25,1,90,0
LON04425,BM,Larsen-Schneider,Hospitality,1211.46,1095.64,1105.84,A,0.001,0.25,7.68,2021-11-20,2023-05-17,2,30,0
LON04426,GU,Weaver Ltd,PrivateWealth,846.24,660.55,689.16,AA,0.0005,0.45,3.21,2020-10-30,2024-02-20,1,90,0
LON04427,KY,Stephens-Allen,Retail,2320.19,1885.44,1931.46,BBB,0.005,0.25,7.71,2022-04-01,2027-04-07,1,0,0
LON04428,GU,Taylor-Jacobson,InvestmentHoldCo,1234.17,1167.03,1205.81,A,0.001,0.35,7.51,2020-09-24,2028-10-18,1,30,0
LON04429,KY,"Perkins, Brock and Mcclain",Technology,638.72,549.64,556.15,BBB,0.005,0.35,8.63,2021-09-07,2030-01-24,1,0,0
LON04430,JE,"Sanchez, Buchanan and Miller",InvestmentHoldCo,438.43,368.43,381.78,BBB,0.005,0.35,5.96,2021-01-28,2022-02-20,1,90,0
LON04431,JE,"Vasquez, Lewis and Sellers",Retail,557.63,474.46,488.85,BB,0.02,0.6,4.68,2021-05-14,2022-06-13,1,60,0
LON04432,JE,Rose-Baker,InvestmentHoldCo,1449.14,1251.54,1292.36,AA,0.0005,0.35,7.47,2023-08-21,2028-02-08,1,0,0
LON04433,BM,Mitchell LLC,Shipping,647.37,515.44,524.9,AA,0.0005,0.25,6.36,2021-04-07,2028-07-25,1,90,0
LON04434,BM,"Rivera, Richardson and Oconnor",RealEstate,513.49,484.19,485.89,B,0.05,0.45,5.26,2023-01-04,2025-04-14,2,90,0
LON04435,JE,Dorsey Group,Technology,842.78,788.21,792.38,A,0.001,0.6,6.61,2024-02-02,2028-11-10,1,30,0
LON04436,KY,Rivera and Sons,RealEstate,594.07,492.83,495.64,BBB,0.005,0.25,3.87,2020-06-24,2021-11-04,1,0,0
LON04437,JE,Taylor Ltd,Shipping,386.28,369.28,376.12,AA,0.0005,0.6,3.46,2023-06-25,2027-09-20,1,60,0
LON04438,KY,"Simpson, Gardner and Bush",Retail,677.47,560.14,584.7,A,0.001,0.25,4.74,2022-04-27,2026-01-05,2,0,0
LON04439,BM,Henry and Sons,Energy,567.94,521.16,544.93,A,0.001,0.45,8.43,2023-07-22,2028-01-19,1,60,0
LON04440,KY,Franco Group,Shipping,975.74,960.97,997.34,AA,0.0005,0.25,7.62,2023-10-26,2031-02-07,2,60,0
LON04441,KY,"Simon, Morgan and Diaz",InvestmentHoldCo,474.73,448.76,470.94,BBB,0.005,0.25,4.04,2020-09-08,2028-07-26,1,0,0
LON04442,KY,"Schneider, Price and Montoya",Technology,378.52,343.04,355.93,A,0.001,0.35,6.46,2020-04-26,2021-12-30,1,0,0
LON04443,BM,"Brown, Carson and Barry",PrivateWealth,640.68,529.15,539.26,AA,0.0005,0.45,6.43,2023-04-05,2029-01-18,1,0,0
LON04444,KY,"Brock, Cole and Meyers",Hospitality,206.78,176.68,183.04,BBB,0.005,0.35,4.35,2020-08-22,2027-07-22,1,30,0
LON04445,KY,Mahoney PLC,RealEstate,1763.57,1676.56,1724.13,BB,0.02,0.35,4.19,2021-04-19,2028-10-06,2,0,0
LON04446,BM,Robbins Inc,RealEstate,331.57,266.3,273.36,AAA,0.0001,0.25,5.3,2024-02-18,2028-07-28,1,90,0
LON04447,GU,Hatfield LLC,Hospitality,333.12,289.75,289.96,BBB,0.005,0.35,8.65,2022-03-24,2030-03-11,2,30,0
LON04448,GU,"Snyder, Mitchell and Martin",Energy,397.22,377.72,383.14,BB,0.02,0.25,4.4,2020-04-22,2022-10-11,1,30,0
LON04449,JE,Stanley-Dominguez,PrivateWealth,1105.61,888.86,930.91,BB,0.02,0.45,8.44,2021-09-11,2024-08-09,1,90,0
LON04450,KY,"Murray, Jordan and Deleon",PrivateWealth,1035.23,908.91,940.14,BBB,0.005,0.25,4.01,2022-02-11,2029-07-11,1,0,0
LON04451,KY,Miller PLC,Retail,485.98,404.77,413.71,AAA,0.0001,0.35,5.58,2021-03-09,2026-08-23,1,30,0
LON04452,JE,"Brown, Roberts and Torres",PrivateWealth,330.86,263.23,270.66,AAA,0.0001,0.45,4.17,2020-08-13,2026-02-20,1,0,0
LON04453,KY,York Group,Retail,821.77,704.56,730.08,BBB,0.005,0.25,8.55,2021-01-11,2026-03-06,1,0,0
LON04454,BM,Howell Ltd,Shipping,239.71,189.35,195.01,BBB,0.005,0.25,5.87,2022-12-17,2026-10-09,1,60,0
LON04455,JE,"Acosta, Smith and Clay",Technology,2174.37,1720.75,1742.29,AAA,0.0001,0.35,5.7,2021-12-13,2025-02-25,2,0,0
LON04456,KY,"Clark, Green and Stanton",PrivateWealth,1103.73,999.53,1013.78,A,0.001,0.25,5.89,2020-03-25,2030-01-17,1,90,0
LON04457,GU,"Jones, Lamb and Myers",InvestmentHoldCo,848.52,669.38,695.05,BBB,0.005,0.25,6.52,2021-02-17,2022-04-18,1,0,0
LON04458,BM,Valenzuela and Sons,Energy,1282.15,1014.48,1020.72,B,0.05,0.6,6.92,2021-09-20,2029-07-30,1,0,0
LON04459,BM,Jordan-Brown,RealEstate,816.35,802.31,808.12,BB,0.02,0.25,7.59,2021-08-03,2026-03-05,1,90,0
LON04460,GU,Martinez-Stein,Energy,1486.42,1331.03,1395.71,B,0.05,0.25,3.64,2021-01-31,2030-03-28,1,90,0
LON04461,KY,"Wallace, Burton and Gilbert",Energy,304.17,296.1,309.18,BBB,0.005,0.25,5.82,2020-06-19,2026-04-09,1,0,0
LON04462,GU,Mcintosh-Murray,Energy,318.22,294.5,301.74,A,0.001,0.35,3.85,2022-12-25,2030-04-21,2,30,0
LON04463,BM,"Martinez, Hickman and Lewis",RealEstate,343.58,329.57,331.64,B,0.05,0.6,7.59,2020-09-17,2027-08-26,1,0,0
LON04464,KY,Boyd Group,PrivateWealth,652.87,630.8,658.73,BBB,0.005,0.45,3.96,2020-04-25,2030-04-06,1,0,0
LON04465,JE,"White, Guerra and Nelson",InvestmentHoldCo,5726.36,4478.16,4515.15,B,0.05,0.45,3.99,2021-09-16,2028-05-23,1,0,0
LON04466,BM,"Myers, Thompson and Arellano",Retail,862.27,702.13,732.98,A,0.001,0.25,7.16,2023-05-12,2026-10-16,1,0,0
LON04467,KY,Becker-Knight,PrivateWealth,1538.01,1246.84,1292.57,BB,0.02,0.25,5.45,2022-09-12,2030-12-14,1,0,0
LON04468,BM,"Hart, Moon and Sutton",Shipping,432.24,410.63,423.38,BBB,0.005,0.25,8.86,2019-09-26,2024-04-09,1,0,0
LON04469,BM,Williams-Wright,Hospitality,1726.31,1387.07,1423.78,B,0.05,0.6,8.13,2022-08-24,2028-05-12,1,0,0
LON04470,BM,"Wallace, Mayo and Brown",InvestmentHoldCo,540.27,511.92,522.72,BBB,0.005,0.25,4.4,2022-03-06,2027-02-06,1,0,0
LON04471,KY,"Ramirez, Shaw and Long",RealEstate,221.97,204.45,210.26,A,0.001,0.25,4.66,2020-06-21,2022-06-24,1,0,0
LON04472,GU,Mendez and Sons,InvestmentHoldCo,824.16,645.3,671.01,B,0.05,0.35,5.91,2023-01-19,2028-06-14,1,90,0
LON04473,GU,Cruz LLC,PrivateWealth,1075.7,952.32,968.01,BB,0.02,0.6,4.64,2020-11-26,2022-12-28,2,90,0
LON04474,KY,"Williamson, Maldonado and Moss",PrivateWealth,377.39,309.24,309.63,B,0.05,0.6,8.32,2021-10-10,2024-02-08,1,90,0
LON04475,KY,"Carter, Hernandez and Thomas",Technology,286.51,231.6,239.6,B,0.05,0.45,4.05,2020-12-08,2027-01-06,1,30,0
LON04476,KY,Walker Group,Hospitality,786.05,666.4,691.17,A,0.001,0.6,7.25,2024-03-30,2034-02-22,2,0,0
LON04477,BM,Miller Ltd,Hospitality,338.49,337.87,349.38,B,0.05,0.25,7.39,2023-12-24,2032-06-11,1,60,0
LON04478,KY,"Bates, Johnson and Riggs",Shipping,356.51,355.91,370.94,AAA,0.0001,0.25,3.98,2020-09-05,2029-06-28,2,0,0
LON04479,KY,Smith-Cooper,Energy,875.99,769.52,777.07,B,0.05,0.25,5.87,2021-11-25,2031-10-21,1,60,0
LON04480,JE,Summers and Sons,Retail,521.13,445.92,461.16,A,0.001,0.35,6.02,2021-12-19,2023-06-10,2,0,0
LON04481,KY,Munoz-Wright,Shipping,426.23,372.36,374.26,A,0.001,0.45,8.27,2021-09-06,2029-05-03,1,90,0
LON04482,BM,"Williams, Jordan and Bowman",PrivateWealth,249.95,195.86,202.56,B,0.05,0.45,4.73,2023-08-30,2031-08-23,1,0,0
LON04483,BM,May-Sullivan,Technology,428.31,401.91,414.11,BBB,0.005,0.25,8.69,2023-11-04,2029-07-21,2,60,0
LON04484,BM,"Walsh, Glenn and Welch",InvestmentHoldCo,1051.53,905.28,916.23,BBB,0.005,0.25,7.94,2024-05-10,2027-04-28,1,0,0
LON04485,KY,Mccullough Ltd,Technology,1181.07,1028.45,1047.47,A,0.001,0.45,5.26,2023-06-14,2030-06-01,1,0,0
LON04486,JE,"Smith, Harvey and Cooper",RealEstate,645.74,571.8,579.42,BBB,0.005,0.35,6.0,2022-05-15,2027-08-16,1,30,0
LON04487,KY,"Henderson, Smith and Cooper",Technology,777.38,774.78,788.04,BBB,0.005,0.35,5.06,2022-09-12,2031-01-25,1,60,0
LON04488,BM,Allen Group,InvestmentHoldCo,1415.19,1219.22,1232.36,AA,0.0005,0.35,8.69,2022-09-28,2027-03-28,1,0,0
LON04489,BM,"Walters, Butler and Case",Shipping,535.61,451.49,472.54,BBB,0.005,0.35,6.11,2023-12-03,2028-03-16,1,0,0
LON04490,BM,"Davis, Mccarthy and Craig",Hospitality,444.63,397.57,410.6,BB,0.02,0.25,7.25,2019-10-12,2026-03-06,1,0,0
LON04491,BM,Wiley PLC,Energy,666.69,536.09,555.68,A,0.001,0.35,6.94,2023-10-25,2029-10-11,1,0,0
LON04492,KY,Lee PLC,PrivateWealth,680.57,631.13,638.88,BBB,0.005,0.35,3.25,2019-08-20,2027-05-07,1,0,0
LON04493,BM,Mayo-Scott,Technology,325.66,322.41,327.42,A,0.001,0.6,3.18,2023-04-20,2029-07-17,1,0,0
LON04494,GU,Hall-Ingram,PrivateWealth,467.75,408.18,408.2,BB,0.02,0.25,8.43,2023-03-23,2024-06-10,1,0,0
LON04495,KY,Valdez PLC,Hospitality,1955.26,1688.17,1733.67,A,0.001,0.35,3.31,2021-01-17,2025-02-21,1,0,0
LON04496,BM,Peterson-Norris,PrivateWealth,390.19,318.58,329.55,BB,0.02,0.45,8.43,2022-10-20,2032-01-03,1,0,0
LON04497,BM,Ortega PLC,Energy,303.17,265.42,278.46,BBB,0.005,0.45,8.06,2020-07-26,2025-08-21,1,60,0
LON04498,JE,May Ltd,Energy,787.13,623.97,643.73,BBB,0.005,0.35,4.37,2019-10-20,2029-04-28,1,60,0
LON04499,BM,Hoffman Group,Shipping,224.13,192.48,200.45,B,0.05,0.45,6.78,2023-10-07,2026-05-14,1,0,0
LON04500,KY,"Walton, Pittman and Barnes",Technology,680.91,635.44,641.64,A,0.001,0.35,3.36,2023-04-08,2026-05-16,2,30,0
LON04501,BM,Castro-Huber,Shipping,666.09,597.54,606.44,B,0.05,0.6,5.74,2023-04-26,2031-12-10,1,0,0
LON04502,BM,"Schneider, Castro and Roberts",Technology,273.55,258.16,270.79,B,0.05,0.25,7.32,2021-05-17,2029-02-09,1,0,0
LON04503,KY,Ruiz-King,InvestmentHoldCo,854.06,801.27,817.43,A,0.001,0.25,6.3,2022-09-30,2027-07-19,1,30,0
LON04504,GU,Joseph-Pugh,PrivateWealth,603.34,539.62,552.61,BBB,0.005,0.35,8.68,2020-06-11,2026-03-01,1,0,0
LON04505,JE,Davis-Guerra,Retail,407.15,354.14,360.08,A,0.001,0.25,5.66,2019-09-05,2029-07-21,1,0,0
LON04506,BM,Brown-Braun,Shipping,576.41,448.33,463.09,BB,0.02,0.35,6.44,2020-06-23,2026-11-17,1,0,0
LON04507,BM,Diaz Group,InvestmentHoldCo,1334.5,1098.98,1116.03,BB,0.02,0.35,5.29,2023-10-14,2030-10-17,2,30,0
LON04508,KY,Blanchard-Rojas,PrivateWealth,435.81,397.81,399.16,BBB,0.005,0.6,8.49,2023-07-29,2027-11-11,1,0,0
LON04509,KY,Hill Inc,InvestmentHoldCo,916.92,794.21,823.84,BBB,0.005,0.45,8.63,2023-04-16,2026-06-10,2,0,0
LON04510,JE,Hoover LLC,Energy,1047.74,920.98,957.28,BB,0.02,0.25,7.16,2021-03-18,2024-11-05,1,60,0
LON04511,KY,Wilcox LLC,Energy,623.29,510.35,528.87,BB,0.02,0.6,5.85,2022-04-01,2026-06-23,1,0,0
LON04512,BM,"Rodriguez, Wright and Peters",PrivateWealth,452.08,422.03,432.8,BBB,0.005,0.6,3.49,2023-12-20,2027-10-08,1,0,0
LON04513,KY,Brown-Johnson,Hospitality,751.05,660.99,692.38,A,0.001,0.25,4.4,2019-12-13,2028-03-06,1,30,0
LON04514,KY,"Horton, Smith and Berg",Hospitality,551.13,432.22,448.7,BB,0.02,0.6,6.83,2020-01-09,2021-04-29,1,0,0
LON04515,KY,Sanchez-Huffman,Technology,130.56,124.08,126.39,A,0.001,0.25,8.22,2022-04-26,2023-06-13,1,0,0
LON04516,KY,Douglas LLC,InvestmentHoldCo,1135.84,962.66,974.08,BBB,0.005,0.45,4.84,2022-10-11,2024-02-19,1,0,0
LON04517,KY,Freeman and Sons,Retail,448.71,379.13,388.73,BBB,0.005,0.35,8.62,2024-01-12,2031-03-07,1,0,0
LON04518,KY,Hill-Ramos,Retail,367.54,329.55,330.27,BB,0.02,0.45,5.17,2019-12-23,2029-08-09,1,0,0
LON04519,KY,"Medina, Jackson and Palmer",InvestmentHoldCo,730.24,621.05,643.11,A,0.001,0.35,6.76,2021-09-11,2027-06-15,2,0,0
LON04520,BM,Stewart-Gray,Technology,757.54,600.18,614.65,BB,0.02,0.35,7.41,2020-08-19,2025-10-15,1,0,0
LON04521,KY,Jimenez-Novak,InvestmentHoldCo,129.55,119.7,123.89,BBB,0.005,0.35,3.28,2021-10-29,2029-05-14,1,30,0
LON04522,BM,"Wright, Watson and Turner",Technology,314.95,262.16,268.6,BBB,0.005,0.25,4.15,2020-02-24,2029-11-12,1,30,0
LON04523,GU,"Jackson, Good and Alexander",RealEstate,861.0,672.78,688.58,AA,0.0005,0.25,6.91,2020-02-26,2023-04-17,2,60,0
LON04524,GU,"Garcia, Green and Medina",Shipping,3431.36,2649.36,2703.97,BBB,0.005,0.25,8.95,2022-01-27,2025-10-17,1,30,0
LON04525,GU,Woods-Miller,Hospitality,960.95,911.96,953.72,BBB,0.005,0.45,5.44,2021-10-01,2029-06-15,1,0,0
LON04526,KY,"Underwood, Lane and Lopez",Retail,323.47,252.21,263.1,AAA,0.0001,0.25,8.76,2023-03-30,2031-03-27,1,0,0
LON04527,BM,Barnett Inc,PrivateWealth,805.49,764.55,780.51,A,0.001,0.25,3.54,2023-05-20,2026-06-09,1,0,0
LON04528,KY,Watts LLC,Hospitality,550.7,488.76,511.05,BB,0.02,0.25,6.37,2021-03-20,2027-06-11,1,60,0
LON04529,JE,Jackson-Ruiz,PrivateWealth,1123.61,1102.34,1140.46,BBB,0.005,0.25,6.61,2020-01-05,2027-09-17,1,60,0
LON04530,JE,"Wilson, Miller and Scott",Hospitality,425.67,334.65,337.33,BBB,0.005,0.25,3.48,2020-12-21,2022-09-11,1,0,0
LON04531,BM,Zhang LLC,Energy,911.31,794.61,826.22,A,0.001,0.45,8.91,2024-05-07,2030-11-22,1,0,0
LON04532,KY,"Weber, Turner and Singleton",Energy,746.13,591.36,609.51,BBB,0.005,0.25,3.31,2024-04-17,2026-07-26,1,90,0
LON04533,KY,"Ross, Marks and Smith",InvestmentHoldCo,1689.77,1431.36,1433.59,A,0.001,0.25,4.4,2023-06-25,2031-06-05,1,0,0
LON04534,KY,"Dominguez, Medina and White",Shipping,287.09,229.09,234.0,BBB,0.005,0.45,7.34,2021-04-25,2023-11-07,2,0,0
LON04535,GU,"Daniel, Thomas and Taylor",Retail,252.02,201.17,207.1,BBB,0.005,0.35,4.36,2020-10-08,2025-11-06,1,60,0
LON04536,GU,Little-Castro,Technology,995.79,994.44,1030.81,BBB,0.005,0.25,5.81,2020-03-10,2025-07-23,1,0,0
LON04537,BM,"Chambers, Ball and Moses",Technology,1115.72,984.02,1032.97,BB,0.02,0.25,5.32,2021-01-11,2028-04-08,1,0,0
LON04538,GU,Oconnell-Dean,RealEstate,586.89,461.86,482.95,BBB,0.005,0.25,8.25,2019-10-22,2022-03-25,1,30,0
LON04539,KY,Porter and Sons,Energy,782.61,605.29,626.56,BBB,0.005,0.25,3.15,2021-08-24,2030-02-26,1,0,0
LON04540,KY,Gates-King,InvestmentHoldCo,1152.02,934.1,976.04,B,0.05,0.35,7.49,2020-09-20,2023-12-09,2,30,0
LON04541,GU,"Cross, Gibson and Singh",PrivateWealth,640.71,543.92,555.33,BBB,0.005,0.6,7.41,2019-08-31,2029-05-28,1,60,0
LON04542,BM,Green LLC,Technology,719.63,556.84,578.9,B,0.05,0.6,8.19,2022-03-12,2030-11-19,1,0,0
LON04543,KY,Singh-Turner,Energy,618.33,518.06,520.59,A,0.001,0.35,3.26,2019-10-16,2027-08-19,2,90,0
LON04544,GU,Johnson-Hodge,PrivateWealth,690.67,543.92,560.87,B,0.05,0.35,5.1,2019-12-19,2027-06-10,1,30,0
LON04545,KY,Salas-Davis,PrivateWealth,1137.94,933.99,937.71,BBB,0.005,0.45,5.33,2022-05-04,2030-01-29,3,60,0
LON04546,GU,"Conrad, Clark and Simmons",InvestmentHoldCo,698.87,581.61,610.5,AA,0.0005,0.25,5.55,2020-12-22,2026-05-01,1,0,0
LON04547,BM,Murphy-Rivas,Shipping,266.14,256.48,267.68,B,0.05,0.6,8.05,2020-11-12,2028-11-13,1,90,0
LON04548,KY,Lara-Zimmerman,RealEstate,174.55,138.22,142.85,BBB,0.005,0.35,3.55,2023-07-19,2028-12-21,1,0,0
LON04549,BM,Perez-Riley,InvestmentHoldCo,1141.75,1041.61,1045.93,BB,0.02,0.45,5.32,2021-01-26,2026-02-02,1,0,0
LON04550,GU,"Best, Thompson and Fisher",Retail,785.73,753.11,770.76,A,0.001,0.25,6.65,2022-01-09,2029-05-11,1,90,0
LON04551,KY,Valenzuela-Williams,Retail,1332.66,1121.21,1144.02,B,0.05,0.45,6.53,2021-10-17,2023-04-18,1,0,0
LON04552,KY,"Burns, Vasquez and Dixon",Shipping,374.33,333.53,344.08,A,0.001,0.35,6.31,2022-03-28,2029-10-16,1,0,0
LON04553,JE,Rodriguez Inc,RealEstate,906.11,800.15,823.14,A,0.001,0.35,4.0,2022-10-19,2031-07-16,1,0,0
LON04554,KY,"Matthews, Cameron and Martinez",RealEstate,488.97,435.6,445.8,BB,0.02,0.25,5.64,2023-04-04,2030-09-16,2,0,0
LON04555,BM,Jefferson Group,Shipping,405.99,377.52,378.93,AA,0.0005,0.25,4.55,2019-07-25,2027-04-03,1,60,0
LON04556,BM,Cooper Group,Shipping,356.43,340.56,345.24,A,0.001,0.25,7.62,2023-12-02,2031-07-06,1,30,0
LON04557,KY,Ford-Glenn,InvestmentHoldCo,1031.38,860.84,861.57,A,0.001,0.35,4.6,2020-12-15,2023-01-31,1,0,0
LON04558,KY,Soto-Patterson,Energy,1293.96,1224.8,1244.19,B,0.05,0.35,3.41,2020-11-12,2024-05-03,2,60,0
LON04559,JE,Myers PLC,Technology,287.0,236.7,245.13,AAA,0.0001,0.25,4.46,2019-09-10,2026-03-18,1,90,0
LON04560,BM,Spears Inc,Shipping,464.57,363.91,378.02,BBB,0.005,0.35,5.14,2023-11-15,2030-07-01,1,60,0
LON04561,GU,"Johnston, Murphy and Mckay",RealEstate,1080.17,865.86,884.75,B,0.05,0.35,6.21,2019-11-29,2029-07-16,2,0,0
LON04562,KY,Gordon PLC,Hospitality,332.24,322.43,330.33,A,0.001,0.35,8.23,2024-03-31,2033-03-09,1,30,0
LON04563,BM,"Hall, Rowe and Lee",Technology,935.3,770.86,775.71,A,0.001,0.25,3.84,2021-08-05,2026-03-31,1,60,0
LON04564,GU,Melendez-Adams,RealEstate,1371.32,1133.05,1158.43,BBB,0.005,0.35,4.81,2023-03-05,2027-04-13,1,0,0
LON04565,GU,Murphy LLC,Retail,438.6,341.03,349.08,A,0.001,0.6,5.43,2021-12-28,2026-09-07,1,0,0
LON04566,BM,Hutchinson and Sons,Retail,181.39,158.29,162.86,BBB,0.005,0.25,4.53,2022-08-01,2030-01-02,1,90,0
LON04567,BM,"Montes, Stevens and Ward",Technology,986.37,823.03,837.92,BBB,0.005,0.25,4.57,2024-04-27,2025-11-05,1,0,0
LON04568,KY,Wright-Rodriguez,RealEstate,296.82,275.84,276.95,B,0.05,0.35,7.15,2022-01-26,2030-02-15,1,60,0
LON04569,JE,Jennings-Ponce,Shipping,585.18,584.7,591.22,BB,0.02,0.45,5.57,2020-09-06,2030-03-06,1,0,0
LON04570,GU,Wyatt-Foster,Hospitality,772.15,748.66,754.65,B,0.05,0.25,4.65,2023-12-19,2030-01-19,1,0,0
LON04571,KY,Frank-Mccarty,PrivateWealth,496.95,472.38,484.65,BBB,0.005,0.25,8.45,2020-11-18,2029-08-23,2,0,0
LON04572,KY,Mcbride-Brown,Technology,556.92,538.65,564.41,BB,0.02,0.6,3.52,2023-02-08,2028-03-19,1,60,0
LON04573,KY,Dickson-Mercado,RealEstate,3026.79,2881.45,2977.35,BBB,0.005,0.6,7.58,2021-10-02,2024-07-01,1,90,0
LON04574,GU,Rogers Group,Energy,800.49,693.43,712.32,BBB,0.005,0.35,6.84,2023-10-31,2030-03-09,1,0,0
LON04575,KY,"Tran, Wilson and Williams",PrivateWealth,340.58,310.79,323.88,AAA,0.0001,0.35,5.9,2023-05-08,2032-02-12,1,60,0
LON04576,BM,Ramos PLC,PrivateWealth,870.25,705.05,717.35,A,0.001,0.6,5.14,2019-12-25,2021-08-23,1,90,0
LON04577,BM,Davis-Hill,PrivateWealth,2653.01,2286.54,2320.3,BBB,0.005,0.25,8.52,2019-08-23,2028-01-24,1,0,0
LON04578,BM,"Johnson, Stone and Sandoval",Shipping,583.06,509.61,516.59,B,0.05,0.6,8.98,2021-01-07,2028-09-06,1,30,0
LON04579,KY,Hall-Perry,InvestmentHoldCo,1193.77,1014.46,1023.06,AAA,0.0001,0.25,5.49,2021-12-18,2030-02-04,1,90,0
LON04580,KY,"Nguyen, Wyatt and Nelson",Hospitality,620.1,493.14,498.24,BBB,0.005,0.6,3.25,2023-02-13,2030-04-03,1,60,0
LON04581,GU,Taylor-Gross,PrivateWealth,569.12,480.28,487.19,BBB,0.005,0.45,5.1,2021-09-05,2024-10-12,3,0,0
LON04582,JE,Bray-Evans,InvestmentHoldCo,522.92,496.43,509.67,BBB,0.005,0.45,5.85,2022-09-23,2025-07-14,1,0,0
LON04583,GU,Miller-Owen,Energy,3087.49,2583.0,2665.66,B,0.05,0.25,3.65,2020-12-26,2028-01-29,1,60,0
LON04584,KY,"Trujillo, Butler and Morgan",RealEstate,844.34,658.4,663.96,BB,0.02,0.25,5.95,2021-01-09,2026-07-02,1,0,0
LON04585,BM,"Rogers, Richardson and Harris",Shipping,234.95,221.32,223.36,A,0.001,0.45,8.07,2020-11-09,2024-02-09,1,30,0
LON04586,BM,Cook-Little,Shipping,1088.28,941.58,988.48,BB,0.02,0.35,3.78,2023-05-26,2028-04-03,2,0,0
LON04587,JE,Hester-Lopez,InvestmentHoldCo,198.44,180.72,188.66,BB,0.02,0.25,8.12,2023-01-05,2029-05-27,1,30,0
LON04588,BM,"Vazquez, Johnson and Roberts",RealEstate,1984.19,1568.19,1593.56,BBB,0.005,0.25,6.83,2022-07-08,2027-03-12,1,60,0
LON04589,BM,"Walker, Roberts and Gaines",Retail,351.58,281.88,289.1,BBB,0.005,0.6,3.44,2024-05-09,2033-11-10,1,30,0
LON04590,BM,Griffin LLC,InvestmentHoldCo,662.57,606.71,611.75,B,0.05,0.25,6.74,2024-05-16,2033-03-03,1,30,0
LON04591,GU,Ford-Ramirez,Shipping,981.34,846.88,888.34,AA,0.0005,0.25,7.05,2020-08-12,2024-08-15,1,0,0
LON04592,KY,Morris-Brown,InvestmentHoldCo,802.91,684.26,690.56,A,0.001,0.6,5.68,2020-02-11,2022-07-30,2,0,0
LON04593,BM,"Floyd, Dunn and Clark",Technology,754.62,672.72,674.11,B,0.05,0.25,8.68,2021-07-10,2024-06-01,1,30,0
LON04594,KY,Wilson-Williams,InvestmentHoldCo,3211.22,3148.63,3173.18,BBB,0.005,0.45,6.73,2021-10-10,2026-09-18,1,30,0
LON04595,KY,Parker-Freeman,Retail,1325.59,1048.57,1075.51,B,0.05,0.25,3.01,2019-11-03,2026-08-20,1,90,0
LON04596,BM,Mcconnell Inc,Shipping,1105.43,917.13,929.07,AA,0.0005,0.6,3.3,2021-06-29,2023-01-10,2,0,0
LON04597,JE,Miles Group,Shipping,2655.85,2182.94,2192.74,BB,0.02,0.6,7.09,2022-01-18,2027-12-12,1,90,0
LON04598,GU,Greer Ltd,Retail,662.44,511.17,530.86,B,0.05,0.35,8.06,2023-06-18,2032-03-29,1,60,0
LON04599,KY,Joseph Ltd,Hospitality,571.64,570.96,584.38,BBB,0.005,0.35,5.02,2021-07-19,2023-11-24,1,0,0
LON04600,BM,Mcneil-Allen,Energy,562.32,506.95,526.93,BBB,0.005,0.25,3.22,2021-08-14,2031-05-31,1,90,0
LON04601,BM,Dodson Inc,Technology,378.75,298.85,306.04,BB,0.02,0.25,4.62,2022-10-18,2030-03-19,1,60,0
LON04602,KY,Torres Ltd,PrivateWealth,277.57,228.39,231.55,BB,0.02,0.25,7.95,2020-07-10,2027-11-18,1,0,0
LON04603,BM,"Cole, Chapman and Johnson",Shipping,890.22,825.2,860.58,B,0.05,0.45,6.14,2020-05-13,2024-08-17,1,0,0
LON04604,JE,Gonzalez LLC,RealEstate,527.4,465.77,477.87,BBB,0.005,0.25,6.24,2023-03-02,2030-07-30,1,90,0
LON04605,GU,"Morris, Hurst and Reynolds",InvestmentHoldCo,1142.91,946.41,948.25,BBB,0.005,0.6,8.54,2022-07-22,2031-12-30,1,0,0
LON04606,KY,"Parker, Kelly and Tate",Shipping,897.07,823.62,824.22,BBB,0.005,0.25,8.24,2024-02-25,2029-03-21,1,0,0
LON04607,GU,Rivas-Davis,Technology,640.83,595.59,604.91,BBB,0.005,0.25,6.33,2021-12-28,2026-05-12,1,0,0
LON04608,BM,Cole-Freeman,Hospitality,455.11,363.96,374.08,A,0.001,0.35,4.89,2023-06-28,2032-09-07,1,30,0
LON04609,KY,"Giles, Newton and Sanchez",InvestmentHoldCo,2877.09,2314.55,2412.1,BBB,0.005,0.6,5.42,2020-05-14,2029-11-27,1,0,0
LON04610,KY,"Grant, Miller and Adams",Retail,483.37,422.82,425.89,BBB,0.005,0.25,8.13,2024-02-24,2026-05-17,2,30,0
LON04611,KY,Shelton Inc,Energy,602.17,494.54,502.52,B,0.05,0.35,6.45,2022-10-04,2024-04-24,1,0,0
LON04612,KY,Campbell-Thomas,Shipping,440.99,390.94,398.17,B,0.05,0.45,7.64,2023-11-27,2025-01-23,1,30,0
LON04613,KY,Hunt PLC,Shipping,562.98,479.72,490.2,A,0.001,0.35,6.83,2019-10-04,2020-10-29,1,30,0
LON04614,GU,Goodman-Phillips,Energy,1076.47,848.04,855.51,A,0.001,0.6,6.33,2023-07-21,2027-09-01,1,30,0
LON04615,BM,Miller LLC,Shipping,670.05,534.84,536.81,BB,0.02,0.25,6.49,2022-10-23,2024-02-26,2,0,0
LON04616,BM,Sanchez-Montoya,Hospitality,189.75,186.64,187.48,BBB,0.005,0.45,6.19,2022-04-09,2024-11-18,2,90,0
LON04617,BM,Jefferson-White,Hospitality,1214.37,954.9,996.69,BBB,0.005,0.25,6.04,2020-12-23,2028-07-30,1,60,0
LON04618,JE,Stanley-Maldonado,Retail,548.6,471.72,484.0,BB,0.02,0.25,8.51,2022-11-29,2031-06-29,1,90,0
LON04619,GU,Chapman Ltd,Retail,584.23,492.62,512.91,A,0.001,0.25,8.91,2022-08-12,2023-08-26,2,90,0
LON04620,JE,Ford-Edwards,InvestmentHoldCo,2115.84,1794.61,1875.03,A,0.001,0.25,8.66,2021-05-14,2029-11-06,1,90,0
LON04621,JE,Anderson LLC,Energy,328.24,259.09,265.37,B,0.05,0.45,5.97,2020-07-29,2023-03-12,1,0,0
LON04622,KY,Guzman-Farmer,PrivateWealth,1343.67,1087.27,1127.78,BBB,0.005,0.45,3.6,2022-07-02,2029-11-23,3,60,0
LON04623,KY,Scott-Gill,RealEstate,941.5,729.37,765.29,BBB,0.005,0.25,7.65,2022-02-27,2031-06-21,1,0,0
LON04624,KY,"White, Johnson and Jenkins",Retail,2053.5,1825.84,1874.14,BBB,0.005,0.25,6.28,2022-08-25,2026-12-07,1,0,0
LON04625,BM,Stephens-Moore,Energy,1753.71,1638.16,1657.34,BBB,0.005,0.35,7.96,2021-03-24,2029-06-08,1,0,0
LON04626,GU,Mcgrath-Zavala,Energy,1445.68,1151.63,1183.06,BB,0.02,0.35,3.2,2023-02-20,2028-03-22,1,30,0
LON04627,KY,Glover Ltd,RealEstate,1469.22,1322.41,1377.43,B,0.05,0.6,5.42,2021-08-29,2029-04-09,3,0,0
LON04628,BM,Spencer and Sons,Hospitality,1487.27,1377.99,1421.61,BBB,0.005,0.45,3.1,2021-05-27,2024-02-10,1,0,0
LON04629,BM,"Ho, Gutierrez and Torres",RealEstate,335.33,329.2,345.35,BB,0.02,0.25,6.4,2023-08-04,2030-11-10,1,60,0
LON04630,KY,"Gonzalez, Chaney and Fox",Energy,614.9,566.26,585.3,A,0.001,0.45,5.85,2023-03-02,2028-11-11,1,30,0
LON04631,KY,Lee LLC,InvestmentHoldCo,732.92,695.03,725.64,AAA,0.0001,0.6,7.28,2020-10-06,2023-04-15,1,60,0
LON04632,JE,Whitaker-Farmer,Hospitality,1143.04,1087.29,1138.82,BBB,0.005,0.25,5.93,2020-10-28,2023-03-07,1,30,0
LON04633,KY,Vaughn-Jackson,Energy,893.09,699.76,714.98,A,0.001,0.25,5.78,2021-12-22,2026-03-18,1,0,0
LON04634,GU,Schneider-Jimenez,Shipping,679.7,669.68,689.31,BBB,0.005,0.45,8.35,2022-12-19,2031-12-30,1,30,0
LON04635,BM,Williams-Rowe,Shipping,2163.43,1879.5,1913.18,A,0.001,0.35,4.04,2023-12-24,2025-02-13,1,0,0
LON04636,KY,Watson-Jimenez,Energy,614.37,566.81,567.72,BBB,0.005,0.35,7.71,2023-08-31,2031-03-01,1,90,0
LON04637,BM,Jones Ltd,Shipping,1487.52,1418.13,1425.36,AAA,0.0001,0.35,7.44,2021-05-13,2024-11-30,1,30,0
LON04638,KY,Ortiz Ltd,Retail,144.44,131.06,136.52,BB,0.02,0.35,7.56,2022-01-07,2023-04-23,1,60,0
LON04639,GU,"Allen, Flores and Fisher",PrivateWealth,1303.34,1055.01,1087.5,BB,0.02,0.35,3.77,2019-11-15,2023-05-24,1,0,0
LON04640,BM,"Wright, Garza and Barajas",PrivateWealth,1700.23,1544.59,1567.17,A,0.001,0.35,5.75,2020-10-10,2022-01-13,1,30,0
LON04641,KY,Smith-Blake,InvestmentHoldCo,900.98,776.15,813.39,A,0.001,0.45,3.37,2021-01-15,2022-08-23,1,0,0
LON04642,KY,Davis PLC,InvestmentHoldCo,944.25,819.9,827.99,A,0.001,0.35,4.83,2022-10-03,2026-01-20,1,0,0
LON04643,GU,Gomez Ltd,RealEstate,393.73,366.89,384.16,B,0.05,0.35,3.59,2020-01-21,2026-04-18,1,30,0
LON04644,BM,Ortiz-Rodgers,Energy,545.98,536.9,541.27,BB,0.02,0.25,8.88,2021-03-12,2028-08-10,1,90,0
LON04645,KY,Johnson-Lewis,Shipping,723.78,675.75,701.77,BBB,0.005,0.6,8.54,2023-10-25,2027-04-08,1,30,0
LON04646,GU,Richardson Ltd,Shipping,1399.6,1167.4,1196.43,BB,0.02,0.25,8.05,2020-10-08,2028-01-19,1,30,0
LON04647,BM,Kelley-Dean,InvestmentHoldCo,452.14,427.1,444.89,BBB,0.005,0.25,4.0,2024-03-15,2027-09-21,1,60,0
LON04648,KY,Andrews-Ramirez,Hospitality,2445.98,2059.84,2087.58,BBB,0.005,0.25,4.07,2022-04-30,2029-11-19,1,0,0
LON04649,JE,"Carter, Khan and Moore",Retail,370.52,285.3,292.93,BBB,0.005,0.25,8.74,2019-07-19,2027-06-16,1,0,0
LON04650,BM,Ball-Choi,Energy,580.69,457.29,470.49,AA,0.0005,0.25,7.57,2022-08-25,2027-06-28,1,0,0
LON04651,KY,English Ltd,Retail,467.3,454.44,473.57,BB,0.02,0.35,4.86,2022-04-05,2023-08-24,1,0,0
LON04652,BM,Kelly PLC,Retail,773.83,621.48,623.73,BBB,0.005,0.35,3.65,2024-06-26,2025-11-06,1,90,0
LON04653,KY,Gardner-Fox,Energy,276.35,216.73,223.28,BB,0.02,0.6,5.18,2020-12-04,2028-04-29,1,0,0
LON04654,JE,Harvey Inc,Shipping,327.78,324.74,331.61,B,0.05,0.25,4.76,2022-03-05,2024-07-27,1,0,0
LON04655,BM,Rios LLC,PrivateWealth,1629.51,1496.22,1545.88,BBB,0.005,0.25,4.14,2022-01-23,2029-02-07,1,0,0
LON04656,JE,Torres-Payne,Energy,376.98,338.18,348.2,AAA,0.0001,0.25,6.33,2024-01-03,2032-01-12,1,0,0
LON04657,BM,"Jones, Williams and Johnson",Retail,808.66,683.64,703.72,BB,0.02,0.6,3.82,2023-09-23,2025-07-18,1,30,0
LON04658,KY,Jacobs-Olsen,RealEstate,284.8,283.52,283.88,AA,0.0005,0.6,4.87,2022-07-20,2029-02-04,1,0,0
LON04659,BM,Martin-Smith,Retail,1444.18,1112.01,1152.9,BBB,0.005,0.25,7.33,2023-03-30,2032-01-11,1,0,0
LON04660,GU,Payne-Armstrong,Technology,1229.11,1120.76,1142.0,BBB,0.005,0.6,5.16,2023-06-16,2025-01-17,2,0,0
LON04661,KY,Richardson LLC,RealEstate,1302.56,1157.75,1192.31,BB,0.02,0.25,3.03,2019-09-16,2024-12-08,1,0,0
LON04662,BM,"Gaines, Dunn and Taylor",Hospitality,558.42,467.7,489.83,A,0.001,0.35,7.83,2024-06-27,2031-03-11,1,0,0
LON04663,KY,Pope PLC,PrivateWealth,1128.18,919.88,960.36,AAA,0.0001,0.25,6.05,2023-10-15,2026-03-31,1,90,0
LON04664,KY,"Hicks, Melton and Richards",Energy,451.06,383.76,390.71,BB,0.02,0.45,7.85,2022-11-03,2024-01-02,1,30,0
LON04665,BM,Myers-Duke,Shipping,923.67,917.05,924.15,AAA,0.0001,0.45,5.61,2021-11-05,2023-11-30,1,30,0
LON04666,BM,Ashley-Anderson,Retail,884.12,692.61,704.23,BBB,0.005,0.6,3.89,2020-01-01,2024-03-23,2,30,0
LON04667,BM,Butler Group,Technology,879.58,693.78,699.61,BB,0.02,0.25,7.16,2019-08-20,2021-02-21,1,60,0
LON04668,KY,Bautista-Gibson,RealEstate,372.58,352.97,367.21,BB,0.02,0.25,6.37,2024-04-09,2031-01-29,1,0,0
LON04669,BM,Burton Group,Technology,1345.24,1143.64,1152.0,B,0.05,0.6,5.37,2023-11-21,2032-11-29,1,90,0
LON04670,BM,Dougherty-Nichols,Technology,438.43,375.14,387.73,B,0.05,0.45,7.47,2023-11-18,2026-01-11,1,90,0
LON04671,KY,Cook-Page,Technology,1782.09,1712.37,1782.99,A,0.001,0.25,5.35,2024-01-13,2031-03-30,1,90,0
LON04672,BM,"Maxwell, Lambert and Mccall",RealEstate,556.86,535.54,541.71,AA,0.0005,0.35,5.63,2022-03-11,2024-12-10,1,0,0
LON04673,BM,Murphy Ltd,RealEstate,1714.47,1473.05,1542.15,BBB,0.005,0.6,4.78,2022-07-03,2030-08-19,1,0,0
LON04674,BM,"Higgins, Barker and Parker",Technology,335.37,269.33,279.38,A,0.001,0.25,3.94,2022-08-08,2026-08-20,2,0,0
LON04675,KY,Bowman-Phillips,Shipping,404.95,343.04,354.4,BB,0.02,0.35,3.88,2021-11-05,2025-11-07,1,0,0
LON04676,JE,Richardson-Molina,Energy,219.15,193.38,198.32,AA,0.0005,0.25,6.92,2022-07-02,2032-04-04,1,0,0
LON04677,JE,"Brown, Soto and Velez",Hospitality,260.37,254.61,266.38,BBB,0.005,0.25,7.13,2021-11-27,2027-04-25,3,0,0
LON04678,KY,Bailey-Ross,InvestmentHoldCo,1537.1,1272.89,1303.66,BB,0.02,0.25,8.57,2022-05-08,2023-07-20,1,0,0
LON04679,GU,"Middleton, Bernard and Cooper",InvestmentHoldCo,770.82,628.26,656.37,BBB,0.005,0.45,8.91,2021-04-11,2025-01-17,1,90,0
LON04680,KY,Cline Ltd,Retail,874.76,735.99,749.6,BBB,0.005,0.35,3.9,2020-05-19,2027-03-08,2,90,0
LON04681,BM,Alexander-Mullins,Technology,454.59,393.81,403.45,B,0.05,0.25,4.94,2019-11-30,2024-04-03,1,0,0
LON04682,BM,Cardenas-Nichols,Shipping,1256.12,1036.88,1054.68,AA,0.0005,0.25,5.52,2021-07-15,2022-12-08,1,0,0
LON04683,GU,Mercer-Bailey,Retail,1189.54,970.46,994.83,BB,0.02,0.35,4.83,2021-07-14,2022-07-24,1,30,0
LON04684,BM,Ball Group,Hospitality,1114.75,1050.79,1072.73,AAA,0.0001,0.45,4.48,2022-10-16,2029-07-15,1,0,0
LON04685,BM,Welch and Sons,InvestmentHoldCo,1522.26,1200.03,1201.48,BBB,0.005,0.25,7.34,2022-09-22,2031-05-30,1,0,0
LON04686,JE,Douglas-Mendez,InvestmentHoldCo,427.62,401.57,405.01,BB,0.02,0.45,4.64,2023-03-29,2024-11-21,1,0,0
LON04687,KY,Jensen-Stevens,InvestmentHoldCo,865.35,820.13,845.17,A,0.001,0.45,5.52,2022-06-07,2028-04-17,1,90,0
LON04688,JE,Sanchez Ltd,Hospitality,642.31,515.13,539.38,AA,0.0005,0.35,6.29,2021-06-20,2028-08-27,1,0,0
LON04689,KY,Fuentes LLC,Shipping,1065.7,941.69,965.08,A,0.001,0.6,7.43,2024-04-24,2028-09-01,1,0,0
LON04690,KY,Barron-Schmidt,Hospitality,1428.27,1345.68,1402.74,AAA,0.0001,0.6,7.81,2022-12-26,2026-03-15,1,0,0
LON04691,KY,"Adkins, Torres and Willis",InvestmentHoldCo,835.66,679.2,682.21,BB,0.02,0.6,4.91,2023-07-19,2029-10-03,2,60,0
LON04692,KY,Shaw-Edwards,Retail,394.06,344.1,350.58,BB,0.02,0.45,4.92,2023-12-24,2027-10-08,1,0,0
LON04693,BM,Miller-Stevens,Hospitality,2526.65,2210.9,2292.88,BBB,0.005,0.35,6.65,2022-05-25,2031-06-23,1,60,0
LON04694,BM,"Watson, Chandler and Smith",Hospitality,440.6,406.03,414.77,A,0.001,0.45,3.18,2021-05-05,2024-05-30,3,60,0
LON04695,KY,Espinoza Ltd,Energy,782.58,750.3,778.47,A,0.001,0.25,5.83,2019-11-14,2025-05-14,1,30,0
LON04696,KY,Levy LLC,InvestmentHoldCo,1089.62,902.11,924.9,A,0.001,0.45,6.67,2024-02-01,2027-08-04,3,0,0
LON04697,KY,"Porter, Johnson and Patterson",PrivateWealth,502.35,422.11,437.77,A,0.001,0.35,7.63,2021-08-02,2031-01-11,1,0,0
LON04698,KY,Thompson-Walker,Retail,245.38,242.98,254.54,BBB,0.005,0.45,5.01,2020-01-02,2025-06-23,1,60,0
LON04699,BM,"Sosa, Mitchell and Guerrero",RealEstate,675.86,552.63,572.12,A,0.001,0.25,6.79,2019-10-13,2024-01-12,1,90,0
LON04700,BM,"Christensen, Padilla and Wright",PrivateWealth,664.81,513.37,531.06,B,0.05,0.25,8.7,2022-06-06,2025-08-26,1,90,0
LON04701,BM,Mcgee-Allen,Shipping,1929.98,1515.5,1523.58,AAA,0.0001,0.35,4.6,2020-11-11,2026-02-03,1,60,0
LON04702,GU,Hogan-Willis,Energy,1563.14,1445.9,1501.06,A,0.001,0.25,6.41,2020-10-14,2026-09-14,1,0,0
LON04703,BM,Valencia-Poole,Hospitality,1278.27,1196.99,1243.0,B,0.05,0.45,8.07,2020-10-23,2024-06-16,1,0,0
LON04704,BM,Jackson PLC,InvestmentHoldCo,2199.19,1978.42,2047.19,BBB,0.005,0.6,4.77,2020-05-08,2029-07-01,1,0,0
LON04705,GU,Shields-Allen,RealEstate,1235.09,977.35,983.67,BBB,0.005,0.25,5.97,2022-12-08,2024-09-02,1,0,0
LON04706,BM,Leblanc-Mann,Shipping,465.54,436.12,451.21,BB,0.02,0.25,8.1,2019-08-10,2024-05-12,1,0,0
LON04707,JE,Brock-Norman,Technology,823.76,819.42,834.89,BB,0.02,0.35,7.34,2022-07-26,2030-03-26,1,0,0
LON04708,BM,"Stewart, Velazquez and Horne",Technology,1239.23,1164.36,1209.06,B,0.05,0.45,6.1,2024-01-09,2025-07-01,1,0,0
LON04709,BM,"Montgomery, Sherman and Vega",Retail,522.01,413.46,421.07,BBB,0.005,0.6,3.26,2023-12-08,2033-04-18,1,60,0
LON04710,BM,Mays-Pham,RealEstate,504.17,454.91,456.75,BB,0.02,0.35,8.56,2022-04-01,2031-02-05,2,0,0
LON04711,BM,Calderon-Perez,Hospitality,697.14,627.28,634.85,A,0.001,0.25,6.02,2021-03-01,2029-12-27,3,90,0
LON04712,GU,Maldonado-Kelly,Hospitality,941.7,824.64,837.57,A,0.001,0.25,6.49,2019-08-24,2024-09-28,3,0,0
LON04713,GU,Barnett-Brewer,Technology,916.44,840.31,851.21,BBB,0.005,0.6,4.59,2020-05-29,2021-10-25,1,60,0
LON04714,BM,Mcdonald-Guzman,RealEstate,643.66,555.57,571.12,BBB,0.005,0.45,8.86,2023-07-09,2027-08-10,1,0,0
LON04715,GU,Brown LLC,Energy,1126.81,877.44,885.4,BBB,0.005,0.45,5.45,2019-07-27,2020-10-20,1,0,0
LON04716,KY,Mann Ltd,Technology,308.51,250.84,262.15,BBB,0.005,0.25,3.57,2023-10-07,2032-12-16,1,0,0
LON04717,KY,"Miller, Walsh and Banks",InvestmentHoldCo,498.67,494.5,494.52,BBB,0.005,0.6,6.13,2022-12-01,2031-04-09,1,30,0
LON04718,KY,Herrera-Johnson,PrivateWealth,198.38,183.47,187.58,B,0.05,0.45,5.4,2022-08-18,2027-07-30,1,0,0
LON04719,KY,Hampton PLC,Hospitality,174.68,139.03,145.37,BBB,0.005,0.35,8.21,2021-03-10,2027-07-12,1,0,0
LON04720,BM,"Carrillo, Nicholson and Trevino",Energy,2065.31,1808.32,1855.01,BB,0.02,0.45,5.53,2021-01-25,2028-03-20,2,0,0
LON04721,GU,Moreno-Olsen,Hospitality,805.45,646.1,657.32,BBB,0.005,0.25,5.8,2022-05-11,2029-01-08,1,30,0
LON04722,BM,Parks-Byrd,InvestmentHoldCo,499.88,426.73,438.59,BBB,0.005,0.35,3.95,2023-06-09,2028-06-19,1,0,0
LON04723,KY,Smith-Webb,InvestmentHoldCo,1885.94,1571.3,1592.94,BBB,0.005,0.25,7.53,2021-05-21,2023-12-21,1,60,0
LON04724,KY,"Cortez, Olson and Gray",Technology,1203.2,1147.64,1148.7,BBB,0.005,0.25,7.78,2020-01-10,2028-03-19,1,0,0
LON04725,KY,Ford PLC,RealEstate,321.98,268.08,273.2,A,0.001,0.25,6.62,2022-02-14,2025-10-24,1,60,0
LON04726,BM,Shaffer-Hernandez,Hospitality,708.71,622.39,646.38,A,0.001,0.35,7.54,2021-09-29,2026-04-19,1,30,0
LON04727,KY,Gutierrez-Barry,PrivateWealth,2046.99,1836.68,1912.78,A,0.001,0.35,6.11,2020-10-09,2029-11-11,1,0,0
LON04728,GU,"Kramer, Baker and Lee",Shipping,745.38,575.85,603.13,BBB,0.005,0.35,4.7,2023-07-28,2026-04-05,1,0,0
LON04729,BM,"Young, Morrison and Ross",RealEstate,339.9,290.09,298.47,BBB,0.005,0.35,7.92,2022-01-29,2029-01-08,1,30,0
LON04730,GU,Smith-Simon,Retail,858.3,721.58,730.71,BB,0.02,0.45,4.97,2019-12-13,2023-12-27,1,60,0
LON04731,KY,"Parker, Phillips and Hill",Technology,1066.67,1065.68,1072.9,BBB,0.005,0.25,4.71,2021-10-17,2029-10-02,1,90,0
LON04732,BM,Mccullough Inc,Shipping,1885.84,1796.22,1867.78,BB,0.02,0.25,4.63,2022-10-24,2025-09-21,1,0,0
LON04733,BM,Miles Group,Hospitality,393.06,376.66,392.56,A,0.001,0.25,4.23,2022-07-15,2024-09-16,1,0,0
LON04734,BM,Clark-Matthews,Technology,298.02,278.93,292.33,BBB,0.005,0.25,8.03,2021-03-15,2024-06-27,1,30,0
LON04735,BM,Berg Inc,Retail,549.8,426.14,446.54,A,0.001,0.25,3.57,2020-01-31,2022-03-30,1,0,0
LON04736,BM,Smith-Olson,InvestmentHoldCo,537.02,514.49,522.97,B,0.05,0.25,6.85,2021-01-25,2023-05-18,1,0,0
LON04737,KY,Mcintyre Ltd,RealEstate,669.92,617.36,635.95,BBB,0.005,0.6,8.03,2020-01-24,2024-06-02,1,30,0
LON04738,KY,Richards Ltd,InvestmentHoldCo,266.19,237.14,237.43,A,0.001,0.25,6.29,2021-04-15,2027-10-26,1,30,0
LON04739,BM,Cohen and Sons,Hospitality,336.68,289.3,298.65,BBB,0.005,0.25,7.5,2020-01-01,2027-03-09,1,0,0
LON04740,KY,Harris Ltd,InvestmentHoldCo,329.65,276.57,290.17,B,0.05,0.45,5.96,2021-03-04,2030-08-28,1,90,0
LON04741,BM,Bennett and Sons,Hospitality,541.39,481.64,495.88,BBB,0.005,0.25,6.94,2024-06-28,2030-07-16,1,60,0
LON04742,KY,Dean Ltd,InvestmentHoldCo,248.6,204.68,208.21,BBB,0.005,0.35,8.29,2021-01-03,2025-11-18,2,90,0
LON04743,BM,Washington-Rosario,Retail,692.13,622.62,628.19,BB,0.02,0.35,5.01,2023-02-14,2027-11-16,1,0,0
LON04744,BM,Vasquez-Kennedy,Retail,426.77,329.76,336.59,BB,0.02,0.6,6.55,2024-01-24,2029-10-13,1,0,0
LON04745,BM,"Perez, Vasquez and Simmons",Hospitality,1339.93,1291.09,1350.85,B,0.05,0.25,3.03,2022-06-05,2027-07-01,2,90,0
LON04746,KY,Hurst LLC,Energy,2064.99,2024.13,2052.04,BBB,0.005,0.45,4.12,2019-07-28,2027-10-11,1,90,0
LON04747,KY,"Ward, Mitchell and Perry",Shipping,988.45,778.75,801.34,B,0.05,0.6,6.34,2022-11-27,2030-08-16,1,0,0
LON04748,KY,Smith and Sons,Energy,873.62,804.83,844.04,B,0.05,0.45,4.43,2022-08-01,2031-02-02,1,60,0
LON04749,BM,Skinner-Smith,Technology,790.3,621.23,640.4,A,0.001,0.45,5.63,2021-04-21,2023-02-01,1,0,0
LON04750,BM,"Moore, Chapman and Harvey",Energy,1244.35,1127.42,1158.12,BB,0.02,0.25,8.94,2022-11-04,2032-05-12,1,0,0
LON04751,GU,"Jordan, Jones and Wagner",PrivateWealth,748.2,621.26,639.25,B,0.05,0.45,7.87,2022-08-03,2025-03-22,1,0,0
LON04752,GU,Christian Ltd,InvestmentHoldCo,545.38,482.36,501.8,BB,0.02,0.25,8.72,2024-03-19,2027-04-06,2,30,0
LON04753,KY,Choi-Harper,Retail,1303.19,1240.56,1279.34,B,0.05,0.25,5.0,2022-01-08,2027-03-30,1,0,0
LON04754,KY,Chang-Graham,Hospitality,2314.9,1801.34,1837.0,A,0.001,0.25,7.22,2020-12-13,2026-01-19,1,0,0
LON04755,BM,Klein-Mann,Retail,353.69,342.76,347.84,B,0.05,0.25,5.7,2020-12-12,2029-09-23,1,0,0
LON04756,KY,"Gonzalez, Lee and Martin",Hospitality,1403.61,1388.96,1422.52,BBB,0.005,0.6,7.36,2022-08-09,2028-08-20,1,0,0
LON04757,BM,Chapman Inc,Energy,288.44,228.42,236.27,A,0.001,0.25,8.16,2020-09-19,2029-10-17,1,90,0
LON04758,GU,"Jenkins, Armstrong and Chang",Hospitality,596.88,496.42,497.63,AAA,0.0001,0.35,5.9,2021-02-23,2026-01-14,1,0,0
LON04759,BM,Thornton-Hess,Hospitality,550.0,522.12,537.52,BB,0.02,0.6,6.62,2021-05-27,2027-09-21,1,60,0
LON04760,KY,Black and Sons,Shipping,876.35,835.32,848.44,BBB,0.005,0.25,4.3,2024-03-01,2032-10-23,1,0,0
LON04761,KY,Banks-Glover,Hospitality,605.85,515.26,516.5,BBB,0.005,0.25,5.01,2019-12-07,2025-12-31,1,0,0
LON04762,JE,"Jones, Cook and Carey",PrivateWealth,393.02,375.71,386.22,BB,0.02,0.25,3.55,2021-03-25,2025-07-30,1,0,0
LON04763,BM,Golden Inc,Retail,417.34,337.62,345.52,AA,0.0005,0.25,3.59,2024-01-10,2033-06-02,1,0,0
LON04764,BM,"Leonard, Wilson and Clark",Shipping,560.62,499.78,507.25,B,0.05,0.35,4.08,2021-03-30,2026-04-01,1,0,0
LON04765,GU,Kramer Inc,RealEstate,931.02,735.71,750.93,AAA,0.0001,0.25,7.06,2023-08-03,2025-02-24,1,0,0
LON04766,JE,Landry-Lynch,PrivateWealth,625.5,526.33,527.25,B,0.05,0.25,8.56,2021-01-09,2029-04-18,1,0,0
LON04767,BM,"Smith, Kelley and Alvarez",Retail,477.63,472.48,485.18,BBB,0.005,0.35,8.24,2021-07-30,2031-01-26,1,30,0
LON04768,BM,Bates Ltd,Hospitality,460.46,366.05,373.13,AA,0.0005,0.35,7.1,2021-11-25,2026-12-21,1,0,0
LON04769,JE,Perez-Graham,Energy,439.3,435.42,443.16,BBB,0.005,0.45,3.67,2021-02-04,2030-11-22,1,0,0
LON04770,BM,Nguyen Ltd,Shipping,586.17,561.17,569.42,BB,0.02,0.35,3.59,2022-09-28,2024-08-24,1,30,0
LON04771,BM,"Salazar, Haynes and Miller",Retail,1296.19,1229.95,1277.7,BB,0.02,0.6,7.44,2023-12-12,2028-11-30,2,0,0
LON04772,KY,"Mccall, Jones and Pena",Shipping,745.66,582.31,610.82,AA,0.0005,0.35,3.19,2019-07-30,2022-07-02,2,0,0
LON04773,JE,Grimes-Cuevas,Shipping,1043.52,976.12,1022.99,A,0.001,0.35,7.82,2020-06-27,2025-08-14,1,60,0
LON04774,BM,West LLC,Energy,776.09,635.0,635.08,B,0.05,0.6,6.53,2022-04-14,2027-04-04,1,0,0
LON04775,BM,"Hernandez, Austin and Boone",Shipping,1639.67,1360.32,1404.2,BBB,0.005,0.6,6.45,2023-08-12,2030-09-28,1,90,0
LON04776,BM,"Weaver, Wagner and Ryan",Energy,315.78,280.02,286.04,B,0.05,0.6,3.09,2023-08-10,2032-04-03,1,0,0
LON04777,BM,Fox-Holland,Shipping,472.58,369.39,374.03,BB,0.02,0.35,7.15,2024-05-01,2028-05-31,1,60,0
LON04778,KY,"Riddle, Ford and Rose",Technology,1262.54,1098.98,1122.24,A,0.001,0.6,5.57,2020-10-16,2023-08-10,1,0,0
LON04779,BM,"Ramirez, Hammond and Marshall",Technology,531.84,418.55,425.78,BB,0.02,0.6,3.03,2022-10-20,2024-02-16,1,0,0
LON04780,BM,Martinez-Gibson,PrivateWealth,1849.25,1601.0,1625.71,AA,0.0005,0.35,5.62,2022-08-08,2031-05-04,1,0,0
LON04781,BM,Francis-Martinez,Retail,431.05,389.5,405.84,AAA,0.0001,0.45,8.78,2020-07-30,2021-08-02,2,0,0
LON04782,KY,Thomas Inc,Technology,2118.4,1714.14,1727.64,BB,0.02,0.45,3.54,2020-04-08,2025-09-29,2,0,0
LON04783,BM,Patrick and Sons,Shipping,898.25,731.25,733.41,A,0.001,0.35,3.75,2023-09-23,2028-06-15,1,0,0
LON04784,KY,Ford Ltd,InvestmentHoldCo,856.9,798.51,832.49,B,0.05,0.35,4.51,2019-12-14,2026-03-16,1,0,0
LON04785,JE,"Pena, Carrillo and French",InvestmentHoldCo,170.14,144.62,145.3,B,0.05,0.35,3.72,2020-06-09,2025-11-12,1,0,0
LON04786,BM,"Wheeler, Sanchez and Branch",Shipping,250.18,247.98,259.19,BB,0.02,0.25,6.73,2020-10-23,2030-08-23,1,30,0
LON04787,BM,"Smith, Snow and Gray",Shipping,401.12,314.0,318.6,BBB,0.005,0.6,6.21,2020-11-11,2028-09-11,1,0,0
LON04788,KY,Thomas-Schmidt,RealEstate,1620.26,1255.82,1272.97,BBB,0.005,0.35,4.35,2024-05-18,2030-01-24,1,60,0
LON04789,GU,Collins-Cruz,InvestmentHoldCo,645.31,573.32,595.32,B,0.05,0.25,7.76,2021-12-08,2026-10-29,1,30,0
LON04790,GU,Thomas-Walker,Energy,324.72,259.82,271.6,BBB,0.005,0.35,4.94,2024-02-07,2033-04-02,1,30,0
LON04791,BM,Morris-Petersen,PrivateWealth,743.83,659.3,668.55,A,0.001,0.25,4.84,2023-06-05,2027-12-13,1,60,0
LON04792,JE,Weiss Group,RealEstate,353.51,288.73,299.47,AA,0.0005,0.25,6.51,2021-11-12,2030-04-01,1,0,0
LON04793,JE,Cisneros LLC,PrivateWealth,447.49,424.92,435.03,AAA,0.0001,0.35,4.62,2020-02-27,2029-08-05,1,30,0
LON04794,GU,Walker-Benjamin,Technology,218.8,181.32,189.39,BBB,0.005,0.6,7.67,2023-05-22,2028-01-23,1,0,0
LON04795,BM,"Ruiz, Weiss and Williams",RealEstate,1248.31,1016.81,1017.32,BB,0.02,0.35,5.93,2020-03-09,2029-09-10,1,30,0
LON04796,BM,"Reynolds, Mcdowell and Garcia",PrivateWealth,526.42,486.34,492.23,BBB,0.005,0.35,3.98,2019-11-19,2025-02-13,1,0,0
LON04797,KY,Jones and Sons,Retail,2695.31,2076.38,2146.4,BB,0.02,0.25,3.5,2022-06-02,2031-03-21,1,90,0
LON04798,KY,Cain-Robertson,Hospitality,772.25,653.25,676.7,BB,0.02,0.25,6.55,2024-04-21,2033-06-15,1,0,0
LON04799,BM,"Dixon, Conner and Evans",Hospitality,573.55,451.25,464.84,BBB,0.005,0.25,4.47,2020-08-20,2029-08-08,1,0,0
LON04800,BM,Hernandez-Fields,Energy,182.02,143.33,143.66,BBB,0.005,0.25,3.55,2020-09-22,2028-06-11,1,90,0
LON04801,BM,Turner-Garcia,RealEstate,395.29,348.76,362.42,BBB,0.005,0.35,8.1,2019-09-18,2024-08-01,1,0,0
LON04802,BM,Miller and Sons,PrivateWealth,912.08,899.04,926.28,A,0.001,0.6,5.31,2023-09-13,2027-07-06,1,90,0
LON04803,GU,Valdez LLC,RealEstate,666.58,611.99,635.2,BB,0.02,0.45,7.69,2020-02-01,2022-02-15,3,0,0
LON04804,BM,"Delacruz, Valdez and Johns",Hospitality,245.2,189.84,192.36,B,0.05,0.45,5.99,2023-07-13,2027-03-20,1,0,0
LON04805,KY,Wright-Schaefer,InvestmentHoldCo,717.3,613.59,644.0,BBB,0.005,0.6,7.21,2019-08-08,2022-04-11,1,90,0
LON04806,GU,"Dennis, Lee and Frazier",Retail,513.52,405.62,418.96,A,0.001,0.35,8.03,2020-09-03,2024-03-26,2,90,0
LON04807,KY,"Rodriguez, Gilbert and Hoover",Energy,712.92,678.26,678.94,AA,0.0005,0.6,5.98,2022-01-09,2030-07-16,1,90,0
LON04808,BM,Fuller Ltd,InvestmentHoldCo,1104.11,883.4,915.04,BBB,0.005,0.45,8.02,2024-02-07,2031-04-19,1,0,0
LON04809,BM,Villarreal Group,InvestmentHoldCo,738.54,642.17,654.97,B,0.05,0.6,5.91,2021-09-03,2030-08-29,1,0,0
LON04810,GU,"Clark, Fowler and Miller",RealEstate,522.25,416.75,425.42,BB,0.02,0.25,5.36,2021-03-28,2028-06-07,1,90,0
LON04811,BM,Johnson-Mckay,Energy,1822.83,1547.42,1602.11,B,0.05,0.25,4.41,2020-01-03,2029-09-04,1,0,0
LON04812,BM,Sandoval Group,Shipping,632.06,591.96,607.06,BB,0.02,0.45,6.68,2024-03-31,2026-02-03,1,60,0
LON04813,BM,Smith-Wells,PrivateWealth,467.05,395.7,412.49,A,0.001,0.35,3.77,2021-12-27,2028-01-31,3,0,0
LON04814,KY,Lee-Thomas,InvestmentHoldCo,580.91,463.08,482.11,BBB,0.005,0.35,4.94,2021-07-05,2027-11-27,1,0,0
LON04815,GU,Quinn-Dawson,RealEstate,805.37,655.59,687.59,A,0.001,0.35,6.8,2021-10-25,2029-11-02,1,0,0
LON04816,BM,Stout-Dawson,Technology,1120.15,1024.74,1074.14,B,0.05,0.25,7.21,2020-11-19,2028-09-14,1,60,0
LON04817,BM,"Nelson, Chapman and Wilson",Retail,2633.93,2075.26,2160.55,A,0.001,0.25,5.22,2023-11-30,2028-08-21,1,0,0
LON04818,BM,Brooks-Howard,RealEstate,866.52,678.05,697.07,BB,0.02,0.25,3.14,2022-04-13,2029-08-11,1,0,0
LON04819,BM,Anderson-Cameron,Technology,2035.83,1730.34,1741.83,A,0.001,0.25,3.25,2022-06-11,2030-05-27,1,0,0
LON04820,KY,"Raymond, Cain and Bryant",Shipping,321.84,258.44,271.09,AAA,0.0001,0.35,6.74,2023-09-04,2030-05-15,1,30,0
LON04821,JE,"James, James and Mcclain",Technology,914.73,756.89,770.41,B,0.05,0.35,8.87,2019-09-03,2028-06-13,1,0,0
LON04822,KY,Bates-Phillips,Technology,570.97,569.47,581.66,BBB,0.005,0.45,5.26,2024-01-25,2031-08-01,1,90,0
LON04823,KY,Jimenez-Johnson,Retail,357.2,355.34,372.53,BB,0.02,0.35,5.78,2021-10-29,2028-07-15,2,0,0
LON04824,BM,White Ltd,InvestmentHoldCo,656.79,625.45,638.88,BBB,0.005,0.35,5.95,2024-01-26,2030-03-07,1,0,0
LON04825,KY,"Douglas, Smith and Mcdonald",Shipping,886.95,824.04,850.17,BBB,0.005,0.35,6.96,2021-01-19,2022-06-05,1,30,0
LON04826,BM,Kelly-Cox,PrivateWealth,291.14,284.46,284.49,BBB,0.005,0.25,4.16,2022-06-22,2029-08-10,1,60,0
LON04827,GU,Wood-Moran,Technology,179.8,144.65,144.94,BBB,0.005,0.6,3.94,2019-12-19,2026-01-24,1,0,0
LON04828,BM,Dunn-Keith,Energy,1060.1,1015.42,1032.39,A,0.001,0.35,8.48,2020-08-26,2028-06-08,1,60,0
LON04829,GU,"Green, Williams and Odom",Retail,957.87,844.37,875.49,BB,0.02,0.25,8.44,2020-12-11,2025-02-06,2,90,0
LON04830,JE,Davis LLC,Hospitality,1220.72,994.72,1003.42,A,0.001,0.25,6.75,2023-06-02,2024-12-22,1,30,0
LON04831,KY,Smith-Weber,RealEstate,681.05,526.72,547.19,BBB,0.005,0.25,7.81,2022-04-21,2029-02-27,1,0,0
LON04832,BM,Davis-Mcdowell,Shipping,1436.27,1260.9,1284.71,BB,0.02,0.35,6.45,2020-03-12,2026-09-28,1,60,0
LON04833,BM,Hicks LLC,Retail,201.44,192.86,195.42,BBB,0.005,0.25,3.18,2022-03-13,2030-07-30,1,0,0
LON04834,KY,Becker-Griffin,Hospitality,283.66,279.77,293.68,AAA,0.0001,0.6,3.0,2020-05-09,2021-07-13,1,0,0
LON04835,BM,Camacho and Sons,Retail,1381.75,1181.05,1221.19,BBB,0.005,0.45,5.77,2023-06-16,2027-08-14,1,60,0
LON04836,KY,Mckay LLC,PrivateWealth,775.71,670.62,679.09,A,0.001,0.25,5.18,2023-04-09,2027-08-15,1,90,0
LON04837,KY,Osborne-Hooper,Energy,895.57,783.46,805.02,BB,0.02,0.35,8.67,2021-08-08,2025-11-10,1,60,0
LON04838,JE,"Sanford, Jones and Fuller",Shipping,284.96,236.98,247.34,B,0.05,0.6,5.78,2021-06-25,2025-03-13,1,60,0
LON04839,KY,Ramirez Ltd,RealEstate,475.9,464.74,483.89,AA,0.0005,0.6,7.81,2023-11-27,2032-01-19,1,0,0
LON04840,JE,Wiley Ltd,RealEstate,330.96,264.85,277.96,BB,0.02,0.45,8.41,2024-06-12,2029-02-26,1,30,0
LON04841,JE,Wade-Bailey,Shipping,440.76,389.81,391.82,A,0.001,0.45,6.92,2024-02-12,2031-09-19,1,0,0
LON04842,KY,Banks Inc,RealEstate,658.8,633.31,637.61,BB,0.02,0.25,8.91,2021-09-27,2027-01-21,2,0,0
LON04843,JE,"Bauer, Huerta and Riggs",Energy,510.63,430.01,436.53,AA,0.0005,0.6,5.23,2020-08-09,2023-07-12,1,0,0
LON04844,BM,Smith-Taylor,Energy,440.72,422.72,442.23,BBB,0.005,0.25,7.82,2022-12-19,2027-01-19,1,0,0
LON04845,BM,Jensen-Perry,PrivateWealth,530.82,428.15,432.73,A,0.001,0.6,3.52,2021-09-15,2031-04-08,1,0,0
LON04846,JE,"King, Garrison and Harris",Technology,1129.25,996.23,1020.92,BBB,0.005,0.25,4.78,2024-05-29,2033-11-15,1,0,0
LON04847,GU,Miller-Moore,PrivateWealth,3767.04,2959.72,3061.07,A,0.001,0.25,3.87,2021-11-25,2022-12-06,1,0,0
LON04848,BM,Robinson Ltd,Energy,748.6,646.12,660.83,BB,0.02,0.25,6.29,2023-02-16,2028-11-23,1,90,0
LON04849,KY,Lowery-Perry,PrivateWealth,1200.66,987.5,1016.96,BBB,0.005,0.6,6.92,2019-08-05,2025-09-13,1,90,0
LON04850,GU,Hensley-Anderson,PrivateWealth,387.58,334.39,335.03,BB,0.02,0.45,4.56,2020-11-30,2029-11-16,1,0,0
LON04851,KY,"Rivas, Gray and Taylor",Shipping,335.29,265.51,274.76,BBB,0.005,0.25,6.0,2021-11-23,2031-11-05,1,90,0
LON04852,BM,Foster-Johnson,Hospitality,2893.06,2281.13,2392.02,BBB,0.005,0.25,5.59,2024-05-16,2027-12-15,1,60,0
LON04853,GU,Davis-Stevens,PrivateWealth,307.79,248.2,251.71,A,0.001,0.25,5.18,2022-02-09,2026-01-04,1,0,0
LON04854,KY,"Hooper, Perez and Taylor",Retail,1731.44,1397.42,1447.6,AA,0.0005,0.25,8.23,2022-06-30,2027-06-15,1,90,0
LON04855,BM,"Evans, Stanley and Davies",Technology,421.14,398.28,413.24,AA,0.0005,0.35,3.84,2021-03-01,2022-03-10,1,0,0
LON04856,BM,Forbes-Foster,Shipping,280.26,250.01,252.74,A,0.001,0.6,7.53,2021-12-01,2027-12-13,1,0,0
LON04857,JE,Anderson Inc,Retail,380.81,344.79,360.7,BB,0.02,0.35,7.66,2024-05-03,2026-10-11,1,0,0
LON04858,BM,"Bowers, Lewis and Lee",Hospitality,1734.33,1580.45,1595.55,A,0.001,0.6,8.06,2020-09-24,2030-01-31,1,0,0
LON04859,KY,Malone Group,RealEstate,1346.32,1093.48,1108.24,A,0.001,0.35,5.48,2023-11-11,2032-01-10,1,0,0
LON04860,KY,"Park, Pierce and Rios",InvestmentHoldCo,806.7,775.37,811.28,BBB,0.005,0.35,7.19,2023-02-09,2033-01-17,1,0,0
LON04861,JE,"Thornton, Preston and Robinson",PrivateWealth,949.76,870.32,882.38,BBB,0.005,0.25,3.16,2024-01-28,2032-12-11,1,60,0
LON04862,KY,Sheppard-Mathis,InvestmentHoldCo,653.12,602.74,604.12,B,0.05,0.45,6.0,2022-01-16,2030-12-08,1,0,0
LON04863,BM,"Bennett, Frey and Luna",Energy,341.54,288.01,295.83,BB,0.02,0.35,5.17,2020-09-28,2028-01-19,1,90,0
LON04864,KY,Barber-Price,PrivateWealth,270.63,237.61,244.3,BBB,0.005,0.6,5.18,2022-09-29,2029-04-17,1,0,0
LON04865,BM,Ortega-Ray,Retail,532.22,507.45,526.05,BBB,0.005,0.45,4.22,2021-07-03,2028-10-11,1,0,0
LON04866,KY,Banks-Evans,Shipping,219.59,172.77,176.77,BB,0.02,0.6,4.46,2022-09-21,2030-06-02,1,0,0
LON04867,KY,Miller Group,PrivateWealth,173.46,171.21,172.9,BB,0.02,0.35,6.01,2024-02-29,2026-08-16,2,30,0
LON04868,BM,Beltran-Gross,InvestmentHoldCo,652.37,571.58,581.15,BB,0.02,0.45,6.56,2024-04-27,2028-04-01,1,0,0
LON04869,BM,Vaughan-Medina,RealEstate,573.68,453.39,465.3,BBB,0.005,0.35,5.74,2019-11-14,2027-03-25,1,60,0
LON04870,KY,Conway Group,RealEstate,674.22,594.6,622.55,BB,0.02,0.35,7.14,2019-08-03,2025-11-05,1,90,0
LON04871,KY,Pratt Inc,Hospitality,1086.59,896.82,899.26,BBB,0.005,0.25,4.74,2021-09-16,2025-10-03,1,60,0
LON04872,BM,Valdez and Sons,PrivateWealth,1395.11,1137.68,1164.57,BB,0.02,0.45,6.93,2022-06-23,2030-06-14,2,0,0
LON04873,KY,"Conley, Higgins and Lawrence",Technology,923.58,828.85,861.51,A,0.001,0.45,6.85,2021-11-04,2024-03-14,1,90,0
LON04874,GU,Tucker and Sons,InvestmentHoldCo,711.78,567.88,585.64,B,0.05,0.35,7.26,2023-01-06,2032-09-20,1,0,0
LON04875,BM,Garner Group,Shipping,464.85,364.82,373.16,A,0.001,0.25,8.34,2022-01-22,2023-03-26,1,30,0
LON04876,KY,Collins-West,Retail,1080.83,931.87,956.38,BBB,0.005,0.6,7.82,2020-09-24,2027-02-21,1,0,0
LON04877,GU,"Parsons, Manning and Sanchez",Retail,584.59,581.83,588.83,BBB,0.005,0.25,7.47,2019-07-13,2028-03-11,2,90,0
LON04878,KY,Davis-Simmons,Shipping,740.13,662.63,694.5,A,0.001,0.45,8.45,2024-05-19,2028-09-19,1,90,0
LON04879,BM,Lopez-Mcneil,Retail,1098.45,1068.88,1095.98,A,0.001,0.35,8.04,2019-09-05,2020-10-26,1,30,0
LON04880,BM,Finley-Coffey,InvestmentHoldCo,2046.31,1815.48,1856.82,BBB,0.005,0.25,4.18,2022-01-23,2024-01-04,1,60,0
LON04881,KY,Conner and Sons,Energy,723.07,673.19,685.17,BB,0.02,0.35,6.15,2022-01-11,2023-11-19,2,0,0
LON04882,KY,Ingram-Deleon,PrivateWealth,593.8,516.4,541.71,BB,0.02,0.6,5.49,2023-11-30,2027-04-16,1,60,0
LON04883,BM,Lyons Group,InvestmentHoldCo,2488.4,2077.52,2090.58,BBB,0.005,0.25,5.82,2023-10-05,2028-08-14,1,60,0
LON04884,KY,"Jones, Gutierrez and Cooper",PrivateWealth,741.06,610.97,634.73,BB,0.02,0.25,5.03,2020-09-19,2024-10-20,2,0,0
LON04885,KY,Huang Group,InvestmentHoldCo,1457.68,1371.79,1428.46,BBB,0.005,0.35,6.81,2023-08-17,2028-10-05,1,90,0
LON04886,KY,Higgins Ltd,PrivateWealth,266.36,251.68,263.71,B,0.05,0.35,7.27,2023-01-06,2028-12-23,1,90,0
LON04887,KY,Frazier PLC,Retail,386.66,375.03,384.62,A,0.001,0.45,6.42,2022-07-06,2032-03-30,1,60,0
LON04888,KY,"Moore, Gross and Cole",Hospitality,760.18,649.35,681.47,BBB,0.005,0.25,5.34,2021-12-25,2028-09-27,1,90,0
LON04889,GU,Cobb-Marshall,Technology,808.87,768.54,782.1,A,0.001,0.45,4.04,2020-10-20,2030-09-08,1,30,0
LON04890,BM,"Garcia, Cox and Sims",RealEstate,2100.46,1859.76,1886.95,A,0.001,0.6,3.44,2020-09-01,2023-11-18,1,30,0
LON04891,JE,Smith LLC,Technology,858.83,771.49,772.46,B,0.05,0.25,5.42,2020-10-06,2026-09-30,1,0,0
LON04892,BM,"Sanders, Blair and Herring",PrivateWealth,375.8,291.62,301.04,BBB,0.005,0.45,5.04,2020-07-06,2024-05-29,3,0,0
LON04893,BM,"Velez, Chapman and Stewart",Hospitality,608.35,479.08,482.65,BB,0.02,0.25,8.02,2020-10-10,2022-06-23,1,0,0
LON04894,JE,Griffin and Sons,Retail,2090.03,1630.09,1694.3,A,0.001,0.25,8.9,2023-10-23,2033-01-27,1,0,0
LON04895,KY,Williams-Harris,Shipping,464.22,373.27,374.53,BB,0.02,0.45,6.94,2021-07-07,2030-01-21,1,90,0
LON04896,KY,Finley LLC,Shipping,441.51,436.13,450.16,BBB,0.005,0.45,4.95,2022-08-07,2031-08-30,1,30,0
LON04897,GU,"Vasquez, Cantu and Paul",Energy,858.97,700.32,722.71,B,0.05,0.6,8.92,2022-01-07,2027-10-18,1,90,0
LON04898,BM,Wallace Group,PrivateWealth,1140.84,1134.03,1178.01,A,0.001,0.25,3.41,2023-04-27,2029-06-16,1,90,0
LON04899,KY,Carter Ltd,Shipping,258.31,241.12,241.74,A,0.001,0.35,3.46,2019-07-25,2026-05-12,1,30,0
LON04900,KY,Hansen-Roberts,Shipping,469.9,421.21,430.46,B,0.05,0.35,6.26,2020-03-07,2022-09-23,1,0,0
LON04901,BM,"Smith, Wells and Miller",Technology,104.58,88.04,88.94,AA,0.0005,0.25,4.51,2022-05-16,2024-02-09,1,0,0
LON04902,BM,Morales Inc,Energy,356.69,303.05,316.79,A,0.001,0.6,7.69,2020-12-25,2029-09-08,2,30,0
LON04903,JE,Lawrence LLC,Retail,1106.97,1036.28,1041.08,BB,0.02,0.25,4.34,2020-01-25,2024-11-03,1,0,0
LON04904,BM,Clark-Bell,RealEstate,1172.32,1032.88,1041.19,AA,0.0005,0.6,4.83,2021-10-29,2023-11-04,1,0,0
LON04905,KY,"Murray, Zimmerman and Simpson",InvestmentHoldCo,1357.95,1099.66,1132.56,BBB,0.005,0.35,7.87,2024-02-17,2032-01-01,1,90,0
LON04906,KY,"Archer, Johnston and Lam",InvestmentHoldCo,286.97,245.95,247.31,BBB,0.005,0.25,6.91,2021-10-29,2025-04-25,1,90,0
LON04907,KY,Burton and Sons,InvestmentHoldCo,337.18,276.24,288.83,BB,0.02,0.25,6.99,2023-10-08,2027-09-21,2,0,0
LON04908,BM,"Barrett, Rivers and Hall",Shipping,476.37,374.98,386.89,B,0.05,0.45,8.02,2021-08-06,2030-06-05,1,0,0
LON04909,KY,Myers-Oliver,RealEstate,299.19,232.92,238.88,BB,0.02,0.6,5.85,2021-02-04,2030-10-27,1,0,0
LON04910,BM,Moreno and Sons,Shipping,457.51,420.58,433.36,BBB,0.005,0.25,4.59,2021-02-02,2023-01-04,1,30,0
LON04911,BM,"Singleton, Smith and Petersen",Hospitality,715.34,575.06,602.98,BB,0.02,0.35,8.79,2019-08-12,2024-04-28,1,90,0
LON04912,BM,Carter-Newman,Retail,941.52,734.67,736.02,BB,0.02,0.25,4.58,2023-06-28,2030-03-06,1,90,0
LON04913,GU,Harris LLC,Technology,547.36,503.35,511.58,AAA,0.0001,0.25,7.19,2024-01-28,2027-04-12,2,0,0
LON04914,BM,"Lucas, Rice and Smith",Shipping,503.91,401.4,416.18,BBB,0.005,0.35,3.09,2021-01-06,2028-08-15,1,90,0
LON04915,GU,Lopez Group,RealEstate,1327.57,1057.66,1080.75,B,0.05,0.35,5.22,2024-03-06,2034-01-02,2,0,0
LON04916,BM,Obrien PLC,PrivateWealth,711.16,572.78,589.47,B,0.05,0.35,8.89,2024-06-06,2028-04-12,1,0,0
LON04917,KY,Hull-Nguyen,Energy,1083.11,970.43,974.23,B,0.05,0.25,7.01,2021-08-14,2027-09-25,1,0,0
LON04918,BM,"Rodriguez, Richardson and Kelley",Retail,1735.14,1523.34,1583.08,BBB,0.005,0.45,8.13,2022-09-05,2028-07-05,2,0,0
LON04919,BM,Willis LLC,RealEstate,540.56,538.18,558.34,BBB,0.005,0.35,7.07,2023-12-15,2027-06-17,1,90,0
LON04920,BM,Sparks and Sons,PrivateWealth,616.7,591.01,617.49,B,0.05,0.25,3.65,2023-02-08,2030-02-13,1,0,0
LON04921,BM,Wong LLC,Hospitality,2942.84,2482.4,2483.42,BBB,0.005,0.35,7.49,2022-08-06,2031-06-11,1,60,0
LON04922,KY,Gonzales Group,PrivateWealth,1093.12,887.97,909.82,AA,0.0005,0.25,5.97,2023-03-26,2026-08-07,1,0,0
LON04923,BM,"Cunningham, Smith and Phillips",Energy,507.11,440.99,450.59,B,0.05,0.45,8.61,2020-08-20,2022-08-10,1,0,0
LON04924,JE,Mcclure Inc,InvestmentHoldCo,810.78,652.04,671.04,B,0.05,0.25,4.14,2023-05-31,2026-02-23,2,0,0
LON04925,KY,"Branch, Alvarado and Miller",Energy,1243.17,1011.46,1020.44,AA,0.0005,0.45,5.25,2020-06-27,2024-03-04,1,0,0
LON04926,KY,Rodriguez-Ritter,Energy,1328.93,1089.77,1124.54,BBB,0.005,0.6,6.13,2021-05-11,2022-11-07,1,60,0
LON04927,JE,Navarro-Moody,Retail,1388.97,1106.28,1137.3,BB,0.02,0.6,3.76,2019-10-24,2022-01-29,1,30,0
LON04928,BM,Castillo-Diaz,Energy,5678.97,4381.56,4501.51,AA,0.0005,0.45,3.3,2024-03-11,2028-02-17,1,0,0
LON04929,KY,Davis LLC,InvestmentHoldCo,1440.59,1214.75,1259.23,B,0.05,0.25,5.94,2023-12-26,2029-03-10,1,0,0
LON04930,KY,"Anderson, Maynard and Sullivan",RealEstate,786.95,655.3,676.45,BBB,0.005,0.6,7.17,2023-04-14,2024-11-12,1,0,0
LON04931,BM,Kramer PLC,PrivateWealth,415.16,357.45,359.34,A,0.001,0.25,8.36,2019-10-08,2022-08-30,1,60,0
LON04932,JE,"Martinez, Davis and Meza",Technology,716.24,657.28,664.98,BBB,0.005,0.6,6.14,2023-01-18,2030-02-20,1,0,0
LON04933,KY,Hendrix-Carpenter,InvestmentHoldCo,2601.37,2041.0,2062.9,BBB,0.005,0.25,6.62,2021-10-16,2030-07-06,1,0,0
LON04934,BM,Payne-Murphy,Shipping,762.04,605.18,619.98,BB,0.02,0.45,8.12,2022-05-28,2031-01-20,3,60,0
LON04935,GU,"Pace, Wallace and Thompson",InvestmentHoldCo,971.0,770.09,806.94,B,0.05,0.25,7.41,2024-03-20,2025-08-05,1,60,0
LON04936,GU,Forbes PLC,Hospitality,626.02,611.86,611.89,A,0.001,0.6,3.25,2022-07-30,2026-10-29,1,0,0
LON04937,BM,"Clark, Thomas and Parks",InvestmentHoldCo,743.93,690.64,691.39,B,0.05,0.6,4.76,2024-02-03,2030-05-26,1,30,0
LON04938,GU,Miller-Pennington,Retail,1369.4,1190.06,1203.47,BB,0.02,0.35,7.61,2021-08-29,2024-11-20,1,0,0
LON04939,BM,"Smith, Carlson and Taylor",Energy,616.85,581.6,594.15,BBB,0.005,0.25,6.66,2022-10-15,2023-10-19,1,0,0
LON04940,BM,"Mills, Parker and Singleton",Retail,2899.23,2578.04,2698.65,BBB,0.005,0.45,5.72,2019-09-16,2026-07-11,2,90,0
LON04941,BM,Morales Ltd,InvestmentHoldCo,2762.23,2577.78,2655.93,BBB,0.005,0.35,4.71,2021-02-06,2029-03-21,1,0,0
LON04942,GU,House-Diaz,Energy,120.54,107.88,113.26,AA,0.0005,0.6,8.91,2023-02-13,2028-07-03,1,0,0
LON04943,KY,White and Sons,PrivateWealth,574.62,466.55,478.55,AA,0.0005,0.35,6.18,2022-01-24,2025-07-07,1,60,0
LON04944,KY,Morgan-Casey,Technology,674.67,609.04,624.51,BBB,0.005,0.6,7.79,2019-08-23,2024-11-15,1,0,0
LON04945,BM,Parker-Brown,Technology,2748.42,2168.54,2270.05,BB,0.02,0.45,7.46,2022-02-09,2025-12-23,1,0,0
LON04946,BM,"Morgan, Williams and Jones",Technology,448.51,447.67,448.44,AA,0.0005,0.25,5.63,2023-02-26,2031-01-21,1,0,0
LON04947,KY,"Vaughan, Peterson and Aguirre",Technology,985.73,826.65,865.02,BB,0.02,0.45,7.8,2024-01-20,2030-02-20,3,0,0
LON04948,KY,Harris Group,Energy,1593.17,1532.15,1538.39,A,0.001,0.35,6.33,2024-01-14,2026-12-02,1,60,0
LON04949,JE,Smith Ltd,Technology,1069.71,842.86,877.54,BBB,0.005,0.25,4.65,2024-01-20,2025-04-14,1,90,0
LON04950,BM,Brown-Hodge,Retail,463.28,367.15,384.3,A,0.001,0.25,7.48,2022-09-04,2024-09-27,1,0,0
LON04951,KY,Williams-Schmidt,Technology,1557.24,1383.45,1403.2,BBB,0.005,0.35,3.83,2022-11-14,2032-10-22,1,0,0
LON04952,BM,Palmer PLC,Hospitality,256.02,222.22,226.42,A,0.001,0.35,3.19,2019-07-20,2026-11-06,1,60,0
LON04953,BM,Daniel-Bradley,InvestmentHoldCo,297.23,244.53,250.95,BB,0.02,0.35,8.05,2021-11-11,2027-09-22,1,60,0
LON04954,BM,"Duarte, Larsen and Trevino",InvestmentHoldCo,191.08,158.9,163.54,BBB,0.005,0.25,7.91,2023-08-06,2025-06-20,1,30,0
LON04955,GU,"Jennings, Fuller and Christian",Shipping,636.28,552.63,579.48,BB,0.02,0.35,5.51,2019-10-14,2023-03-23,1,30,0
LON04956,GU,Martin PLC,InvestmentHoldCo,604.47,516.55,525.27,BB,0.02,0.25,5.47,2020-07-31,2027-10-10,2,0,0
LON04957,BM,"Miranda, Guzman and Good",PrivateWealth,601.78,518.84,544.31,BB,0.02,0.25,6.6,2020-06-20,2030-04-02,2,0,0
LON04958,BM,Gaines-Smith,PrivateWealth,791.04,745.38,752.68,BBB,0.005,0.6,4.61,2021-10-15,2028-08-31,1,0,0
LON04959,BM,Pacheco PLC,Energy,787.92,754.43,771.62,BBB,0.005,0.25,7.86,2024-06-16,2033-05-30,1,90,0
LON04960,BM,Hall-Escobar,PrivateWealth,1038.39,871.94,909.03,A,0.001,0.25,8.98,2023-12-11,2031-08-04,1,60,0
LON04961,KY,Bullock-Nichols,Technology,343.8,336.54,341.67,BBB,0.005,0.6,7.98,2019-11-27,2025-02-12,1,0,0
LON04962,KY,Villarreal PLC,Energy,752.5,586.64,605.83,B,0.05,0.45,7.17,2020-06-18,2030-02-23,2,0,0
LON04963,BM,Pineda-Hurst,Retail,496.87,431.58,449.36,B,0.05,0.25,7.34,2022-07-09,2026-11-26,1,0,0
LON04964,BM,Nelson-Miller,Shipping,254.28,216.36,222.91,BBB,0.005,0.25,6.81,2019-07-24,2020-09-14,1,0,0
LON04965,KY,"Edwards, Hines and Vincent",Shipping,1537.06,1488.84,1516.02,AA,0.0005,0.35,4.85,2021-06-26,2027-01-04,1,30,0
LON04966,BM,Johnson Group,PrivateWealth,1263.59,977.42,1019.25,BBB,0.005,0.25,4.11,2022-06-23,2025-04-11,1,0,0
LON04967,BM,Sanders LLC,RealEstate,418.7,408.16,410.7,BBB,0.005,0.45,8.31,2021-05-23,2025-01-30,1,30,0
LON04968,GU,Hampton LLC,InvestmentHoldCo,424.53,422.7,423.64,A,0.001,0.45,3.35,2021-11-16,2031-01-03,1,0,0
LON04969,BM,Kirby-Villarreal,Technology,1488.67,1445.46,1451.16,BB,0.02,0.25,3.19,2024-02-25,2032-01-03,1,0,0
LON04970,BM,Davis-Simon,Shipping,105.64,82.31,84.23,B,0.05,0.35,6.38,2021-03-22,2024-11-17,1,0,0
LON04971,KY,Webb-May,InvestmentHoldCo,644.09,624.59,634.3,A,0.001,0.25,4.42,2023-12-31,2030-01-16,3,90,0
LON04972,JE,Thompson-Fritz,Hospitality,302.81,263.31,266.9,B,0.05,0.25,7.66,2024-05-21,2026-01-01,2,90,0
LON04973,BM,Kline LLC,PrivateWealth,1980.18,1740.81,1799.27,B,0.05,0.25,5.27,2024-05-18,2025-10-28,1,0,0
LON04974,BM,Ingram LLC,PrivateWealth,535.0,429.68,449.53,A,0.001,0.35,3.57,2022-06-01,2031-01-03,1,30,0
LON04975,BM,"Hunt, Watkins and Nguyen",Technology,708.09,617.47,622.07,BBB,0.005,0.25,4.38,2022-12-12,2032-06-09,2,0,0
LON04976,BM,"Joseph, Hayes and Kirk",Technology,299.0,239.75,244.66,BBB,0.005,0.6,3.81,2023-04-25,2028-06-27,2,30,0
LON04977,JE,"Shaffer, Davis and Ward",InvestmentHoldCo,168.53,150.12,150.37,A,0.001,0.35,3.47,2020-07-02,2028-10-17,1,0,0
LON04978,JE,"James, Brown and Dyer",InvestmentHoldCo,300.84,243.23,245.27,B,0.05,0.6,7.01,2022-01-28,2025-03-21,1,0,0
LON04979,KY,Coleman LLC,Energy,896.27,698.78,723.17,BB,0.02,0.35,4.71,2019-12-25,2025-11-03,1,0,0
LON04980,BM,"Lopez, Holland and Delgado",Energy,381.8,326.66,330.29,BBB,0.005,0.35,5.86,2023-09-16,2031-12-13,2,60,0
LON04981,JE,West-Gilbert,Energy,733.8,710.19,731.2,AA,0.0005,0.35,6.7,2021-03-24,2022-04-15,1,90,0
LON04982,KY,Hunter-Reed,Shipping,686.81,545.93,562.34,BBB,0.005,0.35,3.99,2020-12-10,2029-06-26,1,0,0
LON04983,BM,"Hoffman, Savage and Landry",Energy,1825.34,1457.19,1496.3,BB,0.02,0.45,5.85,2021-06-27,2026-08-06,1,0,0
LON04984,KY,Williams-Miller,Energy,210.38,208.85,211.47,BB,0.02,0.35,8.73,2021-03-10,2023-08-19,1,60,0
LON04985,BM,Miller-Wright,RealEstate,460.63,370.82,388.81,BB,0.02,0.6,8.28,2024-03-23,2026-12-19,1,90,0
LON04986,KY,Silva and Sons,Retail,888.72,729.63,742.1,BB,0.02,0.45,8.98,2021-02-04,2027-03-21,2,60,0
LON04987,BM,Tucker-Thornton,Technology,481.22,440.83,456.18,BB,0.02,0.25,5.03,2024-06-12,2028-02-12,1,0,0
LON04988,KY,"Johnson, Moore and Jackson",RealEstate,614.61,474.66,493.16,AA,0.0005,0.6,6.89,2022-06-13,2024-10-21,1,0,0
LON04989,BM,Jacobs-Smith,PrivateWealth,580.26,484.12,498.28,BB,0.02,0.25,5.21,2019-11-12,2029-06-29,1,0,0
LON04990,KY,Stephens-Avila,InvestmentHoldCo,420.97,337.66,348.22,A,0.001,0.25,7.59,2022-08-11,2028-07-22,1,0,0
LON04991,BM,"Maddox, Meyer and Hall",Shipping,960.93,803.75,823.61,BBB,0.005,0.6,5.65,2022-07-09,2027-01-10,1,60,0
LON04992,KY,Vega-Duran,Hospitality,624.04,584.19,585.52,AA,0.0005,0.25,8.39,2023-02-24,2031-11-07,2,0,0
LON04993,BM,"Smith, Perez and Snow",PrivateWealth,1444.24,1190.73,1214.16,A,0.001,0.35,7.18,2022-09-27,2023-10-12,1,0,0
LON04994,BM,Glover-Atkinson,PrivateWealth,591.56,520.56,539.6,B,0.05,0.25,5.03,2019-07-17,2028-10-23,1,0,0
LON04995,KY,"Morgan, Short and Krueger",InvestmentHoldCo,483.88,383.97,387.18,AAA,0.0001,0.25,7.7,2024-06-01,2031-12-19,1,0,0
LON04996,KY,Rice-Combs,Technology,953.73,811.97,827.54,B,0.05,0.35,4.79,2019-09-15,2027-09-17,1,0,0
LON04997,BM,Mcdonald Group,RealEstate,217.73,180.91,187.79,A,0.001,0.25,6.73,2020-01-30,2021-09-14,2,0,0
LON04998,BM,Jenkins-Harmon,Retail,825.23,729.7,751.1,BBB,0.005,0.25,7.01,2021-05-16,2030-06-14,1,0,0
LON04999,KY,Mitchell-Graham,InvestmentHoldCo,147.55,119.53,124.06,B,0.05,0.25,6.46,2019-08-15,2021-08-27,1,0,0
LON05000,KY,Matthews Ltd,Technology,1747.06,1418.91,1460.34,A,0.001,0.35,8.19,2024-02-19,2032-02-11,1,0,0
LON05001,BM,Rivas Ltd,Hospitality,1327.76,1216.04,1243.45,A,0.001,0.25,4.44,2023-11-25,2029-04-18,1,0,0
LON05002,KY,Simmons-Henderson,InvestmentHoldCo,1360.93,1248.71,1266.72,BBB,0.005,0.25,7.1,2019-07-02,2027-03-14,1,30,0
LON05003,BM,Garcia LLC,RealEstate,189.18,169.63,170.93,BB,0.02,0.25,7.66,2023-01-02,2027-02-16,1,0,0
LON05004,BM,"Haynes, Ramos and Nunez",PrivateWealth,475.6,459.62,470.52,A,0.001,0.6,6.17,2023-12-12,2027-02-05,1,0,0
LON05005,BM,Nolan Group,Retail,776.92,643.84,667.66,BBB,0.005,0.35,7.13,2022-01-18,2029-01-27,1,0,0
LON05006,KY,Lee PLC,Hospitality,1364.47,1063.76,1086.15,BB,0.02,0.35,8.14,2023-04-17,2028-10-21,1,30,0
LON05007,KY,Gonzales Group,Hospitality,770.01,672.83,706.02,B,0.05,0.6,8.89,2023-04-05,2030-09-30,1,0,0
LON05008,BM,"Long, Mcbride and Guzman",Retail,363.64,319.9,321.77,AA,0.0005,0.35,7.23,2021-02-19,2030-08-01,1,60,0
LON05009,BM,Bonilla Ltd,Hospitality,2151.48,1996.93,2041.09,B,0.05,0.6,5.43,2020-01-01,2021-06-14,1,60,0
LON05010,JE,Kirk-Mayo,Energy,786.02,764.09,797.59,A,0.001,0.25,6.52,2019-10-29,2026-08-23,2,60,0
LON05011,BM,Yu Group,PrivateWealth,263.67,209.85,214.25,BB,0.02,0.35,5.68,2024-03-29,2026-11-03,1,0,0
LON05012,BM,Rivera PLC,PrivateWealth,960.44,767.72,802.62,BBB,0.005,0.6,8.78,2022-04-19,2023-11-16,1,0,0
LON05013,KY,Hernandez-Williams,Hospitality,467.06,437.26,444.49,BB,0.02,0.35,4.22,2020-01-17,2023-06-19,1,0,0
LON05014,BM,Allen LLC,RealEstate,767.54,686.47,702.23,BB,0.02,0.6,4.97,2020-07-12,2022-07-05,1,0,0
LON05015,BM,Hudson-Harvey,InvestmentHoldCo,537.91,485.51,491.22,A,0.001,0.6,4.87,2022-01-08,2027-05-22,1,0,0
LON05016,JE,"Benjamin, Bradshaw and Molina",Technology,179.29,167.71,171.49,BBB,0.005,0.45,5.49,2021-08-27,2027-07-28,2,0,0
LON05017,JE,Carr LLC,InvestmentHoldCo,509.85,473.58,481.03,BB,0.02,0.25,7.85,2021-02-14,2023-08-30,1,0,0
LON05018,BM,"Evans, Lowery and Adams",RealEstate,358.92,285.53,288.19,A,0.001,0.25,3.85,2021-03-14,2025-07-10,1,0,0
LON05019,KY,Aguilar-Martinez,Energy,167.24,129.41,134.99,BBB,0.005,0.25,8.54,2021-08-12,2025-10-16,1,0,0
LON05020,BM,Wheeler-Roberts,Energy,3016.35,2702.98,2798.37,B,0.05,0.6,8.53,2022-11-28,2032-02-28,1,0,0
LON05021,KY,Gentry-Smith,InvestmentHoldCo,1750.53,1360.94,1379.24,BBB,0.005,0.25,6.05,2021-11-26,2029-11-10,1,90,0
LON05022,KY,Ford-Perkins,Energy,873.55,739.02,762.44,BBB,0.005,0.25,5.93,2023-06-20,2027-02-25,1,90,0
LON05023,GU,Torres-Tucker,PrivateWealth,288.42,236.16,247.6,B,0.05,0.45,3.36,2019-09-13,2029-07-08,2,90,0
LON05024,KY,Cunningham-Cruz,Retail,769.17,597.11,612.33,AA,0.0005,0.25,8.05,2022-03-12,2023-04-28,1,0,0
LON05025,BM,Wallace-Smith,Retail,417.63,321.84,327.16,BBB,0.005,0.25,7.02,2020-04-04,2024-03-09,1,60,0
LON05026,KY,Bowman-Stone,Retail,1091.62,1063.34,1066.98,BB,0.02,0.35,6.26,2021-04-22,2029-06-11,1,30,0
LON05027,GU,"Miller, Rios and Webster",RealEstate,879.55,824.19,827.51,BBB,0.005,0.35,8.19,2022-08-30,2029-08-25,1,60,0
LON05028,KY,Fisher-Avery,Technology,505.17,486.25,496.26,B,0.05,0.6,8.82,2023-03-20,2029-01-04,1,0,0
LON05029,BM,Monroe and Sons,PrivateWealth,1072.43,831.71,849.81,A,0.001,0.45,4.3,2020-05-14,2022-11-01,1,0,0
LON05030,BM,"Rios, Miller and Young",Hospitality,388.07,381.84,398.96,AAA,0.0001,0.25,7.87,2019-07-10,2028-12-01,1,0,0
LON05031,BM,"Preston, White and Harvey",InvestmentHoldCo,447.48,440.18,440.41,BBB,0.005,0.6,3.92,2020-12-10,2030-05-27,1,0,0
LON05032,BM,Smith-Schaefer,PrivateWealth,1212.1,1168.8,1181.63,A,0.001,0.25,8.96,2024-03-30,2031-09-30,1,0,0
LON05033,GU,"Nichols, Henry and Schmidt",RealEstate,348.44,290.16,291.43,A,0.001,0.25,8.92,2021-01-10,2023-07-03,1,0,0
LON05034,KY,Carey-Gonzalez,Hospitality,379.21,321.18,328.38,BB,0.02,0.25,8.29,2021-03-09,2027-01-07,1,90,0
LON05035,BM,Huynh-Anderson,InvestmentHoldCo,217.36,170.5,174.56,A,0.001,0.35,7.59,2023-08-31,2026-12-22,1,0,0
LON05036,KY,"Smith, Gutierrez and Ward",PrivateWealth,316.58,253.36,254.12,BBB,0.005,0.25,8.62,2024-01-04,2027-03-22,1,0,0
LON05037,KY,"Hughes, Knapp and Griffin",Retail,1211.85,1061.57,1064.36,BBB,0.005,0.25,4.57,2019-12-25,2028-04-15,1,0,0
LON05038,KY,Welch and Sons,PrivateWealth,226.64,182.8,183.29,B,0.05,0.35,3.62,2023-04-22,2026-03-21,1,0,0
LON05039,JE,"Russo, Alexander and Williamson",Technology,529.68,506.8,525.66,BBB,0.005,0.35,7.58,2024-03-19,2025-10-16,1,0,0
LON05040,BM,Paul LLC,PrivateWealth,387.84,344.44,355.73,A,0.001,0.35,6.75,2022-04-19,2031-11-30,1,0,0
LON05041,KY,Mckinney Group,PrivateWealth,421.82,350.79,364.26,BBB,0.005,0.45,8.73,2024-06-21,2030-10-01,1,0,0
LON05042,BM,Richardson Group,RealEstate,260.85,236.31,237.94,BBB,0.005,0.6,6.88,2020-04-30,2023-12-18,1,0,0
LON05043,KY,"West, Ali and Santos",Technology,279.83,260.73,261.4,BBB,0.005,0.25,8.99,2020-12-12,2026-07-14,1,0,0
LON05044,BM,"Clark, Taylor and Stanton",Shipping,1094.79,860.11,874.15,BBB,0.005,0.45,6.08,2023-09-05,2027-08-22,1,60,0
LON05045,JE,"Allen, Howell and Foster",Energy,738.71,642.66,658.77,BB,0.02,0.35,4.19,2020-12-14,2029-08-16,2,90,0
LON05046,JE,"Lee, Ramos and Yu",PrivateWealth,1265.49,1177.56,1232.27,BB,0.02,0.45,5.86,2021-11-04,2027-08-15,1,0,0
LON05047,KY,"Perez, Kemp and Brown",Energy,2382.84,2078.17,2172.16,BB,0.02,0.45,6.59,2023-01-29,2028-06-29,1,0,0
LON05048,KY,"Mcbride, Willis and Jackson",Energy,354.19,332.67,344.71,AAA,0.0001,0.25,6.7,2022-10-29,2029-01-21,1,0,0
LON05049,BM,"Hunter, Bryan and Smith",Energy,966.25,748.14,776.73,B,0.05,0.6,8.85,2022-04-12,2029-08-23,1,60,0
LON05050,JE,Young-West,Shipping,408.63,376.66,378.72,BBB,0.005,0.35,7.85,2021-11-09,2026-02-24,1,0,0
LON05051,BM,Harris Inc,InvestmentHoldCo,640.4,561.32,579.43,BBB,0.005,0.6,7.87,2019-07-06,2027-12-13,1,90,0
LON05052,BM,Lewis Group,Energy,684.92,619.22,622.94,BB,0.02,0.45,7.51,2021-01-02,2024-10-22,1,0,0
LON05053,BM,Garcia-Daniels,RealEstate,600.86,472.0,481.54,BBB,0.005,0.25,6.08,2020-10-03,2025-01-11,2,30,0
LON05054,BM,Hernandez Group,InvestmentHoldCo,805.47,776.86,811.03,A,0.001,0.45,5.58,2019-08-17,2022-09-06,1,0,0
LON05055,KY,"Sanchez, Aguilar and Nelson",Hospitality,533.83,442.45,448.69,BBB,0.005,0.45,5.26,2022-12-30,2030-05-26,1,60,0
LON05056,JE,"Stephens, Le and Wilson",InvestmentHoldCo,211.61,168.68,173.49,BB,0.02,0.6,8.98,2021-09-23,2027-12-05,1,30,0
LON05057,KY,"Perez, Patrick and Deleon",Shipping,292.78,269.66,280.81,BBB,0.005,0.25,6.15,2020-02-23,2022-01-11,1,90,0
LON05058,KY,Garcia-Foster,Retail,157.15,144.23,147.33,AAA,0.0001,0.25,8.85,2023-12-17,2029-05-04,1,0,0
LON05059,BM,"Soto, Guerrero and Smith",InvestmentHoldCo,661.1,517.48,534.4,BBB,0.005,0.25,8.42,2023-12-10,2030-11-20,1,0,0
LON05060,KY,King-Smith,InvestmentHoldCo,731.01,587.54,599.58,A,0.001,0.45,5.86,2020-12-04,2030-07-12,1,0,0
LON05061,BM,"Webb, Berry and Jones",Technology,345.47,317.59,320.92,BB,0.02,0.35,3.9,2023-07-03,2027-01-07,1,0,0
LON05062,KY,Thompson-Young,RealEstate,979.34,941.7,977.59,AA,0.0005,0.35,4.61,2022-02-08,2024-06-19,1,0,0
LON05063,JE,Juarez Ltd,Hospitality,735.75,584.69,592.39,BBB,0.005,0.35,5.67,2019-09-28,2022-11-30,1,0,0
LON05064,KY,Byrd-White,RealEstate,192.31,156.56,157.08,BBB,0.005,0.25,3.97,2021-04-09,2026-07-02,1,0,0
LON05065,JE,"Richardson, Davis and Conley",Hospitality,1621.27,1301.87,1323.55,BB,0.02,0.45,7.65,2020-11-30,2029-04-03,2,0,0
LON05066,BM,"Hamilton, Smith and Hammond",Shipping,779.19,651.29,660.9,B,0.05,0.45,5.29,2019-07-18,2023-01-06,2,90,0
LON05067,GU,"Owens, Tanner and Vazquez",Technology,336.93,301.83,313.13,A,0.001,0.25,3.12,2023-04-10,2027-10-03,1,0,0
LON05068,KY,Bell Ltd,Hospitality,1162.54,1151.64,1161.99,A,0.001,0.45,4.95,2022-10-16,2025-11-30,1,60,0
LON05069,KY,Buchanan-Krueger,Shipping,1675.43,1387.06,1393.73,AA,0.0005,0.45,5.06,2021-05-26,2026-10-29,1,30,0
LON05070,BM,Patterson-Harrison,RealEstate,486.13,473.11,477.44,B,0.05,0.6,3.02,2019-10-07,2024-02-29,1,60,0
LON05071,GU,Parker and Sons,InvestmentHoldCo,160.28,140.77,147.55,B,0.05,0.45,6.11,2024-06-11,2028-11-07,1,60,0
LON05072,BM,"Clark, Peterson and Mays",Hospitality,2238.45,2231.12,2294.74,BBB,0.005,0.25,8.58,2019-10-21,2022-12-21,1,60,0
LON05073,GU,"Chavez, Vazquez and Lopez",InvestmentHoldCo,310.72,253.15,260.39,AAA,0.0001,0.25,4.72,2021-02-17,2022-07-29,1,60,0
LON05074,KY,West Ltd,Retail,410.87,328.67,333.77,AA,0.0005,0.25,4.58,2020-08-31,2025-11-08,1,0,0
LON05075,GU,Gonzalez Group,Shipping,365.76,306.43,306.93,BBB,0.005,0.25,3.93,2020-10-27,2022-12-09,1,0,0
LON05076,KY,Jimenez-Miller,Shipping,1281.45,1182.19,1219.41,AA,0.0005,0.35,6.64,2022-07-22,2032-06-09,1,60,0
LON05077,KY,Tran-Russell,Hospitality,540.76,502.44,512.12,A,0.001,0.6,8.31,2021-09-23,2023-06-26,1,0,0
LON05078,GU,"Harvey, Butler and Hughes",Technology,363.2,312.41,323.72,BBB,0.005,0.35,6.08,2023-11-12,2024-12-09,1,60,0
LON05079,BM,Adams-Contreras,Retail,940.44,910.22,912.19,BBB,0.005,0.45,3.22,2021-02-22,2024-01-17,1,0,0
LON05080,BM,Garcia-Fox,Technology,1001.36,813.97,823.04,BBB,0.005,0.6,6.34,2020-04-08,2023-02-17,1,0,0
LON05081,BM,Huynh-Buckley,Technology,239.43,211.47,215.14,A,0.001,0.25,4.36,2021-04-13,2030-07-26,1,0,0
LON05082,JE,Rivera-Turner,RealEstate,1020.39,938.62,970.15,A,0.001,0.6,8.65,2022-11-29,2028-05-01,1,0,0
LON05083,BM,"Quinn, Simpson and Levy",Retail,698.78,642.45,666.57,AA,0.0005,0.35,4.71,2020-02-16,2022-12-15,1,0,0
LON05084,KY,"Medina, Farley and Schneider",Shipping,3107.41,2562.48,2682.48,BB,0.02,0.25,8.81,2023-01-16,2024-06-23,1,0,0
LON05085,GU,Rodriguez LLC,PrivateWealth,431.53,384.04,399.32,B,0.05,0.35,7.65,2023-03-12,2031-03-11,1,30,0
LON05086,KY,"Proctor, Nelson and Melton",InvestmentHoldCo,738.58,648.53,658.11,BBB,0.005,0.45,5.91,2021-05-12,2029-08-23,3,60,0
LON05087,GU,"Barnes, Love and Alvarez",Retail,759.98,613.68,622.92,BBB,0.005,0.25,3.82,2022-11-06,2029-04-07,2,0,0
LON05088,BM,Parrish-Welch,Shipping,313.03,293.52,302.4,A,0.001,0.45,4.46,2024-06-15,2031-01-15,1,0,0
LON05089,JE,"Davis, Moore and Smith",Shipping,2042.37,1978.24,2024.83,BBB,0.005,0.6,4.72,2023-02-20,2027-03-31,1,30,0
LON05090,JE,Mills-Kelly,Shipping,747.76,739.44,765.96,AAA,0.0001,0.45,5.35,2021-06-06,2025-02-05,1,0,0
LON05091,BM,Kennedy PLC,RealEstate,775.61,683.92,685.65,AA,0.0005,0.25,3.65,2019-11-12,2023-06-17,1,0,0
LON05092,GU,Smith Inc,RealEstate,436.66,408.6,419.02,BB,0.02,0.35,4.0,2024-02-02,2026-08-18,1,0,0
LON05093,BM,"Davis, Jackson and Diaz",Technology,253.97,221.3,223.01,A,0.001,0.35,7.47,2024-02-20,2032-08-16,1,90,0
LON05094,BM,Klein LLC,Hospitality,4708.04,4483.38,4618.75,A,0.001,0.6,4.64,2020-01-01,2021-05-19,1,60,0
LON05095,GU,"Stuart, Haas and Harris",Energy,687.9,542.2,556.15,BBB,0.005,0.35,3.8,2019-12-12,2023-05-14,2,30,0
LON05096,BM,Norton-Wilson,PrivateWealth,666.53,527.8,538.29,BBB,0.005,0.25,3.56,2020-10-23,2028-10-09,1,0,0
LON05097,KY,"Jackson, Donaldson and Patterson",Hospitality,323.62,306.15,317.53,BB,0.02,0.35,4.57,2022-10-09,2029-03-11,2,30,0
LON05098,BM,"Snyder, Patel and Baxter",Hospitality,382.4,314.67,328.21,B,0.05,0.35,5.81,2021-04-05,2022-06-21,1,90,0
LON05099,KY,"Johnson, Pitts and Cook",Technology,383.94,373.47,374.56,B,0.05,0.25,4.63,2022-08-14,2029-07-13,1,0,0
LON05100,KY,Smith-Hill,Retail,454.02,380.69,398.66,BBB,0.005,0.35,7.83,2024-02-06,2031-09-25,1,30,0
LON05101,BM,Meadows-Shepherd,Shipping,1162.05,1023.1,1067.78,BBB,0.005,0.25,4.03,2021-10-13,2023-03-18,1,0,0
LON05102,GU,Acosta Ltd,Technology,972.3,885.51,919.38,BBB,0.005,0.25,5.47,2021-10-15,2030-05-01,1,0,0
LON05103,KY,Roberts-Greene,PrivateWealth,1617.75,1286.51,1312.32,AA,0.0005,0.25,4.69,2023-05-06,2028-01-14,1,0,0
LON05104,GU,"Long, Taylor and Rodriguez",Technology,726.82,688.98,702.62,B,0.05,0.25,6.17,2021-09-01,2029-09-03,1,0,0
LON05105,BM,"Sanchez, Buck and Lawrence",Retail,655.9,536.08,558.09,A,0.001,0.25,6.94,2023-08-31,2032-06-19,1,60,0
LON05106,KY,Becker and Sons,Technology,193.3,177.29,180.65,BB,0.02,0.35,3.23,2021-07-23,2023-08-25,1,0,0
LON05107,JE,Briggs Ltd,InvestmentHoldCo,465.99,449.05,453.79,BB,0.02,0.35,3.28,2021-12-04,2030-01-25,1,60,0
LON05108,KY,"Smith, Smith and Fletcher",Shipping,708.83,670.47,677.36,A,0.001,0.35,3.69,2020-08-29,2028-08-24,1,0,0
LON05109,KY,Thompson LLC,Energy,1260.64,1063.02,1102.66,AAA,0.0001,0.45,5.77,2023-02-19,2028-06-29,1,0,0
LON05110,GU,Johnson LLC,PrivateWealth,144.39,130.95,133.24,BB,0.02,0.45,8.65,2022-10-08,2032-07-07,1,0,0
LON05111,KY,Webster and Sons,Retail,206.15,202.98,212.29,AA,0.0005,0.35,6.48,2021-03-19,2029-03-13,1,0,0
LON05112,BM,"Williams, Hansen and Howell",Hospitality,192.42,150.01,150.25,BB,0.02,0.25,6.06,2020-07-07,2029-07-12,1,30,0
LON05113,GU,Peterson and Sons,Shipping,327.35,278.64,283.6,BBB,0.005,0.35,8.68,2023-07-26,2027-02-08,1,0,0
LON05114,BM,"Davis, Paul and Shaw",PrivateWealth,2496.83,2378.33,2417.92,B,0.05,0.6,8.4,2019-11-04,2024-04-12,2,0,0
LON05115,BM,"Murphy, Kennedy and Carney",InvestmentHoldCo,1017.98,797.28,813.38,BBB,0.005,0.25,3.1,2023-11-30,2030-03-13,1,90,0
LON05116,BM,Waller-Johnson,Retail,417.85,345.41,360.66,AA,0.0005,0.25,8.06,2019-07-30,2022-08-22,1,0,0
LON05117,BM,"Hughes, Choi and Wilson",Energy,423.91,339.01,350.34,A,0.001,0.45,4.57,2022-07-28,2031-07-01,1,0,0
LON05118,BM,"Parks, Powell and Wilcox",InvestmentHoldCo,1155.33,899.81,933.96,BB,0.02,0.35,5.87,2022-02-22,2023-06-28,1,0,0
LON05119,BM,"Jackson, Henderson and Phillips",Hospitality,1344.94,1197.56,1212.01,AAA,0.0001,0.25,7.37,2022-06-16,2025-07-04,1,60,0
LON05120,BM,"Phillips, Wright and Lawrence",Shipping,529.29,525.06,526.45,B,0.05,0.25,6.54,2019-08-12,2023-11-23,1,0,0
LON05121,BM,Holland and Sons,Retail,1443.49,1354.5,1408.74,BBB,0.005,0.25,6.81,2021-04-08,2028-04-15,1,0,0
LON05122,KY,Adams-Sanchez,PrivateWealth,672.25,640.48,669.03,A,0.001,0.45,7.61,2020-12-15,2023-12-21,1,60,0
LON05123,BM,"Wells, Carson and Lane",Retail,556.65,483.94,505.84,BB,0.02,0.25,7.19,2021-08-30,2027-08-02,1,30,0
LON05124,BM,Miller-Thompson,Technology,156.31,146.61,148.9,AA,0.0005,0.6,3.48,2022-03-18,2029-07-29,1,0,0
LON05125,BM,Harvey PLC,Technology,376.81,300.81,306.38,B,0.05,0.45,5.83,2022-11-18,2030-08-16,1,0,0
LON05126,JE,Jensen-Arnold,Technology,382.88,310.02,320.27,BB,0.02,0.25,8.71,2020-11-04,2022-12-25,1,60,0
LON05127,GU,"Robinson, Young and Morris",RealEstate,653.05,606.96,612.33,BBB,0.005,0.25,7.0,2023-02-25,2031-09-22,1,90,0
LON05128,BM,"Taylor, Ellis and Brooks",InvestmentHoldCo,524.7,430.38,440.33,AA,0.0005,0.25,5.85,2020-11-05,2028-05-03,2,0,0
LON05129,JE,Rodriguez-Williams,RealEstate,1173.53,1024.9,1045.22,B,0.05,0.25,7.7,2020-08-23,2029-09-17,1,0,0
LON05130,BM,Bautista-Johnson,InvestmentHoldCo,679.13,676.14,677.06,BB,0.02,0.35,6.02,2023-01-15,2024-02-17,3,0,0
LON05131,BM,"Garcia, Willis and Russo",PrivateWealth,903.92,865.23,872.19,BB,0.02,0.25,6.99,2023-02-02,2025-12-03,2,0,0
LON05132,GU,Warren-Thomas,Energy,730.04,644.79,671.05,BB,0.02,0.35,8.6,2020-09-06,2026-12-29,2,0,0
LON05133,KY,Richardson-Hall,PrivateWealth,626.28,614.81,623.15,A,0.001,0.25,7.48,2019-11-29,2026-10-08,1,0,0
LON05134,BM,"Lee, Carson and Vaughan",RealEstate,858.93,809.18,847.99,BBB,0.005,0.45,4.77,2021-03-09,2025-07-18,1,90,0
LON05135,KY,Erickson-Richardson,PrivateWealth,2372.59,2364.3,2402.99,BBB,0.005,0.35,5.88,2020-04-17,2025-08-07,1,90,0
LON05136,KY,Gray-Johnson,Technology,783.92,624.7,649.36,AA,0.0005,0.6,4.91,2024-02-21,2028-01-03,1,60,0
LON05137,KY,"Gonzalez, Rios and Oneal",PrivateWealth,882.72,691.36,714.48,BBB,0.005,0.25,7.38,2024-06-12,2031-08-06,1,0,0
LON05138,BM,Henry-Hill,Shipping,571.11,500.15,523.2,BBB,0.005,0.25,3.91,2023-07-29,2032-11-08,1,0,0
LON05139,KY,Williams Group,Shipping,1681.31,1494.75,1556.79,AA,0.0005,0.25,8.76,2023-01-27,2028-10-03,2,0,0
LON05140,KY,Smith-Marshall,InvestmentHoldCo,586.68,493.5,507.29,A,0.001,0.6,6.37,2021-01-06,2023-04-12,1,0,0
LON05141,GU,"Lucas, Aguirre and Clay",PrivateWealth,921.76,817.66,852.51,B,0.05,0.25,6.91,2022-04-22,2032-01-25,1,30,0
LON05142,GU,Vaughn-Walker,Energy,337.66,335.49,351.19,BBB,0.005,0.25,5.61,2024-04-16,2026-08-18,1,30,0
LON05143,KY,"Little, Clark and Decker",PrivateWealth,169.7,163.16,167.52,BBB,0.005,0.35,5.55,2021-12-16,2024-01-11,1,0,0
LON05144,GU,Sanchez PLC,Shipping,407.74,333.66,348.5,BBB,0.005,0.25,4.51,2022-12-09,2025-04-23,1,0,0
LON05145,BM,"Jordan, Hill and Powell",Energy,932.74,746.78,755.47,BBB,0.005,0.25,6.83,2021-10-04,2031-02-15,1,0,0
LON05146,JE,"Hicks, Higgins and Stephens",Retail,738.05,612.58,615.79,BBB,0.005,0.25,4.23,2020-07-18,2026-07-03,1,60,0
LON05147,KY,Baxter and Sons,Energy,1562.57,1202.98,1220.3,B,0.05,0.25,8.94,2022-09-07,2025-06-21,1,90,0
LON05148,KY,Walker and Sons,InvestmentHoldCo,2296.48,2158.54,2210.66,B,0.05,0.45,8.88,2021-01-31,2022-02-18,1,0,0
LON05149,GU,Norman-Garcia,InvestmentHoldCo,751.19,626.32,648.61,BBB,0.005,0.35,8.33,2020-10-18,2025-06-17,1,0,0
LON05150,BM,"Cook, Stevens and Bryant",Retail,722.63,620.63,623.86,AAA,0.0001,0.25,7.29,2020-12-27,2023-09-29,1,30,0
LON05151,BM,"Quinn, Fischer and Bowen",PrivateWealth,1892.48,1732.29,1733.78,A,0.001,0.45,7.71,2023-12-02,2025-02-22,1,0,0
LON05152,JE,Scott PLC,Energy,1373.36,1320.63,1374.65,BBB,0.005,0.6,3.53,2022-08-02,2028-08-21,1,90,0
LON05153,KY,Garza-Warren,Energy,326.23,310.82,312.84,AA,0.0005,0.25,8.91,2021-05-28,2029-04-28,1,0,0
LON05154,BM,Oconnor-Anderson,Technology,1014.63,806.34,826.23,B,0.05,0.35,4.25,2022-06-30,2031-03-24,2,0,0
LON05155,BM,"Wang, Lopez and Miller",Shipping,723.84,668.66,687.5,AAA,0.0001,0.35,7.71,2019-10-04,2022-08-06,1,0,0
LON05156,KY,Richardson-Joyce,Energy,349.43,306.7,314.05,BBB,0.005,0.25,8.31,2023-07-28,2032-01-09,1,60,0
LON05157,GU,Smith-Ross,Shipping,180.18,179.29,180.4,A,0.001,0.25,6.75,2024-05-14,2029-03-07,2,0,0
LON05158,JE,Ward-Russell,InvestmentHoldCo,315.65,315.55,318.29,BBB,0.005,0.25,3.0,2022-07-17,2025-04-26,1,0,0
LON05159,KY,Nunez PLC,Technology,609.64,493.44,502.51,A,0.001,0.25,8.88,2022-12-12,2027-12-08,1,90,0
LON05160,GU,"West, Holt and Cole",Energy,1984.37,1547.08,1616.18,BB,0.02,0.35,7.92,2024-04-14,2031-06-28,2,0,0
LON05161,KY,Dominguez-Swanson,PrivateWealth,845.25,812.5,817.9,BB,0.02,0.25,8.16,2023-03-31,2029-04-25,1,60,0
LON05162,BM,Mullen-Boyle,Hospitality,294.8,263.31,268.73,BB,0.02,0.25,3.63,2020-04-17,2029-07-28,1,0,0
LON05163,BM,Clark-Zamora,Technology,938.42,879.63,899.41,B,0.05,0.45,6.55,2019-11-06,2028-05-27,1,90,0
LON05164,GU,Graves Ltd,Shipping,605.04,545.51,549.95,BBB,0.005,0.25,8.94,2021-09-27,2030-08-31,2,90,0
LON05165,KY,Carpenter-Nelson,Energy,494.08,416.98,419.25,BBB,0.005,0.45,7.47,2023-07-08,2031-08-23,1,0,0
LON05166,BM,"Osborne, Atkinson and Gordon",RealEstate,465.46,406.56,409.7,A,0.001,0.35,4.9,2021-09-18,2030-03-25,1,90,0
LON05167,BM,Walsh and Sons,RealEstate,2107.57,1621.39,1623.61,A,0.001,0.35,5.19,2022-12-27,2032-04-14,1,0,0
LON05168,BM,"Baldwin, Hill and Hill",Shipping,346.5,289.33,300.93,BB,0.02,0.25,3.8,2020-06-28,2024-07-02,1,0,0
LON05169,BM,Hansen PLC,Retail,1153.59,901.59,942.47,BBB,0.005,0.25,5.43,2019-07-07,2021-04-16,1,0,0
LON05170,BM,Hill LLC,InvestmentHoldCo,169.24,135.83,138.27,BB,0.02,0.35,8.64,2021-10-17,2023-08-20,1,30,0
LON05171,KY,Santiago PLC,Shipping,948.49,730.59,753.63,A,0.001,0.25,7.71,2023-10-07,2031-10-06,1,0,0
LON05172,GU,"Anderson, Wang and Lopez",InvestmentHoldCo,739.73,588.43,590.82,BBB,0.005,0.25,4.77,2022-04-08,2024-10-01,1,0,0
LON05173,KY,Bradshaw Group,InvestmentHoldCo,1623.3,1562.39,1611.68,AA,0.0005,0.35,6.58,2021-09-14,2030-03-31,1,30,0
LON05174,JE,Brown and Sons,InvestmentHoldCo,1225.79,1098.24,1122.68,A,0.001,0.25,5.21,2022-07-16,2023-10-26,1,60,0
LON05175,JE,"Smith, Peterson and Evans",Hospitality,793.01,706.09,724.96,BBB,0.005,0.25,4.59,2020-07-04,2029-05-19,1,90,0
LON05176,BM,Melton-Schneider,InvestmentHoldCo,1502.37,1193.28,1208.19,B,0.05,0.25,4.77,2023-02-14,2026-12-22,1,90,0
LON05177,KY,Washington-Ryan,InvestmentHoldCo,414.18,400.29,400.68,BBB,0.005,0.25,5.46,2021-07-13,2023-04-29,1,90,0
LON05178,KY,Brady Ltd,InvestmentHoldCo,2024.27,1567.87,1589.53,B,0.05,0.25,5.17,2023-06-26,2030-03-10,1,0,0
LON05179,BM,Johnson-Howard,Hospitality,495.97,444.75,448.24,B,0.05,0.35,6.49,2020-05-25,2025-05-18,1,0,0
LON05180,JE,Simpson-Morgan,Technology,1120.38,1091.31,1105.26,B,0.05,0.35,4.77,2020-06-10,2028-09-19,2,90,0
LON05181,BM,Cox PLC,Technology,483.88,448.41,451.02,BBB,0.005,0.25,7.79,2022-03-01,2030-06-24,1,0,0
LON05182,BM,"Campbell, Davis and Briggs",PrivateWealth,1047.45,834.37,869.56,A,0.001,0.25,4.5,2019-07-14,2027-05-31,2,30,0
LON05183,KY,Wilson and Sons,InvestmentHoldCo,439.96,361.02,363.61,AA,0.0005,0.25,5.9,2019-09-02,2024-07-29,1,60,0
LON05184,BM,Bonilla-Smith,InvestmentHoldCo,502.3,459.91,474.18,BB,0.02,0.25,8.97,2024-03-19,2034-02-09,1,0,0
LON05185,KY,"Pruitt, Richardson and Ramirez",Shipping,86.04,79.58,80.68,A,0.001,0.45,6.82,2021-06-26,2024-03-11,1,0,0
LON05186,BM,Krueger-Levy,Hospitality,741.89,684.99,686.14,A,0.001,0.6,3.92,2024-01-14,2033-11-08,1,60,0
LON05187,BM,"Glenn, Parker and Vasquez",RealEstate,1829.79,1557.17,1617.12,BBB,0.005,0.25,6.79,2020-02-04,2027-11-19,1,0,0
LON05188,KY,"Pitts, Vasquez and Palmer",Energy,2572.2,2238.8,2332.18,AAA,0.0001,0.25,3.41,2020-01-14,2027-02-10,1,60,0
LON05189,KY,Mcknight-Owens,PrivateWealth,962.87,912.12,955.57,AA,0.0005,0.35,6.73,2023-10-22,2033-07-07,1,30,0
LON05190,JE,Santiago Group,InvestmentHoldCo,665.12,633.94,650.98,BBB,0.005,0.25,3.77,2022-02-21,2030-04-23,1,0,0
LON05191,GU,Mason Ltd,Technology,723.42,567.54,593.68,BB,0.02,0.35,8.95,2019-07-28,2026-06-04,1,0,0
LON05192,BM,"Bennett, Phillips and Meyers",Technology,3944.17,3337.59,3338.75,BBB,0.005,0.25,4.52,2021-04-27,2026-04-06,2,0,0
LON05193,KY,"Foster, Fuentes and Dominguez",Retail,754.23,626.93,650.89,A,0.001,0.25,8.23,2023-03-20,2032-04-29,1,0,0
LON05194,BM,Jackson-Ramirez,Shipping,463.43,402.68,411.14,BBB,0.005,0.45,5.72,2023-08-06,2029-09-15,1,30,0
LON05195,KY,Leblanc LLC,PrivateWealth,415.58,351.44,364.89,B,0.05,0.35,4.27,2024-01-09,2026-07-15,1,0,0
LON05196,BM,Carey-Kennedy,Hospitality,880.99,708.6,724.17,B,0.05,0.25,3.07,2020-06-06,2021-11-16,1,60,0
LON05197,BM,Simpson-Cox,PrivateWealth,836.52,647.39,648.52,BBB,0.005,0.25,8.68,2019-12-02,2029-10-12,3,0,0
LON05198,GU,Thompson LLC,RealEstate,541.41,417.5,429.69,A,0.001,0.25,6.31,2023-03-01,2027-09-23,1,0,0
LON05199,BM,Chavez-Ferrell,Energy,782.65,722.86,749.65,B,0.05,0.25,3.42,2019-08-09,2021-05-18,1,0,0
LON05200,GU,Hamilton PLC,Technology,568.13,480.29,499.43,A,0.001,0.35,4.13,2024-06-11,2029-09-18,1,30,0
LON05201,JE,Garcia-Howe,PrivateWealth,1015.73,799.63,799.82,BB,0.02,0.45,5.08,2023-10-19,2029-04-28,1,0,0
LON05202,BM,Richard-Taylor,Technology,529.8,446.6,468.39,BB,0.02,0.35,7.96,2020-04-09,2025-03-13,1,60,0
LON05203,BM,Dougherty-Gallagher,RealEstate,544.43,507.82,520.79,B,0.05,0.6,7.47,2020-05-01,2029-02-21,1,60,0
LON05204,JE,Escobar-Deleon,RealEstate,762.37,749.9,782.85,A,0.001,0.25,4.6,2021-10-14,2023-10-24,1,0,0
LON05205,BM,"Bullock, Allen and Jennings",InvestmentHoldCo,261.62,219.54,219.88,A,0.001,0.45,5.64,2022-02-14,2029-09-22,1,0,0
LON05206,KY,Green-Price,Shipping,322.48,321.89,336.07,A,0.001,0.25,7.88,2020-04-24,2029-01-15,1,60,0
LON05207,KY,Garza Inc,Shipping,678.18,672.86,679.2,AA,0.0005,0.6,5.67,2022-07-15,2031-04-25,1,0,0
LON05208,JE,Scott PLC,InvestmentHoldCo,222.13,219.66,226.92,BBB,0.005,0.45,8.66,2020-07-04,2022-12-10,2,90,0
LON05209,JE,"Vang, Moore and Bennett",Retail,2452.76,2434.49,2485.28,BBB,0.005,0.25,4.99,2020-08-23,2022-02-26,2,0,0
LON05210,BM,Martinez-White,Hospitality,297.78,232.1,238.75,BB,0.02,0.35,8.06,2019-07-16,2025-01-27,1,60,0
LON05211,GU,Brady Ltd,Energy,309.77,308.67,317.18,BBB,0.005,0.45,8.19,2022-06-14,2030-12-09,1,0,0
LON05212,BM,Boyle-Beck,RealEstate,538.38,513.46,522.41,BBB,0.005,0.6,8.36,2019-07-02,2027-09-03,1,0,0
LON05213,BM,"Jenkins, King and Perez",RealEstate,1974.55,1719.35,1785.01,B,0.05,0.25,4.81,2023-02-03,2024-02-22,1,0,0
LON05214,GU,"Alvarado, Richardson and Herman",Hospitality,345.47,268.38,279.42,A,0.001,0.45,5.96,2023-11-05,2030-04-06,1,30,0
LON05215,BM,"Patterson, Anderson and Smith",Retail,1331.09,1115.03,1159.51,A,0.001,0.6,6.89,2023-06-13,2027-07-13,2,30,0
LON05216,BM,Massey-Little,Shipping,438.93,365.91,366.4,AA,0.0005,0.25,4.7,2022-03-26,2026-11-03,1,0,0
LON05217,KY,Ibarra PLC,PrivateWealth,159.59,151.75,154.63,BBB,0.005,0.35,8.53,2021-04-25,2022-08-07,1,90,0
LON05218,KY,Holder and Sons,Technology,640.41,635.15,651.81,BB,0.02,0.25,4.39,2021-10-09,2023-09-11,1,90,0
LON05219,KY,Mitchell Inc,Hospitality,1251.93,1209.91,1234.46,BBB,0.005,0.35,7.11,2022-03-17,2024-09-18,1,0,0
LON05220,BM,Lynch Group,InvestmentHoldCo,2098.32,1646.36,1666.08,AA,0.0005,0.25,5.46,2020-12-24,2023-07-18,1,90,0
LON05221,GU,Bishop-Reid,Hospitality,846.99,795.44,817.92,B,0.05,0.25,6.19,2022-07-20,2027-07-29,1,0,0
LON05222,KY,Ruiz-Henderson,Energy,423.66,385.26,387.93,A,0.001,0.6,5.59,2023-09-30,2032-11-19,1,60,0
LON05223,BM,"Turner, Pollard and Peters",Hospitality,1210.53,981.13,1006.0,BB,0.02,0.25,7.06,2022-04-23,2028-11-04,1,0,0
LON05224,BM,"Chang, Leon and Velasquez",RealEstate,707.22,678.3,699.87,BBB,0.005,0.35,5.42,2022-02-11,2023-06-16,1,0,0
LON05225,BM,"Walker, Huang and Castillo",Shipping,555.19,494.83,495.37,BB,0.02,0.25,3.09,2022-04-27,2031-12-27,1,0,0
LON05226,BM,Jensen Inc,Retail,502.84,388.34,401.67,BBB,0.005,0.25,4.02,2021-11-10,2028-09-05,1,0,0
LON05227,GU,"Hobbs, Ramos and Oconnor",PrivateWealth,935.84,735.3,741.07,BBB,0.005,0.45,6.27,2023-07-26,2028-05-03,1,0,0
LON05228,JE,Davis PLC,RealEstate,345.32,302.44,309.02,BB,0.02,0.6,6.99,2019-10-19,2021-12-27,1,60,0
LON05229,KY,"Patel, Robinson and Mitchell",PrivateWealth,1432.59,1308.29,1367.44,A,0.001,0.25,4.11,2023-04-11,2028-01-03,1,0,0
LON05230,JE,"Dunlap, Brown and Bowman",InvestmentHoldCo,564.05,441.05,455.3,BB,0.02,0.25,5.54,2020-08-08,2025-02-19,1,0,0
LON05231,BM,"Stewart, Bruce and White",Energy,634.86,610.06,635.56,AA,0.0005,0.45,8.46,2020-02-01,2024-08-17,1,30,0
LON05232,JE,Roberson Ltd,RealEstate,871.76,801.44,807.38,BBB,0.005,0.45,7.75,2024-06-04,2028-10-30,1,0,0
LON05233,KY,Smith LLC,Energy,1010.47,794.94,799.61,B,0.05,0.45,5.49,2020-06-17,2026-01-28,2,60,0
LON05234,JE,Randolph Group,Hospitality,480.18,467.09,489.39,AA,0.0005,0.25,5.43,2020-11-08,2029-02-27,1,0,0
LON05235,BM,Parrish Group,Technology,696.7,548.13,553.95,BB,0.02,0.25,4.8,2020-03-23,2028-07-23,1,0,0
LON05236,KY,Harvey Inc,Energy,917.64,856.71,870.6,BB,0.02,0.25,4.33,2022-04-21,2023-08-23,1,60,0
LON05237,BM,"Johnston, Faulkner and Hayes",Hospitality,1295.64,1047.69,1054.9,BB,0.02,0.35,5.42,2021-10-21,2025-06-08,1,0,0
LON05238,KY,"Johnson, James and Joseph",Retail,1059.42,836.01,854.44,BBB,0.005,0.45,4.95,2021-03-28,2024-05-10,1,0,0
LON05239,KY,Levy-Cherry,PrivateWealth,845.59,685.31,692.32,B,0.05,0.35,3.85,2024-03-22,2026-03-18,3,0,0
LON05240,BM,"Kelly, Sloan and Cummings",InvestmentHoldCo,433.13,405.54,411.45,BB,0.02,0.35,3.73,2023-04-10,2031-07-24,1,0,0
LON05241,KY,"Weber, Thompson and Cannon",Shipping,392.29,325.4,335.25,BB,0.02,0.25,7.3,2023-02-03,2028-05-10,1,0,0
LON05242,GU,Wells Group,Retail,479.3,413.17,426.37,B,0.05,0.25,5.03,2021-12-19,2024-02-10,1,90,0
LON05243,BM,Rich-Brown,Technology,665.22,634.4,656.8,BB,0.02,0.45,5.44,2024-03-11,2032-05-05,1,0,0
LON05244,GU,"Anderson, Johnson and Guzman",Retail,705.4,680.56,687.49,BB,0.02,0.25,8.02,2019-09-08,2027-12-10,1,90,0
LON05245,KY,Martinez PLC,Retail,725.35,574.72,579.45,B,0.05,0.25,8.4,2021-06-17,2026-09-12,1,60,0
LON05246,KY,Smith-Doyle,Shipping,2236.17,2008.55,2015.87,BBB,0.005,0.35,7.0,2021-08-26,2024-08-10,2,60,0
LON05247,KY,"Dunn, Young and Wolfe",Technology,2415.61,2106.19,2112.11,AA,0.0005,0.25,5.43,2021-03-16,2025-10-07,1,30,0
LON05248,BM,"Case, Burton and Graham",Retail,341.85,266.0,270.02,AA,0.0005,0.25,5.99,2024-01-09,2030-01-08,1,90,0
LON05249,JE,Everett-Martinez,Energy,2169.12,1794.24,1847.1,A,0.001,0.35,6.77,2023-07-25,2030-11-01,1,30,0
LON05250,JE,"Munoz, Oneill and Wolf",RealEstate,1200.56,1066.52,1078.35,BB,0.02,0.45,3.11,2020-07-11,2025-02-18,2,0,0
LON05251,KY,"Thomas, Nelson and Byrd",PrivateWealth,580.95,478.58,487.59,BBB,0.005,0.35,5.6,2023-01-08,2030-12-06,1,90,0
LON05252,BM,Jackson and Sons,Technology,694.65,618.74,641.04,BB,0.02,0.25,7.37,2019-09-08,2021-05-20,1,0,0
LON05253,BM,Mitchell PLC,Energy,674.65,549.42,560.8,B,0.05,0.25,3.75,2019-07-22,2022-09-20,1,0,0
LON05254,JE,Chapman-Farley,Hospitality,791.02,608.99,612.72,AAA,0.0001,0.45,3.18,2019-07-22,2022-06-09,1,30,0
LON05255,KY,"Montes, Owen and Russell",Shipping,1564.3,1430.53,1441.65,A,0.001,0.35,4.5,2022-01-04,2025-03-11,2,30,0
LON05256,KY,Collins-Charles,InvestmentHoldCo,1257.54,1246.54,1283.78,BB,0.02,0.6,3.73,2020-02-06,2022-11-08,1,0,0
LON05257,BM,Weiss and Sons,Technology,756.14,691.39,691.48,B,0.05,0.35,6.96,2022-11-25,2027-06-26,1,0,0
LON05258,BM,"Valentine, Pearson and Gould",RealEstate,432.24,370.26,378.09,AA,0.0005,0.45,4.26,2020-09-25,2026-10-19,1,0,0
LON05259,BM,Jones LLC,Shipping,392.44,386.61,394.13,BBB,0.005,0.6,5.64,2022-01-15,2030-12-24,1,90,0
LON05260,BM,Oliver-Mann,Hospitality,1065.4,919.45,947.17,B,0.05,0.6,5.23,2020-07-03,2023-07-06,2,0,0
LON05261,KY,"Ray, Gilbert and Patel",Technology,535.9,420.67,435.61,AAA,0.0001,0.6,4.47,2021-01-12,2030-03-29,1,0,0
LON05262,KY,Baker PLC,InvestmentHoldCo,1157.37,1055.53,1088.27,BBB,0.005,0.6,6.62,2023-05-19,2033-01-20,1,0,0
LON05263,BM,Chavez-Hicks,Technology,258.92,229.64,233.44,BBB,0.005,0.6,6.47,2022-05-24,2023-12-16,1,60,0
LON05264,BM,Rodriguez and Sons,Retail,2018.51,1907.75,1924.72,AA,0.0005,0.35,7.67,2024-06-25,2029-04-18,1,0,0
LON05265,BM,Watson-Andersen,Technology,565.7,465.31,482.95,BB,0.02,0.45,6.33,2021-03-12,2025-05-09,1,0,0
LON05266,BM,"Romero, Thompson and Berry",Energy,2998.22,2796.14,2813.16,BBB,0.005,0.35,7.76,2021-02-16,2028-11-23,1,30,0
LON05267,BM,Lin-Weaver,Energy,458.67,387.66,387.74,AAA,0.0001,0.6,6.52,2022-08-01,2024-02-16,2,60,0
LON05268,KY,Cline-Ward,RealEstate,544.05,450.26,461.06,BBB,0.005,0.45,8.33,2023-02-23,2024-11-26,1,30,0
LON05269,BM,Hernandez Inc,Shipping,6605.45,5100.58,5132.05,B,0.05,0.35,6.18,2023-10-19,2029-08-01,1,0,0
LON05270,KY,Tanner-Wright,Energy,586.92,453.03,465.6,AA,0.0005,0.35,5.33,2023-07-06,2032-10-07,1,0,0
LON05271,KY,Johnson Ltd,Retail,1118.36,1098.85,1138.07,B,0.05,0.45,3.93,2024-03-23,2031-10-15,1,0,0
LON05272,BM,"Hall, Schwartz and Smith",Retail,2636.37,2150.56,2193.22,AAA,0.0001,0.25,8.44,2022-11-07,2028-02-25,1,0,0
LON05273,BM,"Mckenzie, Hammond and Young",RealEstate,2436.96,2249.31,2319.75,BB,0.02,0.25,5.19,2024-05-09,2031-12-29,2,0,0
LON05274,BM,"Pace, Berger and Compton",Technology,790.59,701.18,729.57,BBB,0.005,0.35,6.79,2022-09-14,2023-09-18,2,60,0
LON05275,BM,"Aguirre, Maynard and Smith",Energy,538.59,462.16,477.51,A,0.001,0.25,8.51,2021-09-18,2023-01-26,1,0,0
LON05276,KY,"Yang, Velasquez and Moore",PrivateWealth,406.92,326.7,330.94,BB,0.02,0.35,5.97,2024-04-25,2028-10-22,1,0,0
LON05277,BM,"Gregory, Stone and Gardner",Hospitality,317.63,283.1,294.59,BBB,0.005,0.25,8.37,2021-04-09,2027-12-08,1,0,0
LON05278,BM,White Ltd,PrivateWealth,383.41,304.15,317.35,AA,0.0005,0.6,4.5,2022-07-14,2029-08-23,1,60,0
LON05279,BM,Mcmahon Inc,RealEstate,1926.9,1582.99,1586.19,A,0.001,0.35,5.64,2023-12-01,2030-11-28,1,0,0
LON05280,KY,Conway Inc,Shipping,298.25,291.26,303.15,BBB,0.005,0.6,8.11,2024-06-01,2025-12-12,1,0,0
LON05281,KY,Jackson LLC,RealEstate,1827.79,1535.94,1592.25,AA,0.0005,0.25,4.22,2021-05-01,2031-02-15,1,0,0
LON05282,KY,Pena-Kramer,Technology,719.01,657.47,676.06,BB,0.02,0.25,7.55,2021-05-15,2025-07-04,1,0,0
LON05283,BM,"Rowe, Henry and Jordan",Shipping,615.7,512.53,537.4,BBB,0.005,0.35,4.72,2020-12-13,2030-11-02,1,30,0
LON05284,BM,Fry-Osborne,InvestmentHoldCo,1205.84,968.14,977.53,BBB,0.005,0.25,3.85,2019-10-20,2029-08-04,1,90,0
LON05285,KY,Mckinney-Smith,Technology,432.21,419.19,419.56,A,0.001,0.35,5.9,2021-05-02,2022-07-20,1,30,0
LON05286,KY,Wyatt-Henderson,RealEstate,428.59,378.12,386.71,BBB,0.005,0.25,4.59,2020-07-28,2022-02-20,1,30,0
LON05287,KY,"Gutierrez, Larson and Martin",InvestmentHoldCo,2175.72,1969.7,2005.72,A,0.001,0.25,5.08,2020-08-16,2025-05-04,1,90,0
LON05288,BM,Cook LLC,Energy,994.05,800.58,810.73,BB,0.02,0.35,7.24,2024-06-13,2034-03-09,1,0,0
LON05289,JE,Cruz-Robinson,Hospitality,2696.88,2153.13,2241.81,B,0.05,0.35,3.73,2022-07-18,2031-07-13,1,0,0
LON05290,BM,Arias-Malone,Technology,230.19,188.49,194.17,A,0.001,0.45,6.22,2023-11-28,2027-11-12,1,0,0
LON05291,GU,Garcia-Wood,Technology,288.93,284.16,290.64,A,0.001,0.45,8.08,2022-03-22,2030-08-04,1,0,0
LON05292,KY,"Figueroa, Fitzgerald and Alvarez",Shipping,635.33,626.0,643.91,B,0.05,0.45,6.74,2019-12-10,2022-11-24,1,90,0
LON05293,JE,Griffin Ltd,Technology,684.44,573.72,574.41,A,0.001,0.6,4.7,2021-07-10,2024-02-01,1,0,0
LON05294,KY,"Moore, Hughes and Smith",Shipping,1365.75,1230.07,1255.75,A,0.001,0.25,3.22,2020-12-30,2022-08-17,1,90,0
LON05295,KY,Hampton Inc,Technology,657.51,605.44,614.6,AAA,0.0001,0.35,5.49,2022-05-18,2023-08-20,1,90,0
LON05296,KY,"Webb, Howard and Jenkins",Shipping,331.97,257.75,268.67,BBB,0.005,0.25,4.96,2021-02-24,2025-03-21,1,0,0
LON05297,JE,Thompson-Fitzgerald,PrivateWealth,1604.81,1411.85,1465.49,BB,0.02,0.35,3.64,2023-06-09,2026-10-29,1,0,0
LON05298,BM,Lloyd Inc,PrivateWealth,690.96,609.74,631.23,BBB,0.005,0.25,7.62,2022-06-17,2026-09-25,1,0,0
LON05299,KY,"Moss, Sweeney and Jones",PrivateWealth,560.86,434.16,436.98,BBB,0.005,0.25,7.58,2022-01-04,2025-12-08,1,90,0
LON05300,BM,"Shepard, Guerrero and Moore",Energy,1744.33,1343.41,1399.22,BBB,0.005,0.25,8.76,2019-09-12,2029-01-13,1,30,0
LON05301,GU,Trujillo Inc,Retail,1525.85,1402.65,1462.42,BBB,0.005,0.25,5.22,2023-11-13,2027-07-05,2,90,0
LON05302,KY,Anthony-Williamson,Technology,584.69,505.01,527.26,B,0.05,0.45,4.11,2022-09-25,2024-06-22,2,90,0
LON05303,BM,Patterson LLC,Energy,820.58,741.16,746.6,A,0.001,0.6,5.96,2024-01-30,2031-11-22,1,0,0
LON05304,BM,"Patrick, Butler and Williams",Energy,741.14,692.96,695.77,BBB,0.005,0.25,5.85,2022-06-07,2026-02-08,1,90,0
LON05305,KY,Simon Ltd,InvestmentHoldCo,1141.79,902.17,930.88,B,0.05,0.25,5.94,2021-01-31,2023-07-30,3,90,0
LON05306,KY,Short LLC,Shipping,1601.58,1321.5,1380.04,BBB,0.005,0.25,6.5,2022-09-07,2026-05-21,1,0,0
LON05307,JE,Doyle-Austin,PrivateWealth,1266.73,1014.38,1019.44,BBB,0.005,0.35,3.13,2023-02-07,2025-04-19,1,0,0
LON05308,BM,Knapp-Gregory,Shipping,1144.46,889.94,921.41,BBB,0.005,0.45,6.43,2019-09-16,2024-09-27,1,30,0
LON05309,GU,Smith-Hernandez,Technology,1447.98,1206.05,1226.36,B,0.05,0.25,5.97,2022-12-07,2029-03-18,1,0,0
LON05310,KY,"Whitaker, Rose and Duncan",Shipping,979.51,863.24,903.8,A,0.001,0.6,3.37,2022-08-10,2032-04-04,1,30,0
LON05311,GU,Knapp-Chen,PrivateWealth,437.3,407.11,416.85,BBB,0.005,0.45,8.97,2023-05-13,2027-09-23,3,60,0
LON05312,BM,Hughes Inc,Energy,541.19,513.11,516.02,B,0.05,0.25,5.05,2024-01-01,2032-10-06,1,60,0
LON05313,BM,Porter Group,Technology,610.84,492.94,495.61,B,0.05,0.35,3.26,2020-12-14,2021-12-22,2,0,0
LON05314,JE,Hogan-Hamilton,InvestmentHoldCo,1361.1,1323.09,1356.92,BBB,0.005,0.45,3.09,2023-06-28,2025-07-07,1,0,0
LON05315,JE,Bates-Fields,Technology,447.74,418.15,425.86,A,0.001,0.35,8.01,2020-11-04,2026-12-28,1,0,0
LON05316,KY,Baker PLC,InvestmentHoldCo,564.84,445.09,445.71,BB,0.02,0.45,6.7,2022-03-07,2028-12-31,2,90,0
LON05317,JE,Wilson-Cook,Hospitality,1480.23,1139.48,1182.94,BBB,0.005,0.25,8.59,2021-04-16,2023-11-24,1,60,0
LON05318,BM,"Jenkins, Haynes and Harris",RealEstate,658.17,553.63,577.87,B,0.05,0.6,7.38,2020-07-24,2024-09-26,2,90,0
LON05319,BM,Wright Ltd,PrivateWealth,1409.17,1260.85,1278.07,B,0.05,0.25,5.25,2022-07-18,2026-09-17,2,0,0
LON05320,BM,Shields and Sons,Hospitality,500.3,439.71,460.73,B,0.05,0.25,5.49,2022-08-01,2026-02-27,1,30,0
LON05321,GU,Levy-Jennings,InvestmentHoldCo,702.56,567.53,593.99,A,0.001,0.35,5.82,2021-07-11,2027-04-22,1,90,0
LON05322,BM,King-Atkinson,RealEstate,567.03,482.79,506.7,AAA,0.0001,0.6,7.83,2022-07-21,2030-07-26,1,0,0
LON05323,BM,Young-Houston,PrivateWealth,1320.26,1264.9,1305.69,BBB,0.005,0.35,6.56,2023-06-06,2030-03-22,2,0,0
LON05324,KY,Scott-Gonzales,Energy,644.62,624.33,649.79,A,0.001,0.35,6.11,2019-12-09,2025-02-09,1,0,0
LON05325,KY,Gray PLC,Shipping,1198.19,1024.43,1045.55,BBB,0.005,0.45,3.53,2021-03-22,2023-08-19,1,0,0
LON05326,KY,Luna-Velazquez,Shipping,522.55,428.76,431.28,BB,0.02,0.45,4.21,2024-02-29,2030-02-05,2,0,0
LON05327,JE,Moran and Sons,InvestmentHoldCo,457.87,362.14,377.13,B,0.05,0.25,6.76,2022-11-10,2031-11-25,1,0,0
LON05328,GU,"Gonzalez, Joseph and Harris",Shipping,296.13,258.59,263.79,AA,0.0005,0.45,4.1,2019-11-17,2026-06-15,1,30,0
LON05329,BM,Tran-Thomas,PrivateWealth,476.07,387.67,402.32,A,0.001,0.25,3.46,2022-01-13,2023-07-26,1,60,0
LON05330,BM,Walker-Harrison,RealEstate,472.24,388.84,401.08,A,0.001,0.25,6.43,2022-04-10,2026-04-23,2,0,0
LON05331,KY,"Miller, Wright and Miller",Shipping,172.29,154.3,158.73,BBB,0.005,0.25,5.46,2023-08-13,2030-01-05,1,0,0
LON05332,BM,"Fisher, Hall and Bean",RealEstate,795.54,659.08,675.01,A,0.001,0.25,7.94,2019-07-04,2020-07-12,1,90,0
LON05333,BM,Torres-Williams,Hospitality,801.46,685.0,718.03,A,0.001,0.6,3.15,2021-09-11,2028-09-11,1,0,0
LON05334,KY,Hernandez-Williams,InvestmentHoldCo,567.77,510.11,528.09,BB,0.02,0.25,6.54,2019-09-18,2024-09-24,2,60,0
LON05335,KY,"Mendoza, Howell and Keller",Hospitality,1701.37,1393.73,1408.84,AAA,0.0001,0.6,6.11,2024-02-26,2027-09-06,1,0,0
LON05336,JE,Hoffman-Nguyen,PrivateWealth,906.3,828.62,858.43,BB,0.02,0.35,8.36,2020-04-13,2021-11-25,1,0,0
LON05337,KY,Sparks-Landry,Retail,1348.68,1305.17,1309.84,A,0.001,0.25,5.41,2024-06-25,2029-11-18,1,90,0
LON05338,BM,Santana-Perkins,Hospitality,789.07,697.25,721.48,B,0.05,0.25,6.95,2021-04-10,2028-01-10,1,30,0
LON05339,BM,Strickland-Blake,Energy,1273.08,1055.05,1085.59,A,0.001,0.35,6.84,2024-04-17,2031-08-11,1,60,0
LON05340,BM,Brown-Shannon,RealEstate,324.79,259.1,268.86,BB,0.02,0.25,3.23,2019-08-22,2028-12-31,1,30,0
LON05341,KY,"Nelson, Reed and Evans",Retail,665.36,654.64,666.98,AAA,0.0001,0.25,4.85,2023-01-11,2026-10-01,1,90,0
LON05342,KY,Adams-Lawrence,Shipping,368.71,298.21,300.76,BBB,0.005,0.25,3.95,2019-11-19,2029-06-04,2,0,0
LON05343,KY,Velasquez Ltd,PrivateWealth,384.71,342.38,348.41,AA,0.0005,0.25,7.11,2022-04-26,2031-02-20,1,0,0
LON05344,BM,Ramsey-Fleming,Hospitality,335.07,273.01,281.57,B,0.05,0.25,3.69,2019-11-09,2022-07-08,1,0,0
LON05345,BM,Butler Ltd,InvestmentHoldCo,597.64,526.6,547.0,B,0.05,0.6,6.51,2022-12-18,2026-06-25,1,30,0
LON05346,GU,Miller-Reynolds,RealEstate,558.71,494.94,503.09,A,0.001,0.25,6.94,2023-01-27,2025-10-05,1,90,0
LON05347,KY,King-King,Shipping,2900.76,2444.04,2471.86,AA,0.0005,0.6,3.29,2020-08-23,2022-11-01,1,0,0
LON05348,BM,"Crawford, Freeman and Baker",Retail,334.96,300.22,309.63,AAA,0.0001,0.25,6.32,2020-10-20,2024-02-07,1,60,0
LON05349,BM,Carroll-Dunn,Retail,1220.37,940.55,944.06,AAA,0.0001,0.35,5.57,2022-01-02,2023-03-11,1,0,0
LON05350,KY,Chapman-Williams,PrivateWealth,290.74,272.01,281.49,BB,0.02,0.45,3.12,2021-09-11,2024-07-03,1,90,0
LON05351,BM,Espinoza-Conrad,Shipping,2183.1,1810.78,1873.48,A,0.001,0.25,5.94,2019-12-15,2028-03-06,1,90,0
LON05352,GU,Hamilton and Sons,Hospitality,992.68,863.15,899.26,BBB,0.005,0.25,6.85,2019-11-24,2021-09-23,1,60,0
LON05353,JE,"Evans, Peterson and Ellison",Retail,1557.45,1217.48,1268.88,A,0.001,0.35,4.48,2019-09-05,2021-01-30,1,90,0
LON05354,BM,"Burke, Cannon and Jones",Shipping,615.37,479.51,482.38,BBB,0.005,0.25,5.39,2024-06-23,2027-01-18,1,0,0
LON05355,BM,Bailey-Robinson,RealEstate,205.82,197.26,206.49,A,0.001,0.6,4.05,2019-09-23,2023-04-29,1,0,0
LON05356,JE,"Smith, Rivera and Martinez",Hospitality,2561.6,2446.33,2463.49,B,0.05,0.25,5.78,2020-04-17,2028-05-20,1,30,0
LON05357,JE,"Atkinson, Johnson and Mason",Shipping,1926.47,1748.55,1790.99,A,0.001,0.25,3.79,2019-11-29,2022-02-06,1,60,0
LON05358,BM,Key-Garcia,Shipping,368.12,299.0,307.23,BB,0.02,0.35,6.71,2021-02-17,2026-04-01,1,0,0
LON05359,BM,Caldwell-Arnold,InvestmentHoldCo,558.64,511.76,525.84,BBB,0.005,0.35,7.5,2022-12-02,2024-03-01,1,0,0
LON05360,KY,Rhodes-Mathis,Shipping,1822.88,1508.76,1560.57,BBB,0.005,0.25,3.48,2021-03-22,2030-10-22,1,30,0
LON05361,BM,"Lowe, Washington and Blankenship",RealEstate,498.15,388.18,394.6,BB,0.02,0.45,5.66,2024-05-22,2026-12-23,1,60,0
LON05362,BM,Alvarado LLC,InvestmentHoldCo,176.94,158.16,162.88,A,0.001,0.25,5.07,2021-05-18,2026-04-29,1,30,0
LON05363,BM,Campbell-Sullivan,RealEstate,974.4,902.67,944.05,BBB,0.005,0.35,6.69,2019-12-11,2029-03-10,1,0,0
LON05364,KY,Harper-Dawson,Retail,3072.91,2756.12,2786.56,B,0.05,0.35,6.41,2021-09-20,2030-07-27,1,90,0
LON05365,KY,Miller-Coleman,Shipping,463.17,409.14,411.39,A,0.001,0.35,7.27,2023-04-25,2028-11-28,1,30,0
LON05366,KY,Sexton-Martinez,InvestmentHoldCo,753.6,709.65,735.2,AA,0.0005,0.25,5.94,2023-01-21,2027-10-04,1,60,0
LON05367,GU,"Young, Ewing and Kim",RealEstate,653.11,559.47,569.18,AA,0.0005,0.25,6.2,2023-02-02,2031-01-24,1,60,0
LON05368,GU,Gomez PLC,PrivateWealth,2117.86,1735.55,1802.08,A,0.001,0.25,5.19,2020-09-08,2024-04-02,2,30,0
LON05369,KY,"Dalton, Miller and Hunt",Technology,2187.74,1706.9,1791.35,BBB,0.005,0.45,8.05,2021-10-08,2025-12-28,1,0,0
LON05370,KY,Anderson-Gutierrez,InvestmentHoldCo,146.15,121.1,126.88,BBB,0.005,0.35,8.8,2024-06-20,2032-11-12,1,60,0
LON05371,GU,Ward Ltd,PrivateWealth,1658.74,1485.05,1527.72,AA,0.0005,0.25,6.81,2019-07-22,2022-08-08,1,0,0
LON05372,KY,"Russell, Rodriguez and English",InvestmentHoldCo,290.51,272.91,275.08,BBB,0.005,0.35,4.29,2023-06-01,2029-06-18,1,0,0
LON05373,KY,Ballard PLC,PrivateWealth,1615.89,1267.02,1278.51,BBB,0.005,0.6,8.28,2020-01-25,2021-10-03,1,0,0
LON05374,BM,"Powell, Martinez and Fisher",Shipping,1060.54,989.99,1020.22,BBB,0.005,0.45,3.52,2023-11-04,2029-05-20,1,90,0
LON05375,BM,Hardin PLC,Energy,563.52,465.75,479.33,BB,0.02,0.35,8.65,2022-01-09,2031-09-16,1,0,0
LON05376,KY,Vega-Sanchez,Hospitality,2178.38,1734.85,1768.42,B,0.05,0.6,4.22,2023-04-13,2026-09-12,1,0,0
LON05377,BM,"Mccall, Wall and Cordova",Hospitality,432.51,337.49,340.72,BBB,0.005,0.25,8.77,2022-09-24,2032-03-08,1,0,0
LON05378,KY,Roberts Inc,InvestmentHoldCo,220.23,188.96,191.73,BBB,0.005,0.6,6.73,2023-08-15,2033-04-03,1,0,0
LON05379,JE,Peterson-Brown,InvestmentHoldCo,617.94,582.36,602.02,AAA,0.0001,0.6,4.32,2020-03-21,2023-09-11,1,0,0
LON05380,BM,Taylor-Martin,Retail,240.41,198.96,205.3,BB,0.02,0.6,4.47,2022-04-09,2027-10-12,1,30,0
LON05381,BM,"Morris, Hall and Martin",RealEstate,813.76,630.17,631.59,BB,0.02,0.45,7.5,2019-07-26,2027-07-07,1,0,0
LON05382,KY,"Daniels, Medina and Donaldson",Technology,522.4,500.7,520.07,BBB,0.005,0.35,8.59,2019-10-24,2025-09-27,3,0,0
LON05383,KY,"Elliott, Livingston and Peters",Technology,5181.58,4466.17,4528.47,BB,0.02,0.25,5.45,2019-08-16,2021-05-29,1,90,0
LON05384,JE,Bryant and Sons,Technology,500.69,491.7,505.1,BBB,0.005,0.35,4.21,2021-04-08,2029-09-04,1,30,0
LON05385,JE,Flores PLC,Retail,357.75,278.32,281.22,A,0.001,0.45,7.86,2022-04-25,2031-09-11,1,0,0
LON05386,JE,"Johnson, Wang and Ward",InvestmentHoldCo,779.48,714.28,725.08,A,0.001,0.25,7.56,2020-02-15,2026-05-28,1,0,0
LON05387,KY,Kim PLC,Hospitality,301.88,263.08,268.87,AAA,0.0001,0.35,8.15,2022-03-31,2030-12-06,2,30,0
LON05388,BM,Mann-Larson,Technology,1182.35,1061.57,1110.71,B,0.05,0.25,6.3,2019-12-15,2028-04-23,2,0,0
LON05389,BM,Wood-Farrell,Technology,526.45,418.48,431.49,BBB,0.005,0.35,6.03,2019-07-04,2022-04-23,2,0,0
LON05390,KY,Patterson-Smith,Technology,517.85,417.33,423.87,BB,0.02,0.6,5.54,2021-09-05,2029-10-04,1,90,0
LON05391,KY,Grimes Inc,Energy,998.14,819.94,858.22,AA,0.0005,0.45,7.5,2021-04-07,2025-09-18,1,0,0
LON05392,KY,"Gonzalez, Williams and Owens",Hospitality,1324.14,1171.81,1219.4,A,0.001,0.35,5.36,2022-10-08,2024-10-01,1,30,0
LON05393,JE,Hudson Ltd,Energy,251.86,203.9,209.66,B,0.05,0.35,4.87,2021-05-19,2029-08-09,1,0,0
LON05394,KY,"Bass, Diaz and Gallagher",Shipping,423.73,361.26,368.18,B,0.05,0.25,5.6,2019-12-17,2025-07-07,1,0,0
LON05395,KY,"Lowery, Harmon and Moran",Hospitality,1264.7,1012.63,1018.91,BBB,0.005,0.25,7.43,2020-03-06,2025-09-11,1,0,0
LON05396,KY,"Copeland, Johns and Hernandez",Retail,1539.21,1331.23,1363.4,BB,0.02,0.35,6.8,2019-09-29,2028-10-09,2,0,0
LON05397,BM,Copeland-Griffin,Energy,346.9,298.03,308.4,A,0.001,0.6,8.74,2021-03-26,2024-07-24,1,30,0
LON05398,KY,Ruiz Inc,Retail,404.71,377.88,379.84,A,0.001,0.45,4.53,2022-07-19,2031-03-23,2,0,0
LON05399,GU,"Clayton, Wheeler and Howard",InvestmentHoldCo,139.37,117.07,122.73,BBB,0.005,0.25,6.06,2020-07-15,2023-10-01,1,0,0
LON05400,KY,Duffy and Sons,Technology,407.69,356.27,372.67,A,0.001,0.35,8.94,2022-06-07,2024-04-21,1,90,0
LON05401,BM,"Brown, Jenkins and Pierce",Hospitality,993.92,909.88,955.16,AA,0.0005,0.45,6.37,2019-10-26,2028-12-28,1,0,0
LON05402,BM,"Douglas, Page and Jacobs",Technology,836.79,816.74,833.38,AAA,0.0001,0.25,4.67,2020-05-19,2028-08-03,1,0,0
LON05403,BM,Shannon and Sons,Energy,477.37,419.5,438.76,AA,0.0005,0.45,6.43,2023-10-23,2033-07-07,1,90,0
LON05404,KY,Hernandez Inc,Energy,521.16,436.12,457.8,AAA,0.0001,0.45,6.65,2021-02-03,2029-06-04,1,0,0
LON05405,JE,Gonzalez Ltd,PrivateWealth,79.56,77.32,78.38,A,0.001,0.35,5.17,2020-10-14,2026-12-07,1,0,0
LON05406,KY,Smith-Bass,Shipping,308.98,259.44,270.69,BB,0.02,0.25,4.25,2021-03-13,2027-10-17,2,0,0
LON05407,KY,Young-Gibson,InvestmentHoldCo,1869.34,1556.41,1590.07,AA,0.0005,0.6,4.54,2021-02-25,2025-07-12,1,0,0
LON05408,KY,"Briggs, Webster and Lindsey",Retail,427.19,347.19,354.82,BBB,0.005,0.6,4.02,2022-12-14,2024-02-17,1,90,0
LON05409,JE,Esparza LLC,InvestmentHoldCo,1145.26,1088.15,1112.84,BBB,0.005,0.35,6.53,2020-10-03,2022-02-04,2,0,0
LON05410,KY,"Kelly, Lewis and Henry",InvestmentHoldCo,423.46,380.89,384.9,B,0.05,0.6,3.26,2019-10-16,2028-03-19,3,60,0
LON05411,KY,"Atkins, Young and Burton",Energy,247.15,217.77,226.97,BB,0.02,0.25,6.05,2020-06-29,2022-09-23,1,0,0
LON05412,KY,Brown PLC,RealEstate,343.1,337.08,342.27,BBB,0.005,0.35,8.26,2023-05-28,2026-08-04,1,0,0
LON05413,BM,Thompson-Wilcox,RealEstate,615.15,565.08,580.39,BBB,0.005,0.6,3.24,2020-07-27,2030-05-31,2,0,0
LON05414,BM,Martin Group,Hospitality,709.72,606.6,611.23,BBB,0.005,0.6,4.31,2024-03-02,2025-04-05,1,0,0
LON05415,KY,Rice Ltd,Shipping,523.68,435.66,436.1,BBB,0.005,0.25,3.64,2021-09-22,2026-06-22,1,0,0
LON05416,KY,Ruiz Inc,Technology,878.47,812.2,829.42,BBB,0.005,0.6,3.38,2019-07-23,2024-03-07,1,0,0
LON05417,BM,Wallace Ltd,PrivateWealth,813.88,695.84,719.27,A,0.001,0.6,6.1,2024-06-12,2029-02-07,1,60,0
LON05418,JE,Hernandez Inc,PrivateWealth,248.75,197.96,205.49,BBB,0.005,0.35,4.14,2021-02-02,2023-05-03,1,30,0
LON05419,BM,Ross-Green,Energy,997.44,816.57,825.8,BBB,0.005,0.35,4.73,2020-06-18,2026-08-04,1,90,0
LON05420,BM,"Harris, Ramos and Edwards",Retail,290.96,254.03,266.08,A,0.001,0.6,5.12,2024-04-21,2030-03-05,1,0,0
LON05421,KY,Collins Group,Retail,1168.95,1130.37,1174.93,BBB,0.005,0.6,3.38,2023-03-13,2026-10-08,1,0,0
LON05422,KY,Mann-Bailey,PrivateWealth,332.67,281.55,286.03,A,0.001,0.35,3.73,2022-08-13,2031-12-22,1,0,0
LON05423,BM,Marsh-Pena,InvestmentHoldCo,1600.26,1370.23,1383.72,B,0.05,0.35,7.86,2020-10-31,2027-01-28,1,0,0
LON05424,KY,"Miller, Gordon and Garcia",Retail,1340.51,1073.62,1113.39,BBB,0.005,0.6,5.48,2022-09-14,2027-04-01,1,90,0
LON05425,BM,"Hooper, Stewart and King",Technology,1510.46,1437.95,1464.13,A,0.001,0.6,5.36,2023-03-02,2024-10-26,1,90,0
LON05426,BM,"Fletcher, Schroeder and Lindsey",Energy,635.01,631.95,654.73,AA,0.0005,0.45,5.09,2020-09-23,2022-03-17,1,0,0
LON05427,BM,"Barnes, Montes and Phillips",InvestmentHoldCo,1274.21,1029.07,1038.51,BBB,0.005,0.25,4.7,2020-10-26,2026-07-06,1,0,0
LON05428,BM,Pacheco Ltd,Energy,579.8,546.52,567.0,A,0.001,0.35,5.04,2020-11-03,2022-08-15,3,0,0
LON05429,JE,Russo-Adams,Energy,675.87,556.39,583.89,A,0.001,0.25,6.82,2023-07-25,2026-03-09,2,0,0
LON05430,GU,"Jenkins, Yang and Martinez",InvestmentHoldCo,874.12,801.76,831.33,BBB,0.005,0.25,8.79,2021-05-23,2028-07-01,3,30,0
LON05431,BM,Mckinney Ltd,InvestmentHoldCo,1127.95,1097.25,1104.26,AAA,0.0001,0.25,5.65,2023-03-29,2027-09-20,1,90,0
LON05432,KY,Melendez Ltd,PrivateWealth,3668.65,2908.6,3007.07,BBB,0.005,0.35,3.57,2020-10-31,2023-08-25,1,90,0
LON05433,BM,Patrick-Fletcher,Technology,410.68,363.88,371.93,BBB,0.005,0.35,7.71,2022-09-24,2028-02-03,1,60,0
LON05434,BM,"Williams, Robinson and Martinez",Shipping,2034.36,1579.98,1632.34,A,0.001,0.25,5.16,2021-09-15,2026-05-07,1,0,0
LON05435,GU,Wilson-Reyes,PrivateWealth,1217.22,1087.01,1125.89,AAA,0.0001,0.25,4.35,2021-09-25,2028-10-19,1,0,0
LON05436,KY,"Nunez, Krause and Hull",Energy,779.49,658.8,674.16,BB,0.02,0.25,3.72,2020-09-20,2022-10-28,1,0,0
LON05437,BM,"Freeman, Shelton and Le",Retail,815.1,802.78,832.38,BBB,0.005,0.35,7.92,2019-08-06,2025-07-14,1,0,0
LON05438,BM,"Church, Contreras and Pearson",Retail,521.73,443.76,453.82,BBB,0.005,0.25,6.62,2020-10-07,2025-05-31,1,90,0
LON05439,KY,Delacruz-Schaefer,Retail,441.12,391.42,398.47,BB,0.02,0.35,3.77,2020-04-06,2025-12-28,1,30,0
LON05440,KY,"Nguyen, Jones and Powell",InvestmentHoldCo,300.87,288.88,291.65,A,0.001,0.6,6.73,2023-02-04,2032-07-09,1,0,0
LON05441,GU,Taylor-Snyder,Retail,1045.61,1039.28,1066.36,BBB,0.005,0.25,7.91,2020-03-16,2022-07-23,1,0,0
LON05442,KY,Ball-Rojas,Shipping,249.0,192.77,200.37,BB,0.02,0.35,8.69,2021-09-26,2023-01-20,1,0,0
LON05443,KY,Myers and Sons,Hospitality,456.5,416.5,433.98,BBB,0.005,0.25,8.68,2022-12-11,2030-01-06,1,60,0
LON05444,BM,Reyes Inc,Shipping,964.41,776.98,779.01,BB,0.02,0.35,8.21,2022-08-14,2023-10-19,1,60,0
LON05445,KY,"Hawkins, Gibson and Schwartz",Hospitality,3413.65,2730.75,2831.93,BB,0.02,0.6,3.06,2020-02-28,2023-08-28,3,0,0
LON05446,BM,Harmon Inc,Technology,1373.39,1248.79,1261.19,AA,0.0005,0.35,6.03,2023-11-22,2029-12-10,1,30,0
LON05447,KY,Knox Group,PrivateWealth,313.6,266.12,277.39,BBB,0.005,0.25,4.93,2019-10-15,2025-09-04,1,90,0
LON05448,KY,Padilla-Wagner,Hospitality,109.51,106.95,109.14,BB,0.02,0.25,5.07,2020-10-05,2028-07-03,1,0,0
LON05449,BM,"Nelson, Green and Turner",RealEstate,371.32,367.13,372.97,BBB,0.005,0.35,7.87,2021-02-15,2027-03-24,1,0,0
LON05450,KY,Berry Group,RealEstate,178.53,139.99,146.73,A,0.001,0.35,7.3,2021-03-05,2025-10-03,1,60,0
LON05451,BM,Mclaughlin-Green,RealEstate,964.2,928.27,958.73,B,0.05,0.35,7.26,2021-06-07,2025-03-09,1,0,0
LON05452,KY,Underwood-Moore,Hospitality,419.03,358.57,374.28,BB,0.02,0.25,5.39,2024-04-23,2030-08-01,1,0,0
LON05453,BM,Haas LLC,Energy,984.72,855.99,896.27,A,0.001,0.6,4.28,2020-07-07,2028-05-19,1,30,0
LON05454,GU,Graham-Holmes,Hospitality,1793.82,1508.0,1568.17,BBB,0.005,0.35,7.77,2023-11-27,2027-03-11,1,60,0
LON05455,GU,"Stein, Harris and Shields",Hospitality,497.37,496.57,506.26,BBB,0.005,0.25,4.58,2024-05-16,2032-06-03,1,0,0
LON05456,KY,Mason-Valdez,PrivateWealth,1208.49,1062.52,1109.07,B,0.05,0.6,5.66,2019-11-06,2024-11-04,1,0,0
LON05457,BM,Stephens-Moore,InvestmentHoldCo,767.77,623.18,647.72,AA,0.0005,0.45,6.55,2020-06-02,2028-12-08,1,0,0
LON05458,KY,Morgan PLC,PrivateWealth,259.26,219.87,227.05,AA,0.0005,0.45,8.15,2022-12-31,2031-09-27,1,60,0
LON05459,BM,Green-Johnson,RealEstate,643.32,528.55,534.57,BB,0.02,0.35,3.15,2019-09-30,2026-07-31,2,0,0
LON05460,GU,"Stevenson, Shannon and Nolan",Energy,5542.53,4829.1,5035.72,AAA,0.0001,0.25,3.83,2020-06-09,2026-05-08,1,60,0
LON05461,BM,Chen PLC,Energy,1412.07,1198.96,1233.34,BBB,0.005,0.45,7.89,2019-08-11,2023-02-23,1,0,0
LON05462,BM,"Jones, Johnson and Braun",RealEstate,1347.99,1219.57,1246.49,B,0.05,0.6,6.93,2020-12-15,2026-03-29,1,30,0
LON05463,BM,Ramirez-Johnson,Energy,701.43,697.31,708.61,BBB,0.005,0.45,3.72,2022-10-19,2030-10-01,1,0,0
LON05464,BM,Burns-Diaz,Retail,1160.31,899.79,916.9,BBB,0.005,0.25,6.4,2021-07-14,2025-09-28,1,0,0
LON05465,KY,Thompson Ltd,Shipping,808.54,643.55,666.3,BB,0.02,0.45,6.15,2024-05-14,2028-01-01,3,60,0
LON05466,BM,Goodman Ltd,Hospitality,1569.4,1334.99,1352.16,B,0.05,0.35,6.56,2021-10-03,2027-09-19,2,0,0
LON05467,KY,Rodriguez-Reyes,Retail,1634.53,1510.45,1512.87,AA,0.0005,0.25,8.52,2019-08-22,2027-05-10,1,0,0
LON05468,BM,"Mason, Clark and Schmidt",Retail,1295.46,1030.37,1039.12,BBB,0.005,0.25,8.67,2020-04-25,2021-07-21,2,0,0
LON05469,KY,"Wilson, Campbell and Elliott",Retail,387.66,375.74,381.02,BBB,0.005,0.25,6.87,2024-04-17,2025-10-02,1,90,0
LON05470,KY,"Christensen, Black and Gonzalez",Retail,1883.81,1636.96,1654.15,B,0.05,0.45,8.63,2020-09-16,2027-11-10,1,30,0
LON05471,KY,Adkins-Harris,Retail,429.38,331.66,341.14,AA,0.0005,0.25,5.94,2022-01-25,2025-05-12,1,0,0
LON05472,BM,Williams Ltd,Shipping,241.41,187.55,191.94,A,0.001,0.45,3.21,2021-02-22,2030-11-10,2,0,0
LON05473,KY,"Gonzalez, Valencia and Le",Hospitality,454.79,433.89,439.37,BB,0.02,0.25,8.35,2022-03-05,2023-11-06,1,0,0
LON05474,KY,"Griffin, Payne and Miller",Retail,546.31,500.12,520.54,A,0.001,0.6,3.68,2023-10-23,2025-08-19,2,60,0
LON05475,KY,Young Group,RealEstate,2290.73,1818.78,1852.18,B,0.05,0.45,5.94,2019-11-23,2029-03-23,1,90,0
LON05476,JE,"Pruitt, Mcdonald and Page",RealEstate,633.77,610.31,624.31,B,0.05,0.6,5.0,2023-09-30,2031-09-19,1,0,0
LON05477,KY,Mccormick-Sanchez,PrivateWealth,346.27,342.18,359.14,BBB,0.005,0.45,6.38,2024-05-07,2030-07-25,1,0,0
LON05478,KY,Mcgrath PLC,PrivateWealth,2194.6,1796.15,1814.7,AA,0.0005,0.25,4.09,2020-03-30,2027-07-16,1,90,0
LON05479,JE,Simmons-Gay,PrivateWealth,1165.38,938.23,965.56,BBB,0.005,0.25,4.93,2023-12-18,2029-09-22,1,30,0
LON05480,JE,Burton PLC,Hospitality,727.94,631.9,651.58,AA,0.0005,0.45,5.08,2023-06-15,2028-12-23,1,0,0
LON05481,GU,Summers Inc,RealEstate,1201.02,959.75,961.64,BB,0.02,0.45,5.35,2021-11-14,2028-08-21,2,0,0
LON05482,KY,"Johns, Martin and Larson",Shipping,1103.98,1052.6,1103.27,BBB,0.005,0.6,3.91,2023-01-21,2030-01-20,1,60,0
LON05483,BM,Gardner-Blair,RealEstate,414.55,344.97,362.05,B,0.05,0.25,8.81,2019-08-10,2022-05-06,1,30,0
LON05484,KY,James-Miller,Energy,1089.19,1044.83,1084.68,A,0.001,0.45,5.13,2019-10-03,2023-07-11,1,0,0
LON05485,KY,"Yates, Morales and Rodriguez",Retail,1125.41,900.56,901.71,BBB,0.005,0.35,5.94,2020-07-04,2027-11-14,1,0,0
LON05486,BM,"Ellis, Hopkins and Price",Retail,394.41,304.78,313.97,B,0.05,0.45,6.1,2022-11-30,2024-07-01,1,0,0
LON05487,BM,Vargas-Morales,Technology,566.59,538.09,553.18,B,0.05,0.25,6.71,2023-01-07,2025-06-24,1,90,0
LON05488,KY,Stone-Cole,Retail,176.05,170.85,173.53,A,0.001,0.35,8.38,2022-06-20,2031-06-16,1,0,0
LON05489,BM,"Chandler, Salinas and Turner",Hospitality,1314.32,1306.11,1359.88,BB,0.02,0.35,3.27,2019-07-31,2022-12-01,1,0,0
LON05490,BM,Graham LLC,Energy,577.42,472.03,482.71,BBB,0.005,0.35,8.65,2024-04-20,2030-03-22,1,0,0
LON05491,KY,Morris Inc,PrivateWealth,914.41,897.92,905.14,BBB,0.005,0.25,8.14,2020-03-15,2025-05-06,1,90,0
LON05492,BM,Garcia Inc,Retail,439.55,409.58,414.01,AAA,0.0001,0.45,7.47,2020-10-03,2023-12-25,2,60,0
LON05493,BM,Diaz Inc,PrivateWealth,1479.79,1360.66,1384.55,BB,0.02,0.35,5.37,2021-05-10,2029-05-27,1,0,0
LON05494,JE,Mcfarland Ltd,InvestmentHoldCo,544.9,426.38,447.38,AA,0.0005,0.25,7.21,2020-07-25,2024-08-27,1,0,0
LON05495,KY,"Rivera, Klein and Camacho",Shipping,419.25,346.72,351.85,BBB,0.005,0.25,8.01,2020-11-17,2028-01-17,3,0,0
LON05496,KY,"Hart, Bell and Miller",Technology,551.13,449.42,466.01,A,0.001,0.25,8.11,2022-02-22,2029-07-14,1,0,0
LON05497,KY,Snyder-Meyer,Hospitality,312.86,261.72,270.69,BBB,0.005,0.6,8.12,2020-11-18,2026-06-03,1,90,0
LON05498,KY,Welch Ltd,Hospitality,1323.27,1147.98,1148.4,BBB,0.005,0.45,3.78,2023-04-17,2024-09-04,2,90,0
LON05499,GU,Harmon-Lee,Retail,823.07,682.91,692.78,BBB,0.005,0.35,3.24,2022-11-13,2028-10-09,3,30,0
LON05500,KY,Perez-Strong,Retail,1535.85,1223.13,1278.14,AA,0.0005,0.6,3.26,2023-11-08,2028-02-02,1,0,0
LON05501,BM,Stevens and Sons,PrivateWealth,1537.49,1237.91,1266.77,A,0.001,0.35,6.64,2020-12-18,2027-03-21,1,0,0
LON05502,KY,Marquez PLC,Energy,1196.29,931.33,946.05,BBB,0.005,0.35,4.25,2022-04-01,2029-02-13,2,0,0
LON05503,GU,"Bowman, Shepherd and Dyer",Technology,3840.16,3306.69,3439.33,A,0.001,0.6,6.88,2021-01-03,2026-06-18,1,60,0
LON05504,GU,"Kennedy, Daniels and Williams",Shipping,1497.4,1225.38,1277.47,BBB,0.005,0.35,4.38,2023-08-21,2032-09-01,1,30,0
LON05505,BM,Andrews LLC,PrivateWealth,417.98,333.85,345.68,BB,0.02,0.25,7.98,2020-01-28,2023-08-23,1,90,0
LON05506,BM,Smith Inc,Retail,1468.07,1222.46,1264.1,BBB,0.005,0.35,6.19,2024-03-04,2029-06-20,1,0,0
LON05507,GU,Tate and Sons,RealEstate,954.53,789.12,797.08,A,0.001,0.25,3.36,2023-01-29,2029-11-02,1,0,0
LON05508,KY,"Cantrell, Sanchez and Simon",RealEstate,66.15,61.71,64.49,BBB,0.005,0.35,6.06,2020-02-06,2024-04-30,1,0,0
LON05509,KY,"Hernandez, Reed and Rollins",Technology,316.92,267.57,268.99,AAA,0.0001,0.25,4.72,2022-07-08,2027-07-03,2,0,0
LON05510,KY,Higgins Ltd,PrivateWealth,246.21,215.25,215.67,A,0.001,0.25,8.6,2019-09-09,2027-06-27,2,60,0
LON05511,BM,Wilkinson and Sons,Shipping,1404.85,1308.03,1319.43,BB,0.02,0.6,5.78,2022-02-14,2030-12-18,1,90,0
LON05512,BM,Collins-Buckley,Hospitality,741.27,643.43,650.88,BBB,0.005,0.6,3.92,2022-07-24,2028-11-18,1,0,0
LON05513,BM,Sanford-Wilkerson,PrivateWealth,210.53,197.39,204.12,BB,0.02,0.25,6.44,2020-11-02,2028-04-09,1,0,0
LON05514,BM,"Williams, Nunez and Moore",Technology,646.26,614.83,639.77,A,0.001,0.6,3.26,2021-11-25,2030-02-27,1,0,0
LON05515,GU,Lee Inc,Shipping,873.56,730.03,755.29,BBB,0.005,0.25,5.41,2020-06-12,2024-10-09,1,90,0
LON05516,BM,Barnett Inc,InvestmentHoldCo,402.62,363.22,381.37,BB,0.02,0.35,6.49,2021-10-17,2027-07-13,1,0,0
LON05517,KY,Roberts-Hancock,PrivateWealth,312.8,256.99,258.15,A,0.001,0.35,5.74,2022-01-16,2026-01-24,1,0,0
LON05518,BM,"Peters, Terry and Rogers",RealEstate,790.66,634.64,658.19,AA,0.0005,0.6,4.58,2020-12-23,2026-02-26,2,0,0
LON05519,KY,Robinson and Sons,Technology,927.02,746.15,749.12,AA,0.0005,0.45,7.54,2021-04-07,2030-07-20,1,0,0
LON05520,KY,"Alexander, Smith and Johnston",Technology,961.89,747.44,769.75,BBB,0.005,0.45,6.61,2022-03-09,2025-04-02,1,0,0
LON05521,BM,Sutton-Leon,Hospitality,528.35,431.46,442.72,BBB,0.005,0.45,5.35,2020-04-17,2023-11-12,1,0,0
LON05522,KY,"Johnson, Malone and Bell",InvestmentHoldCo,1871.79,1800.05,1822.83,A,0.001,0.25,7.81,2022-04-24,2028-12-22,1,60,0
LON05523,BM,"Davis, Anderson and Johnson",Retail,399.55,362.12,371.0,AA,0.0005,0.25,6.73,2020-04-02,2027-11-11,1,0,0
LON05524,GU,Atkinson Inc,Technology,1241.62,1034.35,1049.16,A,0.001,0.35,8.31,2020-05-15,2021-11-02,1,60,0
LON05525,BM,Osborne PLC,RealEstate,803.71,781.13,802.48,AAA,0.0001,0.6,7.43,2020-03-29,2022-01-10,1,0,0
LON05526,BM,Hughes Inc,Technology,865.4,710.0,740.67,BBB,0.005,0.25,5.56,2021-02-27,2030-06-05,1,0,0
LON05527,JE,Thompson Ltd,Hospitality,1579.26,1312.03,1337.74,B,0.05,0.35,4.92,2020-09-10,2024-03-07,1,0,0
LON05528,GU,Herrera LLC,InvestmentHoldCo,816.05,660.8,672.69,AA,0.0005,0.35,8.51,2020-11-30,2023-10-07,1,60,0
LON05529,BM,Pena-Bartlett,Technology,1115.72,882.02,895.68,B,0.05,0.25,5.0,2021-04-14,2026-01-11,1,60,0
LON05530,KY,Carter-Santiago,Retail,647.18,531.06,538.94,A,0.001,0.25,3.13,2019-08-20,2026-06-29,1,30,0
LON05531,BM,Guerra and Sons,RealEstate,470.16,463.15,469.78,BB,0.02,0.25,4.41,2022-04-01,2024-04-01,1,0,0
LON05532,GU,Gross Group,RealEstate,512.14,452.18,453.27,A,0.001,0.25,7.11,2023-11-02,2028-08-11,1,0,0
LON05533,KY,Phillips Group,RealEstate,2731.84,2288.23,2391.52,BBB,0.005,0.25,4.17,2021-08-20,2031-08-11,2,90,0
LON05534,KY,"Grant, Knight and Chase",Retail,1549.62,1294.96,1317.07,B,0.05,0.25,7.59,2023-05-09,2030-12-02,1,90,0
LON05535,KY,"Martin, Bailey and Porter",InvestmentHoldCo,1633.77,1485.69,1543.84,A,0.001,0.6,5.38,2020-05-29,2023-11-05,1,0,0
LON05536,GU,Lester-Garcia,Retail,619.24,484.34,498.08,B,0.05,0.35,6.93,2020-12-21,2023-05-23,1,30,0
LON05537,BM,Rodriguez LLC,Retail,1650.99,1449.34,1462.44,BBB,0.005,0.35,6.8,2020-08-03,2026-01-10,1,30,0
LON05538,BM,Michael-Flores,Shipping,752.15,602.7,608.31,BBB,0.005,0.45,4.89,2021-11-02,2028-05-24,1,30,0
LON05539,BM,"Perry, Krueger and Evans",Shipping,243.89,243.64,252.71,BBB,0.005,0.45,5.76,2023-12-17,2027-07-22,3,0,0
LON05540,BM,"Wright, Howard and Shepard",Hospitality,471.27,400.31,414.74,AAA,0.0001,0.45,7.77,2021-04-12,2022-12-16,1,0,0
LON05541,GU,Johnson-Hines,Energy,1209.66,1208.11,1246.24,BBB,0.005,0.35,7.18,2021-11-09,2026-11-14,1,0,0
LON05542,KY,Strickland-Nelson,Hospitality,444.42,387.99,402.82,A,0.001,0.45,5.79,2019-10-06,2023-07-10,1,0,0
LON05543,JE,Ross LLC,PrivateWealth,680.9,532.31,537.12,AA,0.0005,0.25,5.1,2021-02-02,2026-02-25,1,60,0
LON05544,BM,Thomas PLC,Energy,1536.75,1438.24,1491.32,BBB,0.005,0.25,8.26,2021-03-09,2026-08-23,1,0,0
LON05545,BM,"Morse, Ramos and Buckley",Shipping,1363.54,1264.35,1294.8,BBB,0.005,0.6,3.09,2022-06-15,2025-08-27,1,60,0
LON05546,KY,"Garcia, Hernandez and Zimmerman",Technology,665.09,519.57,519.98,BBB,0.005,0.6,3.11,2020-08-16,2023-01-25,1,90,0
LON05547,GU,Boyd-Martin,Shipping,302.92,273.62,276.07,B,0.05,0.35,3.49,2024-06-19,2028-08-27,1,30,0
LON05548,JE,Davis Group,InvestmentHoldCo,1709.05,1676.83,1730.89,BB,0.02,0.45,5.82,2021-02-01,2026-03-10,1,0,0
LON05549,KY,Sullivan PLC,Retail,395.01,348.21,363.63,BBB,0.005,0.35,7.01,2021-01-23,2022-09-21,1,0,0
LON05550,BM,Duncan-White,Technology,323.72,283.93,294.31,BBB,0.005,0.6,6.92,2020-11-10,2028-12-29,2,0,0
LON05551,KY,"James, Barnes and Mclaughlin",Energy,831.62,732.93,736.2,BBB,0.005,0.25,6.2,2020-05-12,2026-06-20,1,0,0
LON05552,JE,Turner-Phelps,InvestmentHoldCo,1245.89,992.27,1017.5,A,0.001,0.35,6.62,2023-08-26,2029-12-29,1,0,0
LON05553,JE,Castillo and Sons,RealEstate,1246.88,1012.31,1023.02,B,0.05,0.25,6.01,2021-05-30,2026-10-23,1,0,0
LON05554,KY,"Lee, Perez and Castillo",Retail,274.74,216.97,225.59,B,0.05,0.35,4.8,2022-03-28,2028-03-18,1,60,0
LON05555,BM,Green LLC,RealEstate,1437.31,1343.83,1376.67,BB,0.02,0.35,3.28,2020-11-06,2024-07-08,1,30,0
LON05556,GU,Moore PLC,Technology,3143.75,2720.9,2729.54,B,0.05,0.35,8.47,2020-09-06,2025-12-11,1,90,0
LON05557,BM,Rose-Chen,InvestmentHoldCo,938.99,866.38,904.97,B,0.05,0.25,8.38,2022-01-21,2027-01-28,1,90,0
LON05558,BM,"Adkins, Navarro and Brown",Energy,1267.88,1082.08,1109.79,BB,0.02,0.35,4.49,2022-02-07,2030-01-19,1,0,0
LON05559,BM,Moore-Tran,Technology,1150.19,1004.67,1018.34,BBB,0.005,0.25,3.06,2023-04-08,2028-04-02,1,60,0
LON05560,JE,"Reeves, Perez and Duncan",Shipping,638.46,494.6,497.0,BBB,0.005,0.6,6.67,2023-05-21,2024-10-25,1,90,0
LON05561,KY,Gonzalez-Perez,Hospitality,353.27,307.66,322.33,B,0.05,0.35,5.98,2023-07-18,2025-09-04,1,0,0
LON05562,GU,"Whitney, Smith and Mcintosh",Technology,1929.32,1621.2,1678.22,A,0.001,0.25,4.59,2021-06-01,2024-09-05,1,0,0
LON05563,KY,Smith and Sons,RealEstate,322.8,315.06,320.45,AA,0.0005,0.6,6.18,2023-11-07,2029-10-16,1,60,0
LON05564,KY,"Knox, Johns and Padilla",Technology,1158.9,1077.26,1111.79,AAA,0.0001,0.35,4.99,2020-04-13,2029-04-21,2,60,0
LON05565,BM,Camacho LLC,Technology,543.02,492.96,493.81,BBB,0.005,0.25,8.7,2024-01-27,2033-04-16,1,0,0
LON05566,KY,Weiss-Aguilar,Retail,664.32,608.29,620.82,BBB,0.005,0.35,3.01,2020-04-14,2025-06-13,1,30,0
LON05567,KY,Brady Group,InvestmentHoldCo,148.43,137.77,142.5,BBB,0.005,0.35,3.16,2022-10-29,2024-04-01,1,0,0
LON05568,KY,Taylor Ltd,Technology,966.28,925.55,970.03,A,0.001,0.35,3.6,2021-07-14,2024-11-22,1,30,0
LON05569,JE,"Thompson, Foster and Vasquez",Retail,724.81,561.06,582.06,BB,0.02,0.45,5.58,2022-07-22,2027-07-09,1,0,0
LON05570,BM,Maxwell LLC,PrivateWealth,362.15,313.77,323.29,AA,0.0005,0.35,6.79,2021-06-30,2031-04-16,1,90,0
LON05571,JE,"Patterson, Peters and Wright",InvestmentHoldCo,519.04,412.79,420.68,BB,0.02,0.6,6.15,2024-02-19,2030-06-02,1,0,0
LON05572,KY,Jones Ltd,PrivateWealth,183.4,165.85,170.46,A,0.001,0.35,4.65,2021-10-27,2031-07-30,1,60,0
LON05573,BM,"Tran, Washington and Smith",Technology,710.13,589.32,616.22,A,0.001,0.25,8.09,2021-08-26,2023-12-25,1,0,0
LON05574,JE,Cortez-Cox,Hospitality,1839.75,1614.81,1694.99,B,0.05,0.25,6.53,2019-09-10,2022-09-12,2,90,0
LON05575,BM,"Chapman, Mitchell and Warren",InvestmentHoldCo,527.68,498.22,514.78,BBB,0.005,0.35,3.13,2022-08-20,2024-12-18,1,0,0
LON05576,BM,Williams PLC,RealEstate,909.54,828.25,845.29,BB,0.02,0.25,8.06,2020-02-17,2027-06-06,1,0,0
LON05577,KY,Hicks-Scott,Energy,512.16,450.46,455.89,A,0.001,0.25,8.58,2023-11-11,2031-12-11,1,0,0
LON05578,BM,Beck LLC,InvestmentHoldCo,1203.56,1063.91,1105.44,A,0.001,0.25,8.71,2021-04-26,2027-11-06,1,0,0
LON05579,KY,Powell-Newman,Technology,1456.01,1286.63,1349.22,A,0.001,0.25,4.03,2020-10-23,2021-12-20,1,0,0
LON05580,JE,Martin Group,Energy,300.22,288.64,290.34,A,0.001,0.25,4.56,2019-07-18,2021-07-20,1,0,0
LON05581,KY,"Mccall, Nguyen and Baker",Technology,486.45,440.0,450.73,BBB,0.005,0.45,5.86,2019-08-01,2020-08-31,1,90,0
LON05582,BM,Mendoza PLC,Shipping,295.21,280.92,282.66,BBB,0.005,0.35,8.65,2021-04-19,2030-11-17,1,60,0
LON05583,KY,Rodriguez-Gonzalez,Technology,670.05,538.71,547.9,BB,0.02,0.35,6.81,2024-06-30,2028-04-12,1,0,0
LON05584,KY,Adams PLC,Technology,270.39,237.39,241.63,BBB,0.005,0.35,5.64,2019-09-05,2026-01-18,3,0,0
LON05585,KY,Bishop Group,Technology,1018.71,880.68,908.99,B,0.05,0.35,4.31,2024-03-25,2026-07-20,1,30,0
LON05586,GU,Cooper Group,Energy,814.06,651.63,674.13,BBB,0.005,0.35,4.06,2023-02-10,2029-03-14,1,30,0
LON05587,KY,"Green, Gomez and Johnson",Retail,1740.06,1377.62,1408.41,BBB,0.005,0.35,6.1,2021-09-13,2025-03-06,2,0,0
LON05588,KY,"Frederick, Jones and Wright",PrivateWealth,691.49,615.28,637.52,BB,0.02,0.45,3.41,2020-08-25,2029-12-14,3,60,0
LON05589,BM,Salazar-Lopez,RealEstate,474.19,467.25,484.06,AAA,0.0001,0.45,7.54,2021-02-16,2029-08-30,1,0,0
LON05590,BM,"Fitzgerald, Golden and Choi",Shipping,2929.08,2735.81,2762.48,B,0.05,0.35,6.74,2020-07-06,2029-04-30,1,0,0
LON05591,BM,Sloan LLC,RealEstate,266.93,241.83,252.26,BBB,0.005,0.25,7.09,2022-11-15,2031-05-21,1,0,0
LON05592,KY,Nichols and Sons,Hospitality,392.46,350.03,357.14,BB,0.02,0.45,8.42,2022-02-10,2026-10-25,1,0,0
LON05593,JE,Ramirez-Melton,Technology,1005.87,863.92,868.02,A,0.001,0.35,5.3,2020-03-05,2029-12-24,1,90,0
LON05594,GU,Haynes LLC,Technology,1146.98,1130.8,1155.75,BBB,0.005,0.35,6.47,2020-06-24,2022-05-06,1,30,0
LON05595,BM,Jones-Wilson,Retail,1400.92,1123.06,1133.83,BB,0.02,0.25,3.92,2021-09-21,2027-06-10,1,60,0
LON05596,KY,Fernandez Ltd,Retail,276.5,236.28,244.96,BBB,0.005,0.25,6.46,2023-05-27,2031-07-26,1,0,0
LON05597,KY,Bishop LLC,Retail,1027.71,888.51,928.1,AA,0.0005,0.35,8.61,2019-08-14,2028-10-17,1,0,0
LON05598,BM,Scott Group,InvestmentHoldCo,235.24,207.09,212.74,BB,0.02,0.6,7.67,2022-07-16,2026-07-23,2,0,0
LON05599,GU,Anderson-Ross,Hospitality,1501.63,1266.12,1310.87,BBB,0.005,0.35,7.96,2024-02-19,2033-10-13,1,30,0
LON05600,GU,"Morton, Thomas and Ortiz",Shipping,1391.43,1191.18,1219.08,A,0.001,0.35,3.09,2024-05-04,2027-09-06,1,30,0
LON05601,GU,Quinn-Thornton,Shipping,369.35,359.81,367.98,B,0.05,0.25,3.67,2021-04-22,2025-01-16,1,60,0
LON05602,KY,Anderson-Nguyen,Technology,263.76,241.49,252.33,BBB,0.005,0.25,8.99,2023-04-01,2030-04-15,1,90,0
LON05603,BM,Gray and Sons,Retail,799.57,620.92,631.06,B,0.05,0.45,4.47,2021-04-28,2029-09-05,1,0,0
LON05604,BM,Campbell-Patrick,Energy,1287.63,1051.59,1053.24,BBB,0.005,0.25,5.26,2021-09-07,2029-10-30,1,90,0
LON05605,BM,Crawford LLC,Energy,311.75,264.82,268.57,BBB,0.005,0.25,6.3,2022-01-05,2024-01-07,1,60,0
LON05606,KY,"Obrien, Morris and Robinson",Retail,721.69,570.74,593.14,BBB,0.005,0.6,3.3,2021-11-01,2031-02-06,1,0,0
LON05607,GU,Clayton-King,PrivateWealth,135.49,126.9,133.04,BB,0.02,0.45,4.95,2020-04-10,2022-11-20,1,0,0
LON05608,KY,Cherry Inc,Technology,2573.45,2406.01,2428.13,A,0.001,0.45,4.05,2020-11-30,2028-05-29,1,60,0
LON05609,BM,"Li, Taylor and Bailey",Retail,307.45,293.22,295.74,AA,0.0005,0.6,7.36,2022-11-07,2029-12-20,1,90,0
LON05610,KY,Logan and Sons,Hospitality,195.07,153.65,160.99,BB,0.02,0.45,6.7,2020-05-12,2023-03-20,1,30,0
LON05611,KY,Haney Group,InvestmentHoldCo,310.09,270.68,283.2,B,0.05,0.45,5.09,2021-07-14,2030-02-18,1,30,0
LON05612,KY,Martin-Marsh,RealEstate,1895.26,1706.26,1756.73,A,0.001,0.25,3.96,2021-11-06,2026-02-18,1,0,0
LON05613,BM,Abbott PLC,Retail,600.54,488.33,500.25,A,0.001,0.25,6.74,2020-01-19,2027-10-28,1,0,0
LON05614,KY,Brooks PLC,Hospitality,2227.87,1890.07,1906.51,BB,0.02,0.6,7.03,2022-10-19,2023-12-28,1,0,0
LON05615,KY,Pope-Howell,Hospitality,1136.58,1061.45,1067.15,BBB,0.005,0.25,5.01,2020-03-14,2021-03-28,1,60,0
LON05616,BM,Norman LLC,PrivateWealth,589.05,580.78,607.7,BBB,0.005,0.25,4.94,2022-01-18,2028-08-02,1,0,0
LON05617,BM,Powell-Martinez,PrivateWealth,1494.14,1340.45,1390.72,BBB,0.005,0.45,5.6,2024-03-30,2031-04-18,1,0,0
LON05618,BM,Peterson-White,Technology,288.03,230.45,236.03,AAA,0.0001,0.35,3.62,2021-03-16,2029-12-12,1,90,0
LON05619,JE,"Moore, Calhoun and Harris",Energy,2028.0,1675.48,1698.0,B,0.05,0.35,5.45,2024-04-15,2028-02-24,1,90,0
LON05620,KY,Rodriguez-Manning,RealEstate,775.54,716.28,748.83,A,0.001,0.25,4.85,2022-01-17,2031-05-22,2,0,0
LON05621,BM,"King, Clark and Rodriguez",PrivateWealth,349.67,307.76,308.84,BB,0.02,0.25,7.61,2021-05-06,2027-04-28,1,90,0
LON05622,KY,"Martin, Carey and Ellison",Hospitality,755.24,704.76,717.97,A,0.001,0.25,3.78,2020-03-04,2029-03-25,1,30,0
LON05623,GU,Reynolds Inc,PrivateWealth,706.67,608.69,618.78,BB,0.02,0.25,3.16,2024-02-19,2030-10-06,2,60,0
LON05624,GU,Wallace Ltd,Energy,701.69,547.31,567.84,A,0.001,0.25,4.1,2020-12-06,2024-06-24,1,0,0
LON05625,KY,"Boyle, Rodriguez and Andrews",PrivateWealth,296.57,260.67,264.32,BB,0.02,0.25,4.46,2024-04-08,2028-10-09,1,30,0
LON05626,BM,Walker PLC,Energy,785.23,692.04,715.71,B,0.05,0.45,7.96,2024-05-24,2034-05-11,1,0,0
LON05627,KY,Williams and Sons,Energy,666.65,664.62,693.6,BB,0.02,0.25,3.29,2024-06-10,2027-11-13,1,0,0
LON05628,BM,Duncan-Cabrera,Technology,2078.56,1709.58,1737.76,AA,0.0005,0.35,5.54,2021-12-26,2027-07-31,1,30,0
LON05629,JE,Wells PLC,Hospitality,650.08,643.59,672.19,BBB,0.005,0.25,6.83,2022-04-07,2024-10-12,1,0,0
LON05630,BM,"Butler, Wright and Castro",Hospitality,2691.19,2201.82,2268.1,A,0.001,0.35,5.77,2022-11-06,2029-12-23,1,30,0
LON05631,BM,Stark Inc,PrivateWealth,1190.28,1055.79,1102.23,AA,0.0005,0.25,5.67,2022-05-12,2026-03-28,2,0,0
LON05632,BM,"Castillo, Patrick and Horton",Retail,753.07,718.0,728.71,B,0.05,0.25,6.05,2023-03-14,2029-09-05,1,0,0
LON05633,KY,"Roth, Peters and Gardner",Shipping,294.59,256.99,258.64,AA,0.0005,0.35,8.86,2021-09-09,2027-08-14,1,0,0
LON05634,BM,Lindsey Ltd,Technology,550.92,443.33,447.65,BB,0.02,0.6,4.59,2021-03-22,2023-02-03,1,60,0
LON05635,BM,Barr-Flores,RealEstate,662.51,642.78,668.65,BBB,0.005,0.25,4.0,2022-12-05,2025-08-26,1,60,0
LON05636,KY,Wise-Richardson,InvestmentHoldCo,423.52,349.54,354.12,BBB,0.005,0.45,3.9,2023-10-29,2026-11-17,1,0,0
LON05637,JE,Riley PLC,RealEstate,502.46,477.78,478.8,BB,0.02,0.45,3.84,2023-12-21,2029-07-11,2,0,0
LON05638,BM,"Johnson, Sosa and Preston",PrivateWealth,1085.64,914.73,956.48,BBB,0.005,0.6,5.08,2024-01-14,2028-08-12,1,0,0
LON05639,GU,Hall-Miller,Retail,232.56,182.04,184.33,A,0.001,0.45,7.59,2023-01-10,2024-08-27,1,0,0
LON05640,KY,Munoz Inc,Shipping,329.28,321.0,327.71,A,0.001,0.25,5.2,2020-10-19,2029-04-27,1,90,0
LON05641,JE,"Duncan, Barnes and Bowen",PrivateWealth,1472.42,1170.35,1210.91,BBB,0.005,0.35,5.54,2020-05-31,2028-02-28,1,60,0
LON05642,GU,"Wilson, Henry and Rodriguez",Technology,571.92,461.4,472.35,BB,0.02,0.45,7.87,2023-11-09,2031-06-09,1,0,0
LON05643,BM,Flores Inc,InvestmentHoldCo,1327.11,1026.18,1052.01,BBB,0.005,0.35,7.68,2022-02-04,2025-10-25,1,90,0
LON05644,JE,Allen-Jimenez,Shipping,213.01,212.69,220.52,A,0.001,0.25,6.49,2022-04-19,2031-12-08,1,0,0
LON05645,KY,Porter-Stokes,Technology,513.95,418.04,424.17,BB,0.02,0.45,4.5,2024-06-26,2027-03-06,1,60,0
LON05646,KY,Martin Group,PrivateWealth,1053.37,947.19,986.35,AA,0.0005,0.35,6.27,2019-10-05,2027-04-12,1,0,0
LON05647,BM,"Higgins, Burch and Henderson",Shipping,834.76,691.8,709.22,BBB,0.005,0.25,8.0,2022-07-10,2025-10-29,1,0,0
LON05648,GU,Campbell PLC,Energy,1149.64,899.91,915.93,BBB,0.005,0.35,7.44,2023-09-11,2026-08-31,1,90,0
LON05649,GU,"Bishop, Lynn and Woods",Retail,1554.39,1211.47,1219.85,AA,0.0005,0.35,5.56,2023-10-23,2027-12-05,1,90,0
LON05650,JE,"Moon, Parks and Roberts",Retail,481.0,473.36,479.73,AAA,0.0001,0.45,6.28,2022-12-19,2029-09-13,1,90,0
LON05651,JE,Daniel LLC,RealEstate,650.37,573.26,579.06,BBB,0.005,0.25,7.4,2022-03-30,2031-06-02,1,0,0
LON05652,KY,"Bell, Hernandez and Nelson",Technology,713.55,674.25,690.94,BBB,0.005,0.35,5.97,2023-07-14,2033-06-29,1,0,0
LON05653,BM,Padilla LLC,Shipping,227.64,179.56,181.48,A,0.001,0.25,5.59,2022-10-11,2024-09-15,1,0,0
LON05654,GU,Henson-Schroeder,Shipping,721.33,654.76,675.17,BBB,0.005,0.6,4.0,2020-05-21,2026-07-27,1,0,0
LON05655,BM,Thompson Inc,Technology,327.57,271.27,279.45,BBB,0.005,0.25,6.25,2019-07-29,2026-11-27,1,60,0
LON05656,KY,Harris Ltd,Hospitality,1054.09,947.97,962.97,BBB,0.005,0.25,7.26,2019-07-21,2029-01-22,1,90,0
LON05657,KY,"Anthony, Phillips and Green",Technology,417.01,388.75,390.66,A,0.001,0.25,7.05,2021-12-29,2025-03-19,1,30,0
LON05658,BM,Weber-Little,InvestmentHoldCo,595.76,507.62,527.99,BB,0.02,0.6,5.17,2022-11-16,2032-10-13,1,0,0
LON05659,KY,"Burke, Gomez and Bishop",Energy,604.18,471.29,475.82,BBB,0.005,0.25,5.25,2019-07-15,2024-04-24,1,0,0
LON05660,BM,"Boone, Evans and Hudson",Retail,326.46,302.25,316.24,BB,0.02,0.35,7.95,2019-08-01,2021-06-07,1,60,0
LON05661,BM,Mercado Ltd,Shipping,932.14,835.92,848.04,BBB,0.005,0.35,3.31,2021-09-08,2029-03-05,1,0,0
LON05662,GU,"Wise, Patton and Duncan",Hospitality,285.18,239.02,239.84,BBB,0.005,0.6,6.18,2020-07-05,2028-07-11,1,30,0
LON05663,JE,Meza Ltd,InvestmentHoldCo,1796.13,1439.62,1452.65,AAA,0.0001,0.25,6.03,2024-04-07,2033-12-31,1,0,0
LON05664,JE,Parker PLC,Hospitality,725.61,627.68,649.98,BB,0.02,0.45,7.58,2020-10-08,2030-03-14,1,0,0
LON05665,BM,"Smith, Hughes and Gonzalez",InvestmentHoldCo,1009.9,826.06,864.3,BBB,0.005,0.25,6.18,2019-11-30,2023-11-25,1,30,0
LON05666,BM,Snow and Sons,Retail,1561.1,1392.99,1442.01,AA,0.0005,0.25,7.51,2021-02-24,2030-01-28,2,0,0
LON05667,KY,Rojas LLC,InvestmentHoldCo,2740.87,2500.13,2535.95,AA,0.0005,0.25,7.78,2019-07-14,2026-05-11,1,30,0
LON05668,BM,Dunlap Inc,Hospitality,534.54,439.51,441.73,B,0.05,0.25,6.26,2023-02-13,2028-05-17,2,30,0
LON05669,GU,Robinson Group,RealEstate,877.17,741.9,760.7,BB,0.02,0.25,3.77,2022-05-19,2026-12-13,1,90,0
LON05670,BM,Foster PLC,Energy,3097.46,3025.26,3029.95,A,0.001,0.45,7.66,2022-07-08,2026-03-18,1,0,0
LON05671,GU,"Clark, Moody and Jones",PrivateWealth,278.23,258.13,259.03,BBB,0.005,0.6,8.72,2023-07-09,2030-04-13,2,0,0
LON05672,JE,Allen PLC,Retail,346.85,268.12,268.23,BBB,0.005,0.35,8.67,2023-09-08,2030-02-25,1,90,0
LON05673,JE,Hudson Inc,Energy,310.3,300.06,303.89,BBB,0.005,0.45,7.33,2019-08-17,2023-10-09,2,0,0
LON05674,BM,"Wilson, Austin and Hall",Energy,703.52,559.09,570.56,B,0.05,0.45,4.0,2022-08-10,2031-04-12,1,0,0
LON05675,GU,Hawkins PLC,Technology,1174.73,1048.91,1065.3,BBB,0.005,0.25,3.59,2022-09-08,2029-10-30,2,0,0
LON05676,KY,Morris-Davis,RealEstate,1866.29,1578.14,1620.68,BBB,0.005,0.45,5.87,2019-07-17,2027-08-30,1,30,0
LON05677,JE,Leach-Hooper,Energy,2746.5,2148.96,2187.26,BBB,0.005,0.25,4.15,2019-08-20,2026-04-29,1,0,0
LON05678,KY,Gutierrez and Sons,Energy,477.06,420.34,421.27,AAA,0.0001,0.35,5.0,2022-02-24,2027-04-28,1,90,0
LON05679,BM,Hart and Sons,InvestmentHoldCo,563.91,512.53,527.9,BB,0.02,0.25,5.59,2022-11-13,2024-11-23,1,0,0
LON05680,BM,"Fitzgerald, Ortega and Johnson",PrivateWealth,592.86,532.78,559.3,AA,0.0005,0.45,8.37,2021-12-15,2030-01-12,1,30,0
LON05681,JE,Henderson Inc,Shipping,1028.74,881.24,896.24,AAA,0.0001,0.35,7.24,2021-02-12,2023-06-14,1,0,0
LON05682,BM,Edwards Ltd,Energy,405.63,402.06,420.74,A,0.001,0.45,4.7,2020-10-08,2028-09-29,1,0,0
LON05683,JE,Brown-Warren,Technology,373.17,331.71,338.63,AAA,0.0001,0.25,5.08,2020-11-03,2027-04-26,1,90,0
LON05684,KY,"Sanchez, Burke and Martinez",Shipping,358.55,286.71,298.56,A,0.001,0.45,7.57,2020-12-31,2026-01-25,1,0,0
LON05685,BM,Anderson Ltd,Shipping,260.5,217.65,222.77,BBB,0.005,0.35,6.69,2019-07-05,2021-06-06,1,90,0
LON05686,KY,Smith-Zimmerman,Shipping,1759.5,1698.47,1737.2,BB,0.02,0.25,5.58,2021-04-10,2028-04-12,2,0,0
LON05687,KY,"Chavez, Thomas and Bailey",InvestmentHoldCo,318.88,260.4,262.8,A,0.001,0.25,5.19,2021-03-05,2029-10-05,1,90,0
LON05688,BM,"Watson, Elliott and Berry",InvestmentHoldCo,293.26,260.78,268.9,B,0.05,0.35,7.04,2019-07-18,2023-02-01,1,30,0
LON05689,KY,Perry and Sons,Technology,3458.47,3055.62,3111.66,BBB,0.005,0.45,4.26,2022-06-22,2023-08-01,1,0,0
LON05690,KY,Shaw and Sons,PrivateWealth,640.86,522.25,535.85,BBB,0.005,0.35,5.22,2019-11-04,2027-02-24,1,0,0
LON05691,KY,Benson-Carr,Technology,6155.97,5217.48,5316.99,BBB,0.005,0.6,4.56,2019-10-24,2027-06-23,1,0,0
LON05692,BM,Mercado and Sons,Retail,1245.95,1018.56,1032.1,B,0.05,0.35,7.5,2020-11-11,2026-08-23,1,30,0
LON05693,KY,Velez Inc,Technology,1231.57,1146.21,1165.99,BBB,0.005,0.25,5.38,2019-08-06,2022-02-07,2,30,0
LON05694,KY,Moore LLC,Shipping,1045.22,814.34,830.93,BBB,0.005,0.45,5.34,2023-11-07,2026-02-14,1,0,0
LON05695,KY,King-Bender,RealEstate,3409.62,2874.11,2941.62,BB,0.02,0.45,3.97,2021-03-15,2024-04-08,1,0,0
LON05696,KY,"Carter, Smith and Arnold",Energy,278.78,273.54,278.45,A,0.001,0.45,6.69,2022-05-25,2029-05-21,1,0,0
LON05697,BM,Vang Ltd,InvestmentHoldCo,462.98,368.43,369.02,AAA,0.0001,0.25,3.83,2024-04-28,2033-11-28,3,0,0
LON05698,BM,Johnson-Moore,Shipping,601.98,478.22,485.85,A,0.001,0.25,4.59,2022-01-22,2024-03-09,1,0,0
LON05699,JE,Maddox Group,PrivateWealth,939.75,739.88,773.07,AA,0.0005,0.35,4.05,2024-01-24,2032-06-26,1,0,0
LON05700,BM,Roberts-Hernandez,Hospitality,178.92,139.88,142.11,BBB,0.005,0.6,6.47,2023-03-15,2032-02-03,1,30,0
LON05701,BM,Brown-Coleman,Hospitality,612.68,521.04,528.44,B,0.05,0.25,7.69,2024-06-15,2026-10-16,1,0,0
LON05702,KY,Velasquez PLC,PrivateWealth,1476.9,1256.74,1308.93,BBB,0.005,0.35,7.99,2022-09-21,2032-07-29,1,90,0
LON05703,BM,Hansen-Hamilton,Hospitality,833.89,742.6,773.28,AA,0.0005,0.45,6.15,2021-04-15,2027-07-12,1,60,0
LON05704,GU,"Nguyen, Horton and Johnson",Energy,1092.88,929.55,970.27,AAA,0.0001,0.45,3.91,2020-04-02,2026-01-14,1,90,0
LON05705,GU,Swanson LLC,InvestmentHoldCo,1682.01,1542.13,1544.84,BB,0.02,0.35,5.77,2023-08-13,2030-12-28,1,0,0
LON05706,BM,Rowland-Gordon,PrivateWealth,743.14,581.11,600.77,AA,0.0005,0.45,7.82,2023-02-28,2032-06-18,1,60,0
LON05707,GU,Bautista PLC,Energy,1515.0,1420.71,1472.05,B,0.05,0.25,3.18,2023-06-16,2031-06-01,1,0,0
LON05708,KY,Morales-Luna,Shipping,875.84,733.74,739.32,AA,0.0005,0.35,3.97,2020-05-02,2026-09-30,1,0,0
LON05709,KY,Davis-Marshall,PrivateWealth,1035.92,899.58,942.45,B,0.05,0.25,6.66,2021-12-31,2023-09-04,1,0,0
LON05710,KY,Martinez-Gonzalez,InvestmentHoldCo,199.84,180.86,186.97,BBB,0.005,0.25,7.7,2024-01-07,2027-11-26,1,60,0
LON05711,GU,"White, Garcia and Ramos",Technology,363.92,336.22,352.67,BBB,0.005,0.45,3.65,2021-01-12,2029-02-13,1,60,0
LON05712,BM,Wood-Davis,Technology,1256.47,1119.04,1119.33,BB,0.02,0.25,3.09,2023-10-25,2033-10-12,2,30,0
LON05713,KY,Thompson-Walker,Hospitality,638.53,633.79,658.25,BBB,0.005,0.6,5.33,2021-07-23,2023-01-06,1,60,0
LON05714,JE,Young-Ross,Retail,741.46,607.97,627.21,BBB,0.005,0.25,6.97,2021-10-27,2029-02-15,2,0,0
LON05715,BM,Shaffer Group,Shipping,860.69,693.66,724.41,AA,0.0005,0.25,7.81,2020-06-10,2024-06-01,1,90,0
LON05716,BM,Valencia Ltd,Energy,1757.82,1421.45,1464.58,BBB,0.005,0.6,7.89,2019-07-11,2024-04-17,1,0,0
LON05717,BM,Doyle Inc,Technology,313.84,277.56,281.39,B,0.05,0.6,5.8,2022-01-04,2023-08-08,2,60,0
LON05718,KY,Gomez-Brown,Energy,497.28,495.76,497.74,A,0.001,0.35,3.87,2024-06-29,2026-03-19,1,0,0
LON05719,KY,Wolfe-Brock,Technology,1165.83,994.96,1024.21,B,0.05,0.25,4.15,2024-03-13,2032-07-16,1,0,0
LON05720,KY,Acosta-Kim,Hospitality,992.64,846.04,868.14,A,0.001,0.25,5.4,2023-10-24,2033-06-09,2,0,0
LON05721,BM,Lopez-Bauer,InvestmentHoldCo,625.73,616.87,642.06,B,0.05,0.25,6.92,2024-05-02,2026-08-23,1,0,0
LON05722,BM,"French, Murphy and Barber",InvestmentHoldCo,257.13,215.39,218.69,AA,0.0005,0.45,8.74,2021-12-18,2022-12-22,2,60,0
LON05723,BM,Townsend Inc,Shipping,1025.03,805.66,813.47,B,0.05,0.35,8.92,2020-11-07,2023-07-28,1,0,0
LON05724,BM,"Johnson, Gross and Serrano",Energy,1050.3,1035.59,1079.14,B,0.05,0.35,4.01,2022-05-13,2024-12-05,1,0,0
LON05725,GU,Meyer Inc,Retail,1104.65,923.26,939.81,AA,0.0005,0.25,7.49,2020-02-26,2028-02-06,1,0,0
LON05726,JE,Luna LLC,Technology,2391.09,1962.9,1989.24,BB,0.02,0.45,5.46,2020-07-08,2029-08-14,1,0,0
LON05727,GU,"Lawson, Wilson and Patterson",InvestmentHoldCo,229.48,204.05,207.02,B,0.05,0.25,5.78,2022-02-19,2027-06-10,1,60,0
LON05728,JE,Kennedy and Sons,Hospitality,523.99,444.7,451.01,A,0.001,0.6,8.07,2020-07-13,2026-05-16,1,0,0
LON05729,BM,May-Lewis,Energy,180.51,144.36,149.95,B,0.05,0.35,3.58,2019-07-30,2022-10-14,2,0,0
LON05730,BM,Martin-Rogers,RealEstate,710.54,567.83,579.42,A,0.001,0.45,7.64,2023-09-06,2031-05-18,1,0,0
LON05731,KY,Farley-Hicks,PrivateWealth,930.83,882.25,897.24,AA,0.0005,0.25,7.61,2024-01-20,2028-11-02,1,0,0
LON05732,GU,"Simmons, Moore and Riggs",Hospitality,704.06,696.71,707.99,BBB,0.005,0.6,4.67,2021-02-23,2029-03-22,1,0,0
LON05733,KY,Johnston-Graham,Retail,754.09,690.58,705.01,BBB,0.005,0.25,5.72,2020-08-19,2025-04-22,1,90,0
LON05734,BM,"Lawrence, Harris and Hudson",InvestmentHoldCo,122.57,113.47,115.53,BB,0.02,0.25,5.7,2023-01-21,2029-08-01,1,0,0
LON05735,BM,"Rodriguez, Myers and Lopez",Energy,465.23,446.62,448.33,BB,0.02,0.25,7.0,2020-01-20,2023-10-08,1,0,0
LON05736,KY,Francis and Sons,InvestmentHoldCo,1381.16,1320.4,1339.64,BBB,0.005,0.25,6.65,2023-12-17,2029-08-21,1,60,0
LON05737,BM,Evans-Black,Energy,1386.69,1180.94,1225.74,AA,0.0005,0.25,5.13,2020-09-19,2026-07-01,1,90,0
LON05738,BM,"Gibson, Gutierrez and Taylor",Technology,1075.21,879.62,921.95,A,0.001,0.25,8.98,2020-08-30,2026-08-24,1,90,0
LON05739,KY,"Lee, Faulkner and Bullock",Retail,398.49,367.56,378.51,BB,0.02,0.35,4.55,2021-06-30,2022-12-20,1,0,0
LON05740,KY,Mcintosh LLC,RealEstate,358.68,352.76,354.14,AA,0.0005,0.35,4.55,2020-03-15,2027-06-22,1,60,0
LON05741,KY,"Sweeney, Gonzales and Jones",Technology,103.83,98.44,99.07,BB,0.02,0.35,4.09,2022-12-09,2024-09-21,1,0,0
LON05742,BM,Spencer and Sons,Technology,622.43,491.21,506.71,A,0.001,0.25,5.73,2023-04-01,2025-07-23,1,90,0
LON05743,KY,"Graves, Pena and White",Retail,842.19,656.63,681.19,BBB,0.005,0.25,6.59,2020-10-08,2025-11-14,1,0,0
LON05744,GU,"Jordan, Brown and Montes",Technology,541.1,467.62,477.5,BB,0.02,0.25,7.17,2019-12-18,2026-10-02,1,0,0
LON05745,KY,"George, Byrd and Harris",Technology,820.91,787.01,808.98,AAA,0.0001,0.6,4.56,2020-01-15,2022-12-30,1,60,0
LON05746,KY,"Bautista, Wilcox and Mclaughlin",Technology,241.92,216.5,222.41,AA,0.0005,0.25,7.37,2022-04-08,2030-04-11,1,0,0
LON05747,BM,Scott-Mooney,Retail,492.5,414.93,421.22,BB,0.02,0.25,6.44,2021-05-01,2024-08-04,1,0,0
LON05748,BM,"Brennan, Nelson and Wheeler",PrivateWealth,497.82,455.33,468.22,BBB,0.005,0.35,5.84,2021-09-06,2023-03-23,1,0,0
LON05749,JE,Johnson-Cole,Shipping,606.22,599.58,603.69,BBB,0.005,0.35,5.03,2022-04-10,2031-07-26,1,0,0
LON05750,BM,Munoz Ltd,PrivateWealth,234.78,234.29,239.56,B,0.05,0.25,4.26,2021-02-24,2023-04-14,1,60,0
LON05751,GU,"Garcia, Blevins and Grant",Energy,235.29,191.38,199.19,BB,0.02,0.6,5.77,2020-12-05,2025-08-20,1,0,0
LON05752,BM,Sullivan-Schultz,RealEstate,230.29,191.77,196.23,BBB,0.005,0.6,8.24,2021-01-25,2030-04-24,1,90,0
LON05753,JE,Harris-Lopez,Hospitality,511.97,449.04,455.07,A,0.001,0.45,8.15,2023-08-28,2030-02-14,1,30,0
LON05754,BM,Collins and Sons,Shipping,944.52,907.11,908.43,A,0.001,0.25,5.17,2021-05-22,2025-04-28,1,0,0
LON05755,BM,Edwards-Williams,RealEstate,1341.5,1071.01,1100.67,A,0.001,0.25,6.25,2021-09-14,2029-09-26,1,60,0
LON05756,JE,Hill PLC,Energy,1304.7,1113.39,1129.8,BB,0.02,0.35,8.45,2022-07-27,2028-02-03,1,0,0
LON05757,BM,Frey and Sons,PrivateWealth,3232.74,2548.32,2636.27,BB,0.02,0.45,7.41,2023-01-13,2031-03-18,1,0,0
LON05758,BM,Riley-Donaldson,Technology,402.57,319.54,323.88,BB,0.02,0.35,3.19,2023-09-10,2032-01-04,1,0,0
LON05759,BM,Bowen-Cross,PrivateWealth,1340.01,1224.9,1278.84,B,0.05,0.25,3.67,2020-02-06,2028-03-03,1,0,0
LON05760,KY,Sweeney Group,Technology,331.7,262.64,264.76,BBB,0.005,0.25,7.55,2022-01-13,2027-02-04,1,0,0
LON05761,KY,Parker-Odonnell,PrivateWealth,372.67,316.9,321.92,BBB,0.005,0.35,4.98,2021-01-13,2023-12-21,1,0,0
LON05762,BM,Lopez-Martinez,Retail,1684.92,1562.55,1606.56,B,0.05,0.45,7.76,2021-04-27,2022-10-08,1,90,0
LON05763,GU,Jackson-Hernandez,Retail,1166.42,1033.35,1075.24,B,0.05,0.45,8.31,2024-06-26,2026-12-02,1,90,0
LON05764,KY,"Copeland, Hall and Mcdonald",InvestmentHoldCo,590.04,461.36,469.79,BB,0.02,0.35,4.27,2021-09-22,2031-07-17,1,60,0
LON05765,KY,"Sanders, Baker and Zavala",Technology,835.1,646.22,676.47,BB,0.02,0.35,5.92,2021-12-01,2024-06-30,1,30,0
LON05766,GU,Clark-Warren,Hospitality,786.11,775.46,792.09,BB,0.02,0.25,3.19,2020-09-05,2022-10-10,1,0,0
LON05767,KY,"Parsons, Cross and Barber",Hospitality,574.38,492.06,512.78,AA,0.0005,0.25,6.9,2023-12-05,2030-01-06,1,0,0
LON05768,BM,Ramos-Conner,RealEstate,327.93,270.45,281.17,AA,0.0005,0.25,4.73,2022-08-28,2026-04-20,1,0,0
LON05769,GU,"Ramirez, Ramirez and Welch",PrivateWealth,429.29,346.44,354.01,BBB,0.005,0.35,5.79,2021-07-21,2030-05-07,1,0,0
LON05770,BM,Ponce LLC,InvestmentHoldCo,1060.93,846.95,887.22,A,0.001,0.25,4.15,2020-05-29,2024-03-20,2,0,0
LON05771,KY,Gonzalez-Reed,Technology,461.66,429.41,449.28,BBB,0.005,0.45,6.19,2021-07-24,2025-09-08,1,90,0
LON05772,BM,Young Inc,Hospitality,1614.98,1423.66,1466.45,BB,0.02,0.45,8.79,2022-10-16,2028-07-12,1,0,0
LON05773,GU,Stone-Alvarado,InvestmentHoldCo,962.67,790.28,806.31,B,0.05,0.6,3.57,2021-05-07,2024-02-20,1,0,0
LON05774,KY,Fitzpatrick Inc,Shipping,1109.42,922.58,945.86,AA,0.0005,0.6,5.57,2023-11-15,2030-06-13,1,60,0
LON05775,KY,Farley-Daniel,Technology,770.84,688.69,702.2,AA,0.0005,0.25,5.96,2019-12-16,2025-12-07,1,0,0
LON05776,GU,"Jenkins, Moore and Mcconnell",PrivateWealth,1327.61,1038.98,1089.17,BBB,0.005,0.25,6.42,2021-12-24,2023-05-23,1,30,0
LON05777,BM,"Miller, Ford and Jones",RealEstate,854.8,754.61,771.15,BBB,0.005,0.45,3.78,2019-12-28,2021-08-28,1,60,0
LON05778,KY,Thomas-Hernandez,InvestmentHoldCo,876.4,689.72,707.67,A,0.001,0.45,5.86,2019-07-09,2021-02-08,1,0,0
LON05779,KY,"Vega, Mitchell and Frost",PrivateWealth,223.38,177.57,185.55,A,0.001,0.25,3.56,2024-02-26,2026-05-28,1,0,0
LON05780,KY,Fields Ltd,Technology,1112.95,922.3,930.48,BB,0.02,0.25,7.91,2024-04-28,2029-06-12,2,0,0
LON05781,BM,York Ltd,Shipping,1648.58,1491.66,1531.03,AAA,0.0001,0.6,5.68,2022-07-02,2028-05-09,2,0,0
LON05782,GU,"Wagner, Fields and Price",RealEstate,597.35,577.23,594.27,BBB,0.005,0.25,7.05,2023-10-20,2029-01-31,1,90,0
LON05783,KY,Allen PLC,Retail,579.16,456.66,464.83,A,0.001,0.45,8.81,2023-03-13,2030-07-30,1,0,0
LON05784,KY,Davis Inc,Shipping,275.34,244.68,248.58,BB,0.02,0.35,4.46,2021-09-27,2028-02-03,2,30,0
LON05785,BM,"Walker, Lewis and Esparza",Retail,199.34,154.98,158.48,BBB,0.005,0.25,7.0,2021-11-22,2024-09-04,1,0,0
LON05786,JE,Harris-Holt,InvestmentHoldCo,599.18,524.15,526.55,AA,0.0005,0.6,4.43,2019-12-22,2026-07-13,1,0,0
LON05787,KY,Miller-Andrews,Technology,1692.71,1401.32,1446.82,BB,0.02,0.25,6.76,2022-03-01,2027-11-06,1,60,0
LON05788,BM,"Walsh, Hudson and Garner",Hospitality,2397.41,2210.76,2307.68,BB,0.02,0.25,8.65,2023-03-11,2031-06-01,1,60,0
LON05789,BM,"Gallegos, Cruz and Fritz",InvestmentHoldCo,1172.22,1168.87,1190.08,AA,0.0005,0.25,4.73,2021-03-10,2024-10-20,1,0,0
LON05790,BM,"Wise, Smith and Castillo",RealEstate,486.02,434.69,442.57,BBB,0.005,0.45,8.03,2019-10-13,2029-02-02,1,0,0
LON05791,GU,Brown Ltd,InvestmentHoldCo,1447.91,1167.52,1188.31,BBB,0.005,0.6,5.43,2024-06-13,2028-01-06,1,60,0
LON05792,GU,Sutton LLC,Shipping,299.48,273.21,275.68,BB,0.02,0.25,7.98,2023-12-14,2028-04-19,2,0,0
LON05793,BM,"Adams, Price and Pacheco",Technology,1387.16,1297.33,1305.75,A,0.001,0.6,8.02,2021-08-06,2023-11-01,1,0,0
LON05794,JE,Carrillo Inc,PrivateWealth,562.01,526.77,547.76,BBB,0.005,0.45,3.42,2021-12-24,2030-06-04,1,0,0
LON05795,BM,Johnson-Hicks,Retail,652.62,536.0,550.55,BBB,0.005,0.6,6.88,2023-02-17,2026-02-06,1,0,0
LON05796,KY,"Burton, Leon and Garrett",RealEstate,899.93,824.06,848.69,B,0.05,0.45,7.71,2021-04-09,2029-01-01,1,0,0
LON05797,KY,Walters Ltd,Hospitality,393.55,387.03,392.58,BBB,0.005,0.6,8.12,2022-01-09,2025-05-08,1,90,0
LON05798,KY,Harris Ltd,Retail,1485.65,1179.82,1185.91,BBB,0.005,0.25,8.15,2020-04-21,2028-09-08,1,90,0
LON05799,BM,"Johnson, Gardner and Bell",Retail,272.22,229.65,234.82,BB,0.02,0.35,4.94,2019-10-01,2021-07-29,1,30,0
LON05800,GU,"Montgomery, Matthews and Ramos",Energy,844.17,827.54,865.1,AA,0.0005,0.35,5.3,2020-01-01,2026-05-18,1,90,0
LON05801,BM,Taylor and Sons,Retail,318.92,271.94,280.21,B,0.05,0.45,7.82,2022-12-10,2031-11-09,2,0,0
LON05802,KY,"Parrish, Contreras and Schultz",Hospitality,2084.44,1672.36,1693.59,B,0.05,0.45,7.98,2020-06-18,2025-12-16,1,0,0
LON05803,JE,Bates-Turner,PrivateWealth,784.89,656.84,664.65,A,0.001,0.6,7.11,2024-04-23,2026-03-10,1,60,0
LON05804,JE,Sullivan Group,Retail,683.46,667.58,675.63,BBB,0.005,0.25,8.59,2022-06-04,2025-04-14,1,90,0
LON05805,BM,Horn-Bond,Hospitality,1155.7,1075.99,1099.45,B,0.05,0.25,8.17,2020-02-01,2024-12-12,1,60,0
LON05806,KY,Trevino Group,InvestmentHoldCo,995.34,797.39,813.18,BBB,0.005,0.25,3.73,2020-05-15,2025-08-14,1,0,0
LON05807,KY,"Martinez, Shaw and Howell",PrivateWealth,1238.22,1066.76,1107.27,AA,0.0005,0.6,6.64,2019-08-27,2021-06-23,2,0,0
LON05808,KY,Alexander PLC,RealEstate,2259.07,2002.08,2063.32,BB,0.02,0.35,6.11,2022-04-29,2028-07-09,1,90,0
LON05809,BM,Johnson-Morales,PrivateWealth,344.16,343.69,360.27,A,0.001,0.45,3.81,2022-01-25,2031-01-06,1,0,0
LON05810,BM,Mueller-Liu,Energy,542.3,499.14,504.67,AAA,0.0001,0.6,5.49,2024-04-15,2026-07-11,1,0,0
LON05811,GU,"Jackson, Davis and Davis",PrivateWealth,240.89,189.11,198.23,A,0.001,0.35,6.01,2021-07-14,2027-12-26,1,30,0
LON05812,BM,Romero-Shelton,PrivateWealth,1393.91,1388.26,1437.16,BB,0.02,0.25,8.09,2022-06-22,2031-09-28,3,30,0
LON05813,BM,"Owens, Cruz and Hernandez",Shipping,342.45,312.82,315.34,BBB,0.005,0.25,7.54,2022-12-01,2031-01-19,1,0,0
LON05814,BM,"Young, Rodriguez and Chandler",Technology,701.68,617.2,636.51,AA,0.0005,0.6,7.51,2021-07-10,2022-08-17,1,60,0
LON05815,BM,Kaiser and Sons,Hospitality,2283.87,2223.04,2312.67,AA,0.0005,0.6,3.48,2023-11-14,2033-09-06,1,0,0
LON05816,BM,Malone and Sons,Hospitality,413.08,384.85,398.95,BBB,0.005,0.45,8.74,2022-05-29,2023-06-27,1,0,0
LON05817,BM,Moreno Ltd,RealEstate,515.66,438.82,448.79,BBB,0.005,0.25,3.71,2023-11-21,2029-01-31,1,90,0
LON05818,BM,Fuentes-Nicholson,Energy,884.45,859.26,879.78,B,0.05,0.25,6.18,2021-09-16,2031-07-10,1,0,0
LON05819,JE,"Smith, Lane and Thompson",Energy,585.17,498.4,515.61,B,0.05,0.35,7.48,2020-03-14,2026-12-04,2,90,0
LON05820,BM,Lewis Group,InvestmentHoldCo,396.09,340.83,356.33,BB,0.02,0.45,7.41,2020-12-27,2023-08-25,1,0,0
LON05821,BM,Landry Ltd,RealEstate,795.64,792.97,811.93,BB,0.02,0.25,8.16,2021-12-04,2028-06-10,1,0,0
LON05822,BM,Mullins-Burnett,PrivateWealth,1245.77,1124.9,1171.26,B,0.05,0.25,6.16,2021-08-21,2025-05-03,1,30,0
LON05823,KY,Zimmerman-Jefferson,Shipping,2077.11,2008.97,2015.74,BBB,0.005,0.25,6.31,2020-11-20,2022-10-16,1,0,0
LON05824,BM,Curry and Sons,Hospitality,953.56,779.51,789.51,AA,0.0005,0.45,4.96,2023-03-22,2028-03-13,2,90,0
LON05825,KY,"Lopez, Chaney and Young",PrivateWealth,1712.59,1700.4,1758.19,BB,0.02,0.25,6.19,2022-01-03,2030-11-27,2,60,0
LON05826,KY,Glass Ltd,Shipping,454.84,417.88,434.33,BB,0.02,0.45,5.35,2020-07-03,2023-08-23,1,0,0
LON05827,BM,Miller-Parker,PrivateWealth,969.52,758.39,780.48,BB,0.02,0.25,3.67,2021-04-11,2028-01-06,2,0,0
LON05828,JE,"Osborne, Alvarez and Cohen",RealEstate,1783.56,1519.41,1533.37,B,0.05,0.6,3.01,2021-04-09,2028-02-04,2,30,0
LON05829,KY,"Gonzalez, Smith and Scott",PrivateWealth,539.02,456.72,457.28,BB,0.02,0.25,4.54,2019-09-23,2026-05-11,2,0,0
LON05830,KY,Randolph-Wood,PrivateWealth,978.1,856.98,895.91,B,0.05,0.45,5.82,2023-08-19,2028-05-15,1,90,0
LON05831,KY,Kane LLC,Technology,1501.21,1250.69,1256.38,BB,0.02,0.35,4.77,2024-05-24,2026-08-11,1,0,0
LON05832,KY,"Brooks, Hernandez and Wilkinson",PrivateWealth,839.46,765.25,778.91,BBB,0.005,0.35,6.45,2019-12-25,2026-04-14,2,0,0
LON05833,BM,"Valdez, Merritt and Edwards",PrivateWealth,2013.83,1861.61,1922.79,B,0.05,0.35,4.7,2024-03-30,2025-12-17,2,0,0
LON05834,KY,Palmer Inc,Energy,446.68,392.84,404.61,AA,0.0005,0.25,6.85,2021-06-25,2027-08-30,1,30,0
LON05835,GU,"Patrick, Smith and Foster",Energy,458.99,401.29,413.41,BBB,0.005,0.25,5.9,2022-01-21,2031-04-05,1,0,0
LON05836,KY,"Anderson, Williams and Solomon",InvestmentHoldCo,1151.46,941.97,985.36,BB,0.02,0.45,7.56,2024-01-15,2032-05-12,2,0,0
LON05837,KY,Cook Inc,InvestmentHoldCo,1236.25,1220.88,1260.88,BBB,0.005,0.25,7.13,2022-07-30,2024-11-08,1,0,0
LON05838,BM,Dennis Inc,Retail,1070.48,935.17,969.1,B,0.05,0.35,3.25,2019-10-01,2026-08-10,1,90,0
LON05839,KY,Cohen Group,Energy,215.71,188.27,194.34,BBB,0.005,0.35,3.44,2024-05-08,2033-09-21,1,0,0
LON05840,KY,"Barker, George and Andrews",Energy,487.59,382.71,383.08,BB,0.02,0.45,6.17,2020-11-03,2028-07-19,1,60,0
LON05841,KY,Moses LLC,Technology,359.99,286.22,291.36,A,0.001,0.25,3.84,2021-12-31,2023-07-31,2,0,0
LON05842,GU,Vargas Inc,Technology,1015.62,806.57,823.52,A,0.001,0.25,6.75,2021-12-21,2030-03-25,2,0,0
LON05843,BM,Saunders PLC,Hospitality,980.55,778.68,807.88,AA,0.0005,0.25,8.82,2020-04-17,2025-06-17,1,0,0
LON05844,GU,Price Inc,Retail,1008.54,888.46,898.37,A,0.001,0.25,4.64,2020-11-28,2028-04-01,1,0,0
LON05845,BM,Rodgers Group,PrivateWealth,885.33,834.21,861.6,AA,0.0005,0.25,5.32,2020-12-18,2028-06-25,2,0,0
LON05846,BM,"Burton, Simmons and Payne",Retail,663.5,572.63,589.26,B,0.05,0.35,3.17,2022-06-30,2029-09-15,1,60,0
LON05847,KY,"Ward, Perez and Blevins",InvestmentHoldCo,548.82,507.32,513.1,BBB,0.005,0.6,3.38,2020-04-11,2023-12-16,1,0,0
LON05848,KY,Martinez PLC,Retail,587.36,493.34,507.21,BB,0.02,0.6,6.77,2024-06-24,2029-09-16,1,30,0
LON05849,BM,"Cox, Brown and Frey",Technology,1043.15,872.1,893.11,B,0.05,0.6,3.2,2020-02-14,2021-08-29,1,60,0
LON05850,KY,Marks-Tyler,Shipping,1412.83,1213.36,1233.31,BBB,0.005,0.35,5.93,2020-07-14,2026-04-24,1,30,0
LON05851,KY,Frazier-Leach,PrivateWealth,722.73,614.46,616.07,A,0.001,0.35,8.37,2021-05-18,2026-03-01,1,90,0
LON05852,GU,Thomas-West,RealEstate,623.5,499.35,516.82,A,0.001,0.6,8.85,2022-02-08,2023-11-18,1,0,0
LON05853,KY,"Rivera, Phillips and Good",Technology,643.14,500.49,519.16,BB,0.02,0.35,4.27,2020-01-30,2023-11-18,1,0,0
LON05854,KY,"Mejia, Dennis and Johnson",PrivateWealth,272.7,215.24,223.11,A,0.001,0.25,7.76,2020-03-06,2025-05-07,1,0,0
LON05855,GU,"Rodriguez, Mcclure and Clark",Hospitality,610.39,558.96,578.4,AAA,0.0001,0.6,6.67,2021-02-11,2029-04-27,1,0,0
LON05856,KY,Nash LLC,PrivateWealth,109.85,97.84,98.04,BBB,0.005,0.6,7.08,2021-11-17,2023-09-21,1,0,0
LON05857,JE,Armstrong Group,Hospitality,271.35,210.79,212.3,AA,0.0005,0.6,8.51,2021-05-02,2030-10-13,1,60,0
LON05858,GU,"Hunt, Massey and Wood",Technology,783.38,664.43,678.68,BBB,0.005,0.25,4.86,2019-09-15,2022-09-29,1,0,0
LON05859,BM,Gilmore-Smith,Hospitality,543.94,483.67,503.17,BBB,0.005,0.25,4.04,2023-12-11,2025-03-23,1,30,0
LON05860,KY,Valencia PLC,InvestmentHoldCo,673.26,550.13,555.32,BBB,0.005,0.25,6.72,2020-12-29,2030-01-13,1,60,0
LON05861,BM,Smith Ltd,PrivateWealth,347.28,299.78,313.5,AAA,0.0001,0.35,7.6,2023-05-25,2026-08-27,1,30,0
LON05862,KY,"Robinson, Clark and Roman",InvestmentHoldCo,284.8,238.92,249.59,AAA,0.0001,0.25,4.24,2020-03-05,2027-05-02,1,0,0
LON05863,GU,Cox-King,PrivateWealth,1010.72,833.8,858.4,BBB,0.005,0.45,4.6,2020-03-31,2021-07-27,1,0,0
LON05864,KY,"Crawford, Powers and Roy",Hospitality,1316.2,1291.76,1343.74,AA,0.0005,0.25,7.01,2021-04-05,2024-02-01,1,60,0
LON05865,JE,Mcclure-Brown,RealEstate,357.25,283.73,295.45,A,0.001,0.45,7.21,2022-02-20,2023-10-12,1,0,0
LON05866,JE,"Diaz, Rodgers and Austin",PrivateWealth,1353.93,1136.62,1184.82,BBB,0.005,0.35,6.0,2021-02-19,2030-04-10,1,0,0
LON05867,KY,"Guerrero, Moreno and Bullock",RealEstate,1284.57,1275.41,1309.74,BBB,0.005,0.25,7.42,2024-01-14,2031-04-08,1,90,0
LON05868,JE,Campbell Ltd,Retail,947.58,897.21,916.79,A,0.001,0.45,6.61,2020-04-18,2028-05-27,1,0,0
LON05869,KY,Smith Inc,Shipping,575.05,456.84,472.95,B,0.05,0.45,6.85,2020-11-15,2028-04-21,1,0,0
LON05870,KY,"Collins, Stout and Palmer",Retail,651.23,566.59,583.52,BB,0.02,0.35,8.28,2023-05-02,2024-09-21,2,60,0
LON05871,BM,Lopez-Bush,PrivateWealth,355.35,337.0,345.49,BB,0.02,0.6,4.41,2019-07-12,2028-11-21,1,0,0
LON05872,KY,"Morales, Morrow and Taylor",Retail,317.28,312.99,322.23,BB,0.02,0.25,5.11,2020-12-23,2030-05-24,1,0,0
LON05873,GU,Perry Group,Technology,805.5,671.07,674.4,AAA,0.0001,0.6,4.39,2023-06-29,2025-06-19,1,60,0
LON05874,BM,Norris PLC,Hospitality,1094.55,910.51,912.91,BB,0.02,0.6,4.62,2021-04-09,2025-04-13,1,0,0
LON05875,BM,"Perry, Hancock and Rodriguez",Energy,852.2,729.24,753.37,AAA,0.0001,0.45,6.55,2022-07-10,2032-03-11,1,30,0
LON05876,KY,"Harper, Travis and Wilkinson",InvestmentHoldCo,968.95,956.54,990.39,AA,0.0005,0.6,5.6,2020-10-29,2022-11-25,1,0,0
LON05877,KY,Peterson-White,Technology,237.31,209.52,218.61,BBB,0.005,0.35,5.77,2021-11-29,2024-08-30,1,0,0
LON05878,KY,Bradford-Roman,PrivateWealth,1305.21,1200.21,1200.77,BB,0.02,0.6,5.95,2021-07-18,2031-05-20,2,0,0
LON05879,KY,Newman LLC,Technology,653.49,552.26,568.03,BB,0.02,0.6,5.82,2022-01-19,2025-05-22,1,0,0
LON05880,BM,Miller and Sons,PrivateWealth,605.57,517.36,540.63,BB,0.02,0.25,4.87,2021-01-15,2023-09-03,1,0,0
LON05881,KY,"Marshall, Rice and Franklin",Energy,1276.65,1178.58,1188.35,BB,0.02,0.6,5.09,2023-07-28,2029-08-15,1,90,0
LON05882,KY,Mayer Ltd,Hospitality,438.68,346.81,357.14,BB,0.02,0.25,5.36,2022-09-21,2024-10-01,1,0,0
LON05883,BM,"Robertson, Barker and Williams",RealEstate,330.04,308.4,320.22,AA,0.0005,0.25,4.17,2023-01-07,2027-07-17,1,0,0
LON05884,GU,"Velasquez, Snow and Thompson",InvestmentHoldCo,223.59,217.69,218.65,BBB,0.005,0.25,6.28,2020-02-24,2023-06-17,1,0,0
LON05885,KY,Barnes PLC,Technology,1220.96,948.63,949.27,BBB,0.005,0.6,7.94,2023-06-28,2026-11-03,1,0,0
LON05886,BM,Brown PLC,RealEstate,920.73,712.53,732.17,A,0.001,0.25,7.45,2020-01-04,2027-03-27,1,0,0
LON05887,BM,"Schmitt, Williams and Jordan",Hospitality,1166.41,936.15,957.46,BBB,0.005,0.6,7.32,2020-10-14,2024-04-09,1,30,0
LON05888,BM,"Lane, Walker and Barnett",Hospitality,764.78,596.76,604.06,A,0.001,0.25,8.79,2019-10-08,2027-09-25,1,0,0
LON05889,KY,Davis and Sons,Technology,419.39,343.39,359.07,AA,0.0005,0.25,8.67,2020-08-02,2024-07-23,1,0,0
LON05890,BM,Mercado LLC,RealEstate,211.99,174.72,183.34,AA,0.0005,0.6,5.61,2022-06-25,2029-09-28,1,0,0
LON05891,JE,Wright Inc,Technology,926.35,855.03,874.56,AAA,0.0001,0.6,7.32,2020-07-16,2030-07-02,1,0,0
LON05892,KY,"Sanchez, Rice and Bond",RealEstate,1147.95,927.22,934.14,A,0.001,0.35,5.01,2019-12-13,2024-12-14,1,90,0
LON05893,KY,Johnson PLC,Energy,1058.83,997.12,1036.21,AAA,0.0001,0.45,6.73,2022-11-16,2028-12-05,1,90,0
LON05894,BM,Hampton LLC,Shipping,2351.96,2332.13,2365.53,BB,0.02,0.35,3.18,2019-09-19,2023-06-16,2,60,0
LON05895,KY,Jones-Griffith,InvestmentHoldCo,207.34,205.52,212.75,B,0.05,0.25,7.97,2024-06-30,2029-02-27,1,0,0
LON05896,JE,"Farmer, Morales and Hines",RealEstate,1597.93,1307.29,1354.83,A,0.001,0.45,3.94,2022-02-08,2026-12-27,1,60,0
LON05897,BM,Hale-Carroll,RealEstate,791.28,722.73,750.29,A,0.001,0.25,8.05,2022-12-24,2029-05-17,1,90,0
LON05898,KY,Dominguez-Taylor,RealEstate,964.66,849.96,865.05,BBB,0.005,0.25,6.13,2021-05-17,2025-10-31,3,0,0
LON05899,JE,Keller-Zimmerman,InvestmentHoldCo,458.51,365.58,372.27,B,0.05,0.25,3.36,2024-01-13,2034-01-04,2,60,0
LON05900,JE,Richardson Inc,Energy,318.56,309.8,310.81,AA,0.0005,0.6,8.41,2021-01-26,2030-08-17,1,0,0
LON05901,GU,Cruz-Hill,PrivateWealth,486.19,395.33,408.79,BBB,0.005,0.35,6.44,2023-06-06,2032-03-26,1,90,0
LON05902,KY,Shea Group,Retail,490.45,380.38,397.0,BBB,0.005,0.35,7.43,2022-01-17,2026-09-15,1,30,0
LON05903,BM,Mcguire-Robinson,Retail,1603.66,1563.15,1587.16,BB,0.02,0.25,5.42,2023-08-29,2029-05-28,1,0,0
LON05904,BM,"Roberts, Rodriguez and Mckinney",RealEstate,514.69,413.94,427.09,A,0.001,0.25,5.26,2019-08-25,2022-10-26,1,0,0
LON05905,KY,"Jones, Ibarra and Cowan",Technology,454.18,415.95,430.52,BB,0.02,0.45,7.3,2022-03-04,2031-04-30,1,0,0
LON05906,KY,Vargas LLC,Technology,3491.9,2934.9,2961.97,B,0.05,0.45,7.2,2023-08-09,2029-06-30,1,0,0
LON05907,BM,"Fisher, Gonzalez and Novak",RealEstate,591.01,547.75,556.83,A,0.001,0.35,5.93,2020-01-28,2021-07-19,1,30,0
LON05908,KY,Bradford-Myers,Retail,580.29,577.76,595.69,AAA,0.0001,0.25,3.61,2021-09-12,2022-12-06,1,0,0
LON05909,KY,Gibson-Hernandez,Energy,718.08,566.43,576.61,AAA,0.0001,0.25,6.49,2021-09-27,2030-01-31,2,0,0
LON05910,BM,Collins Group,PrivateWealth,664.71,661.21,692.89,B,0.05,0.25,8.59,2020-05-19,2028-07-19,2,0,0
LON05911,GU,Townsend Ltd,Energy,1110.1,1009.26,1014.88,BB,0.02,0.35,8.25,2023-01-14,2024-06-17,1,60,0
LON05912,BM,Kim Inc,RealEstate,1090.41,974.83,1016.39,AAA,0.0001,0.35,3.92,2020-07-28,2029-08-22,1,90,0
LON05913,KY,Wong LLC,Shipping,973.38,932.64,974.49,AA,0.0005,0.35,5.98,2021-08-17,2024-04-02,1,0,0
LON05914,BM,"Sheppard, Garcia and Long",Shipping,642.11,498.26,505.83,B,0.05,0.6,5.52,2022-01-03,2026-10-09,1,0,0
LON05915,BM,Johnson-Rojas,RealEstate,1075.71,883.12,902.63,BB,0.02,0.45,3.32,2023-11-05,2025-07-10,1,0,0
LON05916,BM,"Mcdaniel, Lopez and Thompson",Energy,157.7,122.12,123.59,BB,0.02,0.25,5.96,2020-10-31,2024-04-27,1,0,0
LON05917,BM,Allen Ltd,InvestmentHoldCo,250.45,248.97,255.11,A,0.001,0.25,7.65,2021-11-06,2024-06-26,1,60,0
LON05918,BM,Reese PLC,RealEstate,268.75,235.38,239.36,BB,0.02,0.25,3.77,2020-05-13,2027-06-25,1,0,0
LON05919,BM,Green Inc,Technology,1621.14,1304.36,1354.93,B,0.05,0.45,5.78,2022-09-09,2032-03-10,1,0,0
LON05920,KY,Goodman-Harvey,Hospitality,337.47,277.9,291.33,BB,0.02,0.6,7.39,2022-07-19,2027-07-11,1,30,0
LON05921,JE,"Hester, King and Morales",PrivateWealth,3708.97,2902.44,2982.23,B,0.05,0.25,3.74,2021-12-24,2027-02-23,1,0,0
LON05922,BM,"Murphy, Nguyen and Williams",Energy,259.54,231.31,237.41,B,0.05,0.25,7.58,2022-01-18,2024-10-01,2,0,0
LON05923,BM,Nguyen-Mccormick,Hospitality,186.2,169.68,175.48,BB,0.02,0.35,4.87,2021-10-05,2027-07-20,1,0,0
LON05924,BM,Castillo Ltd,Hospitality,850.42,815.74,823.04,BB,0.02,0.25,4.22,2020-03-28,2026-11-17,1,0,0
LON05925,BM,"Andersen, Bridges and Banks",Shipping,1867.23,1466.32,1538.83,B,0.05,0.35,4.94,2023-08-26,2024-09-06,1,0,0
LON05926,BM,"Tate, Berry and Green",Energy,633.23,529.06,548.8,BB,0.02,0.35,6.22,2021-07-01,2031-03-08,2,0,0
LON05927,BM,"Palmer, Oconnor and Franco",Hospitality,891.56,756.88,763.22,B,0.05,0.25,8.73,2020-08-21,2028-09-28,1,90,0
LON05928,BM,"Melton, James and Mclaughlin",PrivateWealth,266.42,214.33,218.02,AAA,0.0001,0.35,3.89,2019-12-19,2025-01-09,1,60,0
LON05929,GU,Harvey-James,RealEstate,500.96,471.25,477.48,B,0.05,0.25,8.42,2020-05-18,2029-01-26,1,60,0
LON05930,GU,Williams-Maxwell,RealEstate,476.93,403.03,421.27,BB,0.02,0.25,3.6,2022-03-24,2026-05-09,1,0,0
LON05931,KY,"Johnson, Kramer and Nichols",Shipping,542.09,456.19,462.65,AA,0.0005,0.25,7.81,2021-05-12,2029-09-02,1,90,0
LON05932,BM,Rodgers-Bryant,Shipping,1235.26,1021.61,1071.62,BB,0.02,0.45,5.46,2019-09-25,2025-09-11,1,60,0
LON05933,BM,Kaufman-Horne,Retail,681.96,622.91,641.58,BB,0.02,0.45,3.33,2021-12-06,2030-04-19,2,30,0
LON05934,BM,Luna-Miller,Energy,1932.82,1722.82,1747.02,BBB,0.005,0.6,3.54,2023-11-27,2028-02-18,1,0,0
LON05935,BM,"Avila, Parks and Wheeler",Energy,1021.19,966.6,985.28,BB,0.02,0.35,7.69,2022-03-07,2027-03-09,2,0,0
LON05936,KY,Johnson-Sanchez,Energy,1469.56,1157.98,1158.35,BBB,0.005,0.25,7.0,2019-08-08,2026-12-04,2,0,0
LON05937,BM,Bailey Inc,Technology,459.3,400.69,407.02,AA,0.0005,0.25,7.95,2019-09-01,2027-09-20,1,0,0
LON05938,BM,Hunter-Lucas,PrivateWealth,1893.01,1594.79,1638.41,BB,0.02,0.35,8.7,2023-07-02,2028-12-27,1,90,0
LON05939,BM,Roberson Ltd,PrivateWealth,1835.22,1811.87,1838.87,BBB,0.005,0.6,7.08,2024-05-21,2032-06-23,1,0,0
LON05940,BM,"Mcdonald, Riley and Miranda",Technology,2034.6,1817.1,1834.3,BBB,0.005,0.6,7.5,2019-11-26,2027-05-08,2,90,0
LON05941,GU,"Griffith, Yoder and Stevenson",Hospitality,570.76,472.8,492.04,BB,0.02,0.6,7.7,2020-12-06,2029-06-08,1,0,0
LON05942,KY,"Johnson, Wells and Harmon",PrivateWealth,473.61,364.69,382.63,BBB,0.005,0.35,7.62,2022-09-09,2029-10-19,3,0,0
LON05943,KY,Smith-Stanley,RealEstate,321.5,312.65,319.31,B,0.05,0.45,3.98,2020-01-25,2023-07-05,1,0,0
LON05944,BM,Smith and Sons,Energy,420.57,361.97,378.47,BBB,0.005,0.25,7.09,2019-12-12,2021-10-27,1,30,0
LON05945,KY,"Estrada, Perez and Delgado",RealEstate,936.7,729.52,747.66,BBB,0.005,0.6,3.38,2020-12-21,2030-05-15,1,30,0
LON05946,BM,"Hernandez, Ballard and Murray",RealEstate,416.21,363.15,373.84,B,0.05,0.45,4.64,2021-11-10,2030-01-29,1,0,0
LON05947,GU,Wade-King,Retail,529.96,529.41,555.83,B,0.05,0.6,5.34,2020-12-07,2023-09-26,1,90,0
LON05948,BM,Peterson and Sons,RealEstate,1947.79,1505.66,1537.74,A,0.001,0.25,5.33,2024-05-31,2030-02-09,1,0,0
LON05949,BM,Molina-Silva,RealEstate,987.31,771.41,802.7,BBB,0.005,0.25,4.62,2023-06-11,2026-10-07,1,60,0
LON05950,JE,Oliver-Cole,Retail,489.69,428.15,445.84,BB,0.02,0.6,8.99,2023-11-01,2027-05-27,2,0,0
LON05951,KY,Jones Ltd,RealEstate,490.57,457.61,479.02,A,0.001,0.25,6.73,2021-06-16,2030-11-21,1,0,0
LON05952,KY,Wilson-Spencer,Retail,578.71,577.31,597.75,BBB,0.005,0.25,4.47,2023-08-08,2033-06-12,1,0,0
LON05953,BM,"Morris, Edwards and Chen",Shipping,781.81,642.41,647.06,A,0.001,0.25,4.69,2023-06-20,2029-07-05,2,0,0
LON05954,BM,Parsons-Walker,Retail,553.3,434.25,455.39,AA,0.0005,0.45,8.33,2024-03-08,2033-10-29,1,0,0
LON05955,KY,"Jones, Serrano and Williams",Retail,1381.64,1167.5,1206.56,AA,0.0005,0.45,4.46,2021-05-25,2031-02-08,1,0,0
LON05956,KY,"Jimenez, Allison and Williams",Hospitality,386.81,302.22,304.66,AA,0.0005,0.6,4.56,2021-01-03,2026-04-16,2,60,0
LON05957,KY,Fields and Sons,PrivateWealth,831.94,827.05,852.76,A,0.001,0.35,6.63,2022-06-27,2026-03-13,1,0,0
LON05958,KY,"Garrett, Willis and Jackson",RealEstate,530.06,423.99,428.83,B,0.05,0.6,3.06,2024-06-24,2032-05-20,3,60,0
LON05959,KY,"Russo, Smith and Hughes",InvestmentHoldCo,1387.12,1072.1,1122.43,B,0.05,0.25,4.79,2022-02-05,2023-06-26,1,90,0
LON05960,BM,Graham-Harrison,Energy,646.85,556.89,581.83,A,0.001,0.35,8.49,2020-12-29,2029-07-15,1,30,0
LON05961,GU,Harris PLC,InvestmentHoldCo,822.1,730.31,751.79,A,0.001,0.25,5.62,2021-11-20,2023-11-19,1,0,0
LON05962,KY,"Harris, Evans and Friedman",Energy,396.06,343.93,358.73,BB,0.02,0.25,4.43,2023-05-10,2028-12-20,3,0,0
LON05963,KY,Kelly-Pugh,Shipping,482.64,427.6,441.83,BBB,0.005,0.35,7.54,2024-03-30,2034-02-06,1,90,0
LON05964,KY,"Garcia, Acosta and Blake",PrivateWealth,2058.11,1636.16,1716.01,BB,0.02,0.25,8.05,2023-05-07,2032-04-24,1,0,0
LON05965,BM,Morrow Inc,InvestmentHoldCo,657.84,536.01,552.42,BBB,0.005,0.35,8.62,2019-12-07,2029-10-27,2,0,0
LON05966,BM,Martin-Berry,Energy,204.36,195.57,197.18,BBB,0.005,0.6,5.25,2022-01-30,2023-07-01,1,60,0
LON05967,JE,"Rowland, Washington and Turner",PrivateWealth,132.06,130.34,130.68,A,0.001,0.45,4.69,2020-05-09,2027-03-26,1,0,0
LON05968,KY,"Davis, Gates and Adams",Retail,262.69,250.43,250.72,BBB,0.005,0.25,4.28,2024-04-27,2031-11-15,3,0,0
LON05969,JE,"Hawkins, Evans and Perez",Hospitality,522.03,402.84,411.68,BBB,0.005,0.25,4.32,2020-11-01,2024-04-01,1,30,0
LON05970,GU,Johnson-Parsons,InvestmentHoldCo,360.01,328.5,336.2,BBB,0.005,0.35,6.99,2022-03-12,2031-09-18,3,90,0
LON05971,BM,"Weber, Taylor and Martinez",InvestmentHoldCo,591.59,473.48,474.72,AAA,0.0001,0.25,7.18,2022-12-03,2028-09-08,1,0,0
LON05972,BM,Ball LLC,Energy,1277.9,1266.32,1294.73,BB,0.02,0.35,8.03,2020-03-29,2029-02-11,1,0,0
LON05973,KY,Summers-Parrish,Technology,202.91,157.91,162.15,A,0.001,0.35,5.64,2020-06-30,2028-01-03,1,0,0
LON05974,GU,Perez-Rodriguez,Energy,663.31,629.87,636.25,AAA,0.0001,0.25,5.8,2020-02-26,2026-08-05,2,0,0
LON05975,KY,Anderson and Sons,Shipping,768.59,646.73,658.08,BBB,0.005,0.35,7.86,2019-12-12,2026-08-16,1,60,0
LON05976,KY,Harrison-Williams,Energy,532.04,429.88,435.35,A,0.001,0.25,4.11,2020-05-20,2029-03-07,2,0,0
LON05977,JE,Nelson-Fitzgerald,Technology,1407.86,1318.89,1359.33,BBB,0.005,0.25,8.65,2023-05-07,2030-04-18,1,0,0
LON05978,BM,Morrison Inc,RealEstate,558.09,439.64,454.08,BB,0.02,0.45,3.38,2023-09-03,2026-07-24,1,0,0
LON05979,KY,"Cox, Nelson and Brown",PrivateWealth,550.85,522.1,525.77,AA,0.0005,0.45,6.16,2021-03-29,2029-11-21,1,0,0
LON05980,KY,Lamb PLC,Energy,613.11,558.8,586.43,BBB,0.005,0.35,7.02,2023-12-10,2033-12-05,1,0,0
LON05981,GU,"Brown, Rodriguez and Sharp",Energy,853.79,698.42,709.52,BBB,0.005,0.45,5.68,2019-08-02,2029-06-27,1,0,0
LON05982,BM,"Avery, Jackson and Smith",Hospitality,815.62,739.29,775.07,BBB,0.005,0.6,8.08,2020-08-26,2025-02-03,2,30,0
LON05983,BM,Snyder-Mcclain,Energy,1725.72,1474.12,1531.61,B,0.05,0.25,5.73,2024-06-02,2027-06-09,2,30,0
LON05984,JE,Rodriguez-Wilson,Technology,433.43,368.24,369.22,BB,0.02,0.35,3.04,2019-08-04,2026-09-30,1,0,0
LON05985,KY,"Gilbert, Osborne and Sims",PrivateWealth,477.94,435.42,440.53,BB,0.02,0.25,5.21,2023-07-15,2027-11-09,1,30,0
LON05986,BM,Spencer-Marshall,Technology,2181.97,2174.91,2263.14,B,0.05,0.35,4.46,2020-02-23,2023-05-11,1,0,0
LON05987,KY,"Dunlap, Newton and Floyd",Technology,830.14,784.04,810.49,BBB,0.005,0.25,8.34,2021-01-26,2024-01-12,3,0,0
LON05988,BM,Cooper Inc,InvestmentHoldCo,550.87,512.44,521.79,AAA,0.0001,0.25,8.26,2021-05-16,2028-04-10,1,60,0
LON05989,BM,"Adams, Kelly and Allen",PrivateWealth,963.75,786.2,801.87,AAA,0.0001,0.35,6.28,2019-09-24,2021-10-14,1,30,0
LON05990,JE,Trujillo-Hughes,PrivateWealth,326.19,293.96,304.56,B,0.05,0.35,6.61,2024-03-31,2032-07-09,2,30,0
LON05991,BM,Lucas Ltd,Energy,990.91,806.86,814.73,A,0.001,0.25,5.22,2020-01-13,2029-02-02,2,0,0
LON05992,BM,"King, Smith and Thomas",Hospitality,767.27,606.75,627.9,B,0.05,0.35,6.78,2022-04-30,2030-01-26,1,60,0
LON05993,KY,Morris Ltd,Energy,911.37,904.32,914.61,B,0.05,0.45,3.96,2022-02-17,2024-09-08,1,0,0
LON05994,KY,Martinez Inc,PrivateWealth,485.56,467.88,483.19,B,0.05,0.35,4.96,2021-04-04,2029-10-29,1,0,0
LON05995,GU,Johnson-Banks,InvestmentHoldCo,750.52,667.18,672.79,BBB,0.005,0.45,5.95,2024-06-13,2026-01-07,1,0,0
LON05996,KY,"Cooper, Brewer and Willis",InvestmentHoldCo,1337.51,1164.45,1183.37,B,0.05,0.35,3.18,2022-08-16,2027-01-03,1,0,0
LON05997,KY,"Clark, Guerra and Andrews",RealEstate,965.83,900.61,908.44,BBB,0.005,0.6,6.34,2021-07-19,2031-07-15,1,0,0
LON05998,KY,"Owens, Kim and Gilmore",Hospitality,483.95,389.6,403.88,A,0.001,0.6,6.38,2021-10-08,2027-01-26,1,60,0
LON05999,GU,"Duran, Ramos and Clark",Hospitality,631.29,497.05,497.84,BBB,0.005,0.45,6.8,2022-11-27,2031-02-04,1,60,0
