CF_ID,Jurisdiction,Product,InflowOutflow,Amount(USDk),TimeBucket,LCR_Weight,NSFR_Weight,Date
CF0000,BM,CorporateDeposit,Outflow,-165255.42,8-30d,1.0,0.6180952587228806,2022-12-25
CF0001,KY,LoanRepayment,Inflow,10885.47,31-90d,0.5,0.7952572644155245,2020-06-12
CF0002,BM,RetailDeposit,Inflow,95397.66,8-30d,1.0,0.8091973173971085,2021-09-17
CF0003,BM,CorporateDeposit,Outflow,-335245.43,91-180d,0.5,0.8288248887217473,2020-06-12
CF0004,BM,CommitmentDraw,Inflow,357135.98,>1y,0.0,0.4929345579234332,2019-08-27
CF0005,KY,SecurityMaturity,Inflow,183448.95,91-180d,0.5,0.5417497155701251,2023-09-28
CF0006,KY,RetailDeposit,Outflow,-147613.21,<2d,1.0,0.6873426468624652,2022-01-10
CF0007,BM,SecurityMaturity,Inflow,24228.93,91-180d,0.5,0.6429645753180341,2023-01-29
CF0008,KY,LoanRepayment,Inflow,300854.94,<2d,1.0,0.46452797818102187,2022-01-07
CF0009,BM,SecurityMaturity,Outflow,-58745.94,31-90d,0.5,0.5618212018480927,2023-09-20
CF0010,KY,CommitmentDraw,Outflow,-138925.63,<2d,1.0,0.5280311190336124,2021-10-10
CF0011,KY,SecurityMaturity,Inflow,212149.56,91-180d,0.5,0.3744185966936784,2022-07-29
CF0012,BM,LoanRepayment,Inflow,134377.27,181-365d,0.25,0.4208092262641978,2020-10-10
CF0013,BM,LoanRepayment,Outflow,-248832.76,>1y,0.0,0.926565608110482,2022-08-16
CF0014,GU,SecurityMaturity,Inflow,560248.86,91-180d,0.5,0.43343195049870276,2021-12-13
CF0015,KY,DerivativesCF,Inflow,366683.45,2-7d,1.0,0.029833988705247116,2021-02-03
CF0016,JE,CorporateDeposit,Inflow,209640.74,<2d,1.0,0.13519961792055513,2023-09-27
CF0017,KY,DerivativesCF,Outflow,-167479.72,181-365d,0.25,0.940977328381322,2022-12-23
CF0018,KY,RetailDeposit,Outflow,-25911.28,<2d,1.0,0.5575513792543051,2023-12-11
CF0019,JE,LoanRepayment,Outflow,-248225.31,8-30d,1.0,0.5810814132199786,2023-11-30
CF0020,KY,SecurityMaturity,Inflow,285438.76,2-7d,1.0,0.45019597148495083,2020-06-23
CF0021,KY,CommitmentDraw,Outflow,-68011.58,2-7d,1.0,0.9576310209062283,2021-06-26
CF0022,BM,CorporateDeposit,Inflow,213396.71,91-180d,0.5,0.9386443952550032,2021-01-16
CF0023,GU,DerivativesCF,Outflow,-341311.82,2-7d,1.0,0.5010049785181573,2020-10-05
CF0024,KY,SecurityMaturity,Inflow,62402.41,>1y,0.0,0.09375276737081228,2023-09-22
CF0025,BM,LoanRepayment,Outflow,-93815.33,2-7d,1.0,0.9285871334383089,2022-02-15
CF0026,KY,SecurityMaturity,Outflow,-255352.57,181-365d,0.25,0.9542613711940392,2023-06-14
CF0027,BM,SecurityMaturity,Outflow,-15703.44,91-180d,0.5,0.27802046390656654,2024-01-05
CF0028,BM,SecurityMaturity,Outflow,-41542.93,<2d,1.0,0.49273945711809786,2022-05-29
CF0029,BM,DerivativesCF,Outflow,-122011.96,31-90d,0.5,0.8682260697873696,2024-03-16
CF0030,JE,CorporateDeposit,Outflow,-314014.18,91-180d,0.5,0.2970605189915141,2021-09-30
CF0031,JE,CommitmentDraw,Inflow,382773.11,181-365d,0.25,0.9116656162460852,2022-10-14
CF0032,GU,CorporateDeposit,Outflow,-146695.39,>1y,0.0,0.846409909838498,2022-03-13
CF0033,KY,CommitmentDraw,Outflow,-11887.93,2-7d,1.0,0.2764369549098197,2022-06-13
CF0034,KY,RetailDeposit,Outflow,-14676.79,<2d,1.0,0.5684131267605466,2024-03-15
CF0035,BM,SecurityMaturity,Inflow,268171.07,181-365d,0.25,0.08111237100846813,2022-03-09
CF0036,BM,SecurityMaturity,Inflow,15076.47,>1y,0.0,0.6531186770650731,2020-12-05
CF0037,BM,SecurityMaturity,Outflow,-187502.36,>1y,0.0,0.09882855112411115,2024-01-28
CF0038,KY,RetailDeposit,Outflow,-330251.7,8-30d,1.0,0.022876078913529385,2021-04-27
CF0039,BM,RetailDeposit,Inflow,41734.89,>1y,0.0,0.825396603095157,2021-02-23
CF0040,KY,LoanRepayment,Outflow,-152822.3,<2d,1.0,0.47374252022778063,2019-10-26
CF0041,KY,LoanRepayment,Inflow,110347.84,181-365d,0.25,0.24726958738489424,2022-10-07
CF0042,JE,CommitmentDraw,Outflow,-237084.93,8-30d,1.0,0.674229671880119,2023-02-07
CF0043,BM,SecurityMaturity,Inflow,23759.98,<2d,1.0,0.4008217879609989,2019-07-15
CF0044,GU,SecurityMaturity,Inflow,56928.31,91-180d,0.5,0.1920293550185732,2023-10-08
CF0045,KY,SecurityMaturity,Outflow,-209508.55,181-365d,0.25,0.6164938873128776,2020-06-02
CF0046,GU,CommitmentDraw,Inflow,93005.12,8-30d,1.0,0.1400463112710867,2020-08-16
CF0047,GU,RetailDeposit,Outflow,-268709.22,2-7d,1.0,0.5596806847588824,2020-11-14
CF0048,BM,CommitmentDraw,Outflow,-65342.63,8-30d,1.0,0.25310352000997327,2023-10-07
CF0049,KY,DerivativesCF,Outflow,-248978.15,8-30d,1.0,0.39850702421084117,2021-04-19
CF0050,JE,SecurityMaturity,Inflow,283103.8,91-180d,0.5,0.9821495364259658,2020-08-25
CF0051,BM,SecurityMaturity,Inflow,341443.89,>1y,0.0,0.5806582652273015,2020-02-28
CF0052,BM,SecurityMaturity,Inflow,127082.38,2-7d,1.0,0.748725000423416,2022-04-10
CF0053,GU,SecurityMaturity,Outflow,-541308.16,8-30d,1.0,0.011525200772710242,2021-04-21
CF0054,BM,SecurityMaturity,Outflow,-420748.26,<2d,1.0,0.0527765376259981,2024-03-01
CF0055,KY,CommitmentDraw,Inflow,2620.19,181-365d,0.25,0.11246875628872721,2022-03-26
CF0056,JE,RetailDeposit,Outflow,-209981.37,>1y,0.0,0.030649990102847857,2019-12-08
CF0057,BM,CommitmentDraw,Outflow,-106902.42,31-90d,0.5,0.643066070470811,2023-01-30
CF0058,KY,LoanRepayment,Inflow,300234.37,<2d,1.0,0.14092082955502283,2024-04-23
CF0059,BM,CorporateDeposit,Inflow,383712.21,<2d,1.0,0.1659353186937943,2023-09-02
CF0060,JE,LoanRepayment,Inflow,65871.34,31-90d,0.5,0.81940982959884,2023-02-14
CF0061,GU,CommitmentDraw,Outflow,-94855.78,8-30d,1.0,0.8407803265606072,2022-10-12
CF0062,KY,LoanRepayment,Outflow,-54304.48,>1y,0.0,0.18935302998145154,2023-09-17
CF0063,KY,LoanRepayment,Inflow,157743.74,31-90d,0.5,0.8705181736585169,2024-02-27
CF0064,BM,CorporateDeposit,Inflow,169198.49,>1y,0.0,0.1662331595422749,2022-11-26
CF0065,GU,CommitmentDraw,Outflow,-41149.14,31-90d,0.5,0.8729327002337708,2019-09-25
CF0066,BM,SecurityMaturity,Inflow,187134.19,8-30d,1.0,0.9613374043201567,2024-05-31
CF0067,KY,CommitmentDraw,Outflow,-36355.14,2-7d,1.0,0.984448542200376,2021-04-14
CF0068,BM,DerivativesCF,Outflow,-110404.38,8-30d,1.0,0.1393350382010854,2021-06-26
CF0069,KY,LoanRepayment,Inflow,193329.2,181-365d,0.25,0.5013430972930888,2021-02-19
CF0070,JE,SecurityMaturity,Outflow,-138413.65,181-365d,0.25,0.0872622007575885,2022-09-21
CF0071,JE,CorporateDeposit,Inflow,175058.48,91-180d,0.5,0.41591476492058843,2024-03-01
CF0072,KY,CommitmentDraw,Inflow,214743.99,8-30d,1.0,0.8870039193909591,2022-07-26
CF0073,BM,DerivativesCF,Outflow,-28999.11,8-30d,1.0,0.898045230375445,2020-05-12
CF0074,GU,CorporateDeposit,Inflow,291634.32,>1y,0.0,0.5784865818547745,2020-03-21
CF0075,BM,RetailDeposit,Outflow,-7290.48,2-7d,1.0,0.3181348389282317,2022-04-05
CF0076,KY,RetailDeposit,Inflow,19186.58,8-30d,1.0,0.6069720373070389,2020-10-20
CF0077,KY,CorporateDeposit,Outflow,-85885.85,2-7d,1.0,0.5816362265332697,2021-02-11
CF0078,KY,LoanRepayment,Inflow,96577.18,31-90d,0.5,0.25286245103806804,2022-11-05
CF0079,GU,CorporateDeposit,Outflow,-152594.33,181-365d,0.25,0.4123693426297198,2023-03-22
CF0080,KY,CorporateDeposit,Outflow,-64448.85,>1y,0.0,0.047256907113270685,2021-03-04
CF0081,BM,CommitmentDraw,Outflow,-310734.82,181-365d,0.25,0.939375483325182,2021-12-08
CF0082,KY,SecurityMaturity,Outflow,-272143.92,91-180d,0.5,0.38731312475045176,2020-08-11
CF0083,KY,CommitmentDraw,Inflow,205719.29,181-365d,0.25,0.3797466332575655,2024-03-12
CF0084,JE,SecurityMaturity,Outflow,-120890.1,8-30d,1.0,0.1615187598180743,2021-12-13
CF0085,BM,CommitmentDraw,Inflow,283347.83,2-7d,1.0,0.7741800174825739,2020-03-18
CF0086,KY,DerivativesCF,Inflow,60181.12,31-90d,0.5,0.7658507982635098,2021-10-20
CF0087,GU,CommitmentDraw,Outflow,-13558.68,2-7d,1.0,0.5408595408269359,2019-12-25
CF0088,BM,LoanRepayment,Outflow,-102257.93,91-180d,0.5,0.5705135202678521,2023-12-03
CF0089,GU,SecurityMaturity,Outflow,-76001.38,91-180d,0.5,0.8562743406700263,2021-12-21
CF0090,JE,CommitmentDraw,Inflow,41815.19,181-365d,0.25,0.33340799114709485,2019-08-14
CF0091,BM,DerivativesCF,Inflow,64070.81,<2d,1.0,0.630040585675124,2021-04-15
CF0092,KY,LoanRepayment,Inflow,182965.62,31-90d,0.5,0.9626438626897038,2023-07-11
CF0093,KY,DerivativesCF,Outflow,-306110.85,91-180d,0.5,0.7566986469624378,2021-04-20
CF0094,BM,CommitmentDraw,Inflow,114541.38,2-7d,1.0,0.053105331371600006,2023-01-16
CF0095,BM,DerivativesCF,Outflow,-241801.12,2-7d,1.0,0.8423014246270097,2023-10-15
CF0096,BM,LoanRepayment,Outflow,-8783.85,31-90d,0.5,0.9776333167287122,2021-02-09
CF0097,JE,RetailDeposit,Outflow,-345105.87,31-90d,0.5,0.36635787251935104,2019-08-22
CF0098,BM,DerivativesCF,Inflow,540090.14,>1y,0.0,0.5709808693230124,2021-03-06
CF0099,BM,CommitmentDraw,Inflow,252388.98,<2d,1.0,0.7650793568790221,2022-06-17
CF0100,KY,DerivativesCF,Outflow,-79452.81,31-90d,0.5,0.7544798701541235,2024-01-01
CF0101,GU,DerivativesCF,Outflow,-81183.83,8-30d,1.0,0.9230303118025669,2020-04-30
CF0102,BM,CommitmentDraw,Inflow,241723.17,8-30d,1.0,0.3954951600809591,2022-07-13
CF0103,BM,RetailDeposit,Inflow,227661.99,31-90d,0.5,0.3777817523137753,2020-11-06
CF0104,JE,CorporateDeposit,Inflow,121040.04,2-7d,1.0,0.27524683479810497,2022-11-21
CF0105,JE,LoanRepayment,Inflow,233441.02,2-7d,1.0,0.9458401518531152,2024-03-08
CF0106,GU,CommitmentDraw,Inflow,103589.39,181-365d,0.25,0.64158412208968,2024-05-07
CF0107,GU,SecurityMaturity,Inflow,131681.57,91-180d,0.5,0.5987115494337587,2019-09-18
CF0108,BM,CommitmentDraw,Outflow,-123592.78,181-365d,0.25,0.6870959178633427,2023-02-26
CF0109,BM,CommitmentDraw,Outflow,-254801.83,91-180d,0.5,0.20254369576495757,2022-11-10
CF0110,BM,SecurityMaturity,Inflow,67334.96,2-7d,1.0,0.6788634629646089,2021-06-21
CF0111,GU,LoanRepayment,Inflow,202773.46,181-365d,0.25,0.4340756065471286,2019-09-11
CF0112,KY,CommitmentDraw,Inflow,252862.82,8-30d,1.0,0.2243453012396286,2021-11-06
CF0113,JE,CommitmentDraw,Inflow,14764.16,2-7d,1.0,0.14138291943018055,2019-10-30
CF0114,BM,CorporateDeposit,Outflow,-445335.39,<2d,1.0,0.21026087190912868,2024-02-01
CF0115,BM,RetailDeposit,Outflow,-69504.42,181-365d,0.25,0.05772675490053236,2023-06-23
CF0116,BM,CorporateDeposit,Outflow,-108117.42,31-90d,0.5,0.12188323530286804,2023-12-20
CF0117,KY,LoanRepayment,Outflow,-19410.25,181-365d,0.25,0.29942953275745465,2023-01-23
CF0118,GU,DerivativesCF,Inflow,46324.58,8-30d,1.0,0.3265619035673095,2021-08-31
CF0119,BM,SecurityMaturity,Outflow,-173661.82,91-180d,0.5,0.5018095678146067,2020-12-07
CF0120,BM,RetailDeposit,Inflow,159428.92,31-90d,0.5,0.45321647066974524,2022-06-04
CF0121,BM,RetailDeposit,Outflow,-40440.17,>1y,0.0,0.5704014396272455,2021-01-04
CF0122,JE,CommitmentDraw,Inflow,47072.1,8-30d,1.0,0.7500752231164316,2024-05-21
CF0123,BM,CorporateDeposit,Outflow,-7222.72,181-365d,0.25,0.6482872775388554,2022-05-04
CF0124,BM,SecurityMaturity,Outflow,-16676.09,181-365d,0.25,0.054288647476203766,2022-03-25
CF0125,JE,CommitmentDraw,Outflow,-59407.83,2-7d,1.0,0.15246463898078133,2020-10-24
CF0126,KY,CorporateDeposit,Outflow,-72936.83,>1y,0.0,0.8423226702058315,2023-10-08
CF0127,BM,CorporateDeposit,Outflow,-180245.37,31-90d,0.5,0.026840942171297066,2024-06-24
CF0128,KY,DerivativesCF,Outflow,-4586.64,>1y,0.0,0.8796207519428086,2024-03-15
CF0129,KY,RetailDeposit,Outflow,-305508.02,8-30d,1.0,0.24282443961542566,2021-10-19
CF0130,KY,CommitmentDraw,Outflow,-36157.07,91-180d,0.5,0.6370454343137273,2019-09-29
CF0131,BM,DerivativesCF,Inflow,95554.53,181-365d,0.25,0.8372010469527875,2021-08-06
CF0132,KY,LoanRepayment,Outflow,-143421.69,31-90d,0.5,0.23020453839236232,2023-08-02
CF0133,JE,CorporateDeposit,Inflow,100657.99,181-365d,0.25,0.4668197081308648,2021-01-07
CF0134,KY,CorporateDeposit,Inflow,228812.71,91-180d,0.5,0.6706155134729271,2022-04-26
CF0135,GU,DerivativesCF,Outflow,-61798.71,91-180d,0.5,0.9980988801634785,2022-10-24
CF0136,BM,RetailDeposit,Inflow,229399.93,8-30d,1.0,0.19684493139385972,2019-08-22
CF0137,GU,DerivativesCF,Outflow,-89315.68,181-365d,0.25,0.4726206248863596,2020-09-20
CF0138,JE,LoanRepayment,Inflow,143245.04,2-7d,1.0,0.12935800223704286,2021-12-17
CF0139,JE,CorporateDeposit,Outflow,-78368.95,181-365d,0.25,0.6721782837977514,2021-07-17
CF0140,BM,CorporateDeposit,Inflow,135661.83,2-7d,1.0,0.7755998894993955,2020-05-02
CF0141,BM,SecurityMaturity,Outflow,-175848.43,91-180d,0.5,0.16251154527430878,2019-12-29
CF0142,BM,DerivativesCF,Outflow,-157155.05,8-30d,1.0,0.12911516175122173,2020-06-10
CF0143,BM,SecurityMaturity,Inflow,162453.32,91-180d,0.5,0.3449662611830028,2022-11-27
CF0144,GU,DerivativesCF,Inflow,280753.42,31-90d,0.5,0.02848616560680528,2019-11-02
CF0145,JE,RetailDeposit,Inflow,145499.1,181-365d,0.25,0.1191090871400936,2022-06-22
CF0146,BM,CorporateDeposit,Inflow,303060.05,181-365d,0.25,0.9503224750896593,2023-06-01
CF0147,BM,CommitmentDraw,Inflow,203630.23,2-7d,1.0,0.9683760628056101,2021-12-30
CF0148,JE,CorporateDeposit,Inflow,78288.86,91-180d,0.5,0.9533136318108897,2024-02-06
CF0149,KY,CommitmentDraw,Inflow,542887.04,>1y,0.0,0.924859498357157,2022-10-28
CF0150,KY,SecurityMaturity,Outflow,-84174.12,>1y,0.0,0.2364431484526024,2019-07-26
CF0151,KY,SecurityMaturity,Outflow,-317525.75,<2d,1.0,0.42141976934976166,2020-04-18
CF0152,GU,SecurityMaturity,Outflow,-261929.49,<2d,1.0,0.16106520760639542,2022-06-23
CF0153,BM,RetailDeposit,Outflow,-172039.84,181-365d,0.25,0.3419148789588139,2019-12-31
CF0154,GU,RetailDeposit,Inflow,257922.37,<2d,1.0,0.09923231004717203,2023-07-15
CF0155,KY,LoanRepayment,Outflow,-393556.62,31-90d,0.5,0.16155968645425633,2020-10-12
CF0156,GU,LoanRepayment,Outflow,-206566.44,91-180d,0.5,0.2870475338031021,2019-07-09
CF0157,GU,CommitmentDraw,Outflow,-705326.54,>1y,0.0,0.32357435178247795,2020-04-06
CF0158,GU,RetailDeposit,Outflow,-230214.42,>1y,0.0,0.7598685024957329,2020-03-10
CF0159,BM,CommitmentDraw,Outflow,-147329.32,<2d,1.0,0.2655275064470881,2023-10-18
CF0160,BM,CommitmentDraw,Outflow,-85236.41,8-30d,1.0,0.707643513758212,2024-03-13
CF0161,KY,SecurityMaturity,Outflow,-199854.74,>1y,0.0,0.24525149097510823,2023-06-01
CF0162,KY,RetailDeposit,Outflow,-248364.59,<2d,1.0,0.6733348473346216,2022-08-23
CF0163,GU,SecurityMaturity,Inflow,120873.87,2-7d,1.0,0.05866017026643522,2021-02-22
CF0164,BM,DerivativesCF,Inflow,29744.1,2-7d,1.0,0.7119963522650448,2021-11-16
CF0165,KY,CommitmentDraw,Inflow,190216.75,181-365d,0.25,0.33220535487079006,2023-07-23
CF0166,GU,SecurityMaturity,Outflow,-198947.88,181-365d,0.25,0.7544602949313685,2022-11-21
CF0167,GU,SecurityMaturity,Inflow,61529.82,181-365d,0.25,0.5448380437380229,2020-02-26
CF0168,BM,DerivativesCF,Outflow,-14979.73,2-7d,1.0,0.11639536411587426,2020-09-14
CF0169,KY,CorporateDeposit,Outflow,-370856.31,91-180d,0.5,0.9531834767539749,2024-01-01
CF0170,KY,LoanRepayment,Inflow,63305.59,<2d,1.0,0.38990955956137685,2023-08-01
CF0171,BM,CorporateDeposit,Inflow,42676.27,181-365d,0.25,0.7692393949534659,2021-06-23
CF0172,BM,CommitmentDraw,Inflow,13885.26,31-90d,0.5,0.09838589000153919,2024-05-08
CF0173,BM,DerivativesCF,Outflow,-3029.61,31-90d,0.5,0.5927927186968915,2023-06-02
CF0174,BM,CommitmentDraw,Outflow,-251892.32,181-365d,0.25,0.6478948746257389,2022-10-26
CF0175,KY,LoanRepayment,Outflow,-363441.53,8-30d,1.0,0.4770543488691691,2019-12-17
CF0176,GU,DerivativesCF,Outflow,-74712.79,>1y,0.0,0.4810520727998563,2020-07-15
CF0177,BM,LoanRepayment,Inflow,72541.29,91-180d,0.5,0.2342317407042589,2022-09-23
CF0178,KY,CommitmentDraw,Outflow,-102097.55,181-365d,0.25,0.08306616756639862,2022-05-05
CF0179,KY,CommitmentDraw,Inflow,170543.01,2-7d,1.0,0.7984130634379747,2023-05-13
CF0180,BM,DerivativesCF,Outflow,-10119.28,91-180d,0.5,0.9220404784708816,2020-06-24
CF0181,BM,SecurityMaturity,Inflow,174634.17,>1y,0.0,0.9716221629010521,2021-12-29
CF0182,BM,LoanRepayment,Outflow,-320.99,181-365d,0.25,0.2526089238015776,2021-12-21
CF0183,JE,CommitmentDraw,Outflow,-339275.4,>1y,0.0,0.4952674000790168,2020-12-06
CF0184,KY,RetailDeposit,Inflow,279595.48,31-90d,0.5,0.7129216637007314,2020-11-13
CF0185,BM,CommitmentDraw,Outflow,-409794.17,31-90d,0.5,0.16531516329525775,2023-11-19
CF0186,BM,RetailDeposit,Inflow,364170.23,91-180d,0.5,0.8134760881825197,2020-11-15
CF0187,GU,CorporateDeposit,Inflow,78028.47,<2d,1.0,0.1235155300597538,2023-12-30
CF0188,KY,SecurityMaturity,Inflow,242131.56,181-365d,0.25,0.13791915704430324,2023-10-07
CF0189,KY,DerivativesCF,Inflow,32141.79,<2d,1.0,0.9858215548120048,2023-11-28
CF0190,BM,CommitmentDraw,Inflow,20516.4,8-30d,1.0,0.5540914892594552,2022-05-28
CF0191,KY,RetailDeposit,Outflow,-117971.68,31-90d,0.5,0.4553430383299646,2021-01-09
CF0192,GU,CommitmentDraw,Inflow,33529.83,31-90d,0.5,0.08592703305739158,2021-12-03
CF0193,BM,RetailDeposit,Outflow,-254077.94,181-365d,0.25,0.6105514041914752,2023-12-25
CF0194,BM,CommitmentDraw,Inflow,158142.84,181-365d,0.25,0.34059577335448654,2022-12-25
CF0195,BM,RetailDeposit,Inflow,100771.29,2-7d,1.0,0.927459449750015,2020-03-09
CF0196,BM,CorporateDeposit,Inflow,530327.7,<2d,1.0,0.07906131037448827,2022-04-19
CF0197,BM,SecurityMaturity,Outflow,-158660.95,181-365d,0.25,0.5862931077235837,2022-05-17
CF0198,BM,LoanRepayment,Inflow,52389.96,181-365d,0.25,0.8050414751978894,2022-02-23
CF0199,KY,SecurityMaturity,Outflow,-294760.57,>1y,0.0,0.8483876619107962,2022-06-19
CF0200,KY,CorporateDeposit,Inflow,95311.17,181-365d,0.25,0.8626541793093337,2020-06-06
CF0201,KY,SecurityMaturity,Outflow,-129658.09,2-7d,1.0,0.8839940810844222,2021-10-22
CF0202,BM,RetailDeposit,Inflow,86367.45,8-30d,1.0,0.736884090930043,2022-08-09
CF0203,KY,LoanRepayment,Inflow,29979.55,<2d,1.0,0.5043836560349773,2021-01-19
CF0204,GU,CommitmentDraw,Inflow,73810.63,<2d,1.0,0.6485307777035858,2023-08-24
CF0205,BM,DerivativesCF,Inflow,210513.37,2-7d,1.0,0.27331512325431095,2020-02-08
CF0206,JE,SecurityMaturity,Outflow,-103926.82,8-30d,1.0,0.14429251025335654,2020-03-25
CF0207,BM,LoanRepayment,Inflow,124474.8,181-365d,0.25,0.0607775099042257,2020-07-22
CF0208,KY,SecurityMaturity,Inflow,139690.78,31-90d,0.5,0.30722789987183563,2019-10-20
CF0209,GU,LoanRepayment,Outflow,-69964.88,<2d,1.0,0.341000132432119,2023-04-06
CF0210,GU,SecurityMaturity,Outflow,-75143.19,>1y,0.0,0.12838922880253445,2023-04-07
CF0211,GU,RetailDeposit,Outflow,-5983.71,>1y,0.0,0.03575574058758424,2022-09-10
CF0212,GU,LoanRepayment,Outflow,-239134.57,2-7d,1.0,0.07354121537929759,2023-07-29
CF0213,KY,SecurityMaturity,Inflow,158349.55,91-180d,0.5,0.4530749336515436,2020-07-09
CF0214,BM,SecurityMaturity,Outflow,-314846.9,91-180d,0.5,0.07162762574879566,2023-08-30
CF0215,BM,DerivativesCF,Inflow,273158.29,91-180d,0.5,0.2889420764560179,2019-12-30
CF0216,BM,LoanRepayment,Outflow,-452003.43,181-365d,0.25,0.5212112060927886,2019-08-20
CF0217,KY,RetailDeposit,Inflow,342947.71,<2d,1.0,0.6057271775149923,2022-01-28
CF0218,BM,DerivativesCF,Inflow,101230.07,31-90d,0.5,0.4361709417893579,2024-03-11
CF0219,KY,SecurityMaturity,Inflow,117057.03,2-7d,1.0,0.9710600090056724,2024-03-04
CF0220,KY,LoanRepayment,Outflow,-263933.67,8-30d,1.0,0.8535773246233176,2023-11-01
CF0221,KY,DerivativesCF,Inflow,327292.62,<2d,1.0,0.6024873824930566,2020-11-28
CF0222,KY,SecurityMaturity,Outflow,-110149.35,>1y,0.0,0.19371386193744,2021-01-31
CF0223,KY,RetailDeposit,Inflow,171458.75,31-90d,0.5,0.6240361438541275,2021-03-01
CF0224,JE,SecurityMaturity,Inflow,639440.63,91-180d,0.5,0.04199747379058638,2022-01-05
CF0225,KY,DerivativesCF,Outflow,-139535.24,<2d,1.0,0.04833004381890782,2022-04-29
CF0226,BM,SecurityMaturity,Inflow,55806.4,181-365d,0.25,0.5912092094516151,2022-12-23
CF0227,KY,RetailDeposit,Inflow,31875.23,91-180d,0.5,0.7781338274311498,2019-08-29
CF0228,BM,DerivativesCF,Outflow,-99683.55,2-7d,1.0,0.816928098174219,2023-04-09
CF0229,KY,SecurityMaturity,Outflow,-24425.77,<2d,1.0,0.14452971150417204,2021-06-18
CF0230,BM,SecurityMaturity,Outflow,-309795.66,91-180d,0.5,0.3056385872451157,2021-12-17
CF0231,KY,DerivativesCF,Inflow,420908.25,>1y,0.0,0.2712989365955273,2021-09-01
CF0232,BM,CorporateDeposit,Inflow,445416.92,2-7d,1.0,0.20276109524596575,2021-12-11
CF0233,KY,DerivativesCF,Outflow,-99996.38,8-30d,1.0,0.8457712596034653,2020-05-05
CF0234,KY,SecurityMaturity,Inflow,239803.86,31-90d,0.5,0.6092346509600668,2023-07-04
CF0235,JE,DerivativesCF,Inflow,110412.26,31-90d,0.5,0.42854285530018843,2023-06-13
CF0236,BM,RetailDeposit,Outflow,-303346.37,181-365d,0.25,0.423216198820741,2021-04-20
CF0237,KY,LoanRepayment,Outflow,-89220.25,181-365d,0.25,0.6316674633816156,2023-01-20
CF0238,GU,DerivativesCF,Inflow,222662.87,31-90d,0.5,0.13511964915119712,2022-07-05
CF0239,BM,CorporateDeposit,Outflow,-163489.7,<2d,1.0,0.14675086746889554,2019-09-21
CF0240,GU,CorporateDeposit,Outflow,-149190.84,>1y,0.0,0.8520425164702574,2022-05-05
CF0241,GU,CommitmentDraw,Inflow,49011.67,31-90d,0.5,0.6385186964719599,2020-10-22
CF0242,BM,LoanRepayment,Outflow,-293455.66,<2d,1.0,0.2591404302822602,2022-05-10
CF0243,KY,DerivativesCF,Inflow,76640.85,31-90d,0.5,0.34985388093382386,2024-02-16
CF0244,BM,CorporateDeposit,Inflow,25459.64,8-30d,1.0,0.726738529327317,2021-07-01
CF0245,JE,SecurityMaturity,Inflow,55470.15,2-7d,1.0,0.6527750606008939,2022-10-08
CF0246,KY,RetailDeposit,Inflow,308378.1,91-180d,0.5,0.4030233581521345,2020-11-26
CF0247,KY,SecurityMaturity,Outflow,-54324.29,2-7d,1.0,0.927263910335495,2020-01-21
CF0248,BM,LoanRepayment,Outflow,-742638.07,8-30d,1.0,0.8618751144523789,2020-09-27
CF0249,BM,CorporateDeposit,Inflow,315228.4,181-365d,0.25,0.17946187096912114,2020-10-16
CF0250,BM,DerivativesCF,Inflow,1730.43,<2d,1.0,0.8178617789483738,2022-03-17
CF0251,BM,DerivativesCF,Outflow,-23844.64,181-365d,0.25,0.21583693444133734,2024-01-07
CF0252,BM,CommitmentDraw,Inflow,7757.27,>1y,0.0,0.686480927213721,2019-11-05
CF0253,BM,RetailDeposit,Outflow,-225672.57,91-180d,0.5,0.03864459699064127,2021-08-16
CF0254,BM,CorporateDeposit,Outflow,-52341.35,181-365d,0.25,0.6278839230755277,2022-05-12
CF0255,KY,RetailDeposit,Outflow,-33008.05,>1y,0.0,0.8888996376368596,2024-05-08
CF0256,JE,DerivativesCF,Outflow,-18497.32,8-30d,1.0,0.7505349203974973,2024-03-24
CF0257,KY,LoanRepayment,Outflow,-461495.96,8-30d,1.0,0.28317843744052174,2022-12-02
CF0258,BM,LoanRepayment,Outflow,-55207.81,91-180d,0.5,0.600067084003201,2020-09-02
CF0259,KY,LoanRepayment,Inflow,76508.43,>1y,0.0,0.39512536481081983,2023-12-12
CF0260,KY,DerivativesCF,Outflow,-225113.66,91-180d,0.5,0.7873811604369682,2023-01-25
CF0261,KY,DerivativesCF,Outflow,-38640.38,2-7d,1.0,0.8421380455765233,2019-07-12
CF0262,JE,CommitmentDraw,Outflow,-55651.66,<2d,1.0,0.45871754146824684,2020-12-27
CF0263,KY,CommitmentDraw,Outflow,-58395.17,<2d,1.0,0.5721576391827156,2023-08-07
CF0264,GU,DerivativesCF,Outflow,-189591.83,31-90d,0.5,0.7333160200786659,2021-02-25
CF0265,BM,DerivativesCF,Outflow,-101863.73,<2d,1.0,0.915339223067868,2019-10-07
CF0266,JE,RetailDeposit,Outflow,-315394.5,31-90d,0.5,0.27185704770156816,2020-11-27
CF0267,GU,DerivativesCF,Inflow,10379.15,31-90d,0.5,0.05768091971071965,2024-02-03
CF0268,BM,RetailDeposit,Inflow,82603.49,>1y,0.0,0.0049415291015940666,2022-02-03
CF0269,KY,CommitmentDraw,Inflow,111464.94,181-365d,0.25,0.026293280725365298,2022-04-26
CF0270,BM,SecurityMaturity,Inflow,215686.69,<2d,1.0,0.40609112968644223,2020-08-28
CF0271,GU,LoanRepayment,Inflow,99689.21,2-7d,1.0,0.04817361326376868,2023-08-01
CF0272,BM,SecurityMaturity,Outflow,-121328.71,<2d,1.0,0.886388144799622,2024-03-20
CF0273,JE,LoanRepayment,Outflow,-16909.67,91-180d,0.5,0.8671552200744357,2020-05-06
CF0274,KY,LoanRepayment,Inflow,191554.32,91-180d,0.5,0.6658941637327528,2021-05-22
CF0275,BM,CommitmentDraw,Outflow,-260473.22,2-7d,1.0,0.45408610079810896,2024-06-07
CF0276,KY,SecurityMaturity,Outflow,-90237.24,8-30d,1.0,0.8276407530491559,2021-10-12
CF0277,KY,CommitmentDraw,Inflow,75248.7,181-365d,0.25,0.0671383131090626,2022-09-09
CF0278,KY,LoanRepayment,Inflow,245217.1,181-365d,0.25,0.9655497815866707,2024-06-17
CF0279,BM,CorporateDeposit,Outflow,-281874.21,<2d,1.0,0.18286024148438218,2024-01-11
CF0280,BM,DerivativesCF,Outflow,-120681.89,8-30d,1.0,0.338299879140863,2019-08-25
CF0281,BM,LoanRepayment,Inflow,12037.93,31-90d,0.5,0.3319928035899683,2021-03-11
CF0282,KY,CorporateDeposit,Inflow,149763.72,91-180d,0.5,0.9775702846694956,2020-02-29
CF0283,KY,DerivativesCF,Outflow,-281233.66,2-7d,1.0,0.4397232059367231,2022-10-17
CF0284,JE,SecurityMaturity,Inflow,97657.59,181-365d,0.25,0.041389283409532074,2023-01-07
CF0285,JE,DerivativesCF,Inflow,349777.19,181-365d,0.25,0.16490025727364266,2022-12-25
CF0286,JE,LoanRepayment,Outflow,-70903.71,91-180d,0.5,0.2176485512737787,2019-08-27
CF0287,JE,CorporateDeposit,Inflow,35906.48,91-180d,0.5,0.38368626446374143,2022-06-18
CF0288,KY,RetailDeposit,Inflow,310882.33,<2d,1.0,0.5190421572671561,2024-01-13
CF0289,BM,SecurityMaturity,Inflow,66265.67,<2d,1.0,0.6330812077338042,2023-03-13
CF0290,BM,DerivativesCF,Outflow,-35313.85,2-7d,1.0,0.09894497320481022,2019-10-25
CF0291,JE,SecurityMaturity,Outflow,-213433.55,2-7d,1.0,0.8096964662133359,2020-04-13
CF0292,KY,SecurityMaturity,Outflow,-89071.41,31-90d,0.5,0.8040147620756726,2024-03-10
CF0293,BM,LoanRepayment,Outflow,-84187.12,91-180d,0.5,0.9752349681371789,2019-09-24
CF0294,BM,DerivativesCF,Outflow,-400411.93,181-365d,0.25,0.6603428924564385,2023-07-14
CF0295,KY,CommitmentDraw,Inflow,409.73,2-7d,1.0,0.2967838557066824,2022-06-23
CF0296,BM,CorporateDeposit,Inflow,13926.43,181-365d,0.25,0.8845754977382608,2020-08-09
CF0297,BM,CorporateDeposit,Inflow,64395.83,8-30d,1.0,0.6483744133882168,2023-12-26
CF0298,KY,RetailDeposit,Inflow,183161.67,2-7d,1.0,0.07927068590416175,2023-11-03
CF0299,BM,LoanRepayment,Inflow,117472.21,<2d,1.0,0.9859385381925961,2021-10-27
CF0300,KY,RetailDeposit,Outflow,-30520.87,31-90d,0.5,0.6861727136673476,2020-09-23
CF0301,GU,RetailDeposit,Outflow,-149543.35,8-30d,1.0,0.515517279178008,2023-04-26
CF0302,KY,LoanRepayment,Outflow,-211885.46,91-180d,0.5,0.35880997229662726,2022-06-07
CF0303,JE,CorporateDeposit,Outflow,-122121.62,>1y,0.0,0.17585471621720328,2023-05-08
CF0304,BM,DerivativesCF,Outflow,-74596.77,31-90d,0.5,0.30209632263441555,2020-03-31
CF0305,KY,CorporateDeposit,Inflow,75744.56,2-7d,1.0,0.25620626366203336,2023-11-03
CF0306,BM,CorporateDeposit,Inflow,431313.73,31-90d,0.5,0.5442558246090933,2019-12-04
CF0307,BM,CommitmentDraw,Inflow,226073.15,8-30d,1.0,0.30550557326534566,2023-04-06
CF0308,BM,LoanRepayment,Inflow,44265.22,2-7d,1.0,0.1889415005311944,2020-07-31
CF0309,BM,CorporateDeposit,Outflow,-295775.96,2-7d,1.0,0.7539271828317606,2021-04-22
CF0310,GU,SecurityMaturity,Inflow,201520.16,8-30d,1.0,0.29302879266701454,2020-01-22
CF0311,GU,LoanRepayment,Outflow,-145070.37,91-180d,0.5,0.5261618508092711,2022-01-17
CF0312,KY,SecurityMaturity,Inflow,217504.89,2-7d,1.0,0.8665876618845146,2023-05-23
CF0313,BM,RetailDeposit,Inflow,334451.86,2-7d,1.0,0.4415066004105771,2022-02-21
CF0314,BM,CommitmentDraw,Outflow,-58903.38,181-365d,0.25,0.8551156834056172,2022-09-02
CF0315,BM,DerivativesCF,Inflow,165923.69,>1y,0.0,0.5731609993847642,2024-04-01
CF0316,GU,CorporateDeposit,Inflow,465709.29,8-30d,1.0,0.5466125020347983,2021-01-22
CF0317,BM,CommitmentDraw,Outflow,-289809.8,8-30d,1.0,0.25172492189342976,2021-06-18
CF0318,KY,CorporateDeposit,Inflow,109757.65,2-7d,1.0,0.3206364820761689,2022-06-13
CF0319,BM,SecurityMaturity,Inflow,258950.36,181-365d,0.25,0.4583787365602676,2020-04-20
CF0320,KY,CommitmentDraw,Outflow,-89635.12,2-7d,1.0,0.6213127348556934,2020-04-18
CF0321,BM,SecurityMaturity,Outflow,-71222.75,31-90d,0.5,0.8049864620480142,2019-08-01
CF0322,BM,CommitmentDraw,Outflow,-71738.4,>1y,0.0,0.3519246207734883,2022-06-22
CF0323,KY,SecurityMaturity,Inflow,18261.85,>1y,0.0,0.962526480957932,2020-06-09
CF0324,BM,DerivativesCF,Outflow,-548698.22,2-7d,1.0,0.3839983406927583,2024-02-28
CF0325,BM,CorporateDeposit,Inflow,55923.35,8-30d,1.0,0.10300927203470167,2019-11-12
CF0326,BM,CorporateDeposit,Inflow,187580.93,181-365d,0.25,0.3960804461470272,2020-04-05
CF0327,JE,CommitmentDraw,Outflow,-28324.31,2-7d,1.0,0.7750119895635483,2024-01-13
CF0328,JE,LoanRepayment,Outflow,-324068.46,31-90d,0.5,0.5425681847295557,2019-09-26
CF0329,BM,LoanRepayment,Inflow,591433.89,<2d,1.0,0.5617114917557968,2023-05-22
CF0330,BM,SecurityMaturity,Outflow,-3662.63,>1y,0.0,0.9088594463266265,2020-04-22
CF0331,JE,CorporateDeposit,Inflow,150350.94,<2d,1.0,0.9090766124205193,2019-10-24
CF0332,GU,LoanRepayment,Outflow,-99698.37,8-30d,1.0,0.6763087453897055,2022-01-04
CF0333,JE,SecurityMaturity,Outflow,-21237.95,31-90d,0.5,0.9409829796763979,2019-09-22
CF0334,KY,CommitmentDraw,Inflow,316303.42,181-365d,0.25,0.9268892073895841,2020-09-16
CF0335,BM,SecurityMaturity,Outflow,-30074.79,31-90d,0.5,0.786018975225935,2023-12-30
CF0336,JE,DerivativesCF,Outflow,-8218.96,2-7d,1.0,0.8589993917369876,2021-03-15
CF0337,KY,DerivativesCF,Inflow,18490.28,91-180d,0.5,0.9860042466505748,2024-04-28
CF0338,GU,LoanRepayment,Inflow,46278.09,>1y,0.0,0.890594930677066,2023-02-08
CF0339,BM,DerivativesCF,Inflow,148428.75,91-180d,0.5,0.5999688852644777,2021-05-30
CF0340,JE,CorporateDeposit,Outflow,-89778.1,181-365d,0.25,0.5184946409903302,2020-07-19
CF0341,KY,CorporateDeposit,Inflow,209395.09,2-7d,1.0,0.3515911183334748,2020-10-20
CF0342,KY,LoanRepayment,Inflow,56950.25,>1y,0.0,0.4189396537623533,2021-12-16
CF0343,KY,CorporateDeposit,Outflow,-152606.18,181-365d,0.25,0.9206530990872872,2020-03-28
CF0344,KY,SecurityMaturity,Outflow,-227813.52,181-365d,0.25,0.36736054960476205,2022-12-26
CF0345,BM,RetailDeposit,Outflow,-259753.74,>1y,0.0,0.0009144582119883227,2023-08-11
CF0346,BM,SecurityMaturity,Inflow,215503.69,181-365d,0.25,0.056006129391727666,2023-08-19
CF0347,BM,DerivativesCF,Outflow,-143625.5,2-7d,1.0,0.6688653804441543,2019-08-01
CF0348,BM,LoanRepayment,Outflow,-334890.23,181-365d,0.25,0.49004621192183395,2020-03-03
CF0349,GU,CommitmentDraw,Outflow,-16376.55,31-90d,0.5,0.8371068424240677,2022-12-28
CF0350,JE,DerivativesCF,Inflow,144107.95,>1y,0.0,0.3500108168992676,2021-04-29
CF0351,KY,RetailDeposit,Inflow,435074.21,181-365d,0.25,0.7014058913428307,2023-04-28
CF0352,BM,RetailDeposit,Outflow,-304087.13,91-180d,0.5,0.9390065389237444,2021-05-13
CF0353,GU,SecurityMaturity,Outflow,-138485.22,181-365d,0.25,0.41235424070224547,2024-04-01
CF0354,KY,DerivativesCF,Outflow,-93391.44,181-365d,0.25,0.8436318617378775,2020-01-10
CF0355,BM,DerivativesCF,Inflow,179887.86,181-365d,0.25,0.028638716933842123,2023-01-09
CF0356,BM,SecurityMaturity,Outflow,-258932.17,8-30d,1.0,0.7155600467331743,2020-10-22
CF0357,KY,DerivativesCF,Inflow,28940.14,>1y,0.0,0.9916562980231349,2020-06-16
CF0358,KY,RetailDeposit,Outflow,-535403.9,2-7d,1.0,0.45086147241692054,2022-05-12
CF0359,JE,DerivativesCF,Outflow,-231157.06,2-7d,1.0,0.6337020714069076,2020-05-26
CF0360,BM,CommitmentDraw,Outflow,-183369.92,31-90d,0.5,0.940286152840708,2023-06-17
CF0361,KY,CommitmentDraw,Outflow,-138649.19,31-90d,0.5,0.48730036761433926,2021-09-20
CF0362,GU,RetailDeposit,Outflow,-210409.52,>1y,0.0,0.9763265314651232,2023-02-14
CF0363,KY,CommitmentDraw,Inflow,54043.8,31-90d,0.5,0.5886915770935905,2024-06-05
CF0364,BM,LoanRepayment,Outflow,-399037.14,8-30d,1.0,0.36808924017525146,2020-11-05
CF0365,KY,CorporateDeposit,Inflow,167460.71,181-365d,0.25,0.6715999562161957,2022-09-22
CF0366,BM,DerivativesCF,Inflow,227847.05,181-365d,0.25,0.7152833302399738,2022-05-07
CF0367,BM,CorporateDeposit,Inflow,282673.37,91-180d,0.5,0.7019995826409021,2023-04-19
CF0368,BM,DerivativesCF,Inflow,181542.1,8-30d,1.0,0.10943159987058804,2021-06-08
CF0369,KY,RetailDeposit,Outflow,-212784.78,91-180d,0.5,0.11079549453660364,2020-09-12
CF0370,GU,DerivativesCF,Inflow,309453.14,91-180d,0.5,0.9518098923864491,2022-05-07
CF0371,BM,RetailDeposit,Inflow,128784.54,>1y,0.0,0.7833921965925494,2023-12-26
CF0372,KY,LoanRepayment,Outflow,-284322.62,<2d,1.0,0.34555354902208035,2021-02-26
CF0373,BM,CorporateDeposit,Inflow,54041.13,181-365d,0.25,0.821454463784276,2020-07-20
CF0374,BM,SecurityMaturity,Inflow,30163.67,31-90d,0.5,0.8630361589419488,2021-08-18
CF0375,KY,LoanRepayment,Outflow,-160993.46,<2d,1.0,0.180269962719522,2021-05-14
CF0376,KY,LoanRepayment,Inflow,43047.53,181-365d,0.25,0.7574825739885649,2020-02-11
CF0377,BM,SecurityMaturity,Inflow,169835.01,>1y,0.0,0.29032853341169507,2023-09-29
CF0378,BM,CorporateDeposit,Inflow,328974.83,>1y,0.0,0.20336970739570415,2023-07-11
CF0379,GU,CommitmentDraw,Inflow,56451.79,31-90d,0.5,0.5952041415339259,2020-07-06
CF0380,JE,SecurityMaturity,Inflow,97781.13,31-90d,0.5,0.9297575931696452,2023-04-22
CF0381,KY,CorporateDeposit,Inflow,59126.01,>1y,0.0,0.5506652694024458,2020-02-24
CF0382,KY,RetailDeposit,Outflow,-370241.07,<2d,1.0,0.15682579694319299,2020-08-30
CF0383,BM,LoanRepayment,Inflow,399272.36,91-180d,0.5,0.32449250298348087,2023-03-11
CF0384,JE,CommitmentDraw,Outflow,-157570.86,91-180d,0.5,0.6409696601273998,2023-02-24
CF0385,GU,SecurityMaturity,Inflow,57925.12,<2d,1.0,0.8789055200187433,2021-04-20
CF0386,BM,SecurityMaturity,Inflow,352109.35,31-90d,0.5,0.24143513381403636,2021-08-16
CF0387,GU,CorporateDeposit,Outflow,-110370.28,181-365d,0.25,0.9520163645848099,2023-11-03
CF0388,BM,RetailDeposit,Inflow,337727.59,91-180d,0.5,0.9916328893282718,2024-02-17
CF0389,KY,CommitmentDraw,Outflow,-7299.12,>1y,0.0,0.6832764842093807,2021-11-06
CF0390,KY,DerivativesCF,Inflow,133277.61,8-30d,1.0,0.84757671619466,2023-12-26
CF0391,JE,CorporateDeposit,Outflow,-83458.19,181-365d,0.25,0.4057624897144426,2023-11-29
CF0392,BM,SecurityMaturity,Inflow,196155.74,<2d,1.0,0.12206525909640131,2022-07-01
CF0393,KY,LoanRepayment,Outflow,-211014.35,91-180d,0.5,0.42865667222713766,2022-04-29
CF0394,BM,CorporateDeposit,Outflow,-106165.15,<2d,1.0,0.20274906210299792,2020-08-25
CF0395,BM,RetailDeposit,Inflow,233286.11,2-7d,1.0,0.9510148762606339,2021-10-02
CF0396,BM,RetailDeposit,Inflow,214463.98,91-180d,0.5,0.8384623728662779,2022-10-08
CF0397,KY,CorporateDeposit,Inflow,327120.03,2-7d,1.0,0.05962634166478986,2021-09-23
CF0398,BM,DerivativesCF,Outflow,-304446.06,>1y,0.0,0.8622655019295608,2021-05-28
CF0399,GU,DerivativesCF,Inflow,343671.22,<2d,1.0,0.5662874653543509,2022-09-19
CF0400,GU,RetailDeposit,Inflow,404047.23,91-180d,0.5,0.5904478152314928,2022-03-05
CF0401,BM,LoanRepayment,Inflow,8562.57,2-7d,1.0,0.3256967933296099,2023-11-05
CF0402,BM,SecurityMaturity,Outflow,-443594.02,31-90d,0.5,0.13727865427852826,2023-07-24
CF0403,BM,DerivativesCF,Outflow,-196741.24,31-90d,0.5,0.2197046158893482,2023-12-03
CF0404,KY,CorporateDeposit,Outflow,-141094.75,<2d,1.0,0.19430857360442855,2023-12-15
CF0405,BM,RetailDeposit,Outflow,-436181.15,<2d,1.0,0.5570723248011903,2021-12-02
CF0406,KY,CorporateDeposit,Inflow,490390.17,91-180d,0.5,0.7913036457749801,2020-04-01
CF0407,BM,SecurityMaturity,Inflow,119640.42,8-30d,1.0,0.8456634431162598,2019-08-20
CF0408,BM,CorporateDeposit,Inflow,188414.06,181-365d,0.25,0.2794940996069555,2021-06-14
CF0409,BM,CorporateDeposit,Inflow,239388.2,181-365d,0.25,0.8356973375829223,2020-10-13
CF0410,JE,CorporateDeposit,Inflow,98758.53,31-90d,0.5,0.971349377107199,2024-04-30
CF0411,KY,DerivativesCF,Outflow,-177028.04,>1y,0.0,0.45191976072575746,2019-07-10
CF0412,BM,DerivativesCF,Outflow,-160094.66,>1y,0.0,0.7679361116534971,2022-10-01
CF0413,BM,LoanRepayment,Outflow,-129988.8,<2d,1.0,0.4904858659392106,2022-04-28
CF0414,BM,CommitmentDraw,Outflow,-121876.33,91-180d,0.5,0.2714196379378082,2023-03-05
CF0415,BM,SecurityMaturity,Inflow,80166.0,>1y,0.0,0.188420401314206,2021-09-20
CF0416,JE,CorporateDeposit,Outflow,-206414.48,2-7d,1.0,0.039961687279471136,2024-04-17
CF0417,KY,LoanRepayment,Inflow,394620.91,181-365d,0.25,0.8642650864481187,2024-03-23
CF0418,KY,DerivativesCF,Outflow,-37300.1,181-365d,0.25,0.9339244778113892,2024-06-16
CF0419,KY,CorporateDeposit,Outflow,-177864.41,31-90d,0.5,0.854263578250786,2020-08-18
CF0420,GU,LoanRepayment,Outflow,-259297.03,181-365d,0.25,0.5287311324510532,2023-03-20
CF0421,JE,LoanRepayment,Inflow,29781.38,2-7d,1.0,0.43028769774412023,2024-05-06
CF0422,JE,CommitmentDraw,Outflow,-30334.69,<2d,1.0,0.3784655111695473,2023-06-13
CF0423,BM,RetailDeposit,Outflow,-174181.64,31-90d,0.5,0.515123694799944,2024-04-18
CF0424,GU,DerivativesCF,Inflow,68374.42,8-30d,1.0,0.8137716910979998,2022-12-21
CF0425,JE,SecurityMaturity,Inflow,386545.72,31-90d,0.5,0.7583701773992433,2023-02-16
CF0426,GU,LoanRepayment,Outflow,-206716.65,<2d,1.0,0.9702912764634587,2020-10-06
CF0427,GU,LoanRepayment,Outflow,-146860.17,<2d,1.0,0.9007262322535317,2023-12-08
CF0428,BM,CorporateDeposit,Outflow,-306103.39,2-7d,1.0,0.226760740895669,2024-05-01
CF0429,BM,CorporateDeposit,Inflow,392501.95,91-180d,0.5,0.6891261454181276,2024-03-10
CF0430,GU,DerivativesCF,Outflow,-278752.03,>1y,0.0,0.8300998905425292,2019-10-26
CF0431,GU,LoanRepayment,Outflow,-73619.7,>1y,0.0,0.5857165231587164,2024-06-30
CF0432,BM,CommitmentDraw,Outflow,-701.64,31-90d,0.5,0.9835676573717668,2019-10-10
CF0433,BM,CommitmentDraw,Inflow,249536.27,2-7d,1.0,0.0514136855686923,2020-09-06
CF0434,BM,CorporateDeposit,Inflow,123922.28,31-90d,0.5,0.5278892746732387,2023-03-04
CF0435,BM,SecurityMaturity,Inflow,60220.45,91-180d,0.5,0.011870164427575047,2023-03-27
CF0436,JE,LoanRepayment,Inflow,51167.08,181-365d,0.25,0.8857148234155409,2021-10-20
CF0437,BM,DerivativesCF,Inflow,45078.82,8-30d,1.0,0.40053917139831163,2023-12-06
CF0438,BM,DerivativesCF,Inflow,28947.76,91-180d,0.5,0.07960116151173202,2024-05-22
CF0439,BM,DerivativesCF,Outflow,-256761.68,181-365d,0.25,0.8133852923088742,2022-10-28
CF0440,BM,CommitmentDraw,Inflow,96670.07,<2d,1.0,0.09122563433579867,2022-05-20
CF0441,BM,RetailDeposit,Outflow,-424803.28,31-90d,0.5,0.026112313934142817,2020-07-01
CF0442,KY,CorporateDeposit,Outflow,-341327.61,8-30d,1.0,0.9381411857997902,2020-11-11
CF0443,BM,LoanRepayment,Outflow,-161290.4,<2d,1.0,0.2995509591655624,2024-06-19
CF0444,GU,CorporateDeposit,Outflow,-302775.37,>1y,0.0,0.6794439250600595,2021-04-05
CF0445,GU,LoanRepayment,Outflow,-188242.92,8-30d,1.0,0.39683872914956253,2019-08-20
CF0446,BM,CommitmentDraw,Inflow,153591.48,>1y,0.0,0.7024501410774852,2020-09-16
CF0447,KY,LoanRepayment,Inflow,14680.81,181-365d,0.25,0.8807172694934184,2022-04-27
CF0448,KY,CommitmentDraw,Outflow,-156158.7,>1y,0.0,0.614231675090582,2023-08-05
CF0449,BM,RetailDeposit,Outflow,-655.17,<2d,1.0,0.3450327840912607,2020-03-21
CF0450,JE,RetailDeposit,Outflow,-56061.11,181-365d,0.25,0.7220647286096065,2023-09-17
CF0451,BM,RetailDeposit,Outflow,-80129.83,2-7d,1.0,0.8580413752238851,2022-05-24
CF0452,BM,DerivativesCF,Outflow,-361647.21,8-30d,1.0,0.32723210564335004,2021-06-05
CF0453,BM,CommitmentDraw,Outflow,-79660.82,91-180d,0.5,0.506790285549198,2024-05-29
CF0454,KY,SecurityMaturity,Outflow,-293629.22,>1y,0.0,0.9199581816606681,2020-03-15
CF0455,BM,LoanRepayment,Outflow,-176813.52,8-30d,1.0,0.14485524023342555,2023-10-29
CF0456,KY,CorporateDeposit,Outflow,-281435.41,181-365d,0.25,0.7341015933016816,2022-04-24
CF0457,JE,SecurityMaturity,Outflow,-210746.1,>1y,0.0,0.7052462426541032,2020-12-10
CF0458,GU,LoanRepayment,Outflow,-78486.88,8-30d,1.0,0.3839748189326505,2022-04-01
CF0459,GU,CommitmentDraw,Inflow,115572.78,<2d,1.0,0.20687742229815897,2023-08-09
CF0460,BM,CommitmentDraw,Outflow,-37826.69,181-365d,0.25,0.18596849355753065,2021-08-10
CF0461,JE,CorporateDeposit,Inflow,143344.49,181-365d,0.25,0.9622623528613592,2020-05-21
CF0462,KY,LoanRepayment,Inflow,75864.62,91-180d,0.5,0.6256320649929771,2022-02-11
CF0463,GU,CommitmentDraw,Inflow,407455.11,91-180d,0.5,0.28100103335806004,2021-05-15
CF0464,KY,SecurityMaturity,Outflow,-221349.98,>1y,0.0,0.09141448751275971,2020-02-06
CF0465,BM,RetailDeposit,Outflow,-57690.32,2-7d,1.0,0.6747996792959564,2023-01-21
CF0466,JE,DerivativesCF,Inflow,496299.94,>1y,0.0,0.4992386663781948,2021-10-09
CF0467,GU,CorporateDeposit,Outflow,-423850.47,<2d,1.0,0.7338887827690272,2022-05-07
CF0468,KY,CorporateDeposit,Outflow,-219632.86,>1y,0.0,0.569963458026344,2022-11-26
CF0469,BM,LoanRepayment,Inflow,293957.88,31-90d,0.5,0.35170304421128884,2024-01-01
CF0470,BM,CorporateDeposit,Inflow,49191.73,8-30d,1.0,0.8278837715456474,2020-06-12
CF0471,GU,SecurityMaturity,Inflow,132514.43,181-365d,0.25,0.28496901152230103,2023-11-08
CF0472,JE,SecurityMaturity,Outflow,-95048.08,181-365d,0.25,0.7765693632129519,2022-11-03
CF0473,BM,LoanRepayment,Inflow,128701.62,8-30d,1.0,0.2558561606102945,2022-06-17
CF0474,BM,RetailDeposit,Inflow,86930.64,91-180d,0.5,0.8819616446074745,2021-05-11
CF0475,BM,CommitmentDraw,Inflow,518624.79,<2d,1.0,0.5288207659122616,2021-01-13
CF0476,JE,CommitmentDraw,Inflow,46149.7,<2d,1.0,0.39054446544739063,2021-03-25
CF0477,BM,CorporateDeposit,Outflow,-194843.29,8-30d,1.0,0.9350793232700029,2022-09-24
CF0478,JE,LoanRepayment,Outflow,-29557.4,31-90d,0.5,0.7067771378040312,2023-09-28
CF0479,KY,CorporateDeposit,Outflow,-70317.38,>1y,0.0,0.8705345169268643,2021-03-03
CF0480,BM,CommitmentDraw,Inflow,401721.44,8-30d,1.0,0.9250625218148837,2023-12-23
CF0481,JE,DerivativesCF,Inflow,8818.09,<2d,1.0,0.5224676655254687,2024-05-11
CF0482,KY,CorporateDeposit,Outflow,-289276.58,91-180d,0.5,0.04427094771682827,2023-01-13
CF0483,BM,DerivativesCF,Outflow,-67104.57,8-30d,1.0,0.37413132706667773,2023-11-05
CF0484,KY,CommitmentDraw,Outflow,-266944.9,8-30d,1.0,0.47385908958712686,2022-10-31
CF0485,BM,CorporateDeposit,Outflow,-160511.2,31-90d,0.5,0.8110308298506228,2022-02-25
CF0486,KY,RetailDeposit,Outflow,-91168.59,<2d,1.0,0.09578264101915934,2021-09-27
CF0487,GU,RetailDeposit,Inflow,175175.66,<2d,1.0,0.25024744014024525,2023-07-24
CF0488,BM,LoanRepayment,Outflow,-353016.72,2-7d,1.0,0.9209649828820294,2022-09-08
CF0489,KY,RetailDeposit,Inflow,88772.71,2-7d,1.0,0.26662389169738065,2023-06-11
CF0490,KY,SecurityMaturity,Inflow,90704.98,8-30d,1.0,0.5474246167095607,2022-02-19
CF0491,JE,DerivativesCF,Outflow,-151745.79,2-7d,1.0,0.9054416637783462,2024-05-04
CF0492,BM,RetailDeposit,Outflow,-71421.75,91-180d,0.5,0.8015746267098446,2021-09-27
CF0493,BM,RetailDeposit,Outflow,-316942.01,8-30d,1.0,0.12409994279687375,2023-12-16
CF0494,BM,SecurityMaturity,Outflow,-57442.61,31-90d,0.5,0.286265047211968,2021-01-20
CF0495,BM,DerivativesCF,Inflow,47891.85,<2d,1.0,0.9402656656363833,2022-12-29
CF0496,BM,RetailDeposit,Inflow,508480.06,91-180d,0.5,0.29782669054237754,2021-12-31
CF0497,KY,CorporateDeposit,Inflow,32116.72,2-7d,1.0,0.4738667877367525,2020-04-06
CF0498,KY,SecurityMaturity,Outflow,-184916.15,>1y,0.0,0.5185333990687149,2021-01-11
CF0499,JE,RetailDeposit,Inflow,147891.16,181-365d,0.25,0.9831776897247378,2020-03-25
CF0500,GU,DerivativesCF,Inflow,222350.06,>1y,0.0,0.8273149615773555,2023-07-31
CF0501,KY,CommitmentDraw,Outflow,-329462.91,>1y,0.0,0.5890013725577944,2020-10-16
CF0502,KY,RetailDeposit,Outflow,-22250.69,8-30d,1.0,0.9977644380669302,2023-09-25
CF0503,BM,SecurityMaturity,Outflow,-155609.71,>1y,0.0,0.06496899539400092,2022-11-25
CF0504,BM,SecurityMaturity,Inflow,223932.97,31-90d,0.5,0.8800934139693709,2019-10-22
CF0505,BM,SecurityMaturity,Inflow,142871.0,31-90d,0.5,0.5409955436815314,2021-05-21
CF0506,BM,CorporateDeposit,Outflow,-172691.45,>1y,0.0,0.07242896600822424,2022-08-23
CF0507,KY,LoanRepayment,Inflow,171090.69,<2d,1.0,0.07430337468684056,2024-03-04
CF0508,KY,CommitmentDraw,Inflow,399696.15,181-365d,0.25,0.5551246615537379,2019-08-21
CF0509,BM,DerivativesCF,Inflow,303057.56,8-30d,1.0,0.9430301946314873,2021-03-30
CF0510,BM,SecurityMaturity,Outflow,-64480.08,91-180d,0.5,0.2356053636829163,2019-07-20
CF0511,GU,DerivativesCF,Outflow,-26831.8,<2d,1.0,0.6393902078558477,2019-07-17
CF0512,KY,RetailDeposit,Inflow,377194.8,2-7d,1.0,0.502724090512989,2024-06-14
CF0513,KY,CommitmentDraw,Inflow,94766.22,2-7d,1.0,0.06923358491058784,2022-08-15
CF0514,GU,LoanRepayment,Outflow,-118894.76,>1y,0.0,0.41281645335403483,2023-02-28
CF0515,KY,CorporateDeposit,Outflow,-270413.2,91-180d,0.5,0.6918595328147438,2022-09-09
CF0516,BM,RetailDeposit,Inflow,73000.19,181-365d,0.25,0.36888985413234077,2023-02-12
CF0517,JE,CommitmentDraw,Outflow,-146958.31,2-7d,1.0,0.7980050494195025,2019-08-17
CF0518,KY,SecurityMaturity,Outflow,-205805.76,181-365d,0.25,0.7894563201750887,2022-08-10
CF0519,KY,DerivativesCF,Inflow,35820.63,>1y,0.0,0.2104651377097444,2020-03-22
CF0520,GU,DerivativesCF,Inflow,191723.88,<2d,1.0,0.06088884127225602,2020-01-22
CF0521,KY,LoanRepayment,Outflow,-357148.72,>1y,0.0,0.9028309007368782,2023-06-16
CF0522,GU,DerivativesCF,Inflow,443010.37,91-180d,0.5,0.11193028624400125,2020-03-04
CF0523,GU,LoanRepayment,Inflow,223025.77,<2d,1.0,0.06759479770354637,2023-05-29
CF0524,JE,SecurityMaturity,Outflow,-56274.02,<2d,1.0,0.7258772417137097,2023-04-08
CF0525,KY,DerivativesCF,Inflow,26534.11,<2d,1.0,0.5696228185562767,2023-03-28
CF0526,BM,DerivativesCF,Inflow,141362.15,>1y,0.0,0.7163664768462508,2021-07-17
CF0527,BM,CommitmentDraw,Outflow,-156791.81,8-30d,1.0,0.7767644257732634,2022-01-30
CF0528,KY,SecurityMaturity,Inflow,250191.71,181-365d,0.25,0.8154512273285097,2021-03-05
CF0529,KY,RetailDeposit,Outflow,-8487.36,2-7d,1.0,0.5733235727785748,2021-03-27
CF0530,KY,CommitmentDraw,Outflow,-179255.95,>1y,0.0,0.8733279370319075,2024-05-26
CF0531,BM,SecurityMaturity,Inflow,81274.12,8-30d,1.0,0.39060507923318866,2019-07-23
CF0532,KY,RetailDeposit,Outflow,-233921.24,<2d,1.0,0.32324439403961114,2021-02-14
CF0533,JE,LoanRepayment,Inflow,151499.63,8-30d,1.0,0.18609188717743896,2020-03-28
CF0534,BM,CommitmentDraw,Outflow,-7982.91,8-30d,1.0,0.045644147642379895,2022-12-10
CF0535,GU,DerivativesCF,Inflow,366304.29,<2d,1.0,0.26356382007712165,2023-11-05
CF0536,BM,SecurityMaturity,Outflow,-171586.23,8-30d,1.0,0.13831184490158543,2020-01-08
CF0537,KY,DerivativesCF,Outflow,-214345.54,31-90d,0.5,0.5500450490547274,2020-11-21
CF0538,BM,CommitmentDraw,Outflow,-305987.68,8-30d,1.0,0.08639071088469907,2020-12-11
CF0539,KY,LoanRepayment,Inflow,299955.2,8-30d,1.0,0.955792598534525,2022-03-07
CF0540,KY,LoanRepayment,Outflow,-233484.88,31-90d,0.5,0.6016817977452181,2021-02-19
CF0541,KY,DerivativesCF,Outflow,-86207.05,31-90d,0.5,0.13503315240946745,2022-05-20
CF0542,KY,CorporateDeposit,Inflow,133145.76,2-7d,1.0,0.469639592840973,2023-07-30
CF0543,KY,CorporateDeposit,Inflow,58238.36,181-365d,0.25,0.027094650103401063,2023-01-06
CF0544,KY,RetailDeposit,Inflow,267188.86,2-7d,1.0,0.1987564672431439,2023-06-06
CF0545,GU,DerivativesCF,Outflow,-45752.61,181-365d,0.25,0.7413512260074991,2024-01-21
CF0546,KY,RetailDeposit,Inflow,35581.16,91-180d,0.5,0.3107972799775107,2022-09-01
CF0547,BM,LoanRepayment,Outflow,-242533.46,31-90d,0.5,0.4245663688874426,2020-08-31
CF0548,JE,LoanRepayment,Inflow,229130.44,>1y,0.0,0.2524019824615823,2024-02-23
CF0549,BM,CorporateDeposit,Outflow,-90281.97,181-365d,0.25,0.054760095856764446,2024-05-18
CF0550,BM,CommitmentDraw,Outflow,-148296.69,31-90d,0.5,0.14679233432274885,2019-09-13
CF0551,BM,DerivativesCF,Inflow,92505.78,2-7d,1.0,0.8700747084979422,2020-02-15
CF0552,KY,CommitmentDraw,Outflow,-107228.03,91-180d,0.5,0.014451416954200602,2021-06-06
CF0553,KY,CommitmentDraw,Inflow,350433.39,<2d,1.0,0.33835538228971096,2022-01-29
CF0554,JE,CommitmentDraw,Outflow,-292896.24,<2d,1.0,0.7535301196078873,2020-12-24
CF0555,KY,SecurityMaturity,Inflow,3579.51,<2d,1.0,0.9679716870503642,2020-01-21
CF0556,BM,LoanRepayment,Inflow,290440.23,<2d,1.0,0.9151626771356277,2023-06-15
CF0557,BM,CommitmentDraw,Inflow,238100.25,>1y,0.0,0.5161800078214679,2023-02-24
CF0558,BM,CommitmentDraw,Inflow,144691.11,31-90d,0.5,0.0657843702455152,2023-04-17
CF0559,BM,RetailDeposit,Outflow,-19802.72,31-90d,0.5,0.20412115012136656,2024-02-14
CF0560,JE,DerivativesCF,Inflow,260988.91,2-7d,1.0,0.962090547500194,2023-01-09
CF0561,BM,CorporateDeposit,Inflow,289667.98,2-7d,1.0,0.49047843026910654,2022-07-26
CF0562,KY,CommitmentDraw,Outflow,-88435.46,>1y,0.0,0.7467806633488803,2023-10-30
CF0563,KY,DerivativesCF,Inflow,136364.07,>1y,0.0,0.11990757995536494,2023-09-12
CF0564,BM,RetailDeposit,Outflow,-10902.73,31-90d,0.5,0.6516244831908811,2020-05-06
CF0565,KY,CorporateDeposit,Outflow,-61308.78,8-30d,1.0,0.8987201112994625,2024-05-10
CF0566,BM,SecurityMaturity,Outflow,-54278.38,31-90d,0.5,0.5532408440383401,2021-06-23
CF0567,GU,CorporateDeposit,Outflow,-120789.86,31-90d,0.5,0.9239971987784801,2020-05-21
CF0568,BM,LoanRepayment,Inflow,78327.2,8-30d,1.0,0.9325137005598038,2019-11-15
CF0569,JE,SecurityMaturity,Inflow,22633.02,8-30d,1.0,0.020262783743716706,2019-08-13
CF0570,KY,CorporateDeposit,Outflow,-206453.92,8-30d,1.0,0.4802107476144085,2024-02-20
CF0571,BM,SecurityMaturity,Inflow,14257.94,181-365d,0.25,0.1521332550124047,2021-08-17
CF0572,BM,CorporateDeposit,Outflow,-235299.66,91-180d,0.5,0.2192351055487911,2022-03-25
CF0573,BM,CommitmentDraw,Outflow,-140228.41,31-90d,0.5,0.6669327858326276,2020-06-04
CF0574,BM,CommitmentDraw,Inflow,279869.45,<2d,1.0,0.9014961895502994,2021-07-26
CF0575,BM,DerivativesCF,Inflow,117843.26,91-180d,0.5,0.6124791578400097,2023-05-29
CF0576,BM,DerivativesCF,Inflow,93186.52,<2d,1.0,0.9010802305767883,2020-10-02
CF0577,KY,CommitmentDraw,Outflow,-275622.9,8-30d,1.0,0.441206822518977,2019-07-05
CF0578,BM,SecurityMaturity,Outflow,-228968.69,<2d,1.0,0.2632386675895403,2024-06-10
CF0579,KY,RetailDeposit,Inflow,379254.9,91-180d,0.5,0.5101191258468973,2019-07-05
CF0580,GU,LoanRepayment,Outflow,-222772.18,181-365d,0.25,0.08831257754489219,2024-02-11
CF0581,KY,RetailDeposit,Inflow,311977.56,91-180d,0.5,0.3853730382965366,2020-04-14
CF0582,BM,LoanRepayment,Outflow,-237901.03,181-365d,0.25,0.44905785441169455,2022-03-30
CF0583,KY,DerivativesCF,Inflow,315042.37,>1y,0.0,0.6211800848755834,2021-07-17
CF0584,BM,RetailDeposit,Outflow,-246871.6,>1y,0.0,0.5563428940566685,2021-11-16
CF0585,BM,SecurityMaturity,Inflow,69104.3,2-7d,1.0,0.2402877815926796,2024-04-22
CF0586,KY,CorporateDeposit,Outflow,-4319.77,>1y,0.0,0.38853376475743373,2020-03-19
CF0587,KY,CorporateDeposit,Outflow,-650256.98,>1y,0.0,0.2537415238251174,2024-01-22
CF0588,KY,CommitmentDraw,Outflow,-59050.95,8-30d,1.0,0.004621538246125656,2023-12-22
CF0589,BM,SecurityMaturity,Inflow,201835.09,91-180d,0.5,0.696049491716587,2023-10-01
CF0590,BM,CommitmentDraw,Outflow,-36986.2,>1y,0.0,0.22534049676113221,2023-05-15
CF0591,KY,RetailDeposit,Inflow,167914.77,91-180d,0.5,0.4168333429395674,2022-10-14
CF0592,BM,CorporateDeposit,Outflow,-197583.67,8-30d,1.0,0.513949349351182,2024-06-24
CF0593,JE,DerivativesCF,Outflow,-48349.97,>1y,0.0,0.6452153370753876,2020-01-31
CF0594,BM,DerivativesCF,Inflow,337721.76,181-365d,0.25,0.5529308920593964,2023-11-14
CF0595,BM,LoanRepayment,Outflow,-231676.38,181-365d,0.25,0.018715734639694448,2021-10-01
CF0596,BM,CorporateDeposit,Outflow,-138448.96,31-90d,0.5,0.7918315481099383,2020-06-06
CF0597,BM,CommitmentDraw,Inflow,2965.21,31-90d,0.5,0.6784211838373182,2022-03-20
CF0598,GU,CorporateDeposit,Outflow,-50852.12,91-180d,0.5,0.09607775002010444,2019-07-30
CF0599,JE,SecurityMaturity,Inflow,209807.2,2-7d,1.0,0.6836876854300081,2020-11-09
CF0600,GU,CorporateDeposit,Inflow,1072.02,2-7d,1.0,0.38401601124108087,2020-12-07
CF0601,GU,DerivativesCF,Inflow,80546.55,31-90d,0.5,0.04463786992502983,2023-12-02
CF0602,BM,LoanRepayment,Outflow,-594507.48,91-180d,0.5,0.05089930455655711,2023-05-02
CF0603,KY,LoanRepayment,Outflow,-19795.17,181-365d,0.25,0.7460028628908217,2020-08-21
CF0604,KY,RetailDeposit,Inflow,45636.49,91-180d,0.5,0.5433870334178426,2023-07-08
CF0605,BM,SecurityMaturity,Outflow,-160103.39,<2d,1.0,0.8771865813452845,2024-02-22
CF0606,BM,CorporateDeposit,Inflow,41361.9,31-90d,0.5,0.7329273385372699,2023-02-16
CF0607,BM,CommitmentDraw,Inflow,64460.82,91-180d,0.5,0.2555917748004143,2021-11-04
CF0608,KY,SecurityMaturity,Inflow,114341.36,>1y,0.0,0.2652624774577018,2024-06-03
CF0609,KY,LoanRepayment,Outflow,-252513.14,2-7d,1.0,0.7367103686201298,2021-02-22
CF0610,KY,SecurityMaturity,Inflow,296427.08,<2d,1.0,0.4730521505999493,2020-08-15
CF0611,BM,DerivativesCF,Inflow,302031.26,181-365d,0.25,0.846956687782504,2024-02-06
CF0612,BM,RetailDeposit,Inflow,255756.95,<2d,1.0,0.7159551515035404,2023-02-08
CF0613,BM,SecurityMaturity,Outflow,-445950.31,91-180d,0.5,0.5889961260980303,2021-06-27
CF0614,BM,DerivativesCF,Outflow,-5471.86,<2d,1.0,0.6327012019030707,2020-09-29
CF0615,KY,CommitmentDraw,Outflow,-263990.14,2-7d,1.0,0.06993264518773756,2023-04-04
CF0616,KY,LoanRepayment,Inflow,177791.33,91-180d,0.5,0.32853136252264703,2020-12-10
CF0617,BM,RetailDeposit,Outflow,-5468.01,91-180d,0.5,0.8486483879952108,2020-02-21
CF0618,JE,CorporateDeposit,Inflow,210510.46,91-180d,0.5,0.24499028533658318,2020-01-31
CF0619,KY,DerivativesCF,Inflow,67956.63,31-90d,0.5,0.23662874703274306,2023-12-16
CF0620,KY,LoanRepayment,Outflow,-100938.41,8-30d,1.0,0.5625165866236727,2023-02-05
CF0621,BM,SecurityMaturity,Inflow,128903.18,91-180d,0.5,0.8262289521319622,2021-03-10
CF0622,KY,CorporateDeposit,Outflow,-312553.7,91-180d,0.5,0.9957940759755043,2020-02-23
CF0623,BM,CorporateDeposit,Inflow,354131.42,2-7d,1.0,0.2840504635840134,2020-12-13
CF0624,GU,SecurityMaturity,Outflow,-53299.97,8-30d,1.0,0.9791522389562246,2023-12-10
CF0625,KY,LoanRepayment,Outflow,-229427.07,>1y,0.0,0.34754512549922756,2022-01-28
CF0626,GU,CorporateDeposit,Inflow,67843.97,>1y,0.0,0.3561884318356232,2023-03-15
CF0627,GU,SecurityMaturity,Inflow,10919.92,<2d,1.0,0.9809868465102962,2021-09-14
CF0628,BM,CommitmentDraw,Inflow,18086.08,91-180d,0.5,0.4270067246227792,2021-04-08
CF0629,BM,RetailDeposit,Outflow,-215734.95,8-30d,1.0,0.868189404950226,2024-01-09
CF0630,KY,RetailDeposit,Inflow,105109.45,8-30d,1.0,0.5803254117538196,2019-09-27
CF0631,KY,RetailDeposit,Inflow,241744.92,2-7d,1.0,0.4129817981328411,2023-01-25
CF0632,KY,CorporateDeposit,Outflow,-383934.79,8-30d,1.0,0.6364624084898384,2024-04-15
CF0633,BM,SecurityMaturity,Outflow,-109922.02,91-180d,0.5,0.4685037606703665,2023-10-12
CF0634,KY,LoanRepayment,Outflow,-43121.93,8-30d,1.0,0.602783475650003,2021-09-03
CF0635,BM,CorporateDeposit,Inflow,343984.66,8-30d,1.0,0.6729630920527936,2019-12-03
CF0636,KY,DerivativesCF,Outflow,-128698.65,31-90d,0.5,0.4654381056547827,2022-02-10
CF0637,BM,CorporateDeposit,Inflow,134668.37,181-365d,0.25,0.6901143095101594,2019-12-30
CF0638,BM,SecurityMaturity,Outflow,-258459.51,>1y,0.0,0.9582806687225723,2021-12-03
CF0639,BM,SecurityMaturity,Outflow,-249280.85,31-90d,0.5,0.2785269374137116,2020-03-31
CF0640,KY,CommitmentDraw,Outflow,-224555.59,2-7d,1.0,0.044494894648765215,2020-08-24
CF0641,KY,CommitmentDraw,Inflow,200879.5,8-30d,1.0,0.5198864958964233,2023-02-25
CF0642,KY,DerivativesCF,Inflow,202332.54,31-90d,0.5,0.3274405658142078,2024-03-22
CF0643,BM,SecurityMaturity,Outflow,-161935.77,31-90d,0.5,0.3879958049032851,2022-11-11
CF0644,KY,DerivativesCF,Inflow,118759.23,<2d,1.0,0.1828927659879258,2021-06-03
CF0645,KY,SecurityMaturity,Outflow,-169259.7,8-30d,1.0,0.08681679432115474,2022-03-25
CF0646,BM,CorporateDeposit,Outflow,-187008.42,181-365d,0.25,0.18093154798518807,2021-10-30
CF0647,GU,LoanRepayment,Outflow,-58456.89,181-365d,0.25,0.25176312180677163,2022-03-01
CF0648,BM,DerivativesCF,Inflow,204763.65,>1y,0.0,0.1950526640421374,2022-12-21
CF0649,BM,SecurityMaturity,Inflow,211523.78,8-30d,1.0,0.5459287065997412,2021-12-16
CF0650,KY,DerivativesCF,Inflow,264970.72,31-90d,0.5,0.2572946899048706,2022-06-20
CF0651,BM,DerivativesCF,Outflow,-283868.32,91-180d,0.5,0.34186765798733965,2022-12-12
CF0652,KY,SecurityMaturity,Outflow,-159045.52,8-30d,1.0,0.02021293210352415,2024-02-01
CF0653,JE,DerivativesCF,Inflow,148338.25,91-180d,0.5,0.61914956834645,2020-08-01
CF0654,KY,LoanRepayment,Outflow,-116308.02,2-7d,1.0,0.07580907935905656,2021-06-18
CF0655,JE,CorporateDeposit,Outflow,-162812.98,91-180d,0.5,0.8551721880227324,2020-03-30
CF0656,GU,SecurityMaturity,Outflow,-83526.92,91-180d,0.5,0.5240616843245047,2024-04-15
CF0657,BM,LoanRepayment,Outflow,-141293.48,8-30d,1.0,0.7822038730909117,2022-09-05
CF0658,BM,SecurityMaturity,Inflow,261216.81,<2d,1.0,0.7911633499663416,2021-09-18
CF0659,BM,RetailDeposit,Outflow,-194466.37,181-365d,0.25,0.5934177979745879,2021-10-23
CF0660,KY,DerivativesCF,Outflow,-531147.21,>1y,0.0,0.7060417595218408,2022-08-19
CF0661,JE,DerivativesCF,Outflow,-143327.09,>1y,0.0,0.7449426645781495,2021-06-07
CF0662,JE,RetailDeposit,Inflow,18422.65,<2d,1.0,0.26518087772757526,2020-06-10
CF0663,JE,SecurityMaturity,Inflow,47704.55,<2d,1.0,0.5986020190821646,2020-06-15
CF0664,BM,CorporateDeposit,Inflow,3027.29,31-90d,0.5,0.1981200136069593,2021-03-12
CF0665,BM,DerivativesCF,Outflow,-385363.02,8-30d,1.0,0.05480826542825423,2019-11-26
CF0666,JE,LoanRepayment,Outflow,-73525.58,181-365d,0.25,0.8743716136537982,2023-04-19
CF0667,BM,CommitmentDraw,Outflow,-278459.46,31-90d,0.5,0.9116184887168675,2023-08-14
CF0668,KY,DerivativesCF,Outflow,-44553.46,31-90d,0.5,0.21048937220979158,2024-06-11
CF0669,KY,LoanRepayment,Inflow,416846.0,91-180d,0.5,0.35318231678447143,2022-09-16
CF0670,BM,DerivativesCF,Inflow,188104.04,>1y,0.0,0.9912204831243461,2022-03-07
CF0671,GU,DerivativesCF,Outflow,-30155.32,>1y,0.0,0.1412957412861775,2019-11-14
CF0672,KY,RetailDeposit,Outflow,-495134.53,91-180d,0.5,0.9172546597268754,2019-08-22
CF0673,GU,CommitmentDraw,Outflow,-105772.61,31-90d,0.5,0.3539494723020983,2021-09-06
CF0674,KY,CorporateDeposit,Outflow,-160109.05,2-7d,1.0,0.9303232142147093,2020-09-10
CF0675,BM,DerivativesCF,Outflow,-28963.56,<2d,1.0,0.33182723787149027,2022-10-17
CF0676,BM,SecurityMaturity,Outflow,-199012.81,<2d,1.0,0.35132660047101283,2020-01-17
CF0677,KY,CorporateDeposit,Inflow,66175.46,8-30d,1.0,0.25537686779455604,2022-06-26
CF0678,BM,SecurityMaturity,Outflow,-148192.86,<2d,1.0,0.21469924266460372,2022-05-28
CF0679,BM,LoanRepayment,Outflow,-157898.58,31-90d,0.5,0.030472467540773818,2021-11-01
CF0680,KY,CorporateDeposit,Inflow,73965.7,8-30d,1.0,0.9968445102311401,2020-12-09
CF0681,KY,RetailDeposit,Inflow,670623.38,2-7d,1.0,0.7293088236309441,2020-08-27
CF0682,KY,CommitmentDraw,Outflow,-52264.07,181-365d,0.25,0.4345173857502901,2020-04-07
CF0683,GU,SecurityMaturity,Outflow,-108139.79,<2d,1.0,0.22914590604886442,2024-03-01
CF0684,GU,LoanRepayment,Inflow,207935.79,>1y,0.0,0.9373973810212031,2021-10-24
CF0685,KY,CommitmentDraw,Inflow,39072.14,2-7d,1.0,0.2020635787203361,2020-03-21
CF0686,BM,RetailDeposit,Inflow,63303.43,>1y,0.0,0.31583672777280625,2021-04-16
CF0687,BM,RetailDeposit,Outflow,-35704.68,31-90d,0.5,0.11923840510558947,2020-04-24
CF0688,JE,RetailDeposit,Outflow,-174556.42,31-90d,0.5,0.00865946486329483,2022-03-18
CF0689,KY,RetailDeposit,Inflow,159783.11,>1y,0.0,0.5882639935521329,2020-10-18
CF0690,BM,RetailDeposit,Outflow,-120359.47,8-30d,1.0,0.7320898065087883,2022-01-10
CF0691,BM,CommitmentDraw,Inflow,299663.05,31-90d,0.5,0.26361818568316964,2023-07-30
CF0692,BM,LoanRepayment,Outflow,-65933.77,8-30d,1.0,0.963008168318917,2022-05-21
CF0693,KY,DerivativesCF,Inflow,67519.6,91-180d,0.5,0.20636210579364733,2023-12-26
CF0694,BM,CorporateDeposit,Inflow,10960.34,91-180d,0.5,0.36961170785400543,2023-03-17
CF0695,KY,SecurityMaturity,Inflow,315580.97,>1y,0.0,0.07317172906217706,2019-08-21
CF0696,JE,LoanRepayment,Inflow,86367.85,91-180d,0.5,0.905782619983726,2021-12-05
CF0697,GU,LoanRepayment,Inflow,21805.38,8-30d,1.0,0.04256767753119972,2023-01-09
CF0698,GU,SecurityMaturity,Outflow,-14554.94,31-90d,0.5,0.7312247474525543,2021-05-18
CF0699,BM,CorporateDeposit,Outflow,-74407.9,2-7d,1.0,0.4847294038186343,2022-02-26
CF0700,BM,CorporateDeposit,Inflow,5813.78,<2d,1.0,0.35273832519698745,2019-08-13
CF0701,KY,CommitmentDraw,Outflow,-235838.51,91-180d,0.5,0.3161415378351726,2022-10-04
CF0702,KY,SecurityMaturity,Inflow,143150.27,91-180d,0.5,0.781804365770785,2021-03-13
CF0703,BM,RetailDeposit,Outflow,-348331.46,31-90d,0.5,0.649746519590978,2021-06-07
CF0704,GU,CommitmentDraw,Inflow,110581.72,181-365d,0.25,0.6515338152461723,2019-12-10
CF0705,BM,SecurityMaturity,Outflow,-591428.98,181-365d,0.25,0.30337564724783683,2020-04-01
CF0706,KY,RetailDeposit,Outflow,-279505.91,8-30d,1.0,0.16652940337968147,2022-11-18
CF0707,BM,RetailDeposit,Outflow,-433750.93,<2d,1.0,0.7194209206272651,2023-06-01
CF0708,JE,LoanRepayment,Inflow,128738.86,31-90d,0.5,0.5816477601879114,2021-07-18
CF0709,BM,RetailDeposit,Outflow,-314177.82,31-90d,0.5,0.3952201568692636,2023-09-22
CF0710,KY,RetailDeposit,Inflow,75980.76,>1y,0.0,0.13118178907502365,2021-05-03
CF0711,GU,DerivativesCF,Outflow,-48116.97,2-7d,1.0,0.09726786657551634,2024-03-07
CF0712,BM,CommitmentDraw,Outflow,-149036.71,>1y,0.0,0.10496375682590653,2020-05-02
CF0713,BM,RetailDeposit,Inflow,307425.34,91-180d,0.5,0.44237017378693944,2021-02-16
CF0714,KY,LoanRepayment,Inflow,31637.27,181-365d,0.25,0.198741494246941,2023-04-16
CF0715,KY,RetailDeposit,Outflow,-62900.24,<2d,1.0,0.15698405124935255,2020-01-23
CF0716,BM,CommitmentDraw,Inflow,74194.02,2-7d,1.0,0.9606185220032581,2022-09-07
CF0717,GU,DerivativesCF,Outflow,-223733.83,8-30d,1.0,0.18798799197283633,2021-01-27
CF0718,BM,RetailDeposit,Inflow,92797.72,91-180d,0.5,0.0874588157732703,2021-10-31
CF0719,BM,SecurityMaturity,Inflow,160108.7,2-7d,1.0,0.9873790990826535,2020-02-12
CF0720,GU,DerivativesCF,Outflow,-44254.12,>1y,0.0,0.12684208797032903,2021-10-11
CF0721,JE,RetailDeposit,Inflow,29935.94,2-7d,1.0,0.7703883169927895,2022-05-11
CF0722,BM,SecurityMaturity,Outflow,-16080.28,181-365d,0.25,0.5673721652196875,2022-07-18
CF0723,GU,CorporateDeposit,Inflow,132440.44,31-90d,0.5,0.4429241554759955,2022-01-07
CF0724,BM,CommitmentDraw,Outflow,-4577.1,181-365d,0.25,0.6494485120432525,2022-06-03
CF0725,JE,RetailDeposit,Outflow,-164033.96,<2d,1.0,0.9270950222412586,2022-11-25
CF0726,BM,SecurityMaturity,Inflow,46091.71,<2d,1.0,0.7073602276719987,2021-12-11
CF0727,JE,SecurityMaturity,Outflow,-267428.05,31-90d,0.5,0.09598128379169413,2021-02-05
CF0728,GU,CommitmentDraw,Inflow,95555.52,8-30d,1.0,0.8566846861102223,2020-08-11
CF0729,BM,CorporateDeposit,Inflow,202272.98,181-365d,0.25,0.38037708055310326,2020-06-18
CF0730,BM,DerivativesCF,Outflow,-59140.93,2-7d,1.0,0.6771577280263033,2022-05-08
CF0731,BM,RetailDeposit,Outflow,-39873.41,31-90d,0.5,0.6621319741843156,2021-03-12
CF0732,KY,LoanRepayment,Outflow,-496400.47,31-90d,0.5,0.6832552842616879,2020-02-16
CF0733,KY,RetailDeposit,Outflow,-8139.61,31-90d,0.5,0.3206119313983682,2019-12-18
CF0734,BM,DerivativesCF,Outflow,-449297.61,2-7d,1.0,0.5278023576855202,2022-10-13
CF0735,BM,RetailDeposit,Inflow,241688.85,8-30d,1.0,0.24774858570245695,2023-08-01
CF0736,KY,CommitmentDraw,Inflow,167213.78,91-180d,0.5,0.2587729002319541,2022-12-10
CF0737,BM,CommitmentDraw,Outflow,-135146.98,8-30d,1.0,0.8191130938757741,2021-07-14
CF0738,BM,DerivativesCF,Inflow,230382.33,2-7d,1.0,0.2730824790571388,2021-12-28
CF0739,KY,RetailDeposit,Outflow,-15232.28,31-90d,0.5,0.5953935343222841,2023-03-06
CF0740,BM,SecurityMaturity,Inflow,108120.9,181-365d,0.25,0.10706840626375957,2022-12-26
CF0741,KY,SecurityMaturity,Outflow,-93597.27,>1y,0.0,0.9141170240207858,2019-10-13
CF0742,KY,DerivativesCF,Inflow,44028.83,91-180d,0.5,0.16317675052154157,2022-04-22
CF0743,GU,DerivativesCF,Outflow,-125203.17,91-180d,0.5,0.7952130862414625,2020-03-15
CF0744,KY,CorporateDeposit,Inflow,70947.25,31-90d,0.5,0.20937864265875128,2021-05-01
CF0745,JE,LoanRepayment,Inflow,89327.46,<2d,1.0,0.9149766783266865,2023-10-24
CF0746,KY,LoanRepayment,Inflow,164811.64,91-180d,0.5,0.5548729563286957,2021-03-22
CF0747,KY,DerivativesCF,Outflow,-115723.76,<2d,1.0,0.579332399016944,2022-11-24
CF0748,BM,LoanRepayment,Inflow,409323.38,91-180d,0.5,0.09986863769334575,2020-01-26
CF0749,BM,LoanRepayment,Inflow,94758.09,8-30d,1.0,0.8293623122250037,2023-06-15
CF0750,BM,CorporateDeposit,Outflow,-152433.69,31-90d,0.5,0.30409999952399014,2022-06-20
CF0751,BM,CommitmentDraw,Outflow,-76148.52,8-30d,1.0,0.2675601162744835,2023-08-27
CF0752,KY,RetailDeposit,Inflow,204573.64,31-90d,0.5,0.15747615411523364,2024-02-27
CF0753,BM,SecurityMaturity,Inflow,148152.11,91-180d,0.5,0.38946745613457434,2019-11-10
CF0754,BM,SecurityMaturity,Inflow,145210.84,181-365d,0.25,0.47129600089237456,2022-12-11
CF0755,KY,RetailDeposit,Outflow,-71984.81,<2d,1.0,0.7926845113017829,2019-08-10
CF0756,BM,RetailDeposit,Inflow,64065.13,91-180d,0.5,0.41376112282342536,2023-01-30
CF0757,GU,CorporateDeposit,Inflow,322378.72,31-90d,0.5,0.4918416147572344,2021-12-24
CF0758,BM,DerivativesCF,Outflow,-200394.16,91-180d,0.5,0.2754092253413086,2019-07-21
CF0759,BM,SecurityMaturity,Outflow,-208884.24,<2d,1.0,0.35951920595853837,2021-07-25
CF0760,KY,RetailDeposit,Inflow,64982.34,91-180d,0.5,0.12861343703626893,2020-09-15
CF0761,KY,CommitmentDraw,Inflow,16159.67,<2d,1.0,0.021498391243535142,2022-05-30
CF0762,KY,SecurityMaturity,Inflow,395829.74,91-180d,0.5,0.06504204426164617,2024-06-30
CF0763,KY,RetailDeposit,Outflow,-155201.42,181-365d,0.25,0.7802961688331814,2023-11-26
CF0764,KY,CommitmentDraw,Outflow,-359171.73,2-7d,1.0,0.8520252828491126,2020-12-30
CF0765,GU,DerivativesCF,Outflow,-360994.82,2-7d,1.0,0.5109043318302753,2020-12-23
CF0766,JE,SecurityMaturity,Outflow,-35973.73,2-7d,1.0,0.7903774612690556,2021-12-18
CF0767,KY,SecurityMaturity,Inflow,34104.84,>1y,0.0,0.2999017578649732,2020-08-14
CF0768,BM,CommitmentDraw,Inflow,563946.32,>1y,0.0,0.0600796119717496,2019-12-16
CF0769,GU,RetailDeposit,Outflow,-134773.52,31-90d,0.5,0.330438468145981,2020-03-21
CF0770,GU,RetailDeposit,Inflow,158804.46,31-90d,0.5,0.26790213506088545,2021-08-03
CF0771,BM,SecurityMaturity,Inflow,177039.61,31-90d,0.5,0.5902292738089195,2020-05-25
CF0772,KY,DerivativesCF,Inflow,113631.61,31-90d,0.5,0.11031331675239031,2022-03-11
CF0773,BM,CorporateDeposit,Outflow,-49487.37,<2d,1.0,0.17208966423579408,2020-01-14
CF0774,GU,SecurityMaturity,Inflow,268704.1,2-7d,1.0,0.26552561012128884,2023-05-02
CF0775,KY,CorporateDeposit,Inflow,318545.82,>1y,0.0,0.023106037951239222,2024-06-09
CF0776,BM,SecurityMaturity,Inflow,210549.62,2-7d,1.0,0.47768713851575073,2023-10-09
CF0777,KY,DerivativesCF,Outflow,-102087.71,8-30d,1.0,0.5902033318206416,2021-08-09
CF0778,BM,DerivativesCF,Inflow,24217.35,31-90d,0.5,0.4263982788678513,2023-01-30
CF0779,BM,LoanRepayment,Inflow,284147.1,31-90d,0.5,0.3348001635593265,2021-04-26
CF0780,KY,LoanRepayment,Outflow,-73981.94,31-90d,0.5,0.4681719775352541,2023-03-28
CF0781,BM,CorporateDeposit,Inflow,86138.61,31-90d,0.5,0.11849217141008239,2019-12-01
CF0782,JE,CommitmentDraw,Outflow,-49405.14,8-30d,1.0,0.37351049696349625,2022-08-11
CF0783,BM,RetailDeposit,Outflow,-102317.8,8-30d,1.0,0.17956913624765336,2020-11-02
CF0784,BM,RetailDeposit,Inflow,285929.36,31-90d,0.5,0.20488437122937897,2021-06-19
CF0785,BM,RetailDeposit,Inflow,367344.24,181-365d,0.25,0.42029321107614714,2020-07-27
CF0786,GU,DerivativesCF,Inflow,694725.41,2-7d,1.0,0.06399920907168777,2023-02-05
CF0787,JE,CorporateDeposit,Outflow,-230271.2,8-30d,1.0,0.1337345504544839,2021-07-06
CF0788,JE,CommitmentDraw,Outflow,-105773.28,<2d,1.0,0.08438455631485642,2021-03-12
CF0789,GU,LoanRepayment,Inflow,269729.83,2-7d,1.0,0.021795297272280356,2023-02-12
CF0790,BM,RetailDeposit,Inflow,85481.94,>1y,0.0,0.9498717218110497,2022-11-17
CF0791,BM,DerivativesCF,Inflow,162263.67,181-365d,0.25,0.952634443945299,2022-02-08
CF0792,KY,RetailDeposit,Outflow,-154293.78,91-180d,0.5,0.8302343726988182,2024-04-13
CF0793,KY,CorporateDeposit,Outflow,-8902.86,<2d,1.0,0.9425031322956292,2023-06-11
CF0794,GU,LoanRepayment,Inflow,230819.97,<2d,1.0,0.046128947227339845,2023-10-02
CF0795,BM,LoanRepayment,Inflow,119302.61,>1y,0.0,0.16239786212519924,2023-10-23
CF0796,KY,LoanRepayment,Inflow,100075.05,8-30d,1.0,0.6704032753820492,2021-08-13
CF0797,BM,CorporateDeposit,Inflow,175629.95,181-365d,0.25,0.7597904590937659,2021-11-27
CF0798,KY,RetailDeposit,Inflow,118276.7,31-90d,0.5,0.4654297143707691,2020-11-04
CF0799,BM,SecurityMaturity,Outflow,-210448.36,>1y,0.0,0.9917333927173125,2019-12-07
CF0800,JE,DerivativesCF,Inflow,205905.37,181-365d,0.25,0.4196675120338641,2020-05-01
CF0801,BM,CorporateDeposit,Outflow,-228262.62,>1y,0.0,0.37243219237090053,2023-03-25
CF0802,GU,SecurityMaturity,Outflow,-279869.33,2-7d,1.0,0.4693945966896099,2019-10-12
CF0803,BM,CorporateDeposit,Outflow,-131448.09,91-180d,0.5,0.7218301871100301,2024-05-21
CF0804,KY,LoanRepayment,Outflow,-22389.87,<2d,1.0,0.3118471341021962,2020-01-12
CF0805,KY,SecurityMaturity,Inflow,33628.73,8-30d,1.0,0.05303428834066837,2024-01-11
CF0806,GU,CommitmentDraw,Inflow,53294.04,31-90d,0.5,0.46399549629241565,2020-09-30
CF0807,GU,CommitmentDraw,Inflow,209187.28,2-7d,1.0,0.38098376332794937,2020-03-04
CF0808,BM,SecurityMaturity,Inflow,113550.21,8-30d,1.0,0.20338929478197576,2022-12-02
CF0809,BM,RetailDeposit,Outflow,-11665.25,<2d,1.0,0.05672150350896166,2021-07-02
CF0810,BM,CommitmentDraw,Outflow,-101024.73,8-30d,1.0,0.6666307759075372,2019-07-29
CF0811,GU,CommitmentDraw,Inflow,19590.36,31-90d,0.5,0.010455071523634785,2023-06-27
CF0812,BM,CorporateDeposit,Outflow,-130659.91,181-365d,0.25,0.13439892691333233,2023-04-23
CF0813,KY,SecurityMaturity,Inflow,157753.5,8-30d,1.0,0.6637823548036595,2022-06-05
CF0814,JE,LoanRepayment,Outflow,-306539.35,181-365d,0.25,0.19838682241803618,2022-12-02
CF0815,KY,CorporateDeposit,Outflow,-84436.85,31-90d,0.5,0.03947777802854391,2019-11-29
CF0816,GU,CorporateDeposit,Outflow,-209776.63,181-365d,0.25,0.8527235387931748,2020-03-25
CF0817,KY,CommitmentDraw,Outflow,-86207.46,>1y,0.0,0.3910965716582284,2022-03-11
CF0818,KY,SecurityMaturity,Inflow,78602.91,31-90d,0.5,0.1183346128700079,2023-01-14
CF0819,KY,RetailDeposit,Outflow,-141309.37,8-30d,1.0,0.6492917960036273,2019-08-09
CF0820,JE,DerivativesCF,Outflow,-28586.76,91-180d,0.5,0.8709765105552958,2021-01-13
CF0821,KY,DerivativesCF,Inflow,337634.35,2-7d,1.0,0.4501238723070121,2021-02-14
CF0822,JE,CommitmentDraw,Inflow,16792.89,<2d,1.0,0.9095547706940456,2023-04-27
CF0823,BM,CorporateDeposit,Outflow,-262446.23,>1y,0.0,0.7868843486649412,2022-08-05
CF0824,KY,CorporateDeposit,Inflow,215134.36,>1y,0.0,0.9232881651642166,2022-07-29
CF0825,KY,SecurityMaturity,Outflow,-75305.29,181-365d,0.25,0.4584471502942995,2023-10-18
CF0826,JE,CommitmentDraw,Inflow,59909.99,>1y,0.0,0.432645482757261,2019-08-28
CF0827,GU,CommitmentDraw,Outflow,-149661.47,31-90d,0.5,0.7428650140980294,2024-06-26
CF0828,KY,DerivativesCF,Inflow,155715.69,31-90d,0.5,0.9500680217119137,2024-01-09
CF0829,KY,DerivativesCF,Inflow,362805.0,>1y,0.0,0.4880481155597316,2022-11-27
CF0830,KY,LoanRepayment,Inflow,75201.33,181-365d,0.25,0.875000053579044,2019-10-01
CF0831,BM,LoanRepayment,Inflow,43509.0,<2d,1.0,0.757914860296704,2020-02-26
CF0832,KY,LoanRepayment,Outflow,-159603.85,<2d,1.0,0.13637959375385822,2021-01-11
CF0833,KY,CommitmentDraw,Inflow,67516.05,<2d,1.0,0.29045247108518235,2022-09-20
CF0834,BM,DerivativesCF,Outflow,-1073.94,<2d,1.0,0.5162164877430255,2019-07-16
CF0835,KY,RetailDeposit,Outflow,-403075.84,2-7d,1.0,0.17666252677207928,2020-03-31
CF0836,KY,LoanRepayment,Inflow,78537.07,8-30d,1.0,0.26315700895753125,2020-03-09
CF0837,KY,LoanRepayment,Inflow,294332.86,8-30d,1.0,0.7444236769206892,2024-01-23
CF0838,BM,DerivativesCF,Inflow,67252.67,2-7d,1.0,0.8409453446651742,2024-05-14
CF0839,KY,SecurityMaturity,Inflow,15907.45,181-365d,0.25,0.012217964639065881,2023-11-21
CF0840,KY,CommitmentDraw,Outflow,-60392.73,<2d,1.0,0.5506641035638267,2022-07-17
CF0841,KY,CorporateDeposit,Outflow,-74306.83,>1y,0.0,0.5278549433974743,2020-11-29
CF0842,BM,CorporateDeposit,Outflow,-393904.07,31-90d,0.5,0.1055314249528656,2020-01-24
CF0843,BM,LoanRepayment,Outflow,-154316.93,<2d,1.0,0.5837678921309806,2021-07-01
CF0844,BM,CorporateDeposit,Inflow,197673.53,8-30d,1.0,0.2167490084146657,2020-03-19
CF0845,GU,LoanRepayment,Outflow,-178324.43,91-180d,0.5,0.5818872726283482,2019-10-28
CF0846,BM,RetailDeposit,Inflow,54232.83,>1y,0.0,0.8587750307486034,2020-08-22
CF0847,BM,RetailDeposit,Outflow,-355295.94,8-30d,1.0,0.8175524525559492,2024-02-26
CF0848,JE,CommitmentDraw,Inflow,64288.76,91-180d,0.5,0.44590013854937705,2020-04-08
CF0849,BM,LoanRepayment,Inflow,253696.75,2-7d,1.0,0.5033959933808895,2024-03-25
CF0850,KY,CorporateDeposit,Inflow,175167.57,31-90d,0.5,0.27847251822624297,2024-05-31
CF0851,BM,CorporateDeposit,Inflow,55384.93,>1y,0.0,0.37072429683687425,2021-03-27
CF0852,GU,CorporateDeposit,Outflow,-546586.68,<2d,1.0,0.418136686702302,2020-03-29
CF0853,KY,CommitmentDraw,Outflow,-154646.93,8-30d,1.0,0.36837743834748093,2023-04-29
CF0854,KY,CorporateDeposit,Outflow,-266608.03,2-7d,1.0,0.8426796242878279,2019-07-25
CF0855,BM,LoanRepayment,Outflow,-169313.36,31-90d,0.5,0.9006915074262314,2020-09-04
CF0856,GU,LoanRepayment,Inflow,197656.41,8-30d,1.0,0.46764931739999627,2020-07-14
CF0857,JE,CommitmentDraw,Inflow,95382.31,8-30d,1.0,0.853158008983426,2022-05-09
CF0858,BM,DerivativesCF,Outflow,-370198.78,>1y,0.0,0.12688103187997257,2022-10-22
CF0859,KY,SecurityMaturity,Inflow,106028.24,91-180d,0.5,0.5597576324185792,2020-01-12
CF0860,KY,SecurityMaturity,Outflow,-592037.81,8-30d,1.0,0.34276151320186365,2021-06-08
CF0861,BM,CorporateDeposit,Outflow,-524094.64,181-365d,0.25,0.3303356224631182,2021-03-01
CF0862,KY,LoanRepayment,Outflow,-262899.15,2-7d,1.0,0.9675158698715319,2023-05-02
CF0863,BM,CommitmentDraw,Outflow,-295889.65,<2d,1.0,0.24505157003411482,2022-07-12
CF0864,JE,DerivativesCF,Inflow,70394.33,<2d,1.0,0.31873013146231566,2021-08-24
CF0865,KY,DerivativesCF,Inflow,123764.35,8-30d,1.0,0.7936007345887768,2022-01-12
CF0866,JE,DerivativesCF,Outflow,-76981.73,91-180d,0.5,0.3632602215462769,2019-09-14
CF0867,KY,DerivativesCF,Inflow,140789.5,<2d,1.0,0.8432702289678258,2022-08-04
CF0868,BM,DerivativesCF,Outflow,-100487.07,31-90d,0.5,0.15766839052180248,2023-02-20
CF0869,KY,CorporateDeposit,Outflow,-105057.47,91-180d,0.5,0.3748107472544626,2024-06-06
CF0870,GU,DerivativesCF,Inflow,51754.29,181-365d,0.25,0.1596397708313546,2021-02-13
CF0871,KY,LoanRepayment,Outflow,-106198.73,91-180d,0.5,0.12232902057591655,2020-12-16
CF0872,KY,CommitmentDraw,Inflow,24923.87,181-365d,0.25,0.3749030791840283,2021-07-26
CF0873,BM,CommitmentDraw,Inflow,39665.73,8-30d,1.0,0.21198654534371542,2020-08-14
CF0874,BM,SecurityMaturity,Inflow,203862.98,181-365d,0.25,0.4556048887076063,2020-04-09
CF0875,BM,SecurityMaturity,Inflow,286810.15,8-30d,1.0,0.9031375576865284,2023-08-13
CF0876,BM,CommitmentDraw,Outflow,-21627.76,181-365d,0.25,0.5872930131771555,2022-05-20
CF0877,KY,CorporateDeposit,Inflow,214263.65,181-365d,0.25,0.8923033097817329,2023-08-15
CF0878,BM,DerivativesCF,Inflow,144626.53,31-90d,0.5,0.5862296023179184,2019-12-21
CF0879,KY,LoanRepayment,Inflow,122436.17,181-365d,0.25,0.8198899584924373,2021-07-31
CF0880,GU,RetailDeposit,Inflow,108381.27,31-90d,0.5,0.39735999253460885,2020-01-16
CF0881,KY,RetailDeposit,Outflow,-26049.93,91-180d,0.5,0.8887854858973657,2020-10-09
CF0882,BM,LoanRepayment,Inflow,349092.87,2-7d,1.0,0.7553824603317096,2019-07-13
CF0883,JE,RetailDeposit,Outflow,-230525.88,181-365d,0.25,0.3084257552125975,2023-01-31
CF0884,GU,DerivativesCF,Inflow,23325.08,31-90d,0.5,0.4572393246905666,2024-03-26
CF0885,JE,CorporateDeposit,Outflow,-266721.73,31-90d,0.5,0.07874970259285563,2021-03-29
CF0886,KY,LoanRepayment,Inflow,270395.97,<2d,1.0,0.5068410533051051,2021-07-05
CF0887,KY,SecurityMaturity,Outflow,-62993.89,8-30d,1.0,0.7293412688439083,2023-06-07
CF0888,BM,CorporateDeposit,Inflow,128893.03,91-180d,0.5,0.3339619175442139,2022-10-29
CF0889,GU,LoanRepayment,Inflow,145831.36,181-365d,0.25,0.3180577815758038,2024-06-04
CF0890,KY,CommitmentDraw,Outflow,-130079.52,181-365d,0.25,0.2893145744031048,2023-12-06
CF0891,KY,DerivativesCF,Outflow,-193120.27,91-180d,0.5,0.2673798148511386,2020-11-02
CF0892,KY,RetailDeposit,Inflow,754561.62,91-180d,0.5,0.47808707536267814,2023-10-27
CF0893,BM,CorporateDeposit,Outflow,-345164.92,<2d,1.0,0.5101838970134187,2020-04-02
CF0894,KY,CorporateDeposit,Outflow,-353238.36,31-90d,0.5,0.26964012434643014,2021-01-27
CF0895,JE,RetailDeposit,Inflow,273414.25,181-365d,0.25,0.6632464617416707,2020-05-17
CF0896,KY,CommitmentDraw,Outflow,-488870.34,31-90d,0.5,0.09167241766575174,2023-01-30
CF0897,JE,RetailDeposit,Inflow,354299.81,2-7d,1.0,0.08117015805291539,2020-12-01
CF0898,JE,SecurityMaturity,Inflow,499242.52,>1y,0.0,0.7856786092450919,2020-10-13
CF0899,BM,RetailDeposit,Outflow,-550124.65,31-90d,0.5,0.08647206845955879,2024-05-02
CF0900,KY,CorporateDeposit,Inflow,233700.34,31-90d,0.5,0.32382262417336205,2022-07-22
CF0901,KY,SecurityMaturity,Inflow,7658.08,2-7d,1.0,0.7544084312460213,2022-06-11
CF0902,JE,CommitmentDraw,Outflow,-145245.1,2-7d,1.0,0.4502492324855655,2024-05-10
CF0903,BM,CommitmentDraw,Outflow,-101319.76,91-180d,0.5,0.051677285172524456,2020-03-23
CF0904,BM,CommitmentDraw,Inflow,369346.6,>1y,0.0,0.9227923009217833,2024-06-20
CF0905,KY,RetailDeposit,Outflow,-234910.73,<2d,1.0,0.29671258993706295,2020-12-07
CF0906,KY,CorporateDeposit,Outflow,-101434.17,>1y,0.0,0.1754479447670707,2023-12-28
CF0907,BM,DerivativesCF,Outflow,-175332.0,8-30d,1.0,0.580642312404926,2024-03-27
CF0908,GU,SecurityMaturity,Outflow,-279062.42,<2d,1.0,0.35407829429425164,2022-11-04
CF0909,GU,SecurityMaturity,Outflow,-225398.61,<2d,1.0,0.45599557656312173,2019-08-02
CF0910,KY,LoanRepayment,Outflow,-314717.07,31-90d,0.5,0.3641702707346517,2023-04-26
CF0911,KY,RetailDeposit,Inflow,339839.03,<2d,1.0,0.9439496350290278,2019-12-30
CF0912,BM,CommitmentDraw,Outflow,-168654.42,8-30d,1.0,0.6049671362113613,2023-03-07
CF0913,BM,CorporateDeposit,Outflow,-379114.53,<2d,1.0,0.5343531451716145,2023-04-23
CF0914,GU,LoanRepayment,Outflow,-51102.83,2-7d,1.0,0.171599242431682,2022-05-10
CF0915,KY,LoanRepayment,Outflow,-9359.28,>1y,0.0,0.38131161046271533,2021-11-02
CF0916,BM,RetailDeposit,Inflow,213320.7,<2d,1.0,0.08073336057642588,2020-01-24
CF0917,BM,SecurityMaturity,Inflow,20505.31,31-90d,0.5,0.8696130924361877,2020-11-20
CF0918,KY,SecurityMaturity,Outflow,-204944.91,2-7d,1.0,0.9160169593858755,2021-07-14
CF0919,GU,CorporateDeposit,Inflow,330163.65,91-180d,0.5,0.5988364530556007,2024-02-03
CF0920,BM,RetailDeposit,Inflow,267500.09,8-30d,1.0,0.9969398114242355,2024-04-11
CF0921,KY,DerivativesCF,Outflow,-92871.91,<2d,1.0,0.6579886458624292,2024-05-09
CF0922,KY,SecurityMaturity,Inflow,270713.11,91-180d,0.5,0.7981051571463179,2021-01-06
CF0923,JE,DerivativesCF,Outflow,-336276.84,>1y,0.0,0.3874647599404206,2020-06-17
CF0924,KY,CommitmentDraw,Inflow,100556.36,<2d,1.0,0.3569617746076361,2023-12-19
CF0925,BM,LoanRepayment,Inflow,371074.96,31-90d,0.5,0.5680726802339385,2020-03-12
CF0926,BM,CommitmentDraw,Outflow,-379437.91,31-90d,0.5,0.23352087741846927,2019-08-15
CF0927,KY,LoanRepayment,Outflow,-29970.88,181-365d,0.25,0.26105530012957767,2021-06-22
CF0928,BM,LoanRepayment,Inflow,201403.12,181-365d,0.25,0.3970388852667164,2021-12-22
CF0929,BM,CorporateDeposit,Outflow,-23546.91,91-180d,0.5,0.4418015003749869,2019-12-25
CF0930,BM,CommitmentDraw,Outflow,-55318.19,181-365d,0.25,0.9263412998705995,2021-11-29
CF0931,KY,CommitmentDraw,Outflow,-237317.09,>1y,0.0,0.6420702406544959,2021-03-12
CF0932,KY,LoanRepayment,Outflow,-167809.33,>1y,0.0,0.9672774215726653,2020-03-10
CF0933,JE,RetailDeposit,Outflow,-198656.47,31-90d,0.5,0.7944714172812225,2019-10-29
CF0934,GU,DerivativesCF,Inflow,375229.44,<2d,1.0,0.7832046081714609,2020-06-25
CF0935,KY,CommitmentDraw,Outflow,-345244.5,91-180d,0.5,0.9043912081232999,2023-04-12
CF0936,GU,SecurityMaturity,Outflow,-50141.8,181-365d,0.25,0.1899233108879721,2021-07-13
CF0937,KY,SecurityMaturity,Inflow,484969.95,8-30d,1.0,0.1017769918385315,2022-09-25
CF0938,BM,RetailDeposit,Outflow,-192881.94,2-7d,1.0,0.30676860711649623,2021-06-25
CF0939,BM,CorporateDeposit,Inflow,80499.83,<2d,1.0,0.40206660562368224,2023-05-31
CF0940,GU,RetailDeposit,Outflow,-232264.27,8-30d,1.0,0.8707545896045676,2023-01-07
CF0941,GU,CorporateDeposit,Inflow,121767.54,91-180d,0.5,0.06551953011832756,2024-05-08
CF0942,KY,RetailDeposit,Outflow,-312296.54,>1y,0.0,0.5003077077271908,2024-06-26
CF0943,BM,SecurityMaturity,Inflow,94633.61,<2d,1.0,0.9241722254394065,2022-07-16
CF0944,BM,LoanRepayment,Outflow,-172711.84,8-30d,1.0,0.5566932011165399,2023-05-13
CF0945,KY,DerivativesCF,Inflow,124197.4,>1y,0.0,0.5564078748670054,2022-01-23
CF0946,BM,CommitmentDraw,Outflow,-236657.06,>1y,0.0,0.5284607889323568,2023-12-30
CF0947,BM,CorporateDeposit,Inflow,163548.87,31-90d,0.5,0.8839902201824077,2022-08-01
CF0948,BM,CorporateDeposit,Inflow,67663.93,<2d,1.0,0.3895246651378118,2019-11-25
CF0949,BM,CorporateDeposit,Inflow,57424.3,181-365d,0.25,0.1823736218109051,2019-10-10
CF0950,BM,CorporateDeposit,Inflow,214908.77,>1y,0.0,0.46109254379906484,2023-12-30
CF0951,GU,CorporateDeposit,Outflow,-337772.37,31-90d,0.5,0.25896568354812144,2022-04-27
CF0952,KY,RetailDeposit,Inflow,261321.32,2-7d,1.0,0.003104433014106678,2021-06-12
CF0953,JE,CommitmentDraw,Inflow,144819.7,>1y,0.0,0.5837190990255882,2023-01-19
CF0954,JE,CommitmentDraw,Outflow,-293327.75,91-180d,0.5,0.8865666826984643,2020-12-02
CF0955,KY,CommitmentDraw,Outflow,-263843.17,<2d,1.0,0.6756455638261563,2021-08-10
CF0956,KY,CommitmentDraw,Outflow,-182964.69,181-365d,0.25,0.6787572997897434,2024-01-21
CF0957,BM,LoanRepayment,Outflow,-98381.4,<2d,1.0,0.12919521484424035,2021-09-06
CF0958,BM,CommitmentDraw,Inflow,111054.96,<2d,1.0,0.21421269195521797,2019-07-26
CF0959,BM,LoanRepayment,Outflow,-139675.24,2-7d,1.0,0.6981672098387471,2020-09-04
CF0960,GU,SecurityMaturity,Outflow,-289710.46,>1y,0.0,0.8771910372697074,2023-10-15
CF0961,BM,SecurityMaturity,Inflow,123724.19,<2d,1.0,0.055011087176623175,2023-11-24
CF0962,BM,RetailDeposit,Outflow,-360642.81,181-365d,0.25,0.7364453238985678,2024-06-29
CF0963,KY,RetailDeposit,Inflow,90203.79,91-180d,0.5,0.33832497563742736,2019-09-23
CF0964,GU,SecurityMaturity,Outflow,-286444.78,181-365d,0.25,0.4786139136745339,2022-02-03
CF0965,JE,CorporateDeposit,Outflow,-16033.58,2-7d,1.0,0.7079606908991606,2024-01-08
CF0966,BM,SecurityMaturity,Outflow,-247303.3,8-30d,1.0,0.21790172402705277,2021-10-13
CF0967,GU,SecurityMaturity,Inflow,118461.34,2-7d,1.0,0.867763045757323,2023-11-09
CF0968,BM,RetailDeposit,Inflow,195921.75,<2d,1.0,0.2780773927205764,2022-04-14
CF0969,BM,CommitmentDraw,Outflow,-242933.23,91-180d,0.5,0.6847996659613682,2022-01-25
CF0970,KY,CommitmentDraw,Inflow,305555.92,8-30d,1.0,0.6579433020983739,2019-11-02
CF0971,BM,SecurityMaturity,Inflow,101469.5,8-30d,1.0,0.20417232249655237,2019-07-12
CF0972,BM,DerivativesCF,Outflow,-169780.74,2-7d,1.0,0.5229622614932623,2019-10-15
CF0973,KY,DerivativesCF,Outflow,-217424.54,8-30d,1.0,0.1177947987795922,2022-08-13
CF0974,KY,LoanRepayment,Inflow,44832.59,2-7d,1.0,0.8522473269668207,2023-06-16
CF0975,BM,SecurityMaturity,Outflow,-28161.11,8-30d,1.0,0.11962960780258558,2022-01-03
CF0976,KY,DerivativesCF,Outflow,-133381.64,31-90d,0.5,0.1329023348499463,2020-11-28
CF0977,KY,SecurityMaturity,Inflow,61894.13,181-365d,0.25,0.2608791209276221,2019-12-13
CF0978,BM,DerivativesCF,Inflow,157481.37,>1y,0.0,0.13129343066891452,2022-05-27
CF0979,BM,SecurityMaturity,Outflow,-128767.87,<2d,1.0,0.2747669536346614,2024-04-22
CF0980,KY,CommitmentDraw,Inflow,6549.43,2-7d,1.0,0.7076457369536613,2020-11-06
CF0981,KY,CommitmentDraw,Outflow,-363423.0,2-7d,1.0,0.06708469103206727,2019-11-07
CF0982,BM,CommitmentDraw,Inflow,242209.16,<2d,1.0,0.48076473122769037,2020-06-08
CF0983,GU,LoanRepayment,Inflow,105660.45,<2d,1.0,0.05656526480732049,2020-07-02
CF0984,JE,CommitmentDraw,Outflow,-454783.68,181-365d,0.25,0.841016475797713,2022-01-12
CF0985,KY,RetailDeposit,Outflow,-140402.86,>1y,0.0,0.4708756325421368,2022-07-12
CF0986,JE,RetailDeposit,Inflow,46363.5,181-365d,0.25,0.04005302138882505,2021-01-06
CF0987,JE,CommitmentDraw,Inflow,49246.43,91-180d,0.5,0.2575162516358377,2020-10-03
CF0988,KY,CorporateDeposit,Inflow,431045.9,181-365d,0.25,0.9277444676531575,2023-03-31
CF0989,KY,SecurityMaturity,Outflow,-76468.2,<2d,1.0,0.9790688147633707,2021-09-28
CF0990,BM,DerivativesCF,Outflow,-149951.48,2-7d,1.0,0.40571768818832754,2022-02-24
CF0991,KY,LoanRepayment,Outflow,-165081.92,<2d,1.0,0.9979575658458882,2020-12-01
CF0992,KY,CommitmentDraw,Outflow,-84491.98,181-365d,0.25,0.10002989903365045,2022-07-26
CF0993,KY,CorporateDeposit,Outflow,-23885.05,181-365d,0.25,0.2689724999329016,2023-03-17
CF0994,GU,LoanRepayment,Inflow,62601.73,>1y,0.0,0.08055607066992343,2023-12-26
CF0995,BM,CommitmentDraw,Inflow,61725.63,31-90d,0.5,0.7553496065638095,2019-12-03
CF0996,KY,RetailDeposit,Inflow,439675.39,91-180d,0.5,0.6354992509745753,2022-01-23
CF0997,KY,DerivativesCF,Outflow,-96808.9,2-7d,1.0,0.5445819468887391,2024-01-04
CF0998,KY,CommitmentDraw,Inflow,297456.85,8-30d,1.0,0.37655168947966566,2022-03-17
CF0999,BM,CorporateDeposit,Outflow,-49228.38,31-90d,0.5,0.7395172201495417,2024-05-07
CF1000,KY,LoanRepayment,Outflow,-53783.79,91-180d,0.5,0.4834466191491936,2024-01-11
CF1001,KY,LoanRepayment,Inflow,130153.93,181-365d,0.25,0.9794201563296702,2023-05-18
CF1002,GU,CorporateDeposit,Inflow,33858.8,8-30d,1.0,0.465351840682665,2022-03-19
CF1003,BM,DerivativesCF,Outflow,-251489.98,2-7d,1.0,0.07825135833992425,2024-02-26
CF1004,JE,DerivativesCF,Outflow,-487732.91,181-365d,0.25,0.7543527161961767,2021-09-13
CF1005,KY,CorporateDeposit,Outflow,-55678.12,31-90d,0.5,0.44981407284392705,2022-11-26
CF1006,BM,CommitmentDraw,Outflow,-133428.96,31-90d,0.5,0.4107559397620626,2023-01-14
CF1007,KY,SecurityMaturity,Inflow,158295.06,<2d,1.0,0.013708300262377682,2022-04-29
CF1008,BM,DerivativesCF,Inflow,117581.49,2-7d,1.0,0.9341101663358016,2021-09-29
CF1009,BM,RetailDeposit,Outflow,-192586.05,181-365d,0.25,0.6134323873859203,2021-01-13
CF1010,BM,LoanRepayment,Outflow,-152064.38,31-90d,0.5,0.41672074610413234,2023-10-07
CF1011,KY,CorporateDeposit,Outflow,-214288.62,91-180d,0.5,0.4949292317954537,2022-04-22
CF1012,BM,LoanRepayment,Outflow,-455584.09,91-180d,0.5,0.6887495815835353,2021-07-26
CF1013,BM,CommitmentDraw,Outflow,-5473.1,31-90d,0.5,0.1925838457692841,2020-12-01
CF1014,KY,LoanRepayment,Inflow,987.23,2-7d,1.0,0.3045143883330288,2023-11-30
CF1015,KY,DerivativesCF,Outflow,-55821.06,31-90d,0.5,0.6980160634419494,2020-07-08
CF1016,BM,LoanRepayment,Inflow,305978.05,91-180d,0.5,0.8686447525119522,2022-07-18
CF1017,KY,CorporateDeposit,Inflow,223230.98,8-30d,1.0,0.7790958370835965,2022-05-19
CF1018,KY,CorporateDeposit,Outflow,-84037.01,2-7d,1.0,0.8946188780999272,2023-03-31
CF1019,GU,CorporateDeposit,Outflow,-132205.48,<2d,1.0,0.7023808567727344,2022-08-09
CF1020,BM,CommitmentDraw,Outflow,-196755.68,91-180d,0.5,0.946946231670571,2020-03-10
CF1021,KY,SecurityMaturity,Outflow,-62992.23,>1y,0.0,0.21271153216318484,2022-04-17
CF1022,BM,RetailDeposit,Outflow,-334934.82,31-90d,0.5,0.9755566989007738,2023-01-23
CF1023,BM,SecurityMaturity,Outflow,-117060.2,>1y,0.0,0.9440570080392249,2019-08-21
CF1024,BM,SecurityMaturity,Outflow,-109182.95,181-365d,0.25,0.5924265797388644,2022-02-10
CF1025,KY,CorporateDeposit,Inflow,101228.85,8-30d,1.0,0.6444542309061168,2022-10-18
CF1026,GU,SecurityMaturity,Outflow,-218224.67,31-90d,0.5,0.13723982344717778,2021-08-09
CF1027,BM,RetailDeposit,Outflow,-221728.07,>1y,0.0,0.28076731546890443,2022-03-09
CF1028,BM,SecurityMaturity,Inflow,34888.97,91-180d,0.5,0.24409375546862278,2022-06-02
CF1029,KY,CorporateDeposit,Inflow,250435.21,<2d,1.0,0.35162114050117566,2022-06-01
CF1030,KY,CommitmentDraw,Outflow,-295946.67,181-365d,0.25,0.24385810987724588,2021-05-24
CF1031,BM,CommitmentDraw,Outflow,-477765.8,8-30d,1.0,0.1930137818427512,2021-12-13
CF1032,KY,LoanRepayment,Outflow,-61143.49,<2d,1.0,0.25310118652149394,2024-06-16
CF1033,BM,SecurityMaturity,Inflow,128233.65,181-365d,0.25,0.2807113159327175,2023-01-15
CF1034,BM,DerivativesCF,Outflow,-401750.81,181-365d,0.25,0.9665987914639298,2024-04-02
CF1035,KY,LoanRepayment,Inflow,380255.17,31-90d,0.5,0.34581889678899524,2021-07-01
CF1036,KY,RetailDeposit,Outflow,-99167.63,31-90d,0.5,0.4911096948722127,2023-03-26
CF1037,KY,RetailDeposit,Inflow,51489.45,91-180d,0.5,0.30199219311215475,2023-06-30
CF1038,KY,SecurityMaturity,Outflow,-148648.61,31-90d,0.5,0.3058204578004685,2021-06-29
CF1039,BM,LoanRepayment,Outflow,-396926.19,>1y,0.0,0.2356433264850708,2021-02-04
CF1040,KY,CommitmentDraw,Inflow,16088.63,8-30d,1.0,0.48789647030918637,2019-08-07
CF1041,BM,LoanRepayment,Outflow,-54792.98,>1y,0.0,0.29026052251726486,2022-06-19
CF1042,BM,DerivativesCF,Inflow,11036.91,2-7d,1.0,0.44112256808150563,2021-06-27
CF1043,BM,RetailDeposit,Inflow,127516.2,<2d,1.0,0.2600371850719998,2020-10-11
CF1044,GU,CorporateDeposit,Outflow,-377658.0,2-7d,1.0,0.7568789063052738,2022-10-06
CF1045,KY,CommitmentDraw,Inflow,350373.26,<2d,1.0,0.6132332010717964,2019-11-05
CF1046,BM,RetailDeposit,Outflow,-11982.5,8-30d,1.0,0.6278747121268052,2019-12-21
CF1047,BM,CommitmentDraw,Outflow,-163294.54,8-30d,1.0,0.5550127774959888,2020-03-15
CF1048,KY,RetailDeposit,Inflow,19174.39,91-180d,0.5,0.25374442324559676,2020-10-30
CF1049,BM,SecurityMaturity,Inflow,52702.42,<2d,1.0,0.020865335592059386,2019-08-26
CF1050,KY,CommitmentDraw,Inflow,129539.8,2-7d,1.0,0.9848814420731073,2020-09-06
CF1051,KY,DerivativesCF,Outflow,-141043.74,<2d,1.0,0.8856069788915517,2021-08-28
CF1052,KY,LoanRepayment,Outflow,-109371.24,>1y,0.0,0.5011268860064508,2021-08-01
CF1053,BM,CommitmentDraw,Outflow,-7459.55,8-30d,1.0,0.7900642566918927,2024-06-14
CF1054,BM,SecurityMaturity,Outflow,-165090.51,181-365d,0.25,0.7161994402489403,2021-11-01
CF1055,BM,SecurityMaturity,Outflow,-74153.37,<2d,1.0,0.572982180423373,2021-10-01
CF1056,BM,LoanRepayment,Outflow,-389224.37,181-365d,0.25,0.596993589514344,2022-05-04
CF1057,KY,LoanRepayment,Outflow,-167214.48,181-365d,0.25,0.7839456399796703,2023-05-29
CF1058,GU,RetailDeposit,Outflow,-367888.3,>1y,0.0,0.6446624534557582,2019-10-29
CF1059,BM,SecurityMaturity,Inflow,183258.33,91-180d,0.5,0.7176349783559303,2022-12-01
CF1060,KY,LoanRepayment,Inflow,185506.82,8-30d,1.0,0.19131031001198895,2024-06-02
CF1061,BM,CorporateDeposit,Outflow,-11833.77,91-180d,0.5,0.5613437967927315,2024-05-03
CF1062,GU,DerivativesCF,Outflow,-94326.47,>1y,0.0,0.7987615657115666,2021-02-28
CF1063,BM,DerivativesCF,Inflow,335843.06,181-365d,0.25,0.6252634825703335,2020-12-08
CF1064,GU,LoanRepayment,Outflow,-133733.62,<2d,1.0,0.7090917812474652,2019-11-09
CF1065,KY,SecurityMaturity,Outflow,-302054.51,<2d,1.0,0.5057333740997003,2022-09-02
CF1066,KY,RetailDeposit,Inflow,27556.52,91-180d,0.5,0.2681839855983613,2023-08-19
CF1067,KY,SecurityMaturity,Outflow,-25638.2,181-365d,0.25,0.10010377830457162,2022-02-20
CF1068,BM,SecurityMaturity,Outflow,-75349.0,8-30d,1.0,0.7838036165942031,2020-11-28
CF1069,KY,CorporateDeposit,Outflow,-365534.6,8-30d,1.0,0.5477718732276158,2021-07-22
CF1070,JE,CorporateDeposit,Inflow,181770.94,<2d,1.0,0.5407777960869721,2021-05-31
CF1071,BM,CorporateDeposit,Outflow,-317883.25,31-90d,0.5,0.5925891644012226,2022-03-06
CF1072,JE,DerivativesCF,Outflow,-283890.3,<2d,1.0,0.08436893593458006,2024-06-14
CF1073,KY,RetailDeposit,Outflow,-207057.85,8-30d,1.0,0.2813950322496236,2020-09-29
CF1074,BM,DerivativesCF,Outflow,-185740.53,>1y,0.0,0.7283319179566062,2020-03-10
CF1075,KY,RetailDeposit,Inflow,255078.01,91-180d,0.5,0.8345183888726816,2020-07-30
CF1076,BM,LoanRepayment,Outflow,-4358.47,2-7d,1.0,0.203082130316932,2023-05-28
CF1077,KY,DerivativesCF,Outflow,-38220.19,31-90d,0.5,0.9341932519312187,2022-04-09
CF1078,KY,SecurityMaturity,Outflow,-103089.75,>1y,0.0,0.1009228742011119,2020-12-19
CF1079,GU,CommitmentDraw,Outflow,-5952.59,2-7d,1.0,0.25950348991962,2019-10-01
CF1080,BM,CorporateDeposit,Inflow,187274.12,181-365d,0.25,0.7464647393338176,2024-06-10
CF1081,BM,DerivativesCF,Inflow,145972.34,31-90d,0.5,0.8103342685513691,2024-02-23
CF1082,KY,CommitmentDraw,Inflow,218799.78,>1y,0.0,0.8784191646831149,2023-07-18
CF1083,BM,CommitmentDraw,Inflow,9331.79,2-7d,1.0,0.6186344952941406,2021-03-10
CF1084,BM,CommitmentDraw,Inflow,321775.73,31-90d,0.5,0.18159878020625286,2022-04-21
CF1085,BM,LoanRepayment,Outflow,-267929.08,2-7d,1.0,0.44748059011264585,2024-02-10
CF1086,GU,CommitmentDraw,Outflow,-122617.13,8-30d,1.0,0.7553585743653058,2024-02-13
CF1087,JE,RetailDeposit,Outflow,-283078.25,91-180d,0.5,0.6410886134547249,2021-12-31
CF1088,GU,CommitmentDraw,Outflow,-236987.29,<2d,1.0,0.060372971063816894,2023-10-15
CF1089,KY,DerivativesCF,Inflow,289264.63,31-90d,0.5,0.6241728879284176,2020-10-11
CF1090,GU,CommitmentDraw,Inflow,97157.54,2-7d,1.0,0.6597259829922207,2021-03-01
CF1091,GU,CorporateDeposit,Inflow,1332.25,8-30d,1.0,0.6965619790654592,2020-10-13
CF1092,BM,LoanRepayment,Inflow,22276.36,91-180d,0.5,0.28189480264799516,2021-06-25
CF1093,GU,LoanRepayment,Outflow,-128144.41,>1y,0.0,0.4124948981873243,2021-03-23
CF1094,KY,SecurityMaturity,Outflow,-142383.93,2-7d,1.0,0.8470025376169659,2023-05-17
CF1095,KY,CommitmentDraw,Inflow,235960.66,91-180d,0.5,0.6239714244623898,2019-11-25
CF1096,KY,CommitmentDraw,Outflow,-212600.66,91-180d,0.5,0.917416892667747,2022-12-27
CF1097,BM,DerivativesCF,Inflow,158472.7,91-180d,0.5,0.11241022339730244,2024-01-01
CF1098,KY,CommitmentDraw,Outflow,-105098.65,<2d,1.0,0.39326510252159463,2023-03-18
CF1099,BM,DerivativesCF,Inflow,264436.42,2-7d,1.0,0.6592132478246218,2021-09-02
CF1100,KY,CorporateDeposit,Outflow,-284421.53,8-30d,1.0,0.519385729100252,2021-08-10
CF1101,BM,SecurityMaturity,Inflow,77653.74,181-365d,0.25,0.5290666039521091,2020-10-28
CF1102,KY,DerivativesCF,Inflow,128810.16,2-7d,1.0,0.8309559081723226,2023-12-14
CF1103,BM,DerivativesCF,Inflow,33750.18,31-90d,0.5,0.6850579790777921,2024-05-07
CF1104,BM,DerivativesCF,Inflow,25598.57,8-30d,1.0,0.606340565574432,2021-10-05
CF1105,BM,CommitmentDraw,Inflow,34673.89,8-30d,1.0,0.00820290285258185,2020-12-05
CF1106,KY,RetailDeposit,Outflow,-34687.11,2-7d,1.0,0.34893011693682396,2022-12-22
CF1107,KY,CommitmentDraw,Outflow,-136193.11,181-365d,0.25,0.759467721041985,2020-03-31
CF1108,JE,CommitmentDraw,Inflow,440853.87,<2d,1.0,0.5191005681619661,2019-09-08
CF1109,JE,LoanRepayment,Outflow,-262694.53,>1y,0.0,0.07084682323708014,2024-02-19
CF1110,KY,LoanRepayment,Inflow,544982.37,31-90d,0.5,0.7124485307301996,2020-12-24
CF1111,BM,RetailDeposit,Inflow,64072.79,181-365d,0.25,0.49611479214763543,2023-06-13
CF1112,KY,DerivativesCF,Outflow,-7417.62,31-90d,0.5,0.5627224419331496,2021-01-18
CF1113,KY,RetailDeposit,Inflow,118760.3,181-365d,0.25,0.8475880391694016,2022-12-16
CF1114,GU,DerivativesCF,Inflow,420307.2,8-30d,1.0,0.8595788586715886,2024-01-17
CF1115,BM,DerivativesCF,Outflow,-182942.8,>1y,0.0,0.44713841671496846,2023-10-27
CF1116,KY,DerivativesCF,Outflow,-149755.09,31-90d,0.5,0.18155884538354683,2022-12-06
CF1117,GU,LoanRepayment,Inflow,100685.91,8-30d,1.0,0.33757219416882966,2021-06-29
CF1118,KY,DerivativesCF,Inflow,2144.84,181-365d,0.25,0.29381740368446707,2023-01-20
CF1119,GU,DerivativesCF,Inflow,164742.37,<2d,1.0,0.9240500722051402,2019-08-17
CF1120,KY,DerivativesCF,Inflow,366304.81,2-7d,1.0,0.5168187039028825,2020-02-15
CF1121,JE,LoanRepayment,Inflow,33310.87,91-180d,0.5,0.7706486106317407,2020-05-17
CF1122,GU,SecurityMaturity,Inflow,307558.56,91-180d,0.5,0.5999396845521171,2020-10-24
CF1123,JE,RetailDeposit,Inflow,292549.84,2-7d,1.0,0.6278130479010184,2021-05-16
CF1124,KY,LoanRepayment,Inflow,91685.85,181-365d,0.25,0.6876883585440732,2021-12-08
CF1125,BM,DerivativesCF,Inflow,223064.13,>1y,0.0,0.07187301200432061,2021-09-15
CF1126,GU,CommitmentDraw,Outflow,-62404.38,8-30d,1.0,0.023150062477357847,2020-10-09
CF1127,KY,CommitmentDraw,Inflow,105561.83,8-30d,1.0,0.7611662556827828,2023-09-04
CF1128,JE,CorporateDeposit,Inflow,282235.61,181-365d,0.25,0.983154854140185,2022-08-24
CF1129,JE,CommitmentDraw,Outflow,-187383.21,8-30d,1.0,0.24944581148352152,2020-03-28
CF1130,GU,SecurityMaturity,Outflow,-240112.98,8-30d,1.0,0.21160141101704666,2021-09-10
CF1131,KY,DerivativesCF,Inflow,136762.52,<2d,1.0,0.25737846706949696,2022-12-29
CF1132,GU,CommitmentDraw,Outflow,-308054.71,31-90d,0.5,0.3158130510329126,2024-06-03
CF1133,BM,CommitmentDraw,Outflow,-203660.14,<2d,1.0,0.5502496548297449,2020-11-01
CF1134,BM,CorporateDeposit,Inflow,70136.19,91-180d,0.5,0.901786705308844,2022-05-14
CF1135,BM,CommitmentDraw,Outflow,-203130.28,>1y,0.0,0.8177361755819934,2023-06-13
CF1136,KY,CommitmentDraw,Outflow,-148409.29,8-30d,1.0,0.8144349827506072,2022-11-24
CF1137,KY,RetailDeposit,Inflow,362376.03,>1y,0.0,0.3741313127007778,2024-06-21
CF1138,JE,LoanRepayment,Outflow,-68567.41,2-7d,1.0,0.6134914549511966,2023-11-06
CF1139,KY,SecurityMaturity,Outflow,-10341.29,91-180d,0.5,0.8820399309972577,2020-11-06
CF1140,JE,LoanRepayment,Outflow,-93204.55,31-90d,0.5,0.4632709411106931,2020-08-08
CF1141,GU,RetailDeposit,Outflow,-286279.06,8-30d,1.0,0.9618591994372063,2021-01-05
CF1142,GU,SecurityMaturity,Outflow,-20645.22,8-30d,1.0,0.43968812762033893,2020-08-19
CF1143,JE,LoanRepayment,Inflow,525796.51,31-90d,0.5,0.7022261135176885,2021-07-06
CF1144,KY,SecurityMaturity,Inflow,202873.41,31-90d,0.5,0.5237976317975294,2022-05-01
CF1145,JE,RetailDeposit,Inflow,225551.45,2-7d,1.0,0.999742220840254,2020-08-25
CF1146,BM,SecurityMaturity,Outflow,-65687.62,91-180d,0.5,0.9465707521851208,2023-10-04
CF1147,KY,RetailDeposit,Inflow,109598.72,181-365d,0.25,0.22969524516841733,2021-01-12
CF1148,GU,CommitmentDraw,Outflow,-25988.31,<2d,1.0,0.9526575813982301,2024-03-06
CF1149,KY,SecurityMaturity,Outflow,-52176.91,<2d,1.0,0.43564238186248094,2023-02-05
CF1150,KY,LoanRepayment,Inflow,1800.19,8-30d,1.0,0.3468510269622821,2020-12-23
CF1151,KY,DerivativesCF,Outflow,-176266.13,>1y,0.0,0.09679080135792628,2024-06-01
CF1152,BM,CorporateDeposit,Inflow,397011.59,>1y,0.0,0.044765498592787,2024-03-29
CF1153,BM,CorporateDeposit,Outflow,-204160.61,181-365d,0.25,0.6597957936313298,2024-05-30
CF1154,GU,DerivativesCF,Outflow,-169260.45,8-30d,1.0,0.8573078280129337,2021-10-28
CF1155,KY,CorporateDeposit,Inflow,80277.12,8-30d,1.0,0.30948673029289187,2020-02-21
CF1156,KY,DerivativesCF,Inflow,31750.85,>1y,0.0,0.1214456930569876,2020-02-26
CF1157,KY,DerivativesCF,Outflow,-33977.84,181-365d,0.25,0.17147122032240947,2019-09-27
CF1158,BM,SecurityMaturity,Outflow,-228707.03,31-90d,0.5,0.7823885875580258,2022-06-24
CF1159,BM,CorporateDeposit,Inflow,115593.5,181-365d,0.25,0.47646827672953385,2022-08-21
CF1160,BM,LoanRepayment,Inflow,438512.24,91-180d,0.5,0.9728668313137318,2022-05-06
CF1161,BM,CommitmentDraw,Outflow,-64690.07,91-180d,0.5,0.007722047096794915,2022-02-09
CF1162,BM,DerivativesCF,Outflow,-125703.93,>1y,0.0,0.8454488596500447,2021-10-28
CF1163,BM,SecurityMaturity,Outflow,-75941.46,91-180d,0.5,0.12063973856722288,2022-10-05
CF1164,JE,SecurityMaturity,Outflow,-60319.47,>1y,0.0,0.8655756360939127,2023-11-15
CF1165,BM,RetailDeposit,Outflow,-162775.55,2-7d,1.0,0.3960449568356127,2023-07-07
CF1166,BM,SecurityMaturity,Outflow,-18465.86,8-30d,1.0,0.745525840435957,2020-11-26
CF1167,BM,CorporateDeposit,Inflow,32322.84,8-30d,1.0,0.7022997302402657,2023-02-28
CF1168,KY,DerivativesCF,Inflow,548821.68,8-30d,1.0,0.4589186388194946,2022-07-16
CF1169,KY,CommitmentDraw,Outflow,-39973.26,2-7d,1.0,0.17922017908733112,2020-12-25
CF1170,BM,SecurityMaturity,Inflow,167225.55,91-180d,0.5,0.5532500720026947,2024-06-18
CF1171,GU,CommitmentDraw,Outflow,-278775.76,8-30d,1.0,0.6076316665228196,2020-07-30
CF1172,BM,LoanRepayment,Inflow,12203.18,8-30d,1.0,0.3660771500158353,2020-10-05
CF1173,BM,CorporateDeposit,Inflow,227135.0,181-365d,0.25,0.3967785021855612,2021-10-17
CF1174,KY,LoanRepayment,Outflow,-28920.75,<2d,1.0,0.44194069531657887,2020-11-10
CF1175,GU,DerivativesCF,Outflow,-78753.19,<2d,1.0,0.06682036045795714,2023-11-30
CF1176,BM,RetailDeposit,Inflow,179366.1,91-180d,0.5,0.999910919505379,2023-05-22
CF1177,KY,LoanRepayment,Inflow,293243.07,91-180d,0.5,0.40348320672984117,2020-10-28
CF1178,BM,DerivativesCF,Outflow,-17049.16,91-180d,0.5,0.5396353615255357,2022-12-06
CF1179,BM,DerivativesCF,Inflow,151753.35,2-7d,1.0,0.35994292469194356,2023-12-02
CF1180,BM,CommitmentDraw,Outflow,-144997.05,181-365d,0.25,0.8331380525987457,2023-08-25
CF1181,BM,CommitmentDraw,Outflow,-191130.65,8-30d,1.0,0.6647530358724892,2021-01-19
CF1182,GU,SecurityMaturity,Outflow,-284279.6,31-90d,0.5,0.31333487120231573,2020-06-19
CF1183,BM,RetailDeposit,Outflow,-107719.34,<2d,1.0,0.47061623448001355,2019-09-03
CF1184,KY,SecurityMaturity,Outflow,-48273.25,<2d,1.0,0.5260944811684362,2022-01-08
CF1185,GU,LoanRepayment,Inflow,86619.82,181-365d,0.25,0.5073716268409121,2019-11-29
CF1186,BM,LoanRepayment,Inflow,5714.02,2-7d,1.0,0.9378281791157105,2021-06-09
CF1187,JE,DerivativesCF,Inflow,101167.82,91-180d,0.5,0.965728214184345,2021-08-01
CF1188,KY,SecurityMaturity,Outflow,-226310.66,8-30d,1.0,0.838145953915184,2023-12-10
CF1189,BM,SecurityMaturity,Inflow,292461.95,8-30d,1.0,0.5582884278038477,2021-04-13
CF1190,BM,LoanRepayment,Inflow,496078.22,>1y,0.0,0.35236982923806004,2021-02-09
CF1191,JE,LoanRepayment,Inflow,189557.49,2-7d,1.0,0.16333315654699043,2020-02-24
CF1192,BM,DerivativesCF,Inflow,206543.65,31-90d,0.5,0.2734176887104667,2021-07-04
CF1193,BM,DerivativesCF,Outflow,-27665.48,91-180d,0.5,0.036657674838702525,2022-02-26
CF1194,BM,CommitmentDraw,Outflow,-136008.74,<2d,1.0,0.19261671695058658,2023-12-28
CF1195,JE,CommitmentDraw,Inflow,167249.49,181-365d,0.25,0.3001127700318411,2021-10-20
CF1196,KY,LoanRepayment,Outflow,-9229.56,>1y,0.0,0.5447899329174297,2020-06-02
CF1197,KY,RetailDeposit,Outflow,-1984.06,8-30d,1.0,0.8060682224225916,2021-06-21
CF1198,BM,DerivativesCF,Outflow,-198944.75,8-30d,1.0,0.4183258343468792,2022-03-05
CF1199,BM,CommitmentDraw,Inflow,131599.22,181-365d,0.25,0.4611955616597305,2024-02-14
CF1200,KY,DerivativesCF,Outflow,-166067.45,181-365d,0.25,0.9625172589195005,2020-05-15
CF1201,KY,RetailDeposit,Outflow,-450402.7,<2d,1.0,0.2373842921652457,2019-09-05
CF1202,BM,RetailDeposit,Inflow,78171.58,8-30d,1.0,0.9687407252657617,2023-09-30
CF1203,BM,LoanRepayment,Inflow,25400.41,31-90d,0.5,0.7124462224053488,2020-08-03
CF1204,KY,RetailDeposit,Inflow,195090.72,>1y,0.0,0.47808618545948744,2023-09-18
CF1205,JE,DerivativesCF,Inflow,134486.31,181-365d,0.25,0.725003925319841,2020-04-11
CF1206,JE,DerivativesCF,Outflow,-10838.3,8-30d,1.0,0.6636601298777594,2022-06-09
CF1207,KY,SecurityMaturity,Inflow,264078.56,91-180d,0.5,0.1819184025239362,2022-02-14
CF1208,BM,DerivativesCF,Inflow,161988.45,91-180d,0.5,0.7103106885455707,2019-08-13
CF1209,BM,CorporateDeposit,Outflow,-327645.48,>1y,0.0,0.8442829386112104,2022-03-02
CF1210,BM,RetailDeposit,Outflow,-22464.45,91-180d,0.5,0.2712148579815885,2021-09-19
CF1211,BM,CorporateDeposit,Outflow,-197812.11,91-180d,0.5,0.04224154323297136,2023-11-20
CF1212,KY,CommitmentDraw,Outflow,-178554.94,>1y,0.0,0.6721758435509027,2023-02-21
CF1213,KY,LoanRepayment,Outflow,-583997.43,8-30d,1.0,0.10631328739357215,2023-11-20
CF1214,KY,CommitmentDraw,Inflow,128571.62,2-7d,1.0,0.25129633383753147,2023-01-12
CF1215,KY,CorporateDeposit,Inflow,67204.58,8-30d,1.0,0.5987455729568476,2023-05-14
CF1216,GU,CommitmentDraw,Inflow,145366.43,2-7d,1.0,0.9875632447031046,2021-08-08
CF1217,JE,CorporateDeposit,Inflow,110710.45,<2d,1.0,0.3968843559595917,2022-11-17
CF1218,BM,SecurityMaturity,Inflow,361047.2,8-30d,1.0,0.38153359908505957,2024-01-24
CF1219,GU,CorporateDeposit,Outflow,-416123.31,<2d,1.0,0.6369232795938186,2019-12-14
CF1220,KY,CorporateDeposit,Inflow,232.93,181-365d,0.25,0.2617866386173213,2022-08-19
CF1221,JE,LoanRepayment,Inflow,280128.18,<2d,1.0,0.6241458001499928,2021-02-24
CF1222,KY,SecurityMaturity,Outflow,-474144.66,2-7d,1.0,0.3079256584737393,2023-05-16
CF1223,KY,RetailDeposit,Inflow,39001.59,2-7d,1.0,0.6959147598451725,2023-08-20
CF1224,BM,LoanRepayment,Inflow,160648.9,2-7d,1.0,0.36676151329995876,2020-12-10
CF1225,BM,CommitmentDraw,Inflow,505622.34,<2d,1.0,0.9218176035375503,2024-01-30
CF1226,JE,RetailDeposit,Outflow,-142844.39,<2d,1.0,0.017063116808821333,2020-02-13
CF1227,GU,SecurityMaturity,Inflow,38744.49,181-365d,0.25,0.16904727220118798,2023-03-13
CF1228,BM,CorporateDeposit,Inflow,82222.17,>1y,0.0,0.37317133566913696,2023-05-02
CF1229,KY,RetailDeposit,Inflow,20596.19,8-30d,1.0,0.23103771757515246,2023-06-25
CF1230,JE,CommitmentDraw,Outflow,-63607.44,181-365d,0.25,0.9070735316481348,2022-05-24
CF1231,BM,LoanRepayment,Outflow,-113592.31,2-7d,1.0,0.22574561993333586,2022-04-07
CF1232,BM,SecurityMaturity,Outflow,-443676.62,8-30d,1.0,0.8230664576739001,2020-12-01
CF1233,KY,DerivativesCF,Outflow,-19134.48,2-7d,1.0,0.7269299407312314,2020-10-10
CF1234,BM,CorporateDeposit,Inflow,202514.33,31-90d,0.5,0.49592041630947115,2022-08-23
CF1235,BM,CommitmentDraw,Outflow,-475260.04,2-7d,1.0,0.7599857856715158,2020-06-13
CF1236,BM,CommitmentDraw,Inflow,251767.73,<2d,1.0,0.8013709228125789,2020-06-02
CF1237,JE,RetailDeposit,Inflow,216023.12,2-7d,1.0,0.1039597178899393,2021-11-01
CF1238,KY,CommitmentDraw,Outflow,-124337.93,2-7d,1.0,0.8418122021792629,2022-05-12
CF1239,BM,LoanRepayment,Inflow,195130.67,91-180d,0.5,0.37736004161617176,2020-05-27
CF1240,GU,LoanRepayment,Inflow,81283.9,181-365d,0.25,0.3694491868066724,2021-06-29
CF1241,BM,RetailDeposit,Outflow,-458696.44,8-30d,1.0,0.44224709902707426,2020-12-11
CF1242,BM,CommitmentDraw,Inflow,31766.53,>1y,0.0,0.30308074873971236,2023-02-13
CF1243,BM,SecurityMaturity,Outflow,-118857.28,8-30d,1.0,0.9826984170526587,2023-08-21
CF1244,BM,LoanRepayment,Outflow,-168080.54,2-7d,1.0,0.09731347725112516,2020-06-08
CF1245,GU,CorporateDeposit,Inflow,434701.18,8-30d,1.0,0.38027671626115556,2024-03-29
CF1246,BM,RetailDeposit,Outflow,-84893.44,>1y,0.0,0.623421475956356,2023-11-06
CF1247,KY,RetailDeposit,Outflow,-60014.94,2-7d,1.0,0.2814716502970218,2023-01-02
CF1248,KY,DerivativesCF,Outflow,-128847.72,8-30d,1.0,0.34267713407498146,2023-09-28
CF1249,BM,CommitmentDraw,Inflow,309410.55,31-90d,0.5,0.6126682944016988,2023-07-28
CF1250,BM,DerivativesCF,Inflow,107862.68,2-7d,1.0,0.783810268430139,2021-09-27
CF1251,KY,SecurityMaturity,Inflow,133856.92,<2d,1.0,0.054210627133349676,2021-05-06
CF1252,JE,CommitmentDraw,Outflow,-276486.13,>1y,0.0,0.9918259740082769,2023-03-27
CF1253,BM,LoanRepayment,Inflow,105162.75,2-7d,1.0,0.19832483137794987,2022-03-31
CF1254,KY,DerivativesCF,Inflow,301543.48,2-7d,1.0,0.846231576516764,2021-05-21
CF1255,KY,CorporateDeposit,Outflow,-323892.86,<2d,1.0,0.9510766851439786,2021-05-18
CF1256,GU,DerivativesCF,Outflow,-39636.37,8-30d,1.0,0.5196169016416299,2021-05-03
CF1257,KY,DerivativesCF,Outflow,-616312.31,>1y,0.0,0.7824481442710687,2020-01-25
CF1258,KY,RetailDeposit,Inflow,106011.37,31-90d,0.5,0.467678765346654,2024-04-02
CF1259,BM,LoanRepayment,Outflow,-133562.08,>1y,0.0,0.6759832842946033,2021-10-04
CF1260,JE,CorporateDeposit,Inflow,188005.78,181-365d,0.25,0.9128691156685631,2021-07-22
CF1261,KY,CommitmentDraw,Outflow,-15360.31,<2d,1.0,0.9857893871973452,2023-10-17
CF1262,KY,RetailDeposit,Outflow,-24103.25,31-90d,0.5,0.23067832796289345,2021-04-04
CF1263,BM,LoanRepayment,Inflow,78643.26,181-365d,0.25,0.004952334733958841,2023-02-01
CF1264,GU,LoanRepayment,Inflow,252707.12,31-90d,0.5,0.2709247132104279,2024-05-08
CF1265,KY,LoanRepayment,Inflow,70757.06,<2d,1.0,0.40507410383949916,2024-05-30
CF1266,BM,SecurityMaturity,Outflow,-99474.57,8-30d,1.0,0.23933623519802016,2022-07-21
CF1267,BM,DerivativesCF,Inflow,346465.3,>1y,0.0,0.6406935100204803,2020-03-16
CF1268,KY,CommitmentDraw,Outflow,-202446.81,91-180d,0.5,0.02290307201710684,2024-04-12
CF1269,BM,DerivativesCF,Outflow,-159327.3,181-365d,0.25,0.35258242133816753,2022-04-10
CF1270,KY,CommitmentDraw,Inflow,60786.78,>1y,0.0,0.0715591726404784,2020-07-04
CF1271,BM,CorporateDeposit,Inflow,62033.42,181-365d,0.25,0.8412612023854454,2023-07-20
CF1272,BM,LoanRepayment,Inflow,21334.59,8-30d,1.0,0.3892637852329971,2023-02-25
CF1273,BM,CorporateDeposit,Outflow,-278248.78,<2d,1.0,0.4021805380073631,2020-08-17
CF1274,KY,RetailDeposit,Outflow,-4022.65,<2d,1.0,0.10635140831496215,2019-11-12
CF1275,GU,SecurityMaturity,Outflow,-57417.35,31-90d,0.5,0.836683554998564,2019-10-19
CF1276,BM,CorporateDeposit,Inflow,46042.26,>1y,0.0,0.8935122223865304,2022-05-11
CF1277,BM,DerivativesCF,Inflow,321520.3,>1y,0.0,0.33776246767431006,2024-01-22
CF1278,KY,RetailDeposit,Inflow,32097.05,>1y,0.0,0.6512732356544233,2019-10-05
CF1279,JE,CorporateDeposit,Outflow,-93045.84,8-30d,1.0,0.4624482797280167,2019-10-29
CF1280,JE,CorporateDeposit,Outflow,-68006.85,<2d,1.0,0.7295769509273212,2021-06-05
CF1281,BM,CorporateDeposit,Outflow,-58987.14,31-90d,0.5,0.17307438513817275,2023-04-15
CF1282,KY,CommitmentDraw,Inflow,26083.28,2-7d,1.0,0.36996472003829717,2019-09-12
CF1283,BM,RetailDeposit,Inflow,127210.88,>1y,0.0,0.47380435122670905,2020-06-26
CF1284,BM,LoanRepayment,Outflow,-80568.3,>1y,0.0,0.10849957486028516,2022-08-25
CF1285,BM,LoanRepayment,Inflow,201598.18,8-30d,1.0,0.4033713352250631,2020-05-11
CF1286,BM,LoanRepayment,Inflow,114694.51,91-180d,0.5,0.03476547934636787,2023-02-25
CF1287,BM,CommitmentDraw,Inflow,111512.35,<2d,1.0,0.8415365817607496,2023-10-05
CF1288,KY,RetailDeposit,Outflow,-52806.11,>1y,0.0,0.6185041496619115,2024-05-06
CF1289,BM,SecurityMaturity,Outflow,-172945.72,<2d,1.0,0.46999293027215383,2021-07-18
CF1290,BM,CommitmentDraw,Outflow,-9059.42,91-180d,0.5,0.7700483968787548,2020-09-23
CF1291,BM,CorporateDeposit,Outflow,-151496.01,2-7d,1.0,0.8596172485184406,2022-08-19
CF1292,KY,SecurityMaturity,Inflow,186050.43,<2d,1.0,0.826633271205788,2021-04-26
CF1293,KY,CorporateDeposit,Inflow,14613.1,<2d,1.0,0.7393094070655143,2022-08-13
CF1294,KY,DerivativesCF,Outflow,-212109.43,2-7d,1.0,0.14711078074027917,2022-09-09
CF1295,BM,SecurityMaturity,Outflow,-130402.05,31-90d,0.5,0.9019679941934547,2022-03-12
CF1296,KY,CommitmentDraw,Inflow,137329.49,2-7d,1.0,0.7115075116208971,2020-08-04
CF1297,BM,CommitmentDraw,Outflow,-83904.86,91-180d,0.5,0.4957427874862069,2021-10-05
CF1298,BM,RetailDeposit,Outflow,-50149.82,>1y,0.0,0.8227427193274016,2020-03-11
CF1299,KY,DerivativesCF,Inflow,10309.96,91-180d,0.5,0.44763580537912595,2019-08-18
CF1300,KY,LoanRepayment,Inflow,238430.34,31-90d,0.5,0.22190095010328403,2023-04-16
CF1301,BM,LoanRepayment,Inflow,156715.84,31-90d,0.5,0.22468897983517744,2024-06-23
CF1302,BM,CommitmentDraw,Outflow,-124710.42,91-180d,0.5,0.368626753431179,2021-11-21
CF1303,KY,SecurityMaturity,Inflow,46327.39,<2d,1.0,0.30982487290039085,2023-02-13
CF1304,BM,CorporateDeposit,Inflow,87905.45,2-7d,1.0,0.9109335919002461,2021-10-11
CF1305,JE,CommitmentDraw,Inflow,269802.8,2-7d,1.0,0.9277357950202905,2022-08-16
CF1306,KY,CommitmentDraw,Inflow,325772.38,31-90d,0.5,0.7073538922156035,2023-07-31
CF1307,BM,CommitmentDraw,Outflow,-293832.74,31-90d,0.5,0.3443624952751978,2020-02-14
CF1308,KY,DerivativesCF,Inflow,109654.14,2-7d,1.0,0.7631583500277465,2023-09-06
CF1309,BM,DerivativesCF,Outflow,-47470.75,8-30d,1.0,0.04137951684711161,2020-09-30
CF1310,KY,CommitmentDraw,Outflow,-13562.43,91-180d,0.5,0.6828930981931153,2021-12-21
CF1311,KY,DerivativesCF,Inflow,237895.49,>1y,0.0,0.7120635013575182,2020-06-04
CF1312,BM,LoanRepayment,Outflow,-88787.15,181-365d,0.25,0.0941024593487072,2023-05-30
CF1313,BM,LoanRepayment,Outflow,-332544.58,91-180d,0.5,0.5268804679010034,2022-01-27
CF1314,KY,CorporateDeposit,Inflow,174536.21,2-7d,1.0,0.015381993906416591,2023-06-15
CF1315,JE,CorporateDeposit,Outflow,-417493.28,2-7d,1.0,0.8077779061692351,2023-05-24
CF1316,KY,RetailDeposit,Outflow,-368206.49,91-180d,0.5,0.9924405596591241,2023-05-24
CF1317,JE,LoanRepayment,Outflow,-283625.81,91-180d,0.5,0.8163907376407481,2023-07-05
CF1318,BM,LoanRepayment,Outflow,-114835.68,181-365d,0.25,0.1952796850648918,2021-02-15
CF1319,BM,SecurityMaturity,Outflow,-287821.9,<2d,1.0,0.6549099944726318,2020-09-04
CF1320,GU,CommitmentDraw,Inflow,94492.53,<2d,1.0,0.37795100663957626,2022-11-12
CF1321,GU,CommitmentDraw,Inflow,76455.55,>1y,0.0,0.06123319910288816,2020-08-23
CF1322,JE,LoanRepayment,Outflow,-207761.18,<2d,1.0,0.813419444030117,2024-01-30
CF1323,BM,CorporateDeposit,Outflow,-75931.5,2-7d,1.0,0.8041473531224574,2023-06-17
CF1324,JE,LoanRepayment,Outflow,-272353.1,91-180d,0.5,0.0499513119879994,2019-12-14
CF1325,BM,CommitmentDraw,Inflow,65923.94,8-30d,1.0,0.6072636232707683,2024-05-08
CF1326,KY,CommitmentDraw,Outflow,-72256.55,91-180d,0.5,0.9842585913289732,2021-04-26
CF1327,KY,CorporateDeposit,Inflow,164194.81,2-7d,1.0,0.26957263476691085,2019-08-06
CF1328,KY,RetailDeposit,Outflow,-17811.55,181-365d,0.25,0.40605941655507294,2022-12-06
CF1329,JE,CommitmentDraw,Inflow,23453.87,31-90d,0.5,0.9207265144272497,2021-01-21
CF1330,BM,CommitmentDraw,Outflow,-26495.83,181-365d,0.25,0.20354063528133326,2021-12-03
CF1331,BM,CorporateDeposit,Outflow,-161842.57,8-30d,1.0,0.7400667500316132,2019-09-06
CF1332,KY,CommitmentDraw,Inflow,250777.84,8-30d,1.0,0.07638968621227393,2019-07-15
CF1333,BM,CommitmentDraw,Outflow,-186884.56,>1y,0.0,0.907277242623298,2021-07-27
CF1334,KY,DerivativesCF,Inflow,126916.82,31-90d,0.5,0.053064846447670844,2022-06-14
CF1335,KY,CommitmentDraw,Inflow,44305.42,>1y,0.0,0.8475899804127321,2019-12-23
CF1336,BM,CorporateDeposit,Inflow,291620.08,91-180d,0.5,0.8149090928715286,2020-03-22
CF1337,KY,CommitmentDraw,Outflow,-105655.27,<2d,1.0,0.7828784462047048,2022-12-30
CF1338,KY,LoanRepayment,Outflow,-82661.15,8-30d,1.0,0.11645802509497272,2021-04-19
CF1339,BM,CommitmentDraw,Inflow,4015.02,8-30d,1.0,0.4791521722084642,2023-06-17
CF1340,GU,SecurityMaturity,Inflow,459832.15,8-30d,1.0,0.5337368305102066,2023-10-10
CF1341,BM,CommitmentDraw,Inflow,224196.31,2-7d,1.0,0.08973821628935974,2020-09-05
CF1342,BM,SecurityMaturity,Inflow,576380.2,2-7d,1.0,0.33503050420955616,2024-06-21
CF1343,KY,RetailDeposit,Inflow,52825.79,91-180d,0.5,0.5529387239687286,2021-05-16
CF1344,KY,LoanRepayment,Outflow,-198411.66,31-90d,0.5,0.48227644940876413,2021-09-04
CF1345,BM,CommitmentDraw,Outflow,-70818.86,>1y,0.0,0.9910340763397638,2021-12-09
CF1346,KY,CommitmentDraw,Inflow,99820.0,8-30d,1.0,0.6525506033932564,2020-04-10
CF1347,BM,DerivativesCF,Inflow,1394.39,8-30d,1.0,0.14527616585744707,2023-12-13
CF1348,KY,CommitmentDraw,Inflow,109048.73,8-30d,1.0,0.686273973216466,2022-06-10
CF1349,BM,LoanRepayment,Inflow,152707.6,181-365d,0.25,0.4858914053044723,2024-04-07
CF1350,KY,SecurityMaturity,Outflow,-26464.42,91-180d,0.5,0.8632817480177184,2021-04-17
CF1351,KY,CorporateDeposit,Outflow,-42571.23,2-7d,1.0,0.7011968287940628,2021-12-05
CF1352,JE,CommitmentDraw,Inflow,537611.03,>1y,0.0,0.8855957475659049,2024-06-29
CF1353,BM,CorporateDeposit,Outflow,-101075.03,181-365d,0.25,0.5160421561093458,2020-09-12
CF1354,BM,CommitmentDraw,Outflow,-64179.51,181-365d,0.25,0.42562040196137507,2020-10-01
CF1355,BM,CommitmentDraw,Inflow,97711.57,181-365d,0.25,0.5456083171520578,2023-12-02
CF1356,BM,CommitmentDraw,Inflow,328693.89,>1y,0.0,0.6576983529293368,2024-02-24
CF1357,GU,LoanRepayment,Inflow,267314.54,>1y,0.0,0.1600621404744551,2020-05-09
CF1358,BM,LoanRepayment,Outflow,-206049.11,31-90d,0.5,0.4002585904056233,2024-02-05
CF1359,KY,SecurityMaturity,Outflow,-277490.42,2-7d,1.0,0.9293788721196344,2021-12-31
CF1360,JE,DerivativesCF,Outflow,-99684.84,31-90d,0.5,0.39115252962718927,2024-05-08
CF1361,KY,DerivativesCF,Inflow,292111.43,>1y,0.0,0.07165069775140565,2019-11-10
CF1362,JE,CommitmentDraw,Inflow,23004.01,8-30d,1.0,0.4500425938624627,2022-09-28
CF1363,BM,SecurityMaturity,Inflow,118518.66,91-180d,0.5,0.6277491319118532,2024-04-19
CF1364,BM,LoanRepayment,Outflow,-211590.55,2-7d,1.0,0.453810872393243,2023-07-17
CF1365,BM,LoanRepayment,Outflow,-377120.96,>1y,0.0,0.39953410085233876,2020-03-28
CF1366,JE,CorporateDeposit,Inflow,166860.72,2-7d,1.0,0.5793390906374867,2024-05-13
CF1367,BM,CommitmentDraw,Outflow,-85694.95,31-90d,0.5,0.9950245655920834,2020-05-22
CF1368,BM,SecurityMaturity,Outflow,-39584.91,2-7d,1.0,0.5143745039704486,2020-12-10
CF1369,BM,CorporateDeposit,Outflow,-326694.33,<2d,1.0,0.25440825763290875,2022-10-28
CF1370,BM,CommitmentDraw,Inflow,223555.54,>1y,0.0,0.2797956828228496,2019-10-13
CF1371,JE,CorporateDeposit,Inflow,517905.06,>1y,0.0,0.9947110415430322,2021-10-25
CF1372,BM,CommitmentDraw,Outflow,-49145.71,<2d,1.0,0.8857269803450709,2023-01-02
CF1373,GU,RetailDeposit,Outflow,-424690.73,2-7d,1.0,0.018921142922548095,2021-01-31
CF1374,BM,SecurityMaturity,Outflow,-123650.74,<2d,1.0,0.5256657497363683,2021-07-04
CF1375,KY,RetailDeposit,Outflow,-167462.8,2-7d,1.0,0.23536198235910377,2021-01-10
CF1376,BM,CommitmentDraw,Outflow,-124557.91,181-365d,0.25,0.41529628908998295,2024-01-23
CF1377,JE,CorporateDeposit,Outflow,-194325.59,181-365d,0.25,0.6805071335848855,2022-06-17
CF1378,KY,SecurityMaturity,Inflow,257837.2,2-7d,1.0,0.9338029208032369,2022-12-14
CF1379,KY,SecurityMaturity,Inflow,254033.32,91-180d,0.5,0.8359260365900096,2021-06-02
CF1380,BM,SecurityMaturity,Outflow,-6399.11,31-90d,0.5,0.5593945366108396,2020-11-06
CF1381,KY,LoanRepayment,Outflow,-312469.11,181-365d,0.25,0.5975542986476938,2022-12-01
CF1382,KY,CommitmentDraw,Inflow,169524.44,2-7d,1.0,0.2362114019943431,2019-08-17
CF1383,BM,CommitmentDraw,Outflow,-245639.2,2-7d,1.0,0.9366700833255446,2020-05-13
CF1384,KY,RetailDeposit,Outflow,-302889.12,<2d,1.0,0.9162103751717277,2020-05-18
CF1385,KY,CommitmentDraw,Outflow,-230183.76,<2d,1.0,0.4480554168819014,2024-04-16
CF1386,BM,LoanRepayment,Inflow,81153.32,<2d,1.0,0.6116314913967791,2021-07-24
CF1387,BM,SecurityMaturity,Inflow,19979.88,>1y,0.0,0.12375452263228004,2021-02-05
CF1388,BM,CorporateDeposit,Outflow,-209242.1,181-365d,0.25,0.619859400945927,2023-11-29
CF1389,KY,SecurityMaturity,Outflow,-124374.02,<2d,1.0,0.7232792036350237,2022-10-10
CF1390,KY,RetailDeposit,Inflow,164319.55,181-365d,0.25,0.9677431091700797,2024-05-09
CF1391,BM,RetailDeposit,Inflow,112778.75,8-30d,1.0,0.7358175341384339,2019-11-12
CF1392,KY,CommitmentDraw,Outflow,-300528.0,<2d,1.0,0.5040497438932147,2024-02-25
CF1393,BM,CorporateDeposit,Inflow,118931.25,31-90d,0.5,0.06368887727846073,2020-08-22
CF1394,KY,LoanRepayment,Outflow,-180205.69,<2d,1.0,0.9463151772144491,2021-04-20
CF1395,JE,LoanRepayment,Inflow,488832.64,2-7d,1.0,0.14092081037465365,2021-04-23
CF1396,BM,CommitmentDraw,Outflow,-192078.99,91-180d,0.5,0.012398818736313322,2022-03-05
CF1397,BM,LoanRepayment,Outflow,-247736.93,8-30d,1.0,0.6531425874347406,2024-01-07
CF1398,BM,SecurityMaturity,Inflow,599386.06,2-7d,1.0,0.6322549934858261,2024-04-09
CF1399,GU,CommitmentDraw,Inflow,166261.34,181-365d,0.25,0.3420573728607791,2023-05-04
CF1400,BM,LoanRepayment,Inflow,31135.4,<2d,1.0,0.011614497674125701,2022-06-03
CF1401,BM,RetailDeposit,Outflow,-18576.48,>1y,0.0,0.6467512895114634,2022-06-15
CF1402,KY,SecurityMaturity,Outflow,-330519.2,181-365d,0.25,0.6861853594608236,2021-06-01
CF1403,BM,SecurityMaturity,Outflow,-109749.87,8-30d,1.0,0.26931418710645605,2024-05-30
CF1404,KY,LoanRepayment,Inflow,164849.03,>1y,0.0,0.8321947376694511,2020-11-12
CF1405,BM,LoanRepayment,Outflow,-5312.79,<2d,1.0,0.17393019613078764,2021-07-27
CF1406,BM,RetailDeposit,Outflow,-124725.56,2-7d,1.0,0.7197236015161694,2022-08-20
CF1407,BM,LoanRepayment,Outflow,-38250.41,31-90d,0.5,0.07105117397073157,2023-10-28
CF1408,KY,SecurityMaturity,Inflow,536565.66,8-30d,1.0,0.8243650316179002,2021-11-02
CF1409,KY,RetailDeposit,Inflow,432779.73,<2d,1.0,0.3181174794751489,2022-07-30
CF1410,BM,SecurityMaturity,Outflow,-92016.37,>1y,0.0,0.8186556854360163,2023-11-08
CF1411,JE,RetailDeposit,Inflow,252482.03,<2d,1.0,0.7194973781012288,2023-11-03
CF1412,JE,SecurityMaturity,Outflow,-119760.44,<2d,1.0,0.7764670357166255,2023-07-10
CF1413,KY,RetailDeposit,Inflow,103079.19,>1y,0.0,0.2474976434266496,2023-01-23
CF1414,KY,DerivativesCF,Inflow,351138.05,2-7d,1.0,0.18238391058812808,2023-06-02
CF1415,BM,SecurityMaturity,Inflow,29912.89,8-30d,1.0,0.2983823109116115,2023-11-28
CF1416,GU,LoanRepayment,Inflow,7008.92,181-365d,0.25,0.8597457399582572,2024-06-09
CF1417,BM,CommitmentDraw,Inflow,364213.72,181-365d,0.25,0.8450288455470744,2019-08-08
CF1418,BM,LoanRepayment,Outflow,-68826.04,31-90d,0.5,0.8982997023135862,2022-07-19
CF1419,BM,CommitmentDraw,Outflow,-122693.11,2-7d,1.0,0.05357033063200167,2024-04-18
CF1420,BM,RetailDeposit,Inflow,20823.6,31-90d,0.5,0.525702347632257,2023-06-14
CF1421,BM,CorporateDeposit,Outflow,-161992.39,2-7d,1.0,0.34528457609511276,2022-09-10
CF1422,BM,CommitmentDraw,Outflow,-156674.51,181-365d,0.25,0.5638319120472901,2022-10-12
CF1423,GU,CommitmentDraw,Outflow,-66353.52,8-30d,1.0,0.5395893590567827,2023-07-04
CF1424,JE,DerivativesCF,Inflow,275127.16,8-30d,1.0,0.5619486090185436,2021-08-06
CF1425,KY,RetailDeposit,Inflow,495086.72,31-90d,0.5,0.22626701224587764,2020-05-08
CF1426,KY,DerivativesCF,Outflow,-203883.34,91-180d,0.5,0.5266111098433094,2023-10-12
CF1427,GU,CorporateDeposit,Inflow,74202.13,8-30d,1.0,0.5840455425548536,2019-12-10
CF1428,BM,RetailDeposit,Outflow,-22337.02,2-7d,1.0,0.5652378981884708,2020-09-23
CF1429,JE,DerivativesCF,Inflow,214195.95,<2d,1.0,0.1338361280015038,2020-05-16
CF1430,KY,CorporateDeposit,Inflow,326196.17,181-365d,0.25,0.2843707482521426,2020-02-11
CF1431,GU,DerivativesCF,Inflow,88533.64,<2d,1.0,0.4826889138666085,2023-12-12
CF1432,KY,LoanRepayment,Inflow,75633.79,>1y,0.0,0.10444457848020439,2020-03-01
CF1433,BM,DerivativesCF,Outflow,-182881.69,<2d,1.0,0.3366143566905828,2021-01-26
CF1434,KY,CorporateDeposit,Outflow,-313093.49,181-365d,0.25,0.12284328145102752,2019-10-26
CF1435,GU,SecurityMaturity,Inflow,265298.19,181-365d,0.25,0.31898819227133757,2020-07-13
CF1436,JE,DerivativesCF,Inflow,367903.97,<2d,1.0,0.6534206100058987,2023-09-27
CF1437,KY,CommitmentDraw,Inflow,177542.67,181-365d,0.25,0.7916945383076275,2023-06-18
CF1438,KY,LoanRepayment,Outflow,-246684.38,91-180d,0.5,0.5354373767522073,2020-05-21
CF1439,BM,DerivativesCF,Inflow,83564.1,<2d,1.0,0.6614938637154816,2019-08-28
CF1440,KY,LoanRepayment,Outflow,-140293.2,8-30d,1.0,0.9003188780245607,2023-01-05
CF1441,BM,CommitmentDraw,Outflow,-45117.72,181-365d,0.25,0.11678298859212821,2022-08-23
CF1442,BM,SecurityMaturity,Outflow,-166452.43,>1y,0.0,0.6594323324498749,2022-02-08
CF1443,KY,SecurityMaturity,Inflow,134599.08,8-30d,1.0,0.6548411830406374,2023-02-19
CF1444,JE,SecurityMaturity,Inflow,87172.1,91-180d,0.5,0.3636054704353153,2020-12-28
CF1445,GU,SecurityMaturity,Inflow,69902.8,91-180d,0.5,0.11248166953741678,2022-12-08
CF1446,BM,RetailDeposit,Inflow,91092.1,91-180d,0.5,0.4668096427604046,2024-04-15
CF1447,BM,CorporateDeposit,Outflow,-239888.28,8-30d,1.0,0.5190185580502535,2021-04-29
CF1448,KY,CommitmentDraw,Outflow,-131537.53,181-365d,0.25,0.021035476691057875,2019-07-29
CF1449,BM,LoanRepayment,Inflow,224745.16,31-90d,0.5,0.9460524488977867,2023-06-09
CF1450,KY,SecurityMaturity,Inflow,155212.04,<2d,1.0,0.32320964294935106,2021-11-09
CF1451,KY,CorporateDeposit,Outflow,-75395.58,31-90d,0.5,0.872342142280546,2020-10-11
CF1452,KY,DerivativesCF,Outflow,-154385.67,31-90d,0.5,0.7228554947780996,2024-02-15
CF1453,KY,DerivativesCF,Inflow,57159.75,<2d,1.0,0.6911356614454344,2020-08-15
CF1454,BM,RetailDeposit,Inflow,424897.36,2-7d,1.0,0.17246778556662157,2021-09-04
CF1455,GU,CommitmentDraw,Inflow,123145.55,91-180d,0.5,0.33024353038851595,2022-06-27
CF1456,KY,CorporateDeposit,Outflow,-145512.41,<2d,1.0,0.07449495815763985,2023-06-05
CF1457,KY,LoanRepayment,Outflow,-321912.29,181-365d,0.25,0.19338504736608741,2021-12-13
CF1458,BM,DerivativesCF,Inflow,67843.2,91-180d,0.5,0.9779392398954697,2023-06-27
CF1459,BM,SecurityMaturity,Outflow,-313000.08,181-365d,0.25,0.898700155714002,2022-05-03
CF1460,GU,SecurityMaturity,Outflow,-138992.05,<2d,1.0,0.6516872230383247,2020-11-22
CF1461,BM,SecurityMaturity,Inflow,264954.77,2-7d,1.0,0.8646054097892837,2019-11-12
CF1462,KY,LoanRepayment,Inflow,40752.07,2-7d,1.0,0.20922012298490944,2020-05-20
CF1463,KY,SecurityMaturity,Outflow,-121558.94,<2d,1.0,0.049400812275934736,2020-11-19
CF1464,GU,RetailDeposit,Inflow,354939.47,>1y,0.0,0.6752095299316728,2019-07-22
CF1465,KY,SecurityMaturity,Outflow,-117966.79,181-365d,0.25,0.7515412372438438,2021-03-17
CF1466,GU,RetailDeposit,Outflow,-202663.6,31-90d,0.5,0.8183512365834575,2019-09-23
CF1467,KY,RetailDeposit,Outflow,-145114.76,<2d,1.0,0.3512275463653679,2020-09-20
CF1468,KY,CommitmentDraw,Inflow,305121.53,2-7d,1.0,0.20605005954458555,2021-04-24
CF1469,KY,CommitmentDraw,Outflow,-191294.0,2-7d,1.0,0.5959507627801957,2021-10-27
CF1470,JE,CorporateDeposit,Outflow,-170312.87,31-90d,0.5,0.35155736119447034,2020-04-01
CF1471,BM,DerivativesCF,Inflow,116410.11,31-90d,0.5,0.5796135482851905,2022-02-27
CF1472,GU,CorporateDeposit,Outflow,-97115.07,2-7d,1.0,0.381331335565709,2023-04-10
CF1473,KY,CommitmentDraw,Outflow,-187291.91,>1y,0.0,0.30017557909319614,2022-07-22
CF1474,BM,CommitmentDraw,Inflow,52304.24,<2d,1.0,0.0731923797177122,2022-03-25
CF1475,JE,SecurityMaturity,Inflow,336468.88,181-365d,0.25,0.34790687842732426,2024-06-13
CF1476,KY,LoanRepayment,Inflow,382568.55,>1y,0.0,0.7996928756150107,2024-05-21
CF1477,KY,CommitmentDraw,Inflow,276148.49,91-180d,0.5,0.13717717983832967,2024-04-16
CF1478,GU,RetailDeposit,Inflow,251049.06,8-30d,1.0,0.4673157534246166,2020-09-09
CF1479,BM,CorporateDeposit,Outflow,-191855.27,91-180d,0.5,0.02366791278761815,2024-04-03
CF1480,KY,CorporateDeposit,Outflow,-356527.81,31-90d,0.5,0.4381338559729089,2022-06-23
CF1481,KY,DerivativesCF,Inflow,223891.44,<2d,1.0,0.6471463855833544,2020-03-24
CF1482,GU,LoanRepayment,Inflow,200141.53,91-180d,0.5,0.7990238916863374,2022-06-02
CF1483,JE,LoanRepayment,Outflow,-173715.47,31-90d,0.5,0.899098663370161,2020-01-05
CF1484,KY,CommitmentDraw,Inflow,252235.39,<2d,1.0,0.6871334265753581,2022-11-19
CF1485,BM,CorporateDeposit,Outflow,-46102.04,>1y,0.0,0.20571703852575018,2023-01-12
CF1486,KY,SecurityMaturity,Inflow,84932.33,2-7d,1.0,0.6635256709181704,2024-03-24
CF1487,BM,CorporateDeposit,Inflow,303619.44,8-30d,1.0,0.9349344240216639,2021-02-25
CF1488,KY,DerivativesCF,Inflow,224404.1,181-365d,0.25,0.9198018037380347,2021-01-28
CF1489,KY,RetailDeposit,Inflow,267995.13,<2d,1.0,0.7790700911746529,2021-03-28
CF1490,KY,DerivativesCF,Inflow,94790.03,<2d,1.0,0.34052250858047395,2023-11-19
CF1491,JE,LoanRepayment,Inflow,138930.44,181-365d,0.25,0.3877554075678453,2021-01-26
CF1492,BM,SecurityMaturity,Inflow,55117.39,91-180d,0.5,0.30870463619964417,2021-07-28
CF1493,KY,CorporateDeposit,Outflow,-59371.21,8-30d,1.0,0.39567800773228157,2023-09-30
CF1494,JE,SecurityMaturity,Inflow,101824.68,>1y,0.0,0.3926798392439751,2022-01-06
CF1495,KY,CommitmentDraw,Outflow,-383588.38,8-30d,1.0,0.7204038958054658,2023-12-22
CF1496,GU,SecurityMaturity,Inflow,174561.34,<2d,1.0,0.7009257946976538,2022-01-14
CF1497,BM,CommitmentDraw,Outflow,-275610.11,8-30d,1.0,0.15348059206948328,2020-10-02
CF1498,BM,CorporateDeposit,Inflow,160899.19,>1y,0.0,0.05120648454688603,2019-11-13
CF1499,BM,CorporateDeposit,Outflow,-87806.23,31-90d,0.5,0.2783308033074652,2020-05-11
CF1500,BM,SecurityMaturity,Inflow,244958.89,>1y,0.0,0.6505250308518232,2022-07-06
CF1501,JE,CorporateDeposit,Outflow,-238001.24,181-365d,0.25,0.3433207119486855,2023-07-03
CF1502,BM,CommitmentDraw,Inflow,139125.16,91-180d,0.5,0.5328998693549264,2021-06-24
CF1503,GU,SecurityMaturity,Inflow,20264.59,2-7d,1.0,0.642116056242191,2024-04-18
CF1504,JE,RetailDeposit,Inflow,252357.63,2-7d,1.0,0.6570149402632308,2023-04-21
CF1505,KY,DerivativesCF,Inflow,287084.99,31-90d,0.5,0.7193245153464514,2022-02-02
CF1506,GU,SecurityMaturity,Inflow,73228.31,31-90d,0.5,0.19198825275310882,2021-11-07
CF1507,GU,LoanRepayment,Inflow,576212.76,8-30d,1.0,0.9300646657511455,2024-01-29
CF1508,BM,CommitmentDraw,Outflow,-465288.15,8-30d,1.0,0.147765972816277,2020-07-31
CF1509,BM,DerivativesCF,Outflow,-61697.38,31-90d,0.5,0.8945846004839764,2023-09-25
CF1510,BM,RetailDeposit,Outflow,-307363.38,31-90d,0.5,0.8379262143429089,2023-07-17
CF1511,KY,RetailDeposit,Inflow,188416.71,<2d,1.0,0.8116096998788097,2020-03-22
CF1512,KY,CorporateDeposit,Outflow,-112177.63,>1y,0.0,0.772078884869717,2021-09-26
CF1513,BM,RetailDeposit,Inflow,165730.6,91-180d,0.5,0.33537402535002003,2023-11-07
CF1514,BM,CorporateDeposit,Outflow,-65480.94,<2d,1.0,0.9202836078095186,2020-01-01
CF1515,BM,CorporateDeposit,Outflow,-140992.01,>1y,0.0,0.30913302961076805,2019-10-01
CF1516,BM,RetailDeposit,Outflow,-2301.26,2-7d,1.0,0.19591838382786353,2019-12-10
CF1517,BM,DerivativesCF,Inflow,443498.76,>1y,0.0,0.7993041385378874,2020-08-27
CF1518,BM,SecurityMaturity,Inflow,113592.48,91-180d,0.5,0.7924470451538451,2022-07-20
CF1519,KY,DerivativesCF,Inflow,358188.93,31-90d,0.5,0.7814917244850799,2019-12-23
CF1520,BM,SecurityMaturity,Outflow,-56304.58,>1y,0.0,0.42009582040319504,2022-04-06
CF1521,KY,SecurityMaturity,Inflow,360980.72,<2d,1.0,0.05647462846536122,2019-07-25
CF1522,BM,LoanRepayment,Inflow,256181.05,31-90d,0.5,0.08697863353106017,2021-02-19
CF1523,BM,DerivativesCF,Outflow,-353548.75,<2d,1.0,0.1757693063389537,2022-11-17
CF1524,KY,SecurityMaturity,Inflow,7806.47,181-365d,0.25,0.3309830846245071,2020-06-22
CF1525,KY,CommitmentDraw,Inflow,242041.11,<2d,1.0,0.8414517675597492,2023-09-15
CF1526,KY,SecurityMaturity,Inflow,494838.67,2-7d,1.0,0.39840304301831786,2020-08-18
CF1527,GU,CorporateDeposit,Outflow,-213406.9,>1y,0.0,0.4462897985221108,2022-01-29
CF1528,BM,LoanRepayment,Outflow,-285166.17,<2d,1.0,0.5868125257500733,2020-02-14
CF1529,GU,RetailDeposit,Inflow,118703.5,181-365d,0.25,0.6541276917458951,2023-07-20
CF1530,BM,CommitmentDraw,Outflow,-162373.59,181-365d,0.25,0.8140322236342742,2019-09-26
CF1531,KY,LoanRepayment,Inflow,385390.37,2-7d,1.0,0.08797751660064079,2019-09-22
CF1532,BM,CommitmentDraw,Inflow,215507.67,>1y,0.0,0.5870937911836898,2022-08-22
CF1533,BM,RetailDeposit,Outflow,-421871.13,91-180d,0.5,0.2708634204334849,2020-07-13
CF1534,KY,SecurityMaturity,Outflow,-232561.87,91-180d,0.5,0.3376089016762739,2021-06-19
CF1535,GU,LoanRepayment,Inflow,89703.45,91-180d,0.5,0.46818858125214513,2019-08-07
CF1536,KY,CorporateDeposit,Inflow,296610.88,91-180d,0.5,0.3124175588143413,2019-09-25
CF1537,KY,SecurityMaturity,Inflow,188973.06,2-7d,1.0,0.1108970811796961,2022-12-16
CF1538,BM,DerivativesCF,Inflow,263745.12,8-30d,1.0,0.6375002153855693,2024-02-22
CF1539,BM,CorporateDeposit,Inflow,64911.02,91-180d,0.5,0.11501533431073196,2021-06-18
CF1540,KY,SecurityMaturity,Inflow,150768.38,8-30d,1.0,0.36069357540871094,2024-01-10
CF1541,KY,LoanRepayment,Inflow,225226.02,>1y,0.0,0.3675704628327273,2023-01-25
CF1542,KY,CorporateDeposit,Inflow,106032.49,2-7d,1.0,0.4636295819129237,2020-09-28
CF1543,GU,CorporateDeposit,Inflow,288603.16,181-365d,0.25,0.21270645292973744,2022-05-19
CF1544,KY,RetailDeposit,Outflow,-47870.0,>1y,0.0,0.47007367079645035,2021-01-07
CF1545,BM,LoanRepayment,Outflow,-95255.6,>1y,0.0,0.3527716141292667,2022-01-15
CF1546,BM,CommitmentDraw,Inflow,85188.1,8-30d,1.0,0.8438652438541348,2021-11-15
CF1547,BM,SecurityMaturity,Inflow,209267.93,91-180d,0.5,0.2947177145550781,2020-04-09
CF1548,BM,CommitmentDraw,Inflow,183034.26,2-7d,1.0,0.4003104316423487,2023-04-11
CF1549,BM,CommitmentDraw,Outflow,-284140.46,181-365d,0.25,0.8060649175502056,2021-04-15
CF1550,BM,LoanRepayment,Inflow,521032.46,<2d,1.0,0.19500823266938017,2021-03-03
CF1551,KY,DerivativesCF,Outflow,-86079.48,2-7d,1.0,0.62661936310927,2020-01-13
CF1552,BM,CorporateDeposit,Inflow,167938.5,8-30d,1.0,0.25128477830863205,2022-11-04
CF1553,KY,CommitmentDraw,Outflow,-97490.69,31-90d,0.5,0.6286727226646294,2024-01-22
CF1554,BM,CorporateDeposit,Inflow,293156.62,8-30d,1.0,0.32562770307855093,2023-11-15
CF1555,GU,SecurityMaturity,Outflow,-378029.41,>1y,0.0,0.3189623965678089,2022-03-28
CF1556,BM,DerivativesCF,Inflow,474390.01,181-365d,0.25,0.5792187263094325,2021-01-31
CF1557,BM,RetailDeposit,Inflow,219947.9,31-90d,0.5,0.2470845337346922,2022-05-18
CF1558,GU,DerivativesCF,Outflow,-42323.11,31-90d,0.5,0.27326931299628765,2019-07-14
CF1559,KY,CommitmentDraw,Outflow,-6616.33,91-180d,0.5,0.7408768525005572,2023-08-08
CF1560,BM,CommitmentDraw,Outflow,-193080.36,181-365d,0.25,0.9565393352126137,2022-06-05
CF1561,KY,DerivativesCF,Inflow,109988.35,>1y,0.0,0.010264795145569328,2023-10-07
CF1562,KY,DerivativesCF,Inflow,389887.83,>1y,0.0,0.29657290438331163,2019-11-29
CF1563,BM,CommitmentDraw,Inflow,234906.41,8-30d,1.0,0.18577406857041046,2024-04-06
CF1564,KY,CommitmentDraw,Outflow,-247686.55,181-365d,0.25,0.9338015711758129,2022-11-05
CF1565,BM,CommitmentDraw,Inflow,59833.59,181-365d,0.25,0.9784098224360066,2023-03-12
CF1566,KY,CorporateDeposit,Inflow,31081.03,91-180d,0.5,0.8451178727601337,2021-07-17
CF1567,KY,SecurityMaturity,Outflow,-90395.48,2-7d,1.0,0.398816578721766,2022-04-24
CF1568,KY,DerivativesCF,Inflow,199834.47,91-180d,0.5,0.6168483432469448,2023-10-29
CF1569,BM,DerivativesCF,Outflow,-14568.77,8-30d,1.0,0.6770357177366735,2022-04-21
CF1570,BM,CommitmentDraw,Inflow,195869.15,<2d,1.0,0.09549752826306568,2022-03-25
CF1571,BM,CorporateDeposit,Outflow,-180238.36,>1y,0.0,0.9742087454998354,2023-06-21
CF1572,KY,CorporateDeposit,Outflow,-207034.77,181-365d,0.25,0.23060319755537284,2019-08-23
CF1573,BM,CorporateDeposit,Outflow,-67442.89,<2d,1.0,0.4063743347100136,2024-05-16
CF1574,BM,DerivativesCF,Outflow,-95421.53,31-90d,0.5,0.19470486743665127,2020-01-09
CF1575,KY,LoanRepayment,Outflow,-36442.42,<2d,1.0,0.45795061841367835,2020-07-17
CF1576,KY,DerivativesCF,Inflow,71329.18,91-180d,0.5,0.10364676399398343,2022-02-11
CF1577,BM,RetailDeposit,Outflow,-89947.53,<2d,1.0,0.6198934655283185,2021-08-10
CF1578,GU,CorporateDeposit,Inflow,70028.1,181-365d,0.25,0.7910261660711295,2023-02-28
CF1579,GU,RetailDeposit,Inflow,196618.66,8-30d,1.0,0.8891942219057468,2023-06-29
CF1580,KY,DerivativesCF,Outflow,-63257.63,91-180d,0.5,0.49740721446983094,2020-11-16
CF1581,BM,LoanRepayment,Outflow,-173322.21,181-365d,0.25,0.10855640280088186,2020-04-09
CF1582,KY,CorporateDeposit,Inflow,165313.14,<2d,1.0,0.13691840252770826,2020-02-18
CF1583,KY,RetailDeposit,Outflow,-230439.08,31-90d,0.5,0.04801847939560977,2022-10-16
CF1584,KY,CommitmentDraw,Inflow,178735.29,181-365d,0.25,0.9872922182583065,2022-10-10
CF1585,GU,RetailDeposit,Outflow,-83123.48,2-7d,1.0,0.5940936277739957,2021-12-06
CF1586,JE,CorporateDeposit,Outflow,-438684.25,>1y,0.0,0.5258372618027748,2021-07-19
CF1587,BM,CorporateDeposit,Inflow,120240.72,>1y,0.0,0.03372615359151354,2021-02-28
CF1588,GU,RetailDeposit,Outflow,-18377.98,8-30d,1.0,0.8046749302818176,2020-11-07
CF1589,GU,SecurityMaturity,Inflow,359087.2,181-365d,0.25,0.7287797348119208,2021-08-24
CF1590,KY,LoanRepayment,Inflow,9637.67,31-90d,0.5,0.23391621683922448,2022-08-16
CF1591,BM,LoanRepayment,Inflow,53124.12,<2d,1.0,0.017806538332375443,2023-06-07
CF1592,BM,CommitmentDraw,Outflow,-260962.82,181-365d,0.25,0.6211607581299226,2020-12-14
CF1593,BM,RetailDeposit,Inflow,60616.45,>1y,0.0,0.9535928959843358,2020-11-03
CF1594,BM,SecurityMaturity,Outflow,-157902.89,2-7d,1.0,0.5838095077692292,2023-04-30
CF1595,JE,RetailDeposit,Inflow,415162.01,2-7d,1.0,0.7864827412513762,2022-12-27
CF1596,JE,SecurityMaturity,Inflow,207863.05,2-7d,1.0,0.3621563656670794,2022-12-03
CF1597,JE,RetailDeposit,Outflow,-320987.24,<2d,1.0,0.15303522049290375,2019-11-03
CF1598,KY,CorporateDeposit,Inflow,252624.96,31-90d,0.5,0.8373792954033238,2021-01-16
CF1599,KY,CommitmentDraw,Outflow,-5406.69,8-30d,1.0,0.2420059859189314,2024-02-20
CF1600,BM,CommitmentDraw,Inflow,10186.9,181-365d,0.25,0.7692922691132295,2023-08-15
CF1601,BM,CorporateDeposit,Inflow,251650.4,181-365d,0.25,0.3460535482538778,2022-02-28
CF1602,KY,RetailDeposit,Outflow,-264530.34,8-30d,1.0,0.5532495540407265,2022-01-04
CF1603,BM,SecurityMaturity,Outflow,-28597.58,91-180d,0.5,0.4874393528217901,2020-09-04
CF1604,KY,SecurityMaturity,Inflow,466922.48,8-30d,1.0,0.5417654226217027,2023-05-12
CF1605,KY,RetailDeposit,Inflow,61748.17,<2d,1.0,0.25841297125919793,2023-01-14
CF1606,JE,RetailDeposit,Inflow,92276.54,>1y,0.0,0.6365612683147549,2024-01-19
CF1607,KY,RetailDeposit,Inflow,314120.4,31-90d,0.5,0.19000594840840423,2021-02-27
CF1608,BM,CommitmentDraw,Inflow,195530.38,31-90d,0.5,0.5373085925090356,2024-02-28
CF1609,GU,DerivativesCF,Inflow,107220.32,<2d,1.0,0.2938955716770828,2023-08-18
CF1610,BM,DerivativesCF,Outflow,-33646.41,8-30d,1.0,0.29608656317733917,2020-01-25
CF1611,JE,CommitmentDraw,Outflow,-821790.21,2-7d,1.0,0.6815396341876743,2022-08-25
CF1612,KY,SecurityMaturity,Outflow,-117339.18,91-180d,0.5,0.27465082844631816,2019-11-07
CF1613,KY,CorporateDeposit,Inflow,308347.23,2-7d,1.0,0.20158829419692958,2020-12-27
CF1614,JE,SecurityMaturity,Outflow,-615133.43,>1y,0.0,0.5655942908977134,2021-10-26
CF1615,BM,LoanRepayment,Outflow,-387517.06,31-90d,0.5,0.5790323794928944,2024-06-30
CF1616,BM,SecurityMaturity,Inflow,361463.18,2-7d,1.0,0.3798245822278302,2020-03-23
CF1617,BM,RetailDeposit,Outflow,-35375.62,<2d,1.0,0.8874643650311191,2019-07-13
CF1618,KY,CommitmentDraw,Inflow,181913.85,2-7d,1.0,0.9159158384751396,2019-07-29
CF1619,GU,DerivativesCF,Inflow,42746.83,<2d,1.0,0.7985751811049763,2020-11-12
CF1620,BM,LoanRepayment,Outflow,-101768.46,>1y,0.0,0.6707287079657497,2020-01-10
CF1621,KY,SecurityMaturity,Outflow,-135069.23,>1y,0.0,0.6012005841000666,2022-07-31
CF1622,KY,CommitmentDraw,Inflow,402338.54,2-7d,1.0,0.7105268046260016,2022-05-22
CF1623,BM,CorporateDeposit,Inflow,5466.16,31-90d,0.5,0.034894758438734574,2021-12-13
CF1624,KY,LoanRepayment,Outflow,-11834.55,8-30d,1.0,0.23025468726503595,2020-09-19
CF1625,BM,CorporateDeposit,Inflow,122486.67,>1y,0.0,0.3581630469464765,2020-02-17
CF1626,KY,DerivativesCF,Inflow,155359.23,8-30d,1.0,0.8778669045344593,2020-04-04
CF1627,BM,SecurityMaturity,Inflow,190666.46,91-180d,0.5,0.8334617938855762,2022-06-22
CF1628,BM,CorporateDeposit,Inflow,272105.82,91-180d,0.5,0.28412773889468323,2022-04-05
CF1629,BM,CorporateDeposit,Outflow,-181539.66,181-365d,0.25,0.6440507736607587,2023-06-25
CF1630,BM,DerivativesCF,Outflow,-502292.16,181-365d,0.25,0.6573407879514788,2023-01-11
CF1631,BM,LoanRepayment,Outflow,-130375.76,31-90d,0.5,0.49076722542085893,2019-07-14
CF1632,KY,SecurityMaturity,Inflow,171068.06,8-30d,1.0,0.16175963171474494,2022-06-28
CF1633,GU,CommitmentDraw,Outflow,-290437.88,91-180d,0.5,0.9746910532900466,2023-05-16
CF1634,KY,CommitmentDraw,Outflow,-157954.17,91-180d,0.5,0.2497991333322359,2019-09-16
CF1635,BM,DerivativesCF,Inflow,7147.15,<2d,1.0,0.2842307098443232,2020-05-30
CF1636,KY,CommitmentDraw,Outflow,-68380.51,181-365d,0.25,0.5108994390021658,2019-08-07
CF1637,BM,SecurityMaturity,Inflow,185161.06,91-180d,0.5,0.25669291320146115,2024-02-24
CF1638,GU,DerivativesCF,Outflow,-276929.23,8-30d,1.0,0.9141801677480161,2021-06-20
CF1639,JE,CorporateDeposit,Inflow,73714.09,8-30d,1.0,0.3790261423468021,2019-08-23
CF1640,KY,RetailDeposit,Outflow,-4125.89,>1y,0.0,0.13938435289253603,2019-09-22
CF1641,GU,DerivativesCF,Outflow,-638868.64,8-30d,1.0,0.537623053641012,2023-03-11
CF1642,KY,CommitmentDraw,Outflow,-345890.3,8-30d,1.0,0.9935105013683222,2020-02-19
CF1643,BM,CorporateDeposit,Outflow,-180771.27,8-30d,1.0,0.07984796056180954,2019-11-19
CF1644,KY,CommitmentDraw,Outflow,-97129.49,91-180d,0.5,0.41028820829377677,2021-11-19
CF1645,BM,LoanRepayment,Inflow,41060.92,181-365d,0.25,0.9003981089038329,2022-10-03
CF1646,GU,CorporateDeposit,Outflow,-267029.95,8-30d,1.0,0.43137214882173625,2019-12-30
CF1647,BM,DerivativesCF,Inflow,212582.57,8-30d,1.0,0.59826887821544,2020-03-08
CF1648,GU,DerivativesCF,Outflow,-103816.93,8-30d,1.0,0.28258450234356036,2020-03-17
CF1649,BM,SecurityMaturity,Outflow,-89280.46,<2d,1.0,0.3184576098295253,2021-08-10
CF1650,BM,CommitmentDraw,Outflow,-379881.24,91-180d,0.5,0.8644459643738228,2019-07-05
CF1651,KY,DerivativesCF,Outflow,-102161.23,181-365d,0.25,0.14442466793202724,2020-12-05
CF1652,BM,CommitmentDraw,Inflow,30853.46,91-180d,0.5,0.7925975925882198,2021-12-19
CF1653,BM,LoanRepayment,Outflow,-252835.27,31-90d,0.5,0.15027279281979322,2020-10-24
CF1654,KY,LoanRepayment,Outflow,-305721.2,2-7d,1.0,0.17777593682058657,2022-01-13
CF1655,KY,RetailDeposit,Inflow,230014.78,>1y,0.0,0.8230738667881011,2022-07-13
CF1656,KY,CorporateDeposit,Outflow,-31797.79,31-90d,0.5,0.4940970416089814,2021-10-21
CF1657,JE,RetailDeposit,Inflow,223725.41,>1y,0.0,0.5590473884604059,2022-08-01
CF1658,BM,SecurityMaturity,Outflow,-150294.85,31-90d,0.5,0.9507111609147446,2023-08-14
CF1659,KY,CorporateDeposit,Outflow,-305957.68,<2d,1.0,0.6563045912085953,2022-05-18
CF1660,GU,CorporateDeposit,Inflow,101948.35,31-90d,0.5,0.8994548023938223,2020-05-03
CF1661,KY,CorporateDeposit,Outflow,-97808.62,91-180d,0.5,0.48136788713393674,2024-02-22
CF1662,BM,CommitmentDraw,Outflow,-351364.99,8-30d,1.0,0.09113207748071162,2023-04-16
CF1663,KY,RetailDeposit,Outflow,-89216.89,<2d,1.0,0.005856816834852285,2022-04-08
CF1664,KY,CommitmentDraw,Outflow,-40817.87,31-90d,0.5,0.011051028511840033,2023-10-28
CF1665,BM,CommitmentDraw,Outflow,-173561.98,31-90d,0.5,0.8673392648545724,2020-09-18
CF1666,BM,CommitmentDraw,Inflow,288371.01,181-365d,0.25,0.032640533573971675,2021-06-09
CF1667,KY,CommitmentDraw,Outflow,-2986.25,91-180d,0.5,0.0737118895372868,2020-05-23
CF1668,KY,SecurityMaturity,Outflow,-176050.39,31-90d,0.5,0.9865109111892965,2023-07-14
CF1669,BM,CorporateDeposit,Outflow,-479.92,181-365d,0.25,0.8120860919152219,2023-06-28
CF1670,KY,CommitmentDraw,Outflow,-105735.14,8-30d,1.0,0.9325865456423403,2020-12-18
CF1671,BM,SecurityMaturity,Inflow,57404.91,2-7d,1.0,0.22791632340736612,2022-03-24
CF1672,JE,DerivativesCF,Inflow,208639.42,181-365d,0.25,0.7762403368205257,2022-02-14
CF1673,BM,CommitmentDraw,Inflow,78613.95,31-90d,0.5,0.3188151321724476,2021-12-10
CF1674,BM,SecurityMaturity,Inflow,456063.69,<2d,1.0,0.25498380859292824,2023-12-25
CF1675,BM,CommitmentDraw,Outflow,-100832.63,181-365d,0.25,0.7411821385267514,2021-04-19
CF1676,KY,CorporateDeposit,Inflow,11023.22,8-30d,1.0,0.23845169749395334,2022-08-17
CF1677,KY,CommitmentDraw,Inflow,88113.73,31-90d,0.5,0.8070497960458927,2023-07-13
CF1678,JE,CorporateDeposit,Inflow,181948.15,2-7d,1.0,0.8346698257510791,2021-02-23
CF1679,BM,RetailDeposit,Inflow,192714.36,91-180d,0.5,0.8087875802009817,2020-02-05
CF1680,BM,RetailDeposit,Inflow,36692.73,91-180d,0.5,0.05499658439618893,2023-04-01
CF1681,KY,LoanRepayment,Inflow,159763.89,>1y,0.0,0.2899319261658809,2022-08-02
CF1682,BM,LoanRepayment,Inflow,297887.76,8-30d,1.0,0.4243277501568683,2021-10-25
CF1683,GU,RetailDeposit,Inflow,13605.03,>1y,0.0,0.06706892642820372,2024-02-17
CF1684,GU,DerivativesCF,Inflow,244905.23,8-30d,1.0,0.7622659203646152,2023-06-16
CF1685,BM,RetailDeposit,Outflow,-74055.91,>1y,0.0,0.8237469716930198,2021-05-16
CF1686,GU,LoanRepayment,Outflow,-84973.35,<2d,1.0,0.602939547504649,2024-01-10
CF1687,BM,DerivativesCF,Outflow,-270010.74,31-90d,0.5,0.1727960362497043,2024-06-27
CF1688,GU,SecurityMaturity,Outflow,-108611.65,31-90d,0.5,0.9745291150899887,2021-12-09
CF1689,KY,CommitmentDraw,Inflow,274395.16,31-90d,0.5,0.7363238950454842,2021-02-06
CF1690,GU,RetailDeposit,Inflow,247257.72,2-7d,1.0,0.8216041773537034,2023-04-28
CF1691,GU,SecurityMaturity,Inflow,244024.38,<2d,1.0,0.36506849342766023,2019-08-28
CF1692,BM,DerivativesCF,Inflow,650136.25,8-30d,1.0,0.2052135070613348,2023-05-25
CF1693,BM,LoanRepayment,Inflow,172255.74,2-7d,1.0,0.42841454193820494,2023-08-05
CF1694,BM,RetailDeposit,Inflow,35396.99,8-30d,1.0,0.7737289609135698,2019-09-14
CF1695,JE,CorporateDeposit,Outflow,-102678.94,2-7d,1.0,0.53909365795029,2023-02-19
CF1696,JE,CommitmentDraw,Outflow,-216128.2,181-365d,0.25,0.43253291669530214,2020-06-08
CF1697,GU,RetailDeposit,Inflow,294201.05,2-7d,1.0,0.6158322695315526,2024-04-24
CF1698,BM,LoanRepayment,Inflow,538648.83,<2d,1.0,0.3739167079537733,2020-08-01
CF1699,KY,DerivativesCF,Outflow,-223121.97,31-90d,0.5,0.9631237921914998,2024-02-10
CF1700,KY,CommitmentDraw,Outflow,-170804.3,8-30d,1.0,0.4108247266005153,2021-02-07
CF1701,GU,SecurityMaturity,Inflow,100189.46,8-30d,1.0,0.09784968463200594,2021-11-08
CF1702,BM,CommitmentDraw,Inflow,259589.85,<2d,1.0,0.7746341800427892,2019-12-26
CF1703,BM,SecurityMaturity,Outflow,-186392.0,31-90d,0.5,0.9899238511778734,2021-07-05
CF1704,KY,LoanRepayment,Outflow,-281870.79,181-365d,0.25,0.5732225327029425,2021-05-27
CF1705,BM,RetailDeposit,Outflow,-267155.93,2-7d,1.0,0.1764917623273059,2023-01-03
CF1706,JE,LoanRepayment,Outflow,-23655.2,>1y,0.0,0.437423659537716,2022-10-12
CF1707,BM,CorporateDeposit,Outflow,-283264.71,8-30d,1.0,0.8133379239455609,2020-02-04
CF1708,GU,DerivativesCF,Inflow,146051.61,31-90d,0.5,0.21233097606326057,2021-08-20
CF1709,KY,CorporateDeposit,Inflow,7913.36,91-180d,0.5,0.28960289382428606,2022-01-18
CF1710,KY,SecurityMaturity,Outflow,-55946.22,91-180d,0.5,0.970243146730624,2020-12-13
CF1711,GU,CommitmentDraw,Outflow,-202974.95,>1y,0.0,0.8294347001627814,2022-10-01
CF1712,BM,DerivativesCF,Outflow,-172942.52,181-365d,0.25,0.34199739853384437,2021-08-26
CF1713,BM,SecurityMaturity,Outflow,-491337.92,<2d,1.0,0.10806685526160442,2023-05-30
CF1714,BM,SecurityMaturity,Outflow,-308531.18,>1y,0.0,0.5106641308313573,2019-09-05
CF1715,KY,DerivativesCF,Outflow,-24153.29,31-90d,0.5,0.2697581531590506,2023-09-19
CF1716,BM,CommitmentDraw,Outflow,-112303.89,181-365d,0.25,0.05646925195460706,2020-02-06
CF1717,BM,DerivativesCF,Inflow,418441.91,<2d,1.0,0.3389267085026215,2022-11-05
CF1718,KY,CorporateDeposit,Outflow,-122700.06,2-7d,1.0,0.9562790554186592,2020-04-04
CF1719,BM,CorporateDeposit,Outflow,-71831.11,<2d,1.0,0.475538640514346,2023-01-02
CF1720,BM,CorporateDeposit,Inflow,48419.48,31-90d,0.5,0.17416924435050285,2020-11-23
CF1721,GU,LoanRepayment,Outflow,-112336.81,>1y,0.0,0.2661117588286527,2024-03-20
CF1722,KY,SecurityMaturity,Outflow,-205924.11,31-90d,0.5,0.7323479234677499,2021-06-18
CF1723,BM,DerivativesCF,Outflow,-38433.88,2-7d,1.0,0.8063965767333938,2020-05-11
CF1724,KY,CorporateDeposit,Inflow,239970.77,2-7d,1.0,0.19830296224230515,2019-08-05
CF1725,BM,RetailDeposit,Outflow,-76921.47,<2d,1.0,0.741150495808213,2023-04-16
CF1726,BM,DerivativesCF,Inflow,428625.35,91-180d,0.5,0.07466937987494848,2021-01-18
CF1727,BM,DerivativesCF,Outflow,-37059.44,91-180d,0.5,0.030020035844030124,2019-07-25
CF1728,JE,RetailDeposit,Outflow,-101074.63,>1y,0.0,0.7952396523215699,2022-06-06
CF1729,GU,CommitmentDraw,Outflow,-55083.22,<2d,1.0,0.8239779826519553,2022-06-09
CF1730,BM,LoanRepayment,Inflow,357965.98,91-180d,0.5,0.20481492772561827,2021-10-01
CF1731,BM,DerivativesCF,Outflow,-149707.16,31-90d,0.5,0.5589374264000416,2020-04-12
CF1732,KY,SecurityMaturity,Outflow,-15677.65,<2d,1.0,0.444180452812315,2021-08-15
CF1733,JE,RetailDeposit,Inflow,216542.64,<2d,1.0,0.6293649965282271,2022-10-04
CF1734,JE,RetailDeposit,Inflow,52946.94,181-365d,0.25,0.09528487663105345,2024-06-18
CF1735,JE,CommitmentDraw,Inflow,142955.42,>1y,0.0,0.5711352145544782,2020-08-03
CF1736,GU,DerivativesCF,Inflow,232715.98,8-30d,1.0,0.4925228456299372,2024-05-27
CF1737,GU,CorporateDeposit,Inflow,25542.97,<2d,1.0,0.8340806459311045,2023-11-01
CF1738,GU,LoanRepayment,Inflow,101307.1,>1y,0.0,0.011401626841674228,2023-04-25
CF1739,KY,LoanRepayment,Inflow,167680.37,2-7d,1.0,0.3134723470830396,2021-09-24
CF1740,BM,RetailDeposit,Outflow,-365134.27,8-30d,1.0,0.21380727594009385,2020-05-16
CF1741,BM,LoanRepayment,Inflow,197271.17,<2d,1.0,0.48916089666832885,2023-01-03
CF1742,BM,CommitmentDraw,Outflow,-46511.06,91-180d,0.5,0.6543554644659415,2020-05-09
CF1743,KY,CorporateDeposit,Inflow,285484.18,181-365d,0.25,0.1252322551155547,2021-04-04
CF1744,KY,SecurityMaturity,Outflow,-92483.19,<2d,1.0,0.2449686505202917,2021-02-27
CF1745,JE,DerivativesCF,Inflow,134933.2,181-365d,0.25,0.07621016749433052,2022-05-16
CF1746,JE,DerivativesCF,Outflow,-96472.58,>1y,0.0,0.9043352207001578,2020-01-06
CF1747,BM,RetailDeposit,Outflow,-168338.26,181-365d,0.25,0.15097354641934424,2023-03-07
CF1748,BM,SecurityMaturity,Inflow,154263.05,31-90d,0.5,0.2425157120215531,2020-11-21
CF1749,BM,CommitmentDraw,Inflow,239824.29,31-90d,0.5,0.9912075477382692,2021-04-22
CF1750,BM,LoanRepayment,Inflow,86132.3,2-7d,1.0,0.4663752251780052,2021-04-12
CF1751,KY,CorporateDeposit,Outflow,-342258.86,8-30d,1.0,0.24699496172497537,2020-02-02
CF1752,BM,DerivativesCF,Outflow,-199226.31,31-90d,0.5,0.44520832900654905,2024-05-06
CF1753,KY,DerivativesCF,Outflow,-296234.09,<2d,1.0,0.6791033054131385,2024-06-03
CF1754,KY,LoanRepayment,Inflow,251455.4,<2d,1.0,0.5827616165074333,2019-11-17
CF1755,BM,CommitmentDraw,Inflow,336079.25,181-365d,0.25,0.1443776377384487,2022-03-01
CF1756,KY,LoanRepayment,Outflow,-104051.65,<2d,1.0,0.27242689599952874,2023-04-27
CF1757,BM,CommitmentDraw,Outflow,-296977.92,91-180d,0.5,0.44523039093479355,2019-10-06
CF1758,KY,DerivativesCF,Inflow,283181.87,2-7d,1.0,0.587949476871228,2021-09-25
CF1759,BM,RetailDeposit,Outflow,-279933.05,2-7d,1.0,0.607707291688771,2019-09-24
CF1760,BM,RetailDeposit,Inflow,346835.18,91-180d,0.5,0.29301542854304363,2022-05-31
CF1761,BM,CommitmentDraw,Outflow,-173579.45,2-7d,1.0,0.5303884606305543,2020-01-23
CF1762,BM,CorporateDeposit,Outflow,-484636.53,<2d,1.0,0.4639729883655197,2020-01-17
CF1763,BM,SecurityMaturity,Inflow,179859.91,>1y,0.0,0.02186851317322236,2020-04-27
CF1764,JE,CommitmentDraw,Outflow,-27612.25,2-7d,1.0,0.8440385719683516,2021-05-09
CF1765,KY,DerivativesCF,Outflow,-169053.0,91-180d,0.5,0.976446842644603,2020-11-14
CF1766,GU,DerivativesCF,Outflow,-342583.06,181-365d,0.25,0.8102543231443866,2024-05-26
CF1767,GU,DerivativesCF,Inflow,76811.68,>1y,0.0,0.30162502431501104,2021-09-20
CF1768,BM,LoanRepayment,Inflow,106178.37,<2d,1.0,0.41853820804512043,2021-05-28
CF1769,BM,LoanRepayment,Outflow,-227895.41,181-365d,0.25,0.7071693558115454,2023-12-14
CF1770,BM,CommitmentDraw,Inflow,244628.32,181-365d,0.25,0.7505685529774544,2023-04-27
CF1771,KY,RetailDeposit,Inflow,263662.15,2-7d,1.0,0.916112415472366,2019-10-08
CF1772,JE,CommitmentDraw,Outflow,-23791.84,8-30d,1.0,0.9231646904196295,2021-12-21
CF1773,GU,LoanRepayment,Inflow,77105.34,>1y,0.0,0.3943771037017818,2023-12-09
CF1774,JE,DerivativesCF,Outflow,-16654.0,<2d,1.0,0.954112610615472,2023-05-08
CF1775,BM,RetailDeposit,Inflow,407684.63,8-30d,1.0,0.7161632420252677,2020-12-25
CF1776,BM,CommitmentDraw,Inflow,284053.59,<2d,1.0,0.08423969478369453,2020-02-23
CF1777,BM,SecurityMaturity,Inflow,211405.24,91-180d,0.5,0.987290576359436,2019-12-07
CF1778,BM,SecurityMaturity,Outflow,-429871.45,>1y,0.0,0.3912844592772178,2020-08-23
CF1779,KY,CommitmentDraw,Outflow,-174950.35,<2d,1.0,0.16804082854588998,2022-06-24
CF1780,BM,DerivativesCF,Outflow,-82595.98,2-7d,1.0,0.09135656406340809,2019-10-31
CF1781,KY,SecurityMaturity,Inflow,296270.63,8-30d,1.0,0.6347588635616486,2021-07-10
CF1782,BM,CommitmentDraw,Outflow,-86785.89,181-365d,0.25,0.3172215666000934,2023-06-09
CF1783,BM,DerivativesCF,Outflow,-124238.31,91-180d,0.5,0.3005324766278744,2024-06-02
CF1784,JE,DerivativesCF,Inflow,219470.12,<2d,1.0,0.27136544831761455,2020-09-13
CF1785,KY,CorporateDeposit,Outflow,-88911.34,181-365d,0.25,0.60509576916137,2022-09-01
CF1786,JE,DerivativesCF,Outflow,-46010.86,>1y,0.0,0.5514764081158338,2019-11-08
CF1787,BM,DerivativesCF,Outflow,-52857.86,181-365d,0.25,0.5819856932106718,2020-01-24
CF1788,KY,DerivativesCF,Inflow,32716.78,2-7d,1.0,0.7533737991502321,2024-03-30
CF1789,KY,CorporateDeposit,Inflow,113258.57,2-7d,1.0,0.09282347627970744,2021-12-17
CF1790,BM,RetailDeposit,Outflow,-403752.78,31-90d,0.5,0.23865907857706714,2023-08-21
CF1791,BM,DerivativesCF,Inflow,107281.03,<2d,1.0,0.4235928885863094,2020-01-25
CF1792,BM,CommitmentDraw,Outflow,-511216.83,91-180d,0.5,0.3944798369265411,2020-08-22
CF1793,KY,CorporateDeposit,Outflow,-72842.62,8-30d,1.0,0.6584637358371608,2020-08-13
CF1794,KY,DerivativesCF,Inflow,264585.06,<2d,1.0,0.6660584929938975,2021-12-04
CF1795,BM,CorporateDeposit,Outflow,-71060.13,91-180d,0.5,0.7364139110574792,2023-01-23
CF1796,KY,LoanRepayment,Inflow,222133.03,<2d,1.0,0.7541802574356035,2020-08-15
CF1797,BM,LoanRepayment,Inflow,151739.75,181-365d,0.25,0.32266282753165754,2024-06-01
CF1798,BM,RetailDeposit,Outflow,-40047.38,8-30d,1.0,0.7219034232737889,2021-05-24
CF1799,BM,CommitmentDraw,Inflow,122523.26,<2d,1.0,0.658981005425212,2022-05-01
CF1800,KY,RetailDeposit,Outflow,-384745.54,<2d,1.0,0.22192426949767563,2024-06-26
CF1801,JE,DerivativesCF,Outflow,-240807.24,<2d,1.0,0.856635883680559,2019-11-26
CF1802,BM,CommitmentDraw,Outflow,-314909.24,8-30d,1.0,0.19823237593044174,2023-11-20
CF1803,GU,CommitmentDraw,Outflow,-263652.52,181-365d,0.25,0.7131861573335133,2023-09-28
CF1804,BM,LoanRepayment,Outflow,-285343.27,181-365d,0.25,0.21872624159353304,2021-08-29
CF1805,BM,CommitmentDraw,Outflow,-118152.72,<2d,1.0,0.8918506477248187,2021-03-25
CF1806,KY,CorporateDeposit,Outflow,-91696.56,8-30d,1.0,0.3027769118024285,2022-09-18
CF1807,GU,CommitmentDraw,Inflow,313563.25,8-30d,1.0,0.020019774140386803,2021-04-16
CF1808,BM,LoanRepayment,Outflow,-155039.44,31-90d,0.5,0.7171233998854599,2022-01-29
CF1809,BM,RetailDeposit,Outflow,-150082.66,<2d,1.0,0.4559053062793085,2023-08-17
CF1810,JE,CommitmentDraw,Inflow,136494.77,181-365d,0.25,0.787090259658017,2020-02-16
CF1811,JE,DerivativesCF,Outflow,-53120.47,181-365d,0.25,0.43147194556664004,2021-12-31
CF1812,BM,RetailDeposit,Outflow,-296682.68,<2d,1.0,0.21249794092144958,2021-01-24
CF1813,KY,RetailDeposit,Inflow,118280.88,2-7d,1.0,0.2346153298797341,2022-08-18
CF1814,KY,RetailDeposit,Inflow,49465.62,2-7d,1.0,0.7531301658228455,2021-09-18
CF1815,KY,RetailDeposit,Outflow,-385530.87,>1y,0.0,0.6325426802119558,2023-12-16
CF1816,BM,CorporateDeposit,Outflow,-56783.42,>1y,0.0,0.5320832356564251,2023-08-13
CF1817,KY,RetailDeposit,Outflow,-32151.03,8-30d,1.0,0.005473783471029892,2021-02-20
CF1818,KY,CorporateDeposit,Outflow,-59985.6,31-90d,0.5,0.1877250062927771,2020-09-13
CF1819,GU,CorporateDeposit,Inflow,140303.23,31-90d,0.5,0.49514922819425833,2023-10-22
CF1820,GU,SecurityMaturity,Outflow,-9829.26,31-90d,0.5,0.9850575419593935,2020-06-29
CF1821,BM,RetailDeposit,Inflow,107408.48,91-180d,0.5,0.21443095754167174,2020-07-22
CF1822,KY,RetailDeposit,Outflow,-399810.98,>1y,0.0,0.029292735098737532,2024-01-25
CF1823,BM,CorporateDeposit,Outflow,-6108.06,<2d,1.0,0.38468034465814527,2023-04-08
CF1824,BM,SecurityMaturity,Inflow,151334.76,181-365d,0.25,0.3649255276509389,2021-12-12
CF1825,GU,LoanRepayment,Outflow,-86194.23,91-180d,0.5,0.08605704166962336,2022-06-06
CF1826,JE,CommitmentDraw,Inflow,117690.51,181-365d,0.25,0.8083015466657998,2021-11-22
CF1827,BM,DerivativesCF,Outflow,-193443.18,2-7d,1.0,0.8824421119348487,2020-06-03
CF1828,GU,CorporateDeposit,Outflow,-34105.83,181-365d,0.25,0.8672775795212284,2022-04-27
CF1829,BM,LoanRepayment,Inflow,129940.08,91-180d,0.5,0.3676160865161039,2023-02-23
CF1830,BM,CorporateDeposit,Outflow,-257815.14,8-30d,1.0,0.27607134739677675,2023-07-08
CF1831,KY,CommitmentDraw,Outflow,-93907.6,>1y,0.0,0.36935719518444765,2021-10-08
CF1832,KY,CommitmentDraw,Inflow,171002.24,8-30d,1.0,0.2904125787209101,2024-03-08
CF1833,JE,DerivativesCF,Inflow,58122.36,8-30d,1.0,0.17014493310406809,2020-09-19
CF1834,KY,CommitmentDraw,Outflow,-402344.51,>1y,0.0,0.9385150884567497,2024-06-03
CF1835,KY,LoanRepayment,Outflow,-267802.69,8-30d,1.0,0.92124166555847,2024-06-15
CF1836,KY,CommitmentDraw,Inflow,427662.25,91-180d,0.5,0.0410099206827681,2022-12-25
CF1837,KY,RetailDeposit,Outflow,-318831.16,2-7d,1.0,0.7025684934892296,2022-01-20
CF1838,BM,CorporateDeposit,Outflow,-36497.94,91-180d,0.5,0.8475597132615026,2022-08-22
CF1839,KY,RetailDeposit,Outflow,-92096.45,31-90d,0.5,0.8787389526894885,2024-05-08
CF1840,KY,CorporateDeposit,Outflow,-524677.41,181-365d,0.25,0.8553613693571914,2021-11-17
CF1841,JE,RetailDeposit,Inflow,429668.72,8-30d,1.0,0.36838738191554365,2024-03-19
CF1842,JE,DerivativesCF,Outflow,-60295.19,>1y,0.0,0.520694385488825,2024-01-20
CF1843,KY,DerivativesCF,Inflow,56593.0,8-30d,1.0,0.6652037999163136,2021-08-23
CF1844,GU,RetailDeposit,Outflow,-119413.06,181-365d,0.25,0.41122328853460877,2022-05-28
CF1845,BM,DerivativesCF,Inflow,137416.01,8-30d,1.0,0.19452847843103127,2022-10-01
CF1846,BM,LoanRepayment,Outflow,-181239.57,91-180d,0.5,0.33838000787991207,2023-07-24
CF1847,KY,CorporateDeposit,Inflow,175887.05,91-180d,0.5,0.7454138849124778,2020-12-25
CF1848,BM,RetailDeposit,Inflow,200972.37,8-30d,1.0,0.7716106291157467,2021-10-13
CF1849,BM,LoanRepayment,Outflow,-223595.35,2-7d,1.0,0.5777445856972893,2023-09-15
CF1850,GU,SecurityMaturity,Outflow,-278632.3,8-30d,1.0,0.8724534459265161,2020-11-21
CF1851,BM,DerivativesCF,Outflow,-127941.13,181-365d,0.25,0.6314630919695704,2024-02-29
CF1852,BM,CorporateDeposit,Outflow,-117946.67,181-365d,0.25,0.5223763932308577,2021-01-13
CF1853,KY,SecurityMaturity,Inflow,24489.67,<2d,1.0,0.770707629103404,2023-07-14
CF1854,BM,RetailDeposit,Outflow,-19322.65,31-90d,0.5,0.6972887618484,2020-10-31
CF1855,BM,LoanRepayment,Outflow,-358746.06,181-365d,0.25,0.38235226988012583,2023-09-06
CF1856,BM,LoanRepayment,Outflow,-324637.82,<2d,1.0,0.30086409463216424,2019-10-13
CF1857,KY,RetailDeposit,Outflow,-65358.04,31-90d,0.5,0.8441594648251041,2023-02-16
CF1858,BM,SecurityMaturity,Outflow,-117085.16,<2d,1.0,0.40981260393472063,2023-09-24
CF1859,BM,RetailDeposit,Inflow,44865.81,181-365d,0.25,0.9428448858461218,2023-04-10
CF1860,GU,LoanRepayment,Outflow,-386799.41,<2d,1.0,0.17727193340770253,2019-09-25
CF1861,BM,RetailDeposit,Inflow,31202.12,<2d,1.0,0.3209305059276534,2023-11-07
CF1862,BM,LoanRepayment,Inflow,410267.84,<2d,1.0,0.8922201968100336,2022-02-13
CF1863,GU,CorporateDeposit,Inflow,19168.71,8-30d,1.0,0.5923705281200193,2024-01-11
CF1864,BM,CommitmentDraw,Inflow,216025.55,8-30d,1.0,0.6906634848392538,2021-10-25
CF1865,KY,CommitmentDraw,Inflow,116059.07,91-180d,0.5,0.7541595384017241,2024-05-05
CF1866,BM,CommitmentDraw,Inflow,403084.8,>1y,0.0,0.8658622385885435,2021-01-14
CF1867,KY,SecurityMaturity,Inflow,57128.99,2-7d,1.0,0.34852342773296285,2021-11-02
CF1868,JE,CorporateDeposit,Outflow,-305895.13,<2d,1.0,0.02994360316984679,2022-02-06
CF1869,KY,DerivativesCF,Outflow,-191852.07,<2d,1.0,0.8283388256953759,2021-11-18
CF1870,KY,CommitmentDraw,Outflow,-104226.53,31-90d,0.5,0.49229503926563056,2021-11-05
CF1871,KY,DerivativesCF,Inflow,337283.24,91-180d,0.5,0.277822370767704,2021-12-22
CF1872,BM,SecurityMaturity,Outflow,-41882.99,181-365d,0.25,0.25098266203395836,2020-09-24
CF1873,KY,LoanRepayment,Outflow,-164966.5,91-180d,0.5,0.23596650831855703,2024-01-23
CF1874,BM,RetailDeposit,Inflow,55621.21,<2d,1.0,0.17893906513641578,2019-09-16
CF1875,KY,LoanRepayment,Outflow,-108848.97,31-90d,0.5,0.09065480797091852,2021-01-12
CF1876,BM,CorporateDeposit,Inflow,245891.45,91-180d,0.5,0.27096060613014394,2020-07-27
CF1877,KY,CorporateDeposit,Outflow,-395901.55,31-90d,0.5,0.21622156931087633,2023-04-12
CF1878,BM,RetailDeposit,Outflow,-120074.99,91-180d,0.5,0.3459771876986293,2024-04-09
CF1879,BM,RetailDeposit,Inflow,410935.31,31-90d,0.5,0.847287221880262,2021-01-16
CF1880,BM,LoanRepayment,Inflow,381147.42,>1y,0.0,0.0611599752766272,2024-03-25
CF1881,JE,LoanRepayment,Outflow,-87248.65,181-365d,0.25,0.5903965022736413,2020-12-08
CF1882,BM,RetailDeposit,Inflow,203414.32,2-7d,1.0,0.039985966022863195,2024-02-16
CF1883,GU,SecurityMaturity,Inflow,213249.04,2-7d,1.0,0.009122731960776176,2019-12-06
CF1884,JE,CommitmentDraw,Inflow,432524.3,>1y,0.0,0.6922202917994343,2022-12-01
CF1885,BM,CommitmentDraw,Inflow,153807.42,2-7d,1.0,0.23165543493941843,2022-06-05
CF1886,KY,CorporateDeposit,Inflow,52919.49,91-180d,0.5,0.06110519477540832,2020-11-09
CF1887,JE,CorporateDeposit,Inflow,137694.51,181-365d,0.25,0.9526626238401619,2020-03-19
CF1888,BM,LoanRepayment,Inflow,109441.56,91-180d,0.5,0.6026495398067057,2023-03-13
CF1889,BM,RetailDeposit,Inflow,6412.22,2-7d,1.0,0.014700778017310179,2022-01-29
CF1890,KY,DerivativesCF,Outflow,-292246.0,31-90d,0.5,0.6784844498944933,2019-07-26
CF1891,KY,CommitmentDraw,Inflow,381121.32,181-365d,0.25,0.0014281886144995593,2022-10-10
CF1892,KY,RetailDeposit,Inflow,199384.34,31-90d,0.5,0.15941084346133128,2021-10-06
CF1893,BM,DerivativesCF,Outflow,-341516.83,<2d,1.0,0.7391729014552503,2019-12-22
CF1894,KY,RetailDeposit,Outflow,-37733.02,181-365d,0.25,0.30390091230099514,2020-01-22
CF1895,BM,SecurityMaturity,Inflow,84057.8,<2d,1.0,0.877670778450308,2021-06-10
CF1896,BM,DerivativesCF,Inflow,298457.78,31-90d,0.5,0.21729491034849724,2024-02-29
CF1897,KY,LoanRepayment,Inflow,27956.77,2-7d,1.0,0.22883977172119285,2020-11-13
CF1898,JE,DerivativesCF,Inflow,38349.75,8-30d,1.0,0.554452941404134,2022-04-02
CF1899,BM,LoanRepayment,Outflow,-146538.88,<2d,1.0,0.608298268477361,2023-10-08
CF1900,BM,CorporateDeposit,Inflow,263156.5,2-7d,1.0,0.12451444650687071,2020-06-09
CF1901,BM,DerivativesCF,Outflow,-289133.88,>1y,0.0,0.18426708007664339,2021-06-25
CF1902,JE,CommitmentDraw,Inflow,369881.97,181-365d,0.25,0.27813267092089156,2022-05-22
CF1903,KY,CorporateDeposit,Inflow,164344.68,181-365d,0.25,0.5330982423379819,2021-12-30
CF1904,GU,SecurityMaturity,Inflow,192806.37,<2d,1.0,0.21656224177284633,2020-11-14
CF1905,KY,RetailDeposit,Inflow,91269.01,91-180d,0.5,0.6970159477103262,2021-08-02
CF1906,BM,CommitmentDraw,Inflow,67614.48,181-365d,0.25,0.5010821138762807,2020-08-10
CF1907,KY,RetailDeposit,Outflow,-63084.43,31-90d,0.5,0.12451004047558412,2019-07-07
CF1908,GU,DerivativesCF,Inflow,133166.48,>1y,0.0,0.6391034916182821,2023-01-19
CF1909,BM,RetailDeposit,Outflow,-367673.06,181-365d,0.25,0.293684772791583,2024-02-28
CF1910,KY,LoanRepayment,Outflow,-76704.82,2-7d,1.0,0.16484113872452566,2020-02-28
CF1911,KY,CorporateDeposit,Outflow,-182469.15,91-180d,0.5,0.9415322811711414,2022-12-13
CF1912,JE,SecurityMaturity,Inflow,163480.33,8-30d,1.0,0.44474701947206075,2021-02-02
CF1913,BM,SecurityMaturity,Outflow,-94711.34,>1y,0.0,0.8325626858561493,2022-02-05
CF1914,BM,DerivativesCF,Inflow,196467.46,<2d,1.0,0.10585771369619068,2020-04-05
CF1915,GU,CommitmentDraw,Outflow,-368636.47,31-90d,0.5,0.4817065517237682,2021-12-04
CF1916,BM,DerivativesCF,Inflow,326199.05,<2d,1.0,0.5500479923915457,2024-01-27
CF1917,BM,CorporateDeposit,Outflow,-150052.36,31-90d,0.5,0.20374021959857325,2020-05-07
CF1918,KY,CommitmentDraw,Inflow,156122.99,31-90d,0.5,0.7412125307580093,2023-04-06
CF1919,GU,SecurityMaturity,Inflow,224463.34,8-30d,1.0,0.5701929630917423,2022-11-18
CF1920,KY,DerivativesCF,Inflow,328780.47,91-180d,0.5,0.3819236282192717,2020-05-05
CF1921,BM,CorporateDeposit,Outflow,-172834.09,8-30d,1.0,0.09175867803677518,2021-11-26
CF1922,KY,CorporateDeposit,Outflow,-206089.53,2-7d,1.0,0.869054636782751,2020-11-23
CF1923,KY,CommitmentDraw,Outflow,-5113.17,181-365d,0.25,0.9628784081288757,2021-08-08
CF1924,GU,DerivativesCF,Outflow,-2778.49,>1y,0.0,0.7548925332100017,2023-11-29
CF1925,KY,LoanRepayment,Outflow,-179399.58,8-30d,1.0,0.4109012019357887,2019-09-15
CF1926,BM,CorporateDeposit,Outflow,-359267.04,8-30d,1.0,0.1664393811093593,2020-01-23
CF1927,BM,CommitmentDraw,Inflow,262133.18,8-30d,1.0,0.5084309943650368,2022-07-11
CF1928,KY,DerivativesCF,Outflow,-104873.99,8-30d,1.0,0.25511550163784347,2021-12-08
CF1929,GU,CommitmentDraw,Inflow,116918.57,181-365d,0.25,0.9064406515122408,2021-12-01
CF1930,GU,RetailDeposit,Outflow,-149803.34,91-180d,0.5,0.28133487861597584,2021-10-29
CF1931,KY,LoanRepayment,Outflow,-109228.47,31-90d,0.5,0.603723685144026,2020-12-16
CF1932,BM,CorporateDeposit,Outflow,-75983.37,181-365d,0.25,0.28929377301756953,2024-05-07
CF1933,BM,CorporateDeposit,Outflow,-94926.16,<2d,1.0,0.32752970891272837,2023-12-01
CF1934,JE,RetailDeposit,Inflow,355015.31,>1y,0.0,0.03836285087989677,2023-08-26
CF1935,BM,LoanRepayment,Outflow,-84950.66,31-90d,0.5,0.725599402005354,2021-03-15
CF1936,BM,CorporateDeposit,Outflow,-148569.47,2-7d,1.0,0.6945987645238166,2021-04-11
CF1937,KY,SecurityMaturity,Inflow,124074.5,181-365d,0.25,0.14545430184718366,2021-12-26
CF1938,BM,RetailDeposit,Inflow,262898.42,181-365d,0.25,0.9619050922529312,2022-06-10
CF1939,BM,CommitmentDraw,Inflow,287680.59,8-30d,1.0,0.7718466102239188,2020-12-25
CF1940,BM,RetailDeposit,Inflow,192610.52,2-7d,1.0,0.5243763376806047,2021-09-14
CF1941,BM,DerivativesCF,Inflow,33112.19,31-90d,0.5,0.579140883110358,2022-07-04
CF1942,BM,CommitmentDraw,Inflow,39438.98,31-90d,0.5,0.3778085496557404,2022-03-27
CF1943,JE,CommitmentDraw,Inflow,396268.9,8-30d,1.0,0.21383747260015984,2022-12-26
CF1944,KY,CorporateDeposit,Outflow,-36270.25,2-7d,1.0,0.7546027174643619,2021-08-31
CF1945,BM,CorporateDeposit,Inflow,2622.98,181-365d,0.25,0.39230874123250037,2024-05-13
CF1946,BM,LoanRepayment,Inflow,135141.66,2-7d,1.0,0.1983992089062947,2024-02-02
CF1947,KY,DerivativesCF,Outflow,-180917.67,<2d,1.0,0.8145115556714687,2022-03-22
CF1948,KY,SecurityMaturity,Inflow,261745.58,<2d,1.0,0.778166793066569,2022-08-03
CF1949,KY,CommitmentDraw,Inflow,228041.91,2-7d,1.0,0.6298020730443635,2023-11-25
CF1950,BM,SecurityMaturity,Inflow,46557.18,181-365d,0.25,0.24646115652059375,2022-02-23
CF1951,KY,SecurityMaturity,Outflow,-259768.13,<2d,1.0,0.828928402114159,2023-03-14
CF1952,BM,RetailDeposit,Outflow,-82559.69,31-90d,0.5,0.19431756310416948,2024-03-10
CF1953,BM,CorporateDeposit,Outflow,-204004.52,91-180d,0.5,0.8621629920629736,2023-11-03
CF1954,KY,SecurityMaturity,Inflow,113737.45,181-365d,0.25,0.9446680802590808,2020-06-16
CF1955,JE,CorporateDeposit,Inflow,89016.77,>1y,0.0,0.21153631846643417,2020-01-27
CF1956,BM,CommitmentDraw,Inflow,60611.44,2-7d,1.0,0.6087326123557882,2024-06-28
CF1957,KY,RetailDeposit,Outflow,-226271.54,31-90d,0.5,0.7494180830302831,2022-04-10
CF1958,BM,CommitmentDraw,Outflow,-119337.46,91-180d,0.5,0.3031010350844563,2023-11-11
CF1959,KY,LoanRepayment,Inflow,83571.2,181-365d,0.25,0.10764507275005752,2021-06-19
CF1960,BM,CommitmentDraw,Inflow,106282.15,91-180d,0.5,0.7610307372833198,2022-07-12
CF1961,BM,LoanRepayment,Inflow,268039.53,2-7d,1.0,0.12925463990714237,2021-03-30
CF1962,BM,CommitmentDraw,Outflow,-102981.8,8-30d,1.0,0.8175251133421566,2024-05-06
CF1963,BM,CommitmentDraw,Outflow,-306922.41,>1y,0.0,0.2774056113097896,2023-07-17
CF1964,KY,SecurityMaturity,Outflow,-207225.27,<2d,1.0,0.6008767683130937,2021-09-28
CF1965,KY,LoanRepayment,Outflow,-199132.96,31-90d,0.5,0.3960268732364496,2024-03-03
CF1966,BM,CorporateDeposit,Inflow,78444.57,>1y,0.0,0.9224972793628404,2023-06-15
CF1967,GU,RetailDeposit,Inflow,140296.6,<2d,1.0,0.07930841279407497,2020-08-04
CF1968,KY,RetailDeposit,Outflow,-155691.96,>1y,0.0,0.7015618665424571,2021-02-13
CF1969,KY,CorporateDeposit,Outflow,-153036.85,31-90d,0.5,0.509139434982527,2019-07-04
CF1970,BM,LoanRepayment,Inflow,279222.72,91-180d,0.5,0.5735340788315255,2021-07-25
CF1971,BM,RetailDeposit,Outflow,-106439.98,31-90d,0.5,0.2685530691666421,2022-12-24
CF1972,GU,LoanRepayment,Outflow,-50409.98,181-365d,0.25,0.4834828643249186,2023-07-02
CF1973,BM,RetailDeposit,Outflow,-73682.11,2-7d,1.0,0.9832438230327016,2022-11-21
CF1974,BM,CommitmentDraw,Inflow,203085.46,2-7d,1.0,0.41417852220127105,2024-03-30
CF1975,KY,CorporateDeposit,Inflow,328822.09,31-90d,0.5,0.6966650354346495,2023-09-11
CF1976,KY,DerivativesCF,Inflow,205580.92,91-180d,0.5,0.3994162594814433,2021-02-23
CF1977,BM,DerivativesCF,Outflow,-105847.0,>1y,0.0,0.9526251313581802,2021-04-27
CF1978,KY,SecurityMaturity,Outflow,-265045.57,2-7d,1.0,0.1353330933677357,2022-11-08
CF1979,KY,SecurityMaturity,Outflow,-141020.33,2-7d,1.0,0.9158928599350133,2024-04-24
CF1980,KY,SecurityMaturity,Outflow,-92800.91,<2d,1.0,0.40128550163971777,2019-07-12
CF1981,KY,CommitmentDraw,Outflow,-273738.79,181-365d,0.25,0.44573479470415645,2019-08-22
CF1982,KY,CorporateDeposit,Outflow,-100652.9,91-180d,0.5,0.026920486757805118,2021-09-05
CF1983,GU,RetailDeposit,Outflow,-30684.88,>1y,0.0,0.5118256187825216,2023-11-02
CF1984,BM,CorporateDeposit,Inflow,91558.82,<2d,1.0,0.5313645842761094,2024-04-24
CF1985,BM,CommitmentDraw,Inflow,329067.85,181-365d,0.25,0.5333159923251263,2021-03-30
CF1986,JE,DerivativesCF,Inflow,10269.43,2-7d,1.0,0.9632778305412043,2023-04-02
CF1987,JE,CorporateDeposit,Inflow,244924.48,8-30d,1.0,0.2599558801208135,2023-09-02
CF1988,KY,LoanRepayment,Inflow,307739.74,2-7d,1.0,0.15015510119760467,2024-04-01
CF1989,BM,DerivativesCF,Inflow,381252.15,8-30d,1.0,0.930919575127756,2020-01-01
CF1990,BM,CorporateDeposit,Inflow,43389.35,<2d,1.0,0.4823504357405194,2020-12-20
CF1991,BM,DerivativesCF,Outflow,-13375.46,2-7d,1.0,0.24255128725884745,2020-09-04
CF1992,BM,LoanRepayment,Inflow,159684.67,91-180d,0.5,0.221559784457957,2022-03-14
CF1993,BM,RetailDeposit,Outflow,-214080.45,<2d,1.0,0.6857409729009067,2020-07-01
CF1994,KY,SecurityMaturity,Inflow,4593.39,2-7d,1.0,0.6454267376053834,2020-06-09
CF1995,BM,CommitmentDraw,Outflow,-135958.81,181-365d,0.25,0.3699877834452273,2022-10-03
CF1996,KY,CorporateDeposit,Inflow,208411.87,2-7d,1.0,0.3691053019059054,2023-05-25
CF1997,KY,SecurityMaturity,Outflow,-279196.35,181-365d,0.25,0.8233879514363283,2024-03-08
CF1998,BM,LoanRepayment,Outflow,-90491.54,2-7d,1.0,0.7463668765204065,2020-09-27
CF1999,BM,SecurityMaturity,Outflow,-1144.25,31-90d,0.5,0.971320165397805,2021-01-23
CF2000,KY,RetailDeposit,Outflow,-111218.6,>1y,0.0,0.795390872449007,2022-10-01
CF2001,KY,RetailDeposit,Outflow,-21171.12,31-90d,0.5,0.6996433707263738,2024-03-19
CF2002,JE,SecurityMaturity,Outflow,-60177.3,2-7d,1.0,0.4299141152093465,2020-10-14
CF2003,KY,LoanRepayment,Inflow,11730.0,>1y,0.0,0.3910546520420779,2023-01-08
CF2004,BM,CommitmentDraw,Outflow,-132929.63,8-30d,1.0,0.11306282851555649,2024-03-31
CF2005,GU,CorporateDeposit,Inflow,190839.12,>1y,0.0,0.07616303905075794,2021-10-02
CF2006,GU,CorporateDeposit,Outflow,-46973.37,31-90d,0.5,0.2511264472828383,2021-01-12
CF2007,BM,RetailDeposit,Outflow,-103138.62,181-365d,0.25,0.04269096754874324,2022-08-24
CF2008,BM,SecurityMaturity,Inflow,79047.89,<2d,1.0,0.8471487975889083,2020-02-18
CF2009,GU,CorporateDeposit,Outflow,-144068.05,>1y,0.0,0.01004835059178344,2021-12-20
CF2010,BM,LoanRepayment,Outflow,-196986.72,>1y,0.0,0.11057950136800188,2022-04-09
CF2011,BM,LoanRepayment,Inflow,35349.56,181-365d,0.25,0.8772639873307972,2019-12-19
CF2012,BM,DerivativesCF,Outflow,-432709.69,31-90d,0.5,0.9192158075466599,2020-03-27
CF2013,GU,RetailDeposit,Inflow,54094.98,8-30d,1.0,0.6669474416721984,2021-03-20
CF2014,BM,SecurityMaturity,Inflow,153353.78,91-180d,0.5,0.3403787416159807,2022-09-14
CF2015,BM,CorporateDeposit,Inflow,266203.12,>1y,0.0,0.8318114271003041,2023-07-06
CF2016,BM,SecurityMaturity,Outflow,-318882.18,>1y,0.0,0.5598756597195036,2021-10-11
CF2017,BM,RetailDeposit,Outflow,-399175.28,91-180d,0.5,0.19181416685785946,2024-01-25
CF2018,KY,LoanRepayment,Inflow,277395.2,>1y,0.0,0.019287284001299754,2023-11-10
CF2019,BM,CommitmentDraw,Outflow,-285742.96,2-7d,1.0,0.39098387958027436,2023-07-16
CF2020,KY,DerivativesCF,Outflow,-110091.55,181-365d,0.25,0.9839380588873226,2024-01-24
CF2021,KY,CorporateDeposit,Outflow,-79565.71,31-90d,0.5,0.08070653158582708,2020-03-21
CF2022,BM,DerivativesCF,Outflow,-112131.52,2-7d,1.0,0.023852104870775936,2023-09-14
CF2023,BM,LoanRepayment,Inflow,190001.06,8-30d,1.0,0.14438685564731757,2024-02-07
CF2024,KY,SecurityMaturity,Outflow,-227975.16,91-180d,0.5,0.34559747696042853,2022-04-23
CF2025,KY,LoanRepayment,Inflow,13105.75,<2d,1.0,0.9473995639444449,2020-09-08
CF2026,BM,CommitmentDraw,Outflow,-59729.23,31-90d,0.5,0.8455752121276233,2023-01-18
CF2027,JE,LoanRepayment,Outflow,-135297.71,>1y,0.0,0.630120814218754,2019-10-14
CF2028,JE,DerivativesCF,Outflow,-3401.5,91-180d,0.5,0.24685890590178106,2019-08-30
CF2029,KY,RetailDeposit,Inflow,344465.13,2-7d,1.0,0.6683238803325338,2021-09-11
CF2030,KY,CorporateDeposit,Outflow,-303808.13,91-180d,0.5,0.1841571920476548,2020-10-12
CF2031,BM,CorporateDeposit,Inflow,211932.07,8-30d,1.0,0.8746945394542345,2020-05-21
CF2032,GU,SecurityMaturity,Outflow,-271799.85,>1y,0.0,0.7778023204094466,2021-08-18
CF2033,BM,CommitmentDraw,Outflow,-472814.07,2-7d,1.0,0.7265659262952039,2023-11-13
CF2034,GU,DerivativesCF,Inflow,327423.62,8-30d,1.0,0.55782112040019,2023-06-23
CF2035,BM,DerivativesCF,Outflow,-128189.95,>1y,0.0,0.2397992792166328,2022-03-22
CF2036,KY,RetailDeposit,Inflow,73530.68,31-90d,0.5,0.5138706579683763,2021-06-16
CF2037,KY,LoanRepayment,Inflow,20163.44,<2d,1.0,0.38952140807300717,2022-02-27
CF2038,BM,RetailDeposit,Inflow,348317.47,8-30d,1.0,0.08459871730041713,2024-03-21
CF2039,GU,SecurityMaturity,Outflow,-356263.38,2-7d,1.0,0.08318863541510646,2022-06-15
CF2040,KY,CommitmentDraw,Outflow,-82212.2,<2d,1.0,0.7296415940969979,2022-03-16
CF2041,GU,LoanRepayment,Outflow,-205093.89,181-365d,0.25,0.9877941363232833,2021-11-10
CF2042,BM,CorporateDeposit,Outflow,-441082.33,>1y,0.0,0.01917761678158414,2021-05-10
CF2043,BM,CorporateDeposit,Inflow,166851.33,<2d,1.0,0.4837105630110847,2021-12-17
CF2044,BM,CorporateDeposit,Inflow,34944.42,>1y,0.0,0.9140385091542033,2020-09-02
CF2045,BM,SecurityMaturity,Outflow,-145471.18,<2d,1.0,0.5249339321069995,2022-11-17
CF2046,GU,SecurityMaturity,Outflow,-121853.76,31-90d,0.5,0.31636776608241446,2019-11-09
CF2047,BM,CorporateDeposit,Outflow,-252941.76,91-180d,0.5,0.38649304481174784,2020-12-16
CF2048,KY,CommitmentDraw,Outflow,-101769.56,2-7d,1.0,0.7216832020788065,2020-07-21
CF2049,KY,DerivativesCF,Inflow,4380.41,91-180d,0.5,0.09122531819539115,2022-08-29
CF2050,BM,SecurityMaturity,Inflow,341810.54,8-30d,1.0,0.36101109774190365,2020-05-04
CF2051,KY,CommitmentDraw,Outflow,-164519.37,2-7d,1.0,0.5434630719609101,2020-05-30
CF2052,BM,SecurityMaturity,Inflow,138412.08,>1y,0.0,0.15503724930570306,2020-05-25
CF2053,GU,DerivativesCF,Inflow,75708.17,91-180d,0.5,0.8752469555640768,2023-04-19
CF2054,KY,RetailDeposit,Outflow,-187032.16,2-7d,1.0,0.4338102575606885,2020-09-09
CF2055,BM,DerivativesCF,Inflow,156905.62,31-90d,0.5,0.4864255479020858,2024-01-07
CF2056,JE,LoanRepayment,Inflow,174576.71,>1y,0.0,0.8355127976013091,2021-01-25
CF2057,BM,CommitmentDraw,Outflow,-187046.04,91-180d,0.5,0.38492568891524337,2022-03-01
CF2058,KY,RetailDeposit,Inflow,188823.49,<2d,1.0,0.6347545997322654,2021-03-11
CF2059,KY,RetailDeposit,Outflow,-26529.65,>1y,0.0,0.05784408498142701,2021-02-18
CF2060,KY,RetailDeposit,Outflow,-69724.65,91-180d,0.5,0.7432694138029615,2023-01-09
CF2061,KY,CorporateDeposit,Inflow,106753.39,<2d,1.0,0.7619523686589734,2022-04-16
CF2062,BM,CorporateDeposit,Inflow,334114.38,181-365d,0.25,0.29352464720807014,2022-12-28
CF2063,BM,CorporateDeposit,Inflow,107135.49,>1y,0.0,0.9795388346448818,2023-06-16
CF2064,BM,LoanRepayment,Outflow,-140546.71,31-90d,0.5,0.30297304787587964,2023-09-26
CF2065,KY,CorporateDeposit,Inflow,233563.41,31-90d,0.5,0.6671646593133336,2020-08-18
CF2066,KY,SecurityMaturity,Outflow,-140615.52,181-365d,0.25,0.3243375344251498,2023-06-29
CF2067,JE,RetailDeposit,Inflow,249456.3,2-7d,1.0,0.8849287234505117,2020-01-04
CF2068,JE,CorporateDeposit,Inflow,150164.43,8-30d,1.0,0.9553554400738964,2023-09-05
CF2069,BM,RetailDeposit,Outflow,-136153.89,8-30d,1.0,0.2683278019123676,2022-04-19
CF2070,GU,CorporateDeposit,Inflow,696533.13,91-180d,0.5,0.9830095049714335,2020-02-21
CF2071,BM,SecurityMaturity,Inflow,760883.27,>1y,0.0,0.05283805045961565,2023-01-28
CF2072,BM,CommitmentDraw,Outflow,-188776.94,8-30d,1.0,0.4702808352896576,2020-10-07
CF2073,BM,CommitmentDraw,Outflow,-56560.81,31-90d,0.5,0.6716777003741404,2020-02-14
CF2074,BM,RetailDeposit,Outflow,-292642.95,>1y,0.0,0.9748619001381017,2021-06-07
CF2075,BM,LoanRepayment,Inflow,429201.1,31-90d,0.5,0.5297779702198471,2019-10-29
CF2076,GU,RetailDeposit,Outflow,-243493.79,91-180d,0.5,0.22561201083049498,2023-03-28
CF2077,KY,SecurityMaturity,Outflow,-223723.78,2-7d,1.0,0.10309717838521926,2019-12-09
CF2078,BM,CommitmentDraw,Outflow,-193589.2,181-365d,0.25,0.6840584726297978,2022-08-02
CF2079,KY,CorporateDeposit,Outflow,-263654.53,>1y,0.0,0.3300409341312449,2020-11-25
CF2080,BM,CommitmentDraw,Outflow,-269308.08,91-180d,0.5,0.9776788506570749,2022-10-15
CF2081,BM,CommitmentDraw,Outflow,-102069.04,31-90d,0.5,0.3250999293666006,2023-12-22
CF2082,BM,CorporateDeposit,Inflow,285598.54,91-180d,0.5,0.3138478138888239,2020-10-21
CF2083,KY,CorporateDeposit,Inflow,225973.69,<2d,1.0,0.39035895425541856,2020-05-13
CF2084,BM,CommitmentDraw,Outflow,-379190.66,91-180d,0.5,0.2755523557091374,2024-01-04
CF2085,BM,SecurityMaturity,Outflow,-258534.31,91-180d,0.5,0.9350323871351265,2022-08-25
CF2086,GU,SecurityMaturity,Outflow,-57559.53,8-30d,1.0,0.0944560018178735,2023-04-12
CF2087,KY,CommitmentDraw,Inflow,176891.13,31-90d,0.5,0.27892051474454405,2019-09-09
CF2088,BM,RetailDeposit,Inflow,176544.91,91-180d,0.5,0.19739609429509652,2022-05-18
CF2089,GU,SecurityMaturity,Inflow,24442.51,31-90d,0.5,0.9207589028269884,2020-11-10
CF2090,BM,DerivativesCF,Inflow,28205.44,>1y,0.0,0.8847745535623568,2021-01-10
CF2091,KY,DerivativesCF,Outflow,-178046.67,>1y,0.0,0.20588748646776767,2022-05-16
CF2092,BM,SecurityMaturity,Outflow,-28700.88,>1y,0.0,0.8468019340576881,2022-03-22
CF2093,KY,CorporateDeposit,Outflow,-309707.91,<2d,1.0,0.13794904411931663,2023-05-23
CF2094,BM,LoanRepayment,Outflow,-152850.92,31-90d,0.5,0.7173163843208379,2021-04-16
CF2095,KY,LoanRepayment,Inflow,451556.86,181-365d,0.25,0.7223689446450464,2020-08-25
CF2096,GU,CorporateDeposit,Inflow,242313.3,<2d,1.0,0.8714563086021867,2021-12-21
CF2097,BM,LoanRepayment,Inflow,110482.77,181-365d,0.25,0.543652062879829,2023-05-24
CF2098,BM,CorporateDeposit,Outflow,-133208.57,181-365d,0.25,0.7547978931049655,2022-11-01
CF2099,BM,SecurityMaturity,Inflow,6847.99,91-180d,0.5,0.4969675508789334,2023-08-17
CF2100,BM,SecurityMaturity,Inflow,358185.65,31-90d,0.5,0.18911757129241402,2021-11-15
CF2101,KY,CommitmentDraw,Outflow,-233074.75,31-90d,0.5,0.46338605230237506,2022-12-19
CF2102,BM,RetailDeposit,Inflow,454353.98,2-7d,1.0,0.9476790485514279,2019-09-09
CF2103,KY,CorporateDeposit,Outflow,-230024.46,2-7d,1.0,0.9483667884170328,2020-11-16
CF2104,GU,DerivativesCF,Outflow,-71241.13,<2d,1.0,0.6638818947767128,2019-10-12
CF2105,BM,DerivativesCF,Outflow,-152469.82,31-90d,0.5,0.5019902958788225,2023-12-24
CF2106,KY,CommitmentDraw,Inflow,250384.24,181-365d,0.25,0.529381785932458,2021-04-07
CF2107,JE,LoanRepayment,Outflow,-181035.19,<2d,1.0,0.9650141653553356,2022-01-04
CF2108,BM,LoanRepayment,Outflow,-339084.22,2-7d,1.0,0.14200475528149614,2023-12-07
CF2109,KY,DerivativesCF,Outflow,-153964.15,<2d,1.0,0.8274168586517172,2022-06-13
CF2110,BM,DerivativesCF,Outflow,-212037.02,91-180d,0.5,0.46396593934493546,2022-08-31
CF2111,KY,CorporateDeposit,Inflow,184809.9,<2d,1.0,0.4580259073333369,2023-03-07
CF2112,KY,RetailDeposit,Outflow,-177921.4,2-7d,1.0,0.17697707846494015,2022-10-28
CF2113,BM,LoanRepayment,Inflow,104708.39,8-30d,1.0,0.0008980686307441532,2024-01-03
CF2114,BM,SecurityMaturity,Outflow,-20028.76,2-7d,1.0,0.8692245930705,2020-05-24
CF2115,JE,CommitmentDraw,Inflow,133129.35,2-7d,1.0,0.45596362346318253,2022-11-05
CF2116,BM,SecurityMaturity,Inflow,168238.51,2-7d,1.0,0.576107413661513,2024-01-23
CF2117,KY,CommitmentDraw,Inflow,1393.97,91-180d,0.5,0.02339059073560612,2024-02-19
CF2118,BM,CorporateDeposit,Inflow,257314.0,31-90d,0.5,0.12902531406529216,2020-03-28
CF2119,BM,CommitmentDraw,Outflow,-102965.85,8-30d,1.0,0.14222337143835595,2024-01-08
CF2120,BM,LoanRepayment,Outflow,-23118.05,181-365d,0.25,0.12214156348749294,2019-08-24
CF2121,BM,CommitmentDraw,Outflow,-59977.38,2-7d,1.0,0.5504444703997775,2020-12-11
CF2122,JE,CorporateDeposit,Inflow,3349.05,91-180d,0.5,0.6679494532868022,2022-09-07
CF2123,BM,SecurityMaturity,Inflow,220855.07,8-30d,1.0,0.43034053178873377,2021-06-11
CF2124,JE,CommitmentDraw,Outflow,-22183.71,91-180d,0.5,0.8635579294487968,2020-09-19
CF2125,BM,DerivativesCF,Outflow,-168345.94,2-7d,1.0,0.5941264390969245,2023-10-02
CF2126,JE,DerivativesCF,Outflow,-190267.9,91-180d,0.5,0.13747001355245825,2020-06-05
CF2127,BM,DerivativesCF,Outflow,-285198.95,8-30d,1.0,0.933972483857469,2020-08-22
CF2128,BM,DerivativesCF,Outflow,-428856.42,<2d,1.0,0.2754754787249323,2022-10-18
CF2129,KY,CommitmentDraw,Inflow,60956.68,8-30d,1.0,0.8085151092054039,2021-05-17
CF2130,KY,CommitmentDraw,Outflow,-212468.64,31-90d,0.5,0.4810358837472041,2023-12-09
CF2131,KY,CommitmentDraw,Outflow,-532214.19,>1y,0.0,0.7653737550366854,2021-08-12
CF2132,KY,CorporateDeposit,Outflow,-23805.4,<2d,1.0,0.5451506305903087,2022-06-05
CF2133,KY,CorporateDeposit,Inflow,169484.12,8-30d,1.0,0.7023041046909356,2023-11-25
CF2134,BM,CommitmentDraw,Inflow,13293.51,8-30d,1.0,0.04977196350788349,2022-02-25
CF2135,BM,CorporateDeposit,Outflow,-36777.85,8-30d,1.0,0.2625557478328795,2021-08-06
CF2136,BM,CorporateDeposit,Inflow,138226.17,31-90d,0.5,0.1892839817528883,2022-03-05
CF2137,KY,SecurityMaturity,Outflow,-77080.32,31-90d,0.5,0.04887586606416172,2024-01-15
CF2138,BM,RetailDeposit,Inflow,28880.51,31-90d,0.5,0.47257454953497957,2022-09-17
CF2139,BM,SecurityMaturity,Inflow,40132.67,8-30d,1.0,0.20475125666204153,2020-09-03
CF2140,KY,CommitmentDraw,Inflow,29140.7,<2d,1.0,0.390655044783924,2020-01-19
CF2141,GU,SecurityMaturity,Inflow,134611.46,181-365d,0.25,0.6048541887525074,2021-11-12
CF2142,BM,CommitmentDraw,Outflow,-168286.93,<2d,1.0,0.5510994246351051,2023-01-16
CF2143,BM,DerivativesCF,Inflow,234028.97,31-90d,0.5,0.3050059320700209,2020-04-11
CF2144,BM,CorporateDeposit,Outflow,-118334.45,>1y,0.0,0.79130550185592,2019-12-27
CF2145,BM,SecurityMaturity,Inflow,317779.14,<2d,1.0,0.4743080021173042,2020-01-27
CF2146,GU,DerivativesCF,Inflow,250895.26,91-180d,0.5,0.0894899435084936,2022-10-20
CF2147,BM,CommitmentDraw,Inflow,426039.36,>1y,0.0,0.7559899294260816,2022-04-28
CF2148,GU,CorporateDeposit,Outflow,-26926.63,91-180d,0.5,0.0873557536767594,2021-03-02
CF2149,KY,CorporateDeposit,Outflow,-138995.68,31-90d,0.5,0.3517700995818309,2019-09-16
CF2150,BM,DerivativesCF,Inflow,430742.73,<2d,1.0,0.1834259697516759,2022-02-01
CF2151,KY,RetailDeposit,Inflow,270339.53,2-7d,1.0,0.505920057384656,2021-01-16
CF2152,JE,CommitmentDraw,Outflow,-162926.0,>1y,0.0,0.48019259440001527,2022-05-20
CF2153,KY,CommitmentDraw,Outflow,-167191.6,31-90d,0.5,0.08991423628749162,2021-12-17
CF2154,KY,DerivativesCF,Inflow,277189.99,8-30d,1.0,0.8859771735842773,2022-05-04
CF2155,BM,LoanRepayment,Inflow,169737.69,181-365d,0.25,0.18746249147086658,2024-06-01
CF2156,GU,DerivativesCF,Outflow,-333170.87,>1y,0.0,0.025211872075718622,2019-11-24
CF2157,KY,LoanRepayment,Inflow,169047.61,2-7d,1.0,0.9671224000852655,2023-02-11
CF2158,KY,LoanRepayment,Inflow,19923.24,<2d,1.0,0.40858546890667313,2022-09-01
CF2159,BM,SecurityMaturity,Inflow,102250.64,>1y,0.0,0.13308452235457857,2019-10-19
CF2160,KY,LoanRepayment,Inflow,101824.91,<2d,1.0,0.7644790868240795,2020-07-16
CF2161,KY,CommitmentDraw,Outflow,-240914.31,2-7d,1.0,0.24192012501256088,2022-12-22
CF2162,BM,SecurityMaturity,Outflow,-167822.32,<2d,1.0,0.1246484839974128,2023-10-17
CF2163,BM,LoanRepayment,Inflow,35750.26,>1y,0.0,0.40612059881165063,2022-12-02
CF2164,KY,DerivativesCF,Inflow,51771.85,8-30d,1.0,0.8449480452698424,2020-12-14
CF2165,KY,RetailDeposit,Outflow,-158638.13,<2d,1.0,0.8659843586839953,2023-01-19
CF2166,BM,CommitmentDraw,Inflow,134307.76,2-7d,1.0,0.921696953766392,2020-04-12
CF2167,KY,SecurityMaturity,Inflow,274180.56,<2d,1.0,0.6234728155512301,2023-05-25
CF2168,KY,RetailDeposit,Inflow,143517.06,31-90d,0.5,0.7289439903209193,2023-04-11
CF2169,BM,LoanRepayment,Outflow,-63850.56,91-180d,0.5,0.8271226624044996,2023-08-07
CF2170,KY,CorporateDeposit,Outflow,-32192.95,91-180d,0.5,0.2660712754274621,2023-06-08
CF2171,JE,CorporateDeposit,Inflow,42790.93,<2d,1.0,0.4467526057130228,2021-01-12
CF2172,JE,SecurityMaturity,Inflow,86644.53,91-180d,0.5,0.942523501693325,2021-08-17
CF2173,JE,LoanRepayment,Outflow,-111199.19,2-7d,1.0,0.44770971253228087,2023-05-12
CF2174,KY,CommitmentDraw,Outflow,-78945.85,8-30d,1.0,0.6817682686164774,2020-09-25
CF2175,KY,RetailDeposit,Inflow,260271.01,8-30d,1.0,0.9121352495450197,2019-08-12
CF2176,KY,SecurityMaturity,Inflow,185349.36,91-180d,0.5,0.6145291752319654,2022-03-15
CF2177,KY,DerivativesCF,Inflow,97511.59,2-7d,1.0,0.9659521538182124,2022-04-20
CF2178,GU,DerivativesCF,Outflow,-427377.95,181-365d,0.25,0.18794987151362197,2023-09-01
CF2179,BM,CommitmentDraw,Inflow,136089.87,2-7d,1.0,0.5185030177718014,2020-08-02
CF2180,BM,CommitmentDraw,Inflow,160539.39,8-30d,1.0,0.6473672406153201,2022-03-20
CF2181,KY,CorporateDeposit,Outflow,-300627.41,2-7d,1.0,0.2329993191652724,2021-09-05
CF2182,BM,SecurityMaturity,Inflow,171409.11,31-90d,0.5,0.2064844206686861,2019-12-11
CF2183,JE,SecurityMaturity,Outflow,-142790.59,<2d,1.0,0.5755965996881419,2022-06-02
CF2184,BM,CommitmentDraw,Inflow,302271.09,>1y,0.0,0.3917089676380189,2022-07-30
CF2185,KY,LoanRepayment,Inflow,127159.53,91-180d,0.5,0.28701039143073537,2023-05-28
CF2186,BM,LoanRepayment,Inflow,71074.83,91-180d,0.5,0.4597016630507841,2019-12-22
CF2187,KY,DerivativesCF,Outflow,-172132.43,<2d,1.0,0.5946319811259754,2021-07-29
CF2188,BM,CommitmentDraw,Outflow,-576921.63,91-180d,0.5,0.18359060488724277,2023-10-11
CF2189,BM,SecurityMaturity,Inflow,154390.62,91-180d,0.5,0.1595198478531068,2023-03-06
CF2190,GU,DerivativesCF,Inflow,22971.68,>1y,0.0,0.40735940569930706,2021-04-12
CF2191,KY,CorporateDeposit,Outflow,-153423.17,181-365d,0.25,0.2663352555013003,2021-07-30
CF2192,BM,CommitmentDraw,Outflow,-148351.93,8-30d,1.0,0.933833592337318,2022-12-12
CF2193,KY,CorporateDeposit,Outflow,-237804.22,<2d,1.0,0.5300811252989273,2020-07-26
CF2194,GU,LoanRepayment,Outflow,-469055.14,>1y,0.0,0.1317322421682261,2023-04-08
CF2195,BM,DerivativesCF,Outflow,-309864.91,<2d,1.0,0.23771331861830824,2020-07-18
CF2196,BM,RetailDeposit,Outflow,-53442.59,<2d,1.0,0.7715789381799332,2022-07-02
CF2197,BM,RetailDeposit,Inflow,23909.2,8-30d,1.0,0.11124527711408516,2021-03-31
CF2198,KY,SecurityMaturity,Inflow,43621.14,31-90d,0.5,0.5685397829009133,2023-09-03
CF2199,JE,DerivativesCF,Outflow,-43110.6,8-30d,1.0,0.33375385141092007,2022-06-23
CF2200,BM,LoanRepayment,Inflow,57388.5,31-90d,0.5,0.25392873890758094,2024-05-15
CF2201,BM,CommitmentDraw,Outflow,-131419.18,>1y,0.0,0.5111626221434319,2020-09-28
CF2202,KY,CommitmentDraw,Outflow,-15703.31,181-365d,0.25,0.06906154276560916,2021-11-21
CF2203,BM,LoanRepayment,Inflow,144344.81,>1y,0.0,0.8337878950447938,2023-02-01
CF2204,KY,CorporateDeposit,Inflow,119197.93,31-90d,0.5,0.27238882125539277,2024-03-20
CF2205,GU,CommitmentDraw,Outflow,-313383.16,31-90d,0.5,0.12882436615178738,2019-07-22
CF2206,KY,DerivativesCF,Inflow,185896.05,31-90d,0.5,0.0036416510780310496,2021-10-04
CF2207,BM,CommitmentDraw,Inflow,244426.04,8-30d,1.0,0.7021687396923536,2024-06-30
CF2208,BM,CommitmentDraw,Inflow,160273.26,91-180d,0.5,0.6724915464441904,2020-10-27
CF2209,GU,RetailDeposit,Inflow,169933.1,8-30d,1.0,0.510936040445021,2021-01-05
CF2210,BM,SecurityMaturity,Outflow,-402440.62,>1y,0.0,0.27604244926224075,2023-07-19
CF2211,GU,CorporateDeposit,Inflow,27098.92,>1y,0.0,0.8540134313014593,2022-12-04
CF2212,BM,LoanRepayment,Outflow,-121248.8,>1y,0.0,0.8031991891830541,2020-06-04
CF2213,BM,CommitmentDraw,Inflow,160648.99,<2d,1.0,0.8127108617806278,2020-05-06
CF2214,KY,DerivativesCF,Outflow,-14572.53,<2d,1.0,0.9649833415621673,2023-08-22
CF2215,BM,RetailDeposit,Inflow,46975.21,91-180d,0.5,0.5106720325741638,2021-03-15
CF2216,GU,RetailDeposit,Outflow,-144058.03,2-7d,1.0,0.6976754513378143,2020-04-02
CF2217,BM,RetailDeposit,Inflow,19321.13,181-365d,0.25,0.8130079355337658,2024-06-22
CF2218,KY,LoanRepayment,Outflow,-119399.86,2-7d,1.0,0.12899314412223806,2024-03-31
CF2219,GU,RetailDeposit,Inflow,320116.92,<2d,1.0,0.315112205330611,2022-10-17
CF2220,BM,CommitmentDraw,Inflow,5744.52,31-90d,0.5,0.42625099009417733,2019-11-07
CF2221,KY,DerivativesCF,Inflow,114185.13,>1y,0.0,0.2885866541387956,2021-04-16
CF2222,KY,LoanRepayment,Outflow,-47770.52,<2d,1.0,0.5766016911982811,2022-09-10
CF2223,BM,DerivativesCF,Inflow,38583.66,2-7d,1.0,0.5335136619965202,2023-06-12
CF2224,KY,LoanRepayment,Outflow,-260115.39,181-365d,0.25,0.5316156286247453,2021-01-22
CF2225,BM,CommitmentDraw,Outflow,-150634.37,31-90d,0.5,0.4880823181739107,2020-03-07
CF2226,BM,DerivativesCF,Inflow,223693.12,8-30d,1.0,0.7908147195342113,2022-11-29
CF2227,BM,SecurityMaturity,Inflow,268473.22,8-30d,1.0,0.916376991071696,2023-03-14
CF2228,BM,CorporateDeposit,Inflow,245326.43,2-7d,1.0,0.18518682057856084,2020-02-22
CF2229,KY,DerivativesCF,Outflow,-119284.66,>1y,0.0,0.8655061548318644,2022-10-10
CF2230,GU,LoanRepayment,Inflow,340719.52,181-365d,0.25,0.7942048070079609,2024-02-16
CF2231,JE,CorporateDeposit,Inflow,331866.34,91-180d,0.5,0.20857199754678835,2020-07-01
CF2232,KY,RetailDeposit,Outflow,-19356.06,8-30d,1.0,0.6912140416940682,2021-05-12
CF2233,BM,CorporateDeposit,Inflow,78840.96,2-7d,1.0,0.367165698831594,2024-04-07
CF2234,KY,RetailDeposit,Outflow,-33154.39,<2d,1.0,0.33549894997071994,2022-03-23
CF2235,GU,LoanRepayment,Outflow,-20579.85,181-365d,0.25,0.4669898565589933,2020-10-15
CF2236,KY,DerivativesCF,Inflow,63378.84,>1y,0.0,0.3320313243338263,2024-04-07
CF2237,BM,CommitmentDraw,Inflow,189576.31,2-7d,1.0,0.7180551749140174,2021-04-28
CF2238,GU,LoanRepayment,Outflow,-5923.48,2-7d,1.0,0.02683506781565792,2023-10-31
CF2239,KY,CommitmentDraw,Inflow,483208.38,31-90d,0.5,0.1459406402774328,2019-07-17
CF2240,JE,CorporateDeposit,Outflow,-214901.83,181-365d,0.25,0.8598888171007799,2022-11-25
CF2241,KY,CorporateDeposit,Inflow,368445.56,181-365d,0.25,0.15694933472396522,2020-04-15
CF2242,KY,CommitmentDraw,Inflow,232713.35,181-365d,0.25,0.48053664525229445,2019-10-27
CF2243,BM,CommitmentDraw,Inflow,325233.39,31-90d,0.5,0.8333002498503214,2019-11-30
CF2244,GU,RetailDeposit,Inflow,38360.94,2-7d,1.0,0.18938006031223487,2020-12-27
CF2245,KY,RetailDeposit,Outflow,-295245.55,>1y,0.0,0.49016687530323255,2020-01-03
CF2246,KY,SecurityMaturity,Outflow,-143789.15,31-90d,0.5,0.5944419977959323,2020-10-07
CF2247,KY,CorporateDeposit,Inflow,24480.42,2-7d,1.0,0.6418452634585584,2024-02-14
CF2248,JE,SecurityMaturity,Inflow,57646.53,91-180d,0.5,0.3743711979039379,2020-12-08
CF2249,KY,CommitmentDraw,Outflow,-89416.44,181-365d,0.25,0.04428531526999002,2024-01-09
CF2250,GU,RetailDeposit,Outflow,-82893.22,181-365d,0.25,0.5760818074186499,2021-06-12
CF2251,JE,RetailDeposit,Outflow,-39769.05,>1y,0.0,0.46489600721266544,2023-08-20
CF2252,BM,DerivativesCF,Outflow,-315613.32,>1y,0.0,0.8290430851362831,2021-05-17
CF2253,GU,DerivativesCF,Inflow,187857.7,2-7d,1.0,0.63134392434476,2020-09-07
CF2254,JE,CommitmentDraw,Inflow,185597.11,31-90d,0.5,0.3240371935510524,2023-09-17
CF2255,GU,LoanRepayment,Inflow,432253.52,>1y,0.0,0.029077600841661555,2021-12-22
CF2256,GU,CorporateDeposit,Outflow,-82913.2,91-180d,0.5,0.7427419281719474,2020-02-10
CF2257,KY,LoanRepayment,Inflow,98893.34,8-30d,1.0,0.8393805526598053,2020-10-19
CF2258,JE,DerivativesCF,Outflow,-165709.59,<2d,1.0,0.06620171118593665,2020-10-27
CF2259,BM,LoanRepayment,Outflow,-424153.92,181-365d,0.25,0.8023987890303054,2020-02-14
CF2260,KY,DerivativesCF,Inflow,60837.6,31-90d,0.5,0.28427416431515173,2022-04-22
CF2261,KY,DerivativesCF,Outflow,-102646.25,2-7d,1.0,0.05020177700948525,2020-07-25
CF2262,BM,RetailDeposit,Outflow,-127425.34,31-90d,0.5,0.62866073246112,2020-10-11
CF2263,BM,CommitmentDraw,Outflow,-268456.37,2-7d,1.0,0.9245031001403136,2023-01-10
CF2264,BM,CorporateDeposit,Outflow,-292902.05,91-180d,0.5,0.11836809583054153,2024-02-07
CF2265,KY,DerivativesCF,Outflow,-68436.34,31-90d,0.5,0.9098171968131541,2024-01-28
CF2266,BM,DerivativesCF,Outflow,-293242.69,8-30d,1.0,0.6044502563997532,2024-04-01
CF2267,KY,CommitmentDraw,Outflow,-60318.34,91-180d,0.5,0.4518776751948197,2023-06-05
CF2268,KY,SecurityMaturity,Outflow,-179954.64,91-180d,0.5,0.4168001144226251,2023-09-21
CF2269,JE,DerivativesCF,Outflow,-223007.73,91-180d,0.5,0.9662309364097914,2023-02-22
CF2270,BM,DerivativesCF,Inflow,473463.21,91-180d,0.5,0.6373871695240046,2020-11-29
CF2271,JE,RetailDeposit,Outflow,-183831.23,>1y,0.0,0.6238287536670037,2024-05-11
CF2272,GU,SecurityMaturity,Inflow,24184.66,31-90d,0.5,0.7392240561954191,2023-03-25
CF2273,BM,DerivativesCF,Inflow,188734.93,2-7d,1.0,0.20252957752607292,2023-06-19
CF2274,BM,LoanRepayment,Outflow,-246516.74,31-90d,0.5,0.36022921942557307,2019-11-25
CF2275,JE,LoanRepayment,Outflow,-102509.25,2-7d,1.0,0.9951946989315518,2021-06-20
CF2276,BM,CorporateDeposit,Outflow,-9028.65,181-365d,0.25,0.9740430030523289,2020-08-13
CF2277,KY,SecurityMaturity,Outflow,-207769.82,8-30d,1.0,0.5368870136628022,2021-07-29
CF2278,KY,CorporateDeposit,Inflow,107708.38,91-180d,0.5,0.8147622695530214,2023-03-06
CF2279,BM,LoanRepayment,Inflow,229135.83,91-180d,0.5,0.7225909920253676,2020-06-08
CF2280,KY,RetailDeposit,Inflow,478212.51,8-30d,1.0,0.3802094479452225,2024-02-01
CF2281,KY,RetailDeposit,Outflow,-135860.2,<2d,1.0,0.5613549283955127,2020-12-09
CF2282,JE,CommitmentDraw,Outflow,-109881.87,181-365d,0.25,0.35380969141159413,2019-12-12
CF2283,BM,LoanRepayment,Inflow,493383.32,181-365d,0.25,0.6694760304567371,2022-10-19
CF2284,BM,LoanRepayment,Outflow,-37775.02,>1y,0.0,0.19947517450019359,2021-09-28
CF2285,BM,SecurityMaturity,Outflow,-143892.38,91-180d,0.5,0.9907734354539082,2022-12-23
CF2286,BM,CommitmentDraw,Inflow,192689.11,<2d,1.0,0.8742033100824147,2019-11-18
CF2287,KY,SecurityMaturity,Outflow,-129766.38,181-365d,0.25,0.23506644992187264,2024-06-02
CF2288,KY,CorporateDeposit,Outflow,-177795.83,2-7d,1.0,0.9886504816526474,2023-12-03
CF2289,KY,SecurityMaturity,Outflow,-306250.38,181-365d,0.25,0.9617316608950783,2022-08-28
CF2290,KY,CorporateDeposit,Outflow,-270953.3,91-180d,0.5,0.5262522615201585,2022-07-26
CF2291,BM,CommitmentDraw,Inflow,72869.93,>1y,0.0,0.8064644862018912,2021-02-24
CF2292,BM,RetailDeposit,Inflow,166589.12,91-180d,0.5,0.4379136525339684,2024-05-08
CF2293,BM,CommitmentDraw,Inflow,210983.15,2-7d,1.0,0.5567139465865318,2022-12-17
CF2294,KY,CorporateDeposit,Outflow,-347327.72,<2d,1.0,0.6856625195116054,2020-11-28
CF2295,BM,RetailDeposit,Inflow,62703.66,31-90d,0.5,0.1522506162574666,2024-03-10
CF2296,JE,DerivativesCF,Outflow,-107364.82,2-7d,1.0,0.1772593785843194,2021-12-14
CF2297,KY,SecurityMaturity,Inflow,92393.98,2-7d,1.0,0.9524075164855363,2022-08-31
CF2298,GU,RetailDeposit,Inflow,260110.75,8-30d,1.0,0.7992739649324484,2023-08-17
CF2299,BM,RetailDeposit,Inflow,15198.92,31-90d,0.5,0.3776523179531156,2020-11-20
CF2300,KY,DerivativesCF,Inflow,328722.99,<2d,1.0,0.3179284310298298,2022-02-08
CF2301,JE,CommitmentDraw,Inflow,196714.2,>1y,0.0,0.6194867668523089,2020-04-27
CF2302,BM,RetailDeposit,Outflow,-78245.72,2-7d,1.0,0.7512621023229601,2020-01-12
CF2303,BM,RetailDeposit,Inflow,110217.27,2-7d,1.0,0.5116467274056499,2021-11-17
CF2304,KY,DerivativesCF,Outflow,-133609.55,31-90d,0.5,0.9948015632595252,2021-01-02
CF2305,BM,CorporateDeposit,Inflow,297071.55,91-180d,0.5,0.8570565606888941,2021-10-03
CF2306,KY,RetailDeposit,Inflow,129018.66,8-30d,1.0,0.09319806481027948,2019-09-18
CF2307,BM,LoanRepayment,Inflow,66364.68,2-7d,1.0,0.33488415528086823,2021-04-06
CF2308,BM,CorporateDeposit,Outflow,-213638.72,181-365d,0.25,0.7689150565366146,2020-11-30
CF2309,JE,SecurityMaturity,Outflow,-166832.37,91-180d,0.5,0.6306484660542991,2022-07-14
CF2310,BM,DerivativesCF,Inflow,488017.27,31-90d,0.5,0.6040250170678475,2023-07-16
CF2311,JE,LoanRepayment,Outflow,-274583.39,91-180d,0.5,0.8369043253574548,2019-10-05
CF2312,BM,CommitmentDraw,Outflow,-328652.77,91-180d,0.5,0.1273242555212757,2021-04-27
CF2313,GU,RetailDeposit,Inflow,18925.42,8-30d,1.0,0.6638046626743799,2020-04-15
CF2314,KY,CorporateDeposit,Outflow,-27514.21,8-30d,1.0,0.4890518554410831,2020-03-25
CF2315,KY,CorporateDeposit,Inflow,79392.14,31-90d,0.5,0.5164033507305889,2020-04-06
CF2316,KY,CommitmentDraw,Outflow,-220812.12,31-90d,0.5,0.03909051263566654,2019-11-19
CF2317,BM,SecurityMaturity,Inflow,396219.32,2-7d,1.0,0.4411082506080204,2022-11-10
CF2318,KY,DerivativesCF,Outflow,-299538.8,>1y,0.0,0.5749575568534961,2022-02-04
CF2319,JE,SecurityMaturity,Outflow,-74310.56,8-30d,1.0,0.4645385577070117,2022-02-26
CF2320,BM,CommitmentDraw,Inflow,358589.95,91-180d,0.5,0.318691099390487,2022-09-07
CF2321,KY,CommitmentDraw,Outflow,-221021.26,181-365d,0.25,0.6199916150705542,2024-06-21
CF2322,BM,SecurityMaturity,Inflow,113899.5,8-30d,1.0,0.7893852144728671,2019-09-01
CF2323,JE,RetailDeposit,Inflow,419973.84,8-30d,1.0,0.39257067092291253,2022-04-11
CF2324,KY,DerivativesCF,Inflow,117519.69,31-90d,0.5,0.4475638737861414,2022-03-07
CF2325,GU,RetailDeposit,Inflow,417003.11,8-30d,1.0,0.5508904526234129,2023-12-10
CF2326,KY,RetailDeposit,Inflow,109537.98,8-30d,1.0,0.9112260286022867,2022-09-28
CF2327,BM,LoanRepayment,Inflow,253761.13,91-180d,0.5,0.7529572623524702,2022-03-08
CF2328,KY,LoanRepayment,Outflow,-126864.25,91-180d,0.5,0.8857152168709138,2019-08-09
CF2329,KY,SecurityMaturity,Outflow,-81370.29,2-7d,1.0,0.4164255828830652,2021-01-27
CF2330,KY,RetailDeposit,Inflow,138210.87,31-90d,0.5,0.9335417367643325,2019-09-29
CF2331,KY,LoanRepayment,Inflow,27196.45,181-365d,0.25,0.10374130041069518,2020-08-20
CF2332,BM,RetailDeposit,Outflow,-102889.43,31-90d,0.5,0.37524056674136863,2020-08-12
CF2333,BM,DerivativesCF,Outflow,-156727.41,181-365d,0.25,0.08673253960448346,2020-07-19
CF2334,GU,CorporateDeposit,Inflow,22091.88,>1y,0.0,0.49067946510711924,2021-09-01
CF2335,BM,LoanRepayment,Outflow,-226864.44,8-30d,1.0,0.02624504360812019,2023-12-04
CF2336,BM,SecurityMaturity,Outflow,-63775.92,31-90d,0.5,0.6277556428570291,2022-08-24
CF2337,GU,CommitmentDraw,Inflow,40148.29,<2d,1.0,0.7750043945245989,2020-11-29
CF2338,BM,DerivativesCF,Inflow,247305.16,2-7d,1.0,0.21841595246627876,2023-08-12
CF2339,BM,RetailDeposit,Outflow,-236010.53,2-7d,1.0,0.7432941849646192,2023-06-19
CF2340,GU,CorporateDeposit,Outflow,-164187.43,>1y,0.0,0.9132441002204925,2021-05-08
CF2341,BM,CommitmentDraw,Outflow,-470295.05,<2d,1.0,0.1175967303940536,2020-06-14
CF2342,BM,SecurityMaturity,Outflow,-72923.85,8-30d,1.0,0.08656895964543099,2019-07-28
CF2343,BM,SecurityMaturity,Outflow,-206053.72,>1y,0.0,0.8065011507650192,2022-05-18
CF2344,BM,CommitmentDraw,Outflow,-7844.04,2-7d,1.0,0.5386870192894065,2023-12-17
CF2345,BM,SecurityMaturity,Outflow,-217222.68,>1y,0.0,0.11440669262583636,2023-01-08
CF2346,GU,CommitmentDraw,Outflow,-169180.8,91-180d,0.5,0.8445043887259925,2023-12-26
CF2347,KY,CorporateDeposit,Outflow,-156106.65,8-30d,1.0,0.8307944659028053,2020-09-21
CF2348,JE,LoanRepayment,Outflow,-198972.83,91-180d,0.5,0.6135807779644046,2022-06-04
CF2349,GU,DerivativesCF,Outflow,-250732.62,>1y,0.0,0.06593949906968144,2023-02-24
CF2350,JE,LoanRepayment,Outflow,-351493.05,181-365d,0.25,0.5454324475987917,2023-03-31
CF2351,JE,CorporateDeposit,Outflow,-21789.69,181-365d,0.25,0.9155084596805602,2022-08-22
CF2352,GU,LoanRepayment,Inflow,51863.31,91-180d,0.5,0.46778921159485565,2021-04-19
CF2353,KY,DerivativesCF,Inflow,272985.06,91-180d,0.5,0.6486729393648323,2020-09-02
CF2354,GU,RetailDeposit,Inflow,85294.04,91-180d,0.5,0.005978969307212978,2022-01-25
CF2355,BM,LoanRepayment,Outflow,-217847.17,91-180d,0.5,0.4637548350030859,2020-03-23
CF2356,KY,CommitmentDraw,Outflow,-83541.72,181-365d,0.25,0.4938917120514169,2022-08-05
CF2357,BM,CommitmentDraw,Inflow,286865.54,2-7d,1.0,0.5911631743247663,2021-11-04
CF2358,KY,RetailDeposit,Outflow,-441970.95,181-365d,0.25,0.920175802600917,2023-10-09
CF2359,KY,RetailDeposit,Outflow,-379920.48,<2d,1.0,0.9944549151183921,2024-02-17
CF2360,BM,CommitmentDraw,Outflow,-66596.42,91-180d,0.5,0.7973593764053364,2022-10-21
CF2361,KY,CorporateDeposit,Outflow,-12157.88,>1y,0.0,0.10830856976477676,2020-03-14
CF2362,BM,LoanRepayment,Inflow,9066.14,<2d,1.0,0.5459527807972689,2021-02-03
CF2363,BM,SecurityMaturity,Inflow,372611.77,31-90d,0.5,0.37670031803877635,2019-09-23
CF2364,KY,DerivativesCF,Inflow,154194.86,<2d,1.0,0.5453564573039226,2020-06-21
CF2365,JE,RetailDeposit,Outflow,-268115.85,<2d,1.0,0.22719225760417072,2022-09-25
CF2366,BM,CommitmentDraw,Inflow,465741.33,181-365d,0.25,0.5593257700262849,2020-04-14
CF2367,KY,SecurityMaturity,Inflow,45812.32,8-30d,1.0,0.5095905033563738,2020-12-08
CF2368,BM,CommitmentDraw,Outflow,-190726.06,>1y,0.0,0.4517918569837188,2021-12-17
CF2369,JE,RetailDeposit,Outflow,-144940.66,181-365d,0.25,0.8609753841936097,2024-05-04
CF2370,KY,DerivativesCF,Outflow,-181601.91,>1y,0.0,0.1636789735477493,2021-09-29
CF2371,GU,CorporateDeposit,Outflow,-57172.33,8-30d,1.0,0.185123237088184,2023-01-11
CF2372,JE,LoanRepayment,Inflow,339649.34,181-365d,0.25,0.26679369641520134,2021-02-17
CF2373,BM,RetailDeposit,Inflow,259734.47,181-365d,0.25,0.6498637095703428,2024-05-28
CF2374,BM,RetailDeposit,Outflow,-55939.43,181-365d,0.25,0.9662177847240443,2020-09-15
CF2375,JE,RetailDeposit,Inflow,188101.64,91-180d,0.5,0.8330734172868342,2019-08-02
CF2376,BM,CommitmentDraw,Outflow,-260988.09,91-180d,0.5,0.6171432149570988,2022-03-20
CF2377,BM,RetailDeposit,Inflow,262079.85,8-30d,1.0,0.6620837643475,2019-10-29
CF2378,KY,CorporateDeposit,Outflow,-43231.84,31-90d,0.5,0.6268901099160279,2022-09-05
CF2379,BM,LoanRepayment,Outflow,-48746.77,8-30d,1.0,0.5401874059780555,2022-10-03
CF2380,BM,RetailDeposit,Outflow,-125452.74,<2d,1.0,0.6217122369913705,2021-02-05
CF2381,KY,SecurityMaturity,Outflow,-155220.31,<2d,1.0,0.2908997619400693,2022-06-04
CF2382,KY,SecurityMaturity,Outflow,-33210.52,>1y,0.0,0.9892134098694821,2024-06-26
CF2383,GU,DerivativesCF,Outflow,-54654.16,>1y,0.0,0.7118944601617699,2022-05-16
CF2384,JE,CommitmentDraw,Outflow,-164959.06,181-365d,0.25,0.7329248615643432,2022-03-30
CF2385,JE,SecurityMaturity,Inflow,49106.0,<2d,1.0,0.33375534278384567,2021-03-16
CF2386,BM,LoanRepayment,Inflow,212994.11,8-30d,1.0,0.42436648112460695,2019-12-03
CF2387,BM,DerivativesCF,Outflow,-122485.29,<2d,1.0,0.9131441059491269,2023-01-10
CF2388,GU,CorporateDeposit,Outflow,-20760.08,>1y,0.0,0.27016356420872634,2022-05-15
CF2389,KY,LoanRepayment,Inflow,25289.29,>1y,0.0,0.933646981715843,2021-03-14
CF2390,BM,CorporateDeposit,Outflow,-43344.54,>1y,0.0,0.8841311528288774,2021-10-12
CF2391,KY,CommitmentDraw,Outflow,-166790.67,31-90d,0.5,0.44582959437041847,2022-03-15
CF2392,KY,CorporateDeposit,Inflow,185057.44,91-180d,0.5,0.4307951334226118,2019-07-13
CF2393,KY,CommitmentDraw,Inflow,124152.09,2-7d,1.0,0.9625562346721751,2023-11-17
CF2394,BM,DerivativesCF,Outflow,-98331.15,>1y,0.0,0.6055204905429191,2020-09-22
CF2395,JE,DerivativesCF,Inflow,17350.3,181-365d,0.25,0.3722155774012402,2024-05-03
CF2396,GU,DerivativesCF,Inflow,155480.97,31-90d,0.5,0.2165393203585364,2020-11-18
CF2397,KY,RetailDeposit,Inflow,93108.74,2-7d,1.0,0.3537720814274312,2024-05-22
CF2398,BM,CorporateDeposit,Inflow,72674.9,<2d,1.0,0.3657111046070244,2022-07-06
CF2399,BM,CorporateDeposit,Inflow,88346.18,>1y,0.0,0.6427582544177465,2024-05-06
CF2400,KY,LoanRepayment,Outflow,-265380.56,91-180d,0.5,0.5157010176483114,2022-06-13
CF2401,KY,SecurityMaturity,Inflow,276367.78,91-180d,0.5,0.0060377388618874095,2021-03-23
CF2402,BM,SecurityMaturity,Inflow,7415.7,<2d,1.0,0.4567136043991681,2023-05-07
CF2403,BM,LoanRepayment,Inflow,4570.52,181-365d,0.25,0.6180160348715785,2019-07-24
CF2404,KY,CommitmentDraw,Inflow,57772.96,2-7d,1.0,0.7456521073538341,2020-10-17
CF2405,BM,SecurityMaturity,Inflow,160831.29,31-90d,0.5,0.8102317443774806,2022-06-27
CF2406,GU,CommitmentDraw,Outflow,-80514.25,91-180d,0.5,0.6705002374585586,2020-06-15
CF2407,KY,RetailDeposit,Outflow,-605461.5,8-30d,1.0,0.3662908762917234,2023-02-19
CF2408,KY,SecurityMaturity,Inflow,189018.01,181-365d,0.25,0.8493197757972574,2019-07-04
CF2409,KY,RetailDeposit,Inflow,270122.14,181-365d,0.25,0.3526245633678051,2023-11-12
CF2410,KY,CommitmentDraw,Inflow,27977.22,91-180d,0.5,0.7335296115639416,2020-02-08
CF2411,KY,CommitmentDraw,Outflow,-82720.89,181-365d,0.25,0.8857443223862665,2020-09-05
CF2412,BM,CorporateDeposit,Inflow,356395.17,<2d,1.0,0.8050002266595743,2023-03-10
CF2413,KY,LoanRepayment,Outflow,-354595.96,>1y,0.0,0.43032044694819016,2019-07-31
CF2414,JE,CorporateDeposit,Inflow,335398.4,181-365d,0.25,0.845222273188453,2023-05-14
CF2415,BM,CorporateDeposit,Outflow,-130347.73,<2d,1.0,0.47127410550010496,2022-12-14
CF2416,KY,SecurityMaturity,Inflow,79228.43,<2d,1.0,0.8143636964923482,2024-06-05
CF2417,KY,RetailDeposit,Inflow,101591.64,181-365d,0.25,0.6180634935163707,2023-09-08
CF2418,KY,DerivativesCF,Inflow,57049.92,31-90d,0.5,0.043024660990529595,2022-03-01
CF2419,BM,DerivativesCF,Outflow,-237526.75,2-7d,1.0,0.2369447098746249,2021-10-11
CF2420,GU,CommitmentDraw,Outflow,-306662.19,>1y,0.0,0.8091072576360622,2024-04-08
CF2421,KY,RetailDeposit,Outflow,-59719.03,>1y,0.0,0.9812489815443731,2023-06-03
CF2422,JE,CorporateDeposit,Outflow,-90973.17,181-365d,0.25,0.40280031325941956,2020-05-14
CF2423,GU,CorporateDeposit,Inflow,86003.37,<2d,1.0,0.7527071389024379,2023-06-26
CF2424,BM,DerivativesCF,Outflow,-320833.19,<2d,1.0,0.50392441549916,2022-11-07
CF2425,GU,CorporateDeposit,Inflow,168225.03,181-365d,0.25,0.4501762253624777,2019-09-01
CF2426,BM,SecurityMaturity,Outflow,-74489.73,8-30d,1.0,0.9272347684371038,2021-08-11
CF2427,GU,DerivativesCF,Inflow,218426.78,>1y,0.0,0.7306901237645571,2023-12-13
CF2428,GU,DerivativesCF,Outflow,-139303.41,31-90d,0.5,0.4509161897100018,2022-07-08
CF2429,BM,RetailDeposit,Inflow,43156.81,31-90d,0.5,0.703278477976081,2020-01-03
CF2430,JE,CommitmentDraw,Inflow,155652.11,8-30d,1.0,0.9985749124431903,2019-08-14
CF2431,JE,DerivativesCF,Inflow,4971.73,8-30d,1.0,0.3883213128375498,2024-05-27
CF2432,KY,CommitmentDraw,Outflow,-384349.76,<2d,1.0,0.7220473463534052,2023-06-15
CF2433,BM,CorporateDeposit,Outflow,-3394.7,91-180d,0.5,0.6373509146792472,2022-12-15
CF2434,BM,RetailDeposit,Outflow,-387560.72,>1y,0.0,0.5396366494372609,2020-07-15
CF2435,KY,CommitmentDraw,Outflow,-136366.59,<2d,1.0,0.962965801823416,2019-11-06
CF2436,GU,RetailDeposit,Outflow,-354961.43,2-7d,1.0,0.5519374226616423,2023-02-28
CF2437,KY,LoanRepayment,Outflow,-146878.37,31-90d,0.5,0.5065773393117532,2023-04-28
CF2438,BM,RetailDeposit,Outflow,-134232.94,8-30d,1.0,0.6262104298884819,2019-10-16
CF2439,KY,SecurityMaturity,Outflow,-50499.0,8-30d,1.0,0.538399750038621,2021-04-12
CF2440,BM,CommitmentDraw,Outflow,-295356.65,2-7d,1.0,0.727862473956396,2023-12-27
CF2441,BM,CorporateDeposit,Inflow,134639.83,31-90d,0.5,0.5247931027168258,2022-07-20
CF2442,BM,SecurityMaturity,Outflow,-2025.39,91-180d,0.5,0.6413453302451527,2021-09-09
CF2443,KY,RetailDeposit,Inflow,155839.81,2-7d,1.0,0.5108624035367079,2024-01-15
CF2444,GU,CorporateDeposit,Inflow,10822.51,181-365d,0.25,0.5474263671677152,2021-01-22
CF2445,KY,SecurityMaturity,Outflow,-269481.78,181-365d,0.25,0.6850433123141253,2021-05-25
CF2446,JE,SecurityMaturity,Outflow,-167948.09,8-30d,1.0,0.8949827444715215,2023-07-07
CF2447,BM,SecurityMaturity,Outflow,-361253.23,<2d,1.0,0.9487535177701975,2024-06-13
CF2448,BM,CorporateDeposit,Inflow,95693.18,181-365d,0.25,0.405673530319851,2024-04-02
CF2449,BM,RetailDeposit,Outflow,-116164.26,91-180d,0.5,0.7878000742895495,2019-11-18
CF2450,BM,SecurityMaturity,Inflow,167222.55,2-7d,1.0,0.4824988157909368,2019-10-16
CF2451,KY,SecurityMaturity,Inflow,33198.35,>1y,0.0,0.4754396751477099,2022-11-26
CF2452,KY,LoanRepayment,Outflow,-112964.98,181-365d,0.25,0.9362887431243545,2020-10-02
CF2453,BM,CorporateDeposit,Inflow,5126.6,>1y,0.0,0.30740482264608826,2019-11-08
CF2454,BM,CommitmentDraw,Outflow,-356822.68,91-180d,0.5,0.11743292452170662,2023-02-14
CF2455,BM,CommitmentDraw,Outflow,-171977.86,181-365d,0.25,0.17203063048957812,2019-09-17
CF2456,BM,LoanRepayment,Outflow,-26164.05,<2d,1.0,0.3746268257231651,2023-01-23
CF2457,BM,CommitmentDraw,Outflow,-46317.09,91-180d,0.5,0.5649289286539732,2019-07-21
CF2458,KY,RetailDeposit,Outflow,-34284.16,>1y,0.0,0.024294497036262186,2021-03-10
CF2459,GU,RetailDeposit,Inflow,49896.95,2-7d,1.0,0.4986182870222369,2019-10-11
CF2460,KY,DerivativesCF,Inflow,135732.26,>1y,0.0,0.4027704201532819,2021-03-19
CF2461,BM,LoanRepayment,Inflow,285435.86,91-180d,0.5,0.8252226091145575,2020-09-30
CF2462,KY,CommitmentDraw,Outflow,-145949.39,181-365d,0.25,0.003741623492859225,2021-03-02
CF2463,BM,LoanRepayment,Outflow,-86086.13,31-90d,0.5,0.24703972198514024,2021-11-19
CF2464,BM,RetailDeposit,Outflow,-446080.29,>1y,0.0,0.7148255516708742,2022-11-17
CF2465,BM,LoanRepayment,Inflow,179292.82,31-90d,0.5,0.25480913261306004,2023-10-17
CF2466,BM,LoanRepayment,Outflow,-199847.58,181-365d,0.25,0.7224553193519601,2022-03-10
CF2467,KY,DerivativesCF,Outflow,-18745.64,2-7d,1.0,0.14955084089194182,2024-06-27
CF2468,GU,LoanRepayment,Outflow,-14928.19,8-30d,1.0,0.17331989664932534,2023-12-07
CF2469,BM,LoanRepayment,Outflow,-127834.12,>1y,0.0,0.23933720697877714,2022-10-15
CF2470,KY,LoanRepayment,Outflow,-158814.64,31-90d,0.5,0.9925137909288207,2021-10-11
CF2471,KY,LoanRepayment,Inflow,95762.67,8-30d,1.0,0.9932722978182928,2020-05-09
CF2472,BM,CorporateDeposit,Outflow,-7421.45,8-30d,1.0,0.1901067662156578,2020-07-21
CF2473,KY,DerivativesCF,Outflow,-119197.64,91-180d,0.5,0.22956730156313687,2020-10-05
CF2474,BM,SecurityMaturity,Inflow,219715.43,>1y,0.0,0.13120966306599469,2022-09-18
CF2475,BM,DerivativesCF,Outflow,-456682.81,>1y,0.0,0.35538544710989184,2021-01-27
CF2476,JE,LoanRepayment,Inflow,262352.0,2-7d,1.0,0.8834897041120282,2023-03-01
CF2477,KY,DerivativesCF,Outflow,-172970.22,<2d,1.0,0.5531192370680795,2022-11-07
CF2478,BM,DerivativesCF,Inflow,188281.21,2-7d,1.0,0.9308240087971232,2023-12-13
CF2479,GU,CommitmentDraw,Outflow,-182890.67,2-7d,1.0,0.31963738115825535,2021-01-30
CF2480,JE,LoanRepayment,Inflow,381758.13,91-180d,0.5,0.13745190472047408,2023-01-14
CF2481,BM,CorporateDeposit,Inflow,284420.03,91-180d,0.5,0.49160873085097745,2021-10-06
CF2482,KY,CorporateDeposit,Outflow,-264063.51,31-90d,0.5,0.19496444708351957,2020-04-20
CF2483,JE,CommitmentDraw,Inflow,216416.01,>1y,0.0,0.5050576050152105,2023-10-25
CF2484,BM,CorporateDeposit,Inflow,41409.54,8-30d,1.0,0.1064062541387768,2023-08-01
CF2485,BM,LoanRepayment,Outflow,-64700.53,8-30d,1.0,0.3419027983651983,2020-03-22
CF2486,BM,CorporateDeposit,Outflow,-63911.61,>1y,0.0,0.41560434830674864,2019-09-21
CF2487,KY,LoanRepayment,Outflow,-82025.76,91-180d,0.5,0.8859338969534374,2020-04-02
CF2488,BM,SecurityMaturity,Inflow,43481.47,<2d,1.0,0.22741894985767797,2023-09-23
CF2489,BM,SecurityMaturity,Inflow,107643.75,2-7d,1.0,0.7958673617469219,2023-09-05
CF2490,KY,RetailDeposit,Inflow,157073.87,<2d,1.0,0.25708366822274853,2021-02-19
CF2491,BM,SecurityMaturity,Inflow,94518.98,31-90d,0.5,0.4117750300311652,2024-03-22
CF2492,BM,SecurityMaturity,Inflow,297650.05,181-365d,0.25,0.3898986271215318,2023-03-05
CF2493,BM,DerivativesCF,Outflow,-229361.24,2-7d,1.0,0.7388924207695384,2021-05-17
CF2494,KY,SecurityMaturity,Outflow,-27782.65,181-365d,0.25,0.6276854525898818,2021-12-10
CF2495,BM,LoanRepayment,Inflow,18418.66,2-7d,1.0,0.2164135129112985,2023-08-09
CF2496,JE,DerivativesCF,Inflow,291185.56,<2d,1.0,0.687991234277185,2022-08-01
CF2497,BM,CommitmentDraw,Outflow,-301796.17,91-180d,0.5,0.004262606298062743,2021-12-01
CF2498,BM,DerivativesCF,Outflow,-148778.65,8-30d,1.0,0.8054874455421801,2020-02-04
CF2499,BM,SecurityMaturity,Inflow,92839.25,>1y,0.0,0.08417906107416118,2023-03-25
CF2500,JE,DerivativesCF,Inflow,102056.59,2-7d,1.0,0.1858098256131807,2021-02-10
CF2501,GU,LoanRepayment,Outflow,-14324.36,8-30d,1.0,0.17954039743315287,2019-07-27
CF2502,KY,DerivativesCF,Outflow,-66597.25,<2d,1.0,0.7005869118257486,2021-07-25
CF2503,GU,DerivativesCF,Inflow,307835.11,8-30d,1.0,0.15901680905955662,2020-07-16
CF2504,KY,CommitmentDraw,Inflow,194263.98,181-365d,0.25,0.6747037905627737,2020-10-01
CF2505,KY,RetailDeposit,Inflow,289318.33,<2d,1.0,0.4003159213692856,2020-01-07
CF2506,KY,CorporateDeposit,Outflow,-242411.09,91-180d,0.5,0.9354210253105064,2021-05-08
CF2507,KY,CommitmentDraw,Outflow,-184623.57,<2d,1.0,0.8814331235665686,2021-05-10
CF2508,BM,CommitmentDraw,Outflow,-56057.4,2-7d,1.0,0.8757953559474434,2024-06-26
CF2509,BM,CorporateDeposit,Inflow,33984.09,31-90d,0.5,0.6874623617036509,2020-10-22
CF2510,KY,LoanRepayment,Outflow,-273341.09,91-180d,0.5,0.357688995843643,2022-08-05
CF2511,GU,CorporateDeposit,Outflow,-113948.91,2-7d,1.0,0.8206696398661801,2023-06-12
CF2512,KY,SecurityMaturity,Inflow,124079.07,8-30d,1.0,0.32366449476244996,2020-07-03
CF2513,GU,SecurityMaturity,Inflow,236409.66,<2d,1.0,0.2144043012982746,2023-10-13
CF2514,BM,RetailDeposit,Outflow,-403550.7,181-365d,0.25,0.07798756529006623,2019-11-07
CF2515,KY,CorporateDeposit,Inflow,162329.52,>1y,0.0,0.6691119795996106,2023-06-17
CF2516,BM,CorporateDeposit,Inflow,200028.7,8-30d,1.0,0.7682685958697923,2019-11-09
CF2517,JE,RetailDeposit,Outflow,-309127.07,181-365d,0.25,0.6613524576710629,2019-08-23
CF2518,KY,RetailDeposit,Inflow,55909.46,<2d,1.0,0.886171999797073,2020-09-05
CF2519,JE,SecurityMaturity,Outflow,-246222.79,181-365d,0.25,0.4704809956625927,2023-03-28
CF2520,BM,CorporateDeposit,Inflow,123590.54,<2d,1.0,0.7558635858647054,2023-10-01
CF2521,KY,RetailDeposit,Outflow,-469570.71,8-30d,1.0,0.9840046186894366,2020-10-23
CF2522,KY,CommitmentDraw,Inflow,259345.03,91-180d,0.5,0.31118724376978746,2021-09-15
CF2523,JE,LoanRepayment,Outflow,-103064.65,>1y,0.0,0.6763645994452777,2023-01-26
CF2524,KY,DerivativesCF,Outflow,-183601.42,31-90d,0.5,0.32590568740483805,2020-05-14
CF2525,JE,RetailDeposit,Outflow,-111107.1,<2d,1.0,0.953233651541704,2023-09-27
CF2526,JE,CorporateDeposit,Inflow,232376.18,<2d,1.0,0.2982497285316792,2022-06-12
CF2527,KY,DerivativesCF,Outflow,-235050.09,31-90d,0.5,0.9704376665566422,2021-03-14
CF2528,JE,RetailDeposit,Inflow,170547.33,31-90d,0.5,0.6567733679940234,2024-03-20
CF2529,BM,RetailDeposit,Inflow,227563.99,2-7d,1.0,0.2901679759933913,2021-04-22
CF2530,GU,CommitmentDraw,Inflow,8794.77,91-180d,0.5,0.33443878742439503,2023-06-30
CF2531,GU,LoanRepayment,Inflow,203629.31,31-90d,0.5,0.3838635859157882,2022-11-13
CF2532,KY,CorporateDeposit,Inflow,126336.09,181-365d,0.25,0.7392836770694498,2024-04-15
CF2533,BM,DerivativesCF,Outflow,-73964.82,31-90d,0.5,0.34700131208521223,2020-12-21
CF2534,BM,CorporateDeposit,Inflow,75357.1,>1y,0.0,0.4499314155357609,2019-12-03
CF2535,BM,RetailDeposit,Outflow,-143839.88,91-180d,0.5,0.12950186834197686,2020-02-27
CF2536,KY,DerivativesCF,Inflow,66865.0,91-180d,0.5,0.9413429170453315,2021-04-07
CF2537,BM,SecurityMaturity,Inflow,21335.62,8-30d,1.0,0.8082795658915357,2022-06-28
CF2538,JE,RetailDeposit,Inflow,159387.43,>1y,0.0,0.6127602123553177,2019-07-27
CF2539,BM,LoanRepayment,Outflow,-30438.13,91-180d,0.5,0.5087635673220043,2022-12-13
CF2540,JE,CorporateDeposit,Inflow,174217.56,8-30d,1.0,0.7991417361558456,2021-11-18
CF2541,BM,RetailDeposit,Outflow,-192801.11,31-90d,0.5,0.32117117459258215,2020-10-07
CF2542,BM,RetailDeposit,Inflow,11288.11,>1y,0.0,0.661233666369802,2022-04-26
CF2543,BM,SecurityMaturity,Outflow,-191621.28,2-7d,1.0,0.08558921359649885,2022-06-08
CF2544,BM,RetailDeposit,Outflow,-207219.01,<2d,1.0,0.20226616449245483,2024-05-22
CF2545,BM,SecurityMaturity,Outflow,-223136.67,2-7d,1.0,0.36393101850636744,2020-04-16
CF2546,BM,LoanRepayment,Inflow,59339.3,91-180d,0.5,0.050460363951488896,2023-02-27
CF2547,GU,SecurityMaturity,Outflow,-208018.54,91-180d,0.5,0.08725398093331438,2020-11-22
CF2548,KY,SecurityMaturity,Inflow,135299.97,2-7d,1.0,0.4672597986631868,2020-11-30
CF2549,GU,CommitmentDraw,Outflow,-127932.71,>1y,0.0,0.10508165447487128,2020-08-11
CF2550,BM,LoanRepayment,Inflow,137042.67,91-180d,0.5,0.19225302491892748,2021-09-05
CF2551,GU,CorporateDeposit,Inflow,425798.88,<2d,1.0,0.8266169010363275,2019-09-02
CF2552,JE,RetailDeposit,Inflow,260354.3,<2d,1.0,0.3578041611109769,2023-07-10
CF2553,GU,DerivativesCF,Outflow,-433129.41,91-180d,0.5,0.5852151431019358,2023-08-10
CF2554,BM,SecurityMaturity,Outflow,-124651.55,2-7d,1.0,0.9038237098501493,2023-09-30
CF2555,GU,RetailDeposit,Inflow,209374.18,8-30d,1.0,0.3447663512004534,2023-09-19
CF2556,KY,RetailDeposit,Outflow,-164479.55,91-180d,0.5,0.4411144550236009,2020-04-29
CF2557,BM,CommitmentDraw,Outflow,-49421.54,>1y,0.0,0.7032626038306998,2024-01-05
CF2558,BM,CorporateDeposit,Outflow,-116184.95,<2d,1.0,0.7510765944240754,2023-03-12
CF2559,BM,RetailDeposit,Outflow,-27454.74,31-90d,0.5,0.454915059844469,2022-05-07
CF2560,KY,LoanRepayment,Inflow,12207.25,>1y,0.0,0.6968365803907436,2021-05-17
CF2561,JE,CommitmentDraw,Inflow,186357.78,181-365d,0.25,0.10947678826459462,2022-07-14
CF2562,GU,CorporateDeposit,Inflow,197052.18,2-7d,1.0,0.04300797182776561,2021-04-08
CF2563,BM,SecurityMaturity,Outflow,-148997.73,2-7d,1.0,0.733920070623354,2022-08-11
CF2564,KY,CommitmentDraw,Inflow,50484.98,>1y,0.0,0.08600153704505598,2022-12-08
CF2565,BM,RetailDeposit,Inflow,420834.74,31-90d,0.5,0.4982300865756285,2022-01-27
CF2566,BM,LoanRepayment,Inflow,15453.88,91-180d,0.5,0.9493499319537648,2022-07-07
CF2567,JE,RetailDeposit,Inflow,239832.96,91-180d,0.5,0.7315731444701958,2023-05-05
CF2568,BM,LoanRepayment,Outflow,-48614.13,31-90d,0.5,0.37584352513038877,2020-04-21
CF2569,GU,CorporateDeposit,Inflow,366286.4,>1y,0.0,0.0633086316801289,2019-10-29
CF2570,KY,LoanRepayment,Inflow,233379.56,2-7d,1.0,0.5035268590455374,2022-01-18
CF2571,KY,SecurityMaturity,Outflow,-50532.31,31-90d,0.5,0.5871969488364662,2020-04-26
CF2572,BM,SecurityMaturity,Inflow,358005.37,>1y,0.0,0.05367230408090318,2020-08-01
CF2573,BM,SecurityMaturity,Inflow,16984.03,31-90d,0.5,0.08825799955743685,2022-10-17
CF2574,KY,RetailDeposit,Outflow,-25484.03,181-365d,0.25,0.20558365978153925,2022-12-10
CF2575,BM,LoanRepayment,Outflow,-278148.87,>1y,0.0,0.9588932664666729,2023-07-26
CF2576,BM,CommitmentDraw,Outflow,-260637.54,>1y,0.0,0.6533761059138586,2020-04-03
CF2577,KY,LoanRepayment,Inflow,39333.08,2-7d,1.0,0.22445907187562197,2021-02-23
CF2578,KY,CorporateDeposit,Outflow,-266448.06,>1y,0.0,0.07692195579301342,2022-06-11
CF2579,KY,DerivativesCF,Outflow,-504163.48,8-30d,1.0,0.3686018552600495,2024-03-15
CF2580,BM,SecurityMaturity,Inflow,97814.01,31-90d,0.5,0.043040810215372094,2024-01-12
CF2581,GU,CommitmentDraw,Outflow,-169897.23,91-180d,0.5,0.6723080164327133,2022-04-07
CF2582,KY,CorporateDeposit,Inflow,347193.09,<2d,1.0,0.9366223515403891,2022-11-14
CF2583,KY,DerivativesCF,Outflow,-66735.93,>1y,0.0,0.10108580369962294,2021-01-03
CF2584,JE,CorporateDeposit,Outflow,-10179.31,31-90d,0.5,0.7206844666706442,2024-02-10
CF2585,KY,RetailDeposit,Inflow,168629.72,<2d,1.0,0.7255080233769834,2022-07-19
CF2586,GU,CorporateDeposit,Inflow,313810.54,31-90d,0.5,0.040969441478837965,2019-07-09
CF2587,KY,CorporateDeposit,Inflow,144945.46,91-180d,0.5,0.7303998966418668,2023-12-25
CF2588,GU,CommitmentDraw,Outflow,-339160.28,<2d,1.0,0.7693768366325797,2020-05-25
CF2589,BM,CorporateDeposit,Inflow,207283.6,181-365d,0.25,0.6875975895037035,2023-01-25
CF2590,BM,RetailDeposit,Inflow,221310.47,<2d,1.0,0.6619490411716611,2020-09-14
CF2591,BM,CommitmentDraw,Outflow,-312390.08,181-365d,0.25,0.4972035225481708,2021-11-21
CF2592,JE,RetailDeposit,Inflow,5610.18,91-180d,0.5,0.9079516949187612,2020-07-20
CF2593,KY,DerivativesCF,Outflow,-10051.22,91-180d,0.5,0.712293695662787,2024-05-07
CF2594,GU,CorporateDeposit,Inflow,208781.52,91-180d,0.5,0.19622583478029765,2022-08-07
CF2595,KY,LoanRepayment,Outflow,-73522.51,91-180d,0.5,0.6779505897720309,2022-07-10
CF2596,KY,CorporateDeposit,Inflow,122827.01,91-180d,0.5,0.33010834688265367,2022-02-07
CF2597,BM,CommitmentDraw,Outflow,-12669.46,8-30d,1.0,0.5132988711381353,2021-05-07
CF2598,BM,DerivativesCF,Inflow,85761.5,31-90d,0.5,0.9252537314589524,2021-12-24
CF2599,KY,CommitmentDraw,Inflow,257140.85,91-180d,0.5,0.8803545081131386,2021-10-15
CF2600,BM,CommitmentDraw,Outflow,-230200.32,8-30d,1.0,0.17066207599732774,2022-11-10
CF2601,KY,CommitmentDraw,Inflow,17476.89,2-7d,1.0,0.7947858337415559,2024-03-04
CF2602,GU,LoanRepayment,Outflow,-52708.53,181-365d,0.25,0.8997457886452757,2023-04-21
CF2603,KY,SecurityMaturity,Inflow,305861.32,31-90d,0.5,0.3623897528297998,2022-09-01
CF2604,KY,DerivativesCF,Inflow,230722.6,31-90d,0.5,0.15122642948371834,2021-09-21
CF2605,KY,RetailDeposit,Inflow,118388.99,181-365d,0.25,0.7985166402375126,2019-12-22
CF2606,GU,SecurityMaturity,Inflow,167421.11,181-365d,0.25,0.41799654449369705,2021-07-26
CF2607,KY,SecurityMaturity,Inflow,22284.84,>1y,0.0,0.9079155010498283,2020-01-01
CF2608,JE,LoanRepayment,Outflow,-398166.75,31-90d,0.5,0.7499166764809606,2023-03-12
CF2609,KY,RetailDeposit,Inflow,164948.04,<2d,1.0,0.9545797951376029,2022-08-17
CF2610,BM,SecurityMaturity,Outflow,-327284.15,91-180d,0.5,0.47025729309138353,2022-01-13
CF2611,KY,DerivativesCF,Outflow,-26778.21,91-180d,0.5,0.7627539937749203,2023-01-12
CF2612,BM,DerivativesCF,Outflow,-321351.26,8-30d,1.0,0.7341981010488036,2023-04-02
CF2613,JE,CorporateDeposit,Inflow,275540.55,181-365d,0.25,0.7455084246075336,2019-12-29
CF2614,BM,RetailDeposit,Inflow,391380.59,8-30d,1.0,0.13383905212781588,2020-11-16
CF2615,KY,DerivativesCF,Inflow,263599.76,181-365d,0.25,0.7763302758405166,2021-03-03
CF2616,KY,CorporateDeposit,Outflow,-206287.24,2-7d,1.0,0.4895209232675042,2023-04-14
CF2617,JE,RetailDeposit,Inflow,256873.05,31-90d,0.5,0.44404929225483236,2019-07-31
CF2618,KY,CommitmentDraw,Inflow,332287.93,<2d,1.0,0.17702515408571884,2020-01-12
CF2619,JE,LoanRepayment,Outflow,-318378.54,91-180d,0.5,0.0785470645598827,2019-08-18
CF2620,KY,CorporateDeposit,Outflow,-119832.22,91-180d,0.5,0.13204337178942183,2022-09-18
CF2621,GU,DerivativesCF,Outflow,-228370.83,<2d,1.0,0.14417576910245278,2019-09-30
CF2622,BM,RetailDeposit,Inflow,5450.52,31-90d,0.5,0.8094009628379836,2022-06-11
CF2623,GU,RetailDeposit,Outflow,-210017.06,2-7d,1.0,0.8104340766209929,2021-05-05
CF2624,BM,RetailDeposit,Outflow,-177083.3,181-365d,0.25,0.6812287462582693,2023-04-04
CF2625,KY,RetailDeposit,Inflow,200514.38,181-365d,0.25,0.7014345011721744,2022-11-18
CF2626,GU,LoanRepayment,Inflow,2911.2,8-30d,1.0,0.9593560457382022,2020-01-25
CF2627,KY,SecurityMaturity,Inflow,25396.94,<2d,1.0,0.4109184636037754,2023-08-13
CF2628,KY,CommitmentDraw,Outflow,-323248.59,181-365d,0.25,0.8748858546527011,2022-11-17
CF2629,KY,CorporateDeposit,Inflow,429206.08,<2d,1.0,0.9581945548445866,2022-02-06
CF2630,BM,RetailDeposit,Inflow,44387.86,31-90d,0.5,0.14716028522120572,2022-04-29
CF2631,GU,CorporateDeposit,Outflow,-27672.49,91-180d,0.5,0.4713297160249612,2023-08-21
CF2632,KY,CommitmentDraw,Outflow,-173376.08,181-365d,0.25,0.8133352939024197,2021-07-23
CF2633,BM,RetailDeposit,Inflow,186933.1,91-180d,0.5,0.3786994033480635,2023-12-26
CF2634,BM,CorporateDeposit,Inflow,14877.59,31-90d,0.5,0.8470547150606024,2019-07-16
CF2635,KY,CommitmentDraw,Inflow,378287.16,<2d,1.0,0.29186713768347694,2021-10-12
CF2636,KY,RetailDeposit,Outflow,-508604.41,<2d,1.0,0.5050991082671599,2021-07-13
CF2637,BM,SecurityMaturity,Inflow,180931.96,8-30d,1.0,0.04460431494156125,2021-03-08
CF2638,KY,SecurityMaturity,Inflow,284343.36,<2d,1.0,0.6882250976543762,2020-01-06
CF2639,BM,CorporateDeposit,Outflow,-56418.83,181-365d,0.25,0.9468457017429095,2020-12-04
CF2640,JE,DerivativesCF,Inflow,1426.21,<2d,1.0,0.1600055524198446,2020-01-16
CF2641,KY,DerivativesCF,Inflow,345316.28,2-7d,1.0,0.02146716683946881,2023-07-20
CF2642,BM,RetailDeposit,Inflow,199232.79,31-90d,0.5,0.6983297336558806,2024-01-10
CF2643,BM,SecurityMaturity,Inflow,170439.97,<2d,1.0,0.2952632721557854,2020-12-03
CF2644,JE,SecurityMaturity,Outflow,-208061.44,91-180d,0.5,0.2840553151919012,2021-11-10
CF2645,BM,DerivativesCF,Inflow,191845.1,8-30d,1.0,0.42732585814635893,2020-08-19
CF2646,BM,DerivativesCF,Outflow,-43604.23,31-90d,0.5,0.23427681011907564,2023-04-16
CF2647,BM,CommitmentDraw,Outflow,-161988.11,2-7d,1.0,0.0552647139072765,2020-08-19
CF2648,BM,CommitmentDraw,Inflow,392971.98,>1y,0.0,0.14731973700056678,2019-08-22
CF2649,KY,SecurityMaturity,Inflow,161646.61,<2d,1.0,0.1730273723179684,2023-12-21
CF2650,KY,LoanRepayment,Inflow,378284.19,<2d,1.0,0.02152899724763435,2020-02-02
CF2651,GU,RetailDeposit,Outflow,-198849.59,2-7d,1.0,0.5222874014092863,2024-06-17
CF2652,BM,RetailDeposit,Outflow,-32157.54,31-90d,0.5,0.5880794238257673,2023-12-08
CF2653,JE,CorporateDeposit,Inflow,166671.36,<2d,1.0,0.2257119764395179,2023-10-03
CF2654,BM,CommitmentDraw,Outflow,-186770.32,181-365d,0.25,0.1960887811837595,2022-04-12
CF2655,GU,DerivativesCF,Inflow,189505.81,91-180d,0.5,0.018798193631932136,2024-04-06
CF2656,BM,CommitmentDraw,Inflow,133101.22,8-30d,1.0,0.02526323151116483,2024-04-18
CF2657,JE,RetailDeposit,Inflow,187312.82,<2d,1.0,0.4641406359198489,2020-03-24
CF2658,JE,CommitmentDraw,Outflow,-321851.81,91-180d,0.5,0.05865185896319569,2022-05-17
CF2659,BM,LoanRepayment,Outflow,-431032.21,91-180d,0.5,0.4353209812401404,2020-06-04
CF2660,BM,SecurityMaturity,Outflow,-89306.37,91-180d,0.5,0.22480771541295874,2021-11-25
CF2661,KY,SecurityMaturity,Outflow,-110791.43,31-90d,0.5,0.8880569285050464,2019-10-09
CF2662,BM,RetailDeposit,Outflow,-179250.53,<2d,1.0,0.7760784818413772,2022-12-02
CF2663,BM,RetailDeposit,Outflow,-39708.17,91-180d,0.5,0.583529884410545,2020-01-23
CF2664,JE,SecurityMaturity,Outflow,-43348.88,>1y,0.0,0.9175494566846841,2023-03-19
CF2665,BM,CorporateDeposit,Inflow,101706.86,>1y,0.0,0.28354691940727283,2020-04-29
CF2666,BM,DerivativesCF,Outflow,-112495.53,2-7d,1.0,0.42397558470461727,2022-05-12
CF2667,GU,DerivativesCF,Outflow,-27992.79,8-30d,1.0,0.7597448718423754,2022-08-26
CF2668,KY,RetailDeposit,Outflow,-198124.49,91-180d,0.5,0.6656462447678212,2022-01-26
CF2669,BM,RetailDeposit,Outflow,-151684.1,31-90d,0.5,0.33324226079895625,2019-08-06
CF2670,BM,CorporateDeposit,Outflow,-31649.73,31-90d,0.5,0.4026621158023763,2019-12-10
CF2671,BM,LoanRepayment,Inflow,212832.14,8-30d,1.0,0.5335990883456916,2020-02-01
CF2672,KY,LoanRepayment,Inflow,89179.67,>1y,0.0,0.7326864595337748,2022-08-31
CF2673,JE,CommitmentDraw,Inflow,164824.7,<2d,1.0,0.47815290639614183,2022-12-14
CF2674,BM,CommitmentDraw,Inflow,15778.11,181-365d,0.25,0.5370992630304203,2024-01-11
CF2675,KY,CorporateDeposit,Outflow,-201059.43,>1y,0.0,0.2720346908872441,2022-09-03
CF2676,GU,CommitmentDraw,Outflow,-96440.49,>1y,0.0,0.26184287415425433,2021-07-22
CF2677,BM,SecurityMaturity,Inflow,129365.21,<2d,1.0,0.7598020372846583,2022-07-24
CF2678,GU,LoanRepayment,Inflow,517653.5,91-180d,0.5,0.23449185713322496,2024-06-26
CF2679,BM,LoanRepayment,Outflow,-361214.69,2-7d,1.0,0.5172895217003076,2020-11-06
CF2680,BM,CorporateDeposit,Inflow,115881.01,>1y,0.0,0.1327705852581902,2023-02-15
CF2681,BM,RetailDeposit,Inflow,95672.34,8-30d,1.0,0.3972785123742478,2020-10-19
CF2682,KY,LoanRepayment,Outflow,-39114.35,31-90d,0.5,0.32251512490079914,2021-09-04
CF2683,KY,RetailDeposit,Outflow,-10571.16,31-90d,0.5,0.0749509521181918,2019-10-07
CF2684,JE,CorporateDeposit,Inflow,54830.78,181-365d,0.25,0.11243172704835891,2024-06-26
CF2685,BM,RetailDeposit,Outflow,-64717.23,2-7d,1.0,0.11352021337052387,2020-08-17
CF2686,KY,CommitmentDraw,Inflow,140922.94,2-7d,1.0,0.7250380438203756,2023-10-08
CF2687,BM,DerivativesCF,Outflow,-37322.58,<2d,1.0,0.257320938023613,2022-03-03
CF2688,KY,CommitmentDraw,Inflow,117057.12,31-90d,0.5,0.9200413015313469,2020-02-03
CF2689,KY,LoanRepayment,Inflow,93495.42,>1y,0.0,0.7299863837750367,2021-08-05
CF2690,BM,CommitmentDraw,Outflow,-13952.42,2-7d,1.0,0.05686298116028998,2021-10-03
CF2691,BM,CorporateDeposit,Outflow,-326255.01,91-180d,0.5,0.47935006842338845,2021-01-18
CF2692,BM,LoanRepayment,Outflow,-19725.34,<2d,1.0,0.6516842181835754,2021-01-24
CF2693,BM,CommitmentDraw,Inflow,66085.21,31-90d,0.5,0.13327964422284233,2021-04-03
CF2694,KY,SecurityMaturity,Outflow,-55991.37,31-90d,0.5,0.874873150907659,2020-04-01
CF2695,KY,DerivativesCF,Outflow,-14190.52,>1y,0.0,0.16505398472462118,2022-05-18
CF2696,KY,CommitmentDraw,Outflow,-237419.02,<2d,1.0,0.849510358425813,2021-01-31
CF2697,KY,CommitmentDraw,Outflow,-158627.26,>1y,0.0,0.9370733333190405,2022-10-01
CF2698,KY,RetailDeposit,Outflow,-237493.37,>1y,0.0,0.8096832897678641,2020-12-03
CF2699,BM,CommitmentDraw,Inflow,334861.1,<2d,1.0,0.1381072630747472,2021-09-25
CF2700,JE,LoanRepayment,Inflow,513746.58,<2d,1.0,0.05819803495420406,2019-11-22
CF2701,BM,LoanRepayment,Inflow,478774.58,91-180d,0.5,0.6359452881147641,2019-11-04
CF2702,KY,LoanRepayment,Outflow,-127071.08,8-30d,1.0,0.8776097043758139,2020-05-22
CF2703,JE,LoanRepayment,Inflow,305772.47,8-30d,1.0,0.2862522871095289,2021-11-15
CF2704,KY,RetailDeposit,Outflow,-171742.98,31-90d,0.5,0.48046046931841657,2023-02-14
CF2705,GU,CommitmentDraw,Outflow,-185586.72,181-365d,0.25,0.3993838311024641,2021-12-21
CF2706,BM,LoanRepayment,Outflow,-130444.23,<2d,1.0,0.5496000784306776,2023-07-24
CF2707,KY,DerivativesCF,Inflow,23267.52,31-90d,0.5,0.35842432155370774,2023-04-24
CF2708,GU,DerivativesCF,Outflow,-211983.18,181-365d,0.25,0.43086649712271485,2019-09-27
CF2709,GU,CorporateDeposit,Inflow,55175.72,31-90d,0.5,0.5064406682158983,2020-02-09
CF2710,BM,SecurityMaturity,Outflow,-33922.84,>1y,0.0,0.40091753445685385,2020-03-12
CF2711,KY,LoanRepayment,Outflow,-241888.88,31-90d,0.5,0.6593538538936643,2023-01-21
CF2712,KY,CommitmentDraw,Inflow,80598.07,>1y,0.0,0.9388303389930539,2022-11-16
CF2713,KY,LoanRepayment,Outflow,-26275.27,2-7d,1.0,0.721932990933927,2020-03-10
CF2714,GU,LoanRepayment,Inflow,114283.74,91-180d,0.5,0.4958401231388866,2022-02-04
CF2715,BM,CommitmentDraw,Inflow,89425.07,181-365d,0.25,0.7799928198837289,2022-12-15
CF2716,BM,CommitmentDraw,Inflow,468690.33,181-365d,0.25,0.38322027280564974,2024-04-30
CF2717,BM,CommitmentDraw,Outflow,-29451.59,181-365d,0.25,0.7750549322634318,2023-12-08
CF2718,BM,SecurityMaturity,Outflow,-70546.28,>1y,0.0,0.9896492152627343,2022-03-02
CF2719,KY,DerivativesCF,Outflow,-467657.73,8-30d,1.0,0.46624178430398,2022-11-07
CF2720,JE,CorporateDeposit,Inflow,68553.58,8-30d,1.0,0.220451421768196,2021-05-23
CF2721,BM,CorporateDeposit,Outflow,-210335.08,91-180d,0.5,0.40353175856990353,2023-09-25
CF2722,BM,LoanRepayment,Inflow,76483.03,2-7d,1.0,0.1666551697473101,2020-06-10
CF2723,BM,SecurityMaturity,Outflow,-272465.51,2-7d,1.0,0.9570142137279766,2022-02-27
CF2724,GU,CorporateDeposit,Inflow,47961.0,91-180d,0.5,0.9483099840125851,2020-02-27
CF2725,KY,CommitmentDraw,Outflow,-41707.6,>1y,0.0,0.41185849924607243,2020-03-16
CF2726,GU,SecurityMaturity,Inflow,312515.56,31-90d,0.5,0.8865612412656343,2020-09-26
CF2727,BM,CommitmentDraw,Inflow,24737.38,8-30d,1.0,0.38802202112866113,2023-08-31
CF2728,BM,CorporateDeposit,Outflow,-425017.5,181-365d,0.25,0.6205738001856084,2019-10-13
CF2729,KY,RetailDeposit,Inflow,244554.88,181-365d,0.25,0.4858991603187093,2023-11-12
CF2730,BM,CommitmentDraw,Outflow,-143868.4,2-7d,1.0,0.4863701352079993,2021-11-18
CF2731,BM,DerivativesCF,Outflow,-555349.19,181-365d,0.25,0.6257433879582559,2024-01-23
CF2732,KY,SecurityMaturity,Inflow,235526.11,8-30d,1.0,0.506149869098981,2024-06-14
CF2733,JE,RetailDeposit,Outflow,-536833.15,<2d,1.0,0.10862726120655897,2023-11-08
CF2734,BM,DerivativesCF,Inflow,283105.8,<2d,1.0,0.2635833852021028,2023-11-22
CF2735,BM,CorporateDeposit,Outflow,-426309.45,181-365d,0.25,0.8785822400119919,2023-04-24
CF2736,BM,DerivativesCF,Inflow,64844.43,<2d,1.0,0.33608385098403204,2022-12-19
CF2737,KY,RetailDeposit,Inflow,169414.58,2-7d,1.0,0.2352403236206635,2022-06-28
CF2738,KY,CommitmentDraw,Inflow,57872.8,91-180d,0.5,0.8234590253792233,2022-03-24
CF2739,BM,RetailDeposit,Inflow,165634.8,8-30d,1.0,0.8411519190508694,2022-05-22
CF2740,JE,SecurityMaturity,Inflow,174881.98,2-7d,1.0,0.7495026513450322,2019-07-24
CF2741,BM,LoanRepayment,Inflow,39226.86,181-365d,0.25,0.05256447418761323,2019-07-11
CF2742,GU,DerivativesCF,Inflow,75233.07,31-90d,0.5,0.7090849438820214,2020-04-10
CF2743,KY,RetailDeposit,Inflow,4816.24,>1y,0.0,0.5924491262008252,2019-08-11
CF2744,BM,RetailDeposit,Inflow,116691.87,>1y,0.0,0.5847486994723764,2020-10-27
CF2745,KY,RetailDeposit,Inflow,26450.09,91-180d,0.5,0.6682972354175696,2024-02-24
CF2746,KY,LoanRepayment,Inflow,405443.72,<2d,1.0,0.9594642906208591,2022-11-05
CF2747,BM,CorporateDeposit,Outflow,-511603.57,2-7d,1.0,0.4919772142042941,2021-12-03
CF2748,BM,RetailDeposit,Inflow,285483.79,31-90d,0.5,0.9661500016511734,2020-09-12
CF2749,BM,DerivativesCF,Outflow,-421683.61,31-90d,0.5,0.9653602379071599,2022-11-16
CF2750,KY,SecurityMaturity,Inflow,309251.88,2-7d,1.0,0.2788193563060797,2020-12-21
CF2751,KY,CommitmentDraw,Outflow,-245952.4,2-7d,1.0,0.6369180357653057,2021-07-19
CF2752,BM,CorporateDeposit,Outflow,-226732.76,2-7d,1.0,0.22408809020407072,2023-07-29
CF2753,BM,SecurityMaturity,Outflow,-326563.25,>1y,0.0,0.6582318341531092,2022-02-27
CF2754,BM,CommitmentDraw,Inflow,165084.83,181-365d,0.25,0.7496445145134387,2023-12-08
CF2755,BM,RetailDeposit,Inflow,440989.18,<2d,1.0,0.7508766718480051,2020-04-23
CF2756,KY,CorporateDeposit,Inflow,53282.29,<2d,1.0,0.8051198168206153,2019-09-05
CF2757,KY,SecurityMaturity,Outflow,-208701.52,91-180d,0.5,0.17882087268326674,2024-01-22
CF2758,BM,CorporateDeposit,Outflow,-249202.46,8-30d,1.0,0.0924416814156157,2022-01-28
CF2759,JE,CorporateDeposit,Inflow,205048.43,181-365d,0.25,0.8179988180103435,2021-03-06
CF2760,BM,SecurityMaturity,Outflow,-141868.08,2-7d,1.0,0.21485662646392634,2020-09-27
CF2761,BM,SecurityMaturity,Inflow,39524.56,>1y,0.0,0.42881497066948626,2019-07-08
CF2762,BM,CorporateDeposit,Outflow,-66315.08,<2d,1.0,0.7426875103265884,2021-08-29
CF2763,BM,CommitmentDraw,Inflow,215202.29,181-365d,0.25,0.5864667802620487,2021-08-29
CF2764,KY,SecurityMaturity,Outflow,-300455.65,>1y,0.0,0.9797059896172268,2021-09-16
CF2765,KY,CorporateDeposit,Outflow,-149854.1,8-30d,1.0,0.6333349302006602,2020-08-16
CF2766,KY,LoanRepayment,Outflow,-84973.22,91-180d,0.5,0.0062038628414513575,2022-10-03
CF2767,BM,DerivativesCF,Outflow,-156690.67,>1y,0.0,0.7326996563220918,2022-11-26
CF2768,KY,CorporateDeposit,Inflow,139872.76,181-365d,0.25,0.9872892639742304,2021-05-15
CF2769,KY,SecurityMaturity,Inflow,567708.95,>1y,0.0,0.008786152818718862,2019-07-31
CF2770,BM,DerivativesCF,Outflow,-440458.49,8-30d,1.0,0.016624715260024625,2021-03-11
CF2771,GU,CorporateDeposit,Inflow,259013.92,31-90d,0.5,0.8078838058430143,2020-11-04
CF2772,BM,DerivativesCF,Outflow,-446146.88,8-30d,1.0,0.2422169229068254,2021-12-05
CF2773,KY,DerivativesCF,Inflow,150425.44,91-180d,0.5,0.0685027532143162,2021-06-14
CF2774,BM,LoanRepayment,Inflow,137049.12,2-7d,1.0,0.6744472069167395,2022-08-04
CF2775,KY,RetailDeposit,Inflow,78403.05,8-30d,1.0,0.3925962005725724,2020-05-31
CF2776,JE,CorporateDeposit,Inflow,195028.05,181-365d,0.25,0.9811500817096259,2023-10-24
CF2777,BM,LoanRepayment,Inflow,358943.22,<2d,1.0,0.1538730721303928,2020-12-06
CF2778,KY,RetailDeposit,Outflow,-163750.4,91-180d,0.5,0.3601759447057614,2023-11-19
CF2779,GU,SecurityMaturity,Outflow,-181780.07,>1y,0.0,0.01289557240737571,2021-12-31
CF2780,BM,LoanRepayment,Inflow,255393.11,91-180d,0.5,0.9499311759090379,2022-05-31
CF2781,KY,CommitmentDraw,Outflow,-53566.85,2-7d,1.0,0.3457313721738561,2024-04-27
CF2782,BM,CommitmentDraw,Outflow,-25437.95,181-365d,0.25,0.052554529149673734,2021-01-08
CF2783,BM,CorporateDeposit,Inflow,92319.2,91-180d,0.5,0.5127474675430896,2020-04-29
CF2784,KY,CorporateDeposit,Outflow,-269344.23,31-90d,0.5,0.552411688774862,2023-03-03
CF2785,BM,CorporateDeposit,Inflow,157343.46,91-180d,0.5,0.12606224316902237,2020-05-25
CF2786,BM,CommitmentDraw,Outflow,-92615.14,>1y,0.0,0.7903253109492824,2020-09-24
CF2787,JE,CommitmentDraw,Outflow,-30186.7,181-365d,0.25,0.39182622387831134,2022-07-22
CF2788,BM,CorporateDeposit,Outflow,-400632.74,181-365d,0.25,0.6468101345840013,2021-02-28
CF2789,GU,CorporateDeposit,Inflow,162689.84,8-30d,1.0,0.6702647463690942,2019-08-22
CF2790,BM,CommitmentDraw,Inflow,32155.33,181-365d,0.25,0.902199948636599,2023-05-05
CF2791,GU,SecurityMaturity,Outflow,-196966.29,31-90d,0.5,0.9312097077046537,2020-10-01
CF2792,BM,CorporateDeposit,Outflow,-6676.97,181-365d,0.25,0.2005133851605495,2019-12-01
CF2793,BM,LoanRepayment,Outflow,-30229.23,8-30d,1.0,0.7678188270777859,2021-07-09
CF2794,GU,RetailDeposit,Inflow,72021.66,181-365d,0.25,0.281703973399934,2023-10-23
CF2795,JE,CommitmentDraw,Outflow,-80075.99,2-7d,1.0,0.06091341523552829,2019-12-07
CF2796,BM,LoanRepayment,Inflow,80290.75,<2d,1.0,0.8743795882752169,2023-10-25
CF2797,BM,CorporateDeposit,Outflow,-292904.55,31-90d,0.5,0.39301021339274866,2022-06-14
CF2798,BM,CorporateDeposit,Outflow,-641237.89,91-180d,0.5,0.03316250019804412,2022-11-06
CF2799,KY,CorporateDeposit,Inflow,25178.76,>1y,0.0,0.6960062168757205,2023-10-20
CF2800,BM,SecurityMaturity,Outflow,-170065.6,8-30d,1.0,0.9682934655420564,2021-04-01
CF2801,BM,DerivativesCF,Inflow,35718.08,8-30d,1.0,0.23455346085856965,2021-09-20
CF2802,KY,SecurityMaturity,Outflow,-100369.01,91-180d,0.5,0.9618941137150021,2024-02-11
CF2803,BM,CommitmentDraw,Inflow,306455.28,2-7d,1.0,0.47580672234722254,2019-07-17
CF2804,BM,CommitmentDraw,Inflow,364855.49,91-180d,0.5,0.13990155200765986,2020-09-29
CF2805,KY,RetailDeposit,Inflow,417612.37,91-180d,0.5,0.2124846328878478,2024-03-07
CF2806,GU,LoanRepayment,Outflow,-324378.39,8-30d,1.0,0.6533319912541954,2021-06-24
CF2807,GU,CorporateDeposit,Inflow,28240.29,>1y,0.0,0.550636794006768,2022-08-23
CF2808,BM,SecurityMaturity,Inflow,90250.93,31-90d,0.5,0.04567550401799425,2023-04-21
CF2809,KY,LoanRepayment,Outflow,-370688.61,91-180d,0.5,0.5899577440692311,2023-05-20
CF2810,GU,RetailDeposit,Inflow,294623.04,181-365d,0.25,0.11137975243241871,2022-01-31
CF2811,GU,RetailDeposit,Inflow,85506.06,<2d,1.0,0.2911609382002741,2020-11-19
CF2812,KY,DerivativesCF,Inflow,250433.76,91-180d,0.5,0.39284525546491833,2022-02-20
CF2813,KY,CommitmentDraw,Outflow,-2698.69,181-365d,0.25,0.3954360121202052,2020-07-20
CF2814,KY,CorporateDeposit,Inflow,49404.44,31-90d,0.5,0.5575188046951371,2020-10-04
CF2815,KY,LoanRepayment,Inflow,104935.68,181-365d,0.25,0.06451607752278055,2023-12-03
CF2816,BM,CommitmentDraw,Outflow,-12976.88,8-30d,1.0,0.3873572531207149,2022-01-12
CF2817,BM,CommitmentDraw,Inflow,510548.13,>1y,0.0,0.8397511118519275,2021-03-10
CF2818,GU,CommitmentDraw,Inflow,472999.84,31-90d,0.5,0.7889128965656891,2022-07-07
CF2819,GU,SecurityMaturity,Inflow,7680.21,<2d,1.0,0.4347978329907274,2021-01-16
CF2820,BM,CommitmentDraw,Inflow,257829.91,91-180d,0.5,0.8938158974575556,2023-10-11
CF2821,KY,CommitmentDraw,Outflow,-270732.83,181-365d,0.25,0.7480487295443878,2022-04-12
CF2822,BM,LoanRepayment,Inflow,295443.61,91-180d,0.5,0.45306602732284285,2022-11-12
CF2823,KY,DerivativesCF,Outflow,-152588.89,<2d,1.0,0.3302060000355591,2023-03-04
CF2824,BM,RetailDeposit,Inflow,27317.22,2-7d,1.0,0.4044575824976867,2024-01-04
CF2825,BM,CommitmentDraw,Inflow,28028.21,8-30d,1.0,0.7803102092065498,2020-07-13
CF2826,BM,RetailDeposit,Outflow,-397702.41,91-180d,0.5,0.4623279084332743,2023-07-18
CF2827,KY,CorporateDeposit,Inflow,264465.34,31-90d,0.5,0.1357422683325069,2023-12-10
CF2828,BM,CommitmentDraw,Outflow,-176352.46,91-180d,0.5,0.28177666854244676,2020-08-11
CF2829,GU,CommitmentDraw,Inflow,5185.74,181-365d,0.25,0.21880611063570732,2023-02-14
CF2830,JE,CorporateDeposit,Outflow,-3796.91,>1y,0.0,0.032173263855637346,2023-07-19
CF2831,KY,CommitmentDraw,Inflow,271763.59,2-7d,1.0,0.0157551269782773,2023-10-24
CF2832,BM,CorporateDeposit,Inflow,136866.13,91-180d,0.5,0.6636801754786356,2023-09-08
CF2833,KY,SecurityMaturity,Inflow,77149.05,91-180d,0.5,0.37644514969051,2019-11-27
CF2834,BM,CorporateDeposit,Inflow,461396.86,8-30d,1.0,0.9194497930863559,2020-08-07
CF2835,GU,CommitmentDraw,Inflow,163246.06,<2d,1.0,0.9600757530962094,2019-12-12
CF2836,GU,DerivativesCF,Outflow,-307907.71,2-7d,1.0,0.04710103368736229,2022-01-16
CF2837,KY,LoanRepayment,Inflow,113637.62,<2d,1.0,0.25697711012990176,2021-08-19
CF2838,KY,LoanRepayment,Outflow,-43936.09,8-30d,1.0,0.9570353960196047,2022-10-09
CF2839,BM,RetailDeposit,Outflow,-41268.29,>1y,0.0,0.6066103204885374,2021-11-23
CF2840,BM,LoanRepayment,Outflow,-59855.64,181-365d,0.25,0.9286599142430155,2019-12-06
CF2841,KY,SecurityMaturity,Outflow,-378828.43,181-365d,0.25,0.5151178684699377,2020-05-11
CF2842,KY,LoanRepayment,Outflow,-10903.51,31-90d,0.5,0.5066072745790376,2023-10-26
CF2843,GU,SecurityMaturity,Outflow,-622804.57,181-365d,0.25,0.9657439206692809,2019-11-21
CF2844,KY,LoanRepayment,Outflow,-389853.27,>1y,0.0,0.3862777509180686,2019-08-19
CF2845,KY,RetailDeposit,Outflow,-208709.58,<2d,1.0,0.6348251830914404,2022-03-31
CF2846,BM,CorporateDeposit,Outflow,-121881.21,2-7d,1.0,0.8860301383738808,2019-07-14
CF2847,BM,CorporateDeposit,Outflow,-100193.79,8-30d,1.0,0.1925955906606902,2020-07-16
CF2848,BM,LoanRepayment,Inflow,175060.34,31-90d,0.5,0.6207460506648045,2021-12-08
CF2849,BM,CommitmentDraw,Inflow,368057.1,181-365d,0.25,0.24685262890385118,2021-08-30
CF2850,BM,RetailDeposit,Inflow,51365.19,>1y,0.0,0.4460498596854162,2021-12-15
CF2851,BM,LoanRepayment,Inflow,192573.14,<2d,1.0,0.12245905649895028,2024-05-14
CF2852,KY,SecurityMaturity,Inflow,22570.32,31-90d,0.5,0.20781178397620648,2022-02-06
CF2853,BM,SecurityMaturity,Outflow,-226484.68,31-90d,0.5,0.008638683852830953,2021-04-09
CF2854,KY,RetailDeposit,Outflow,-159619.23,181-365d,0.25,0.851255522033276,2021-08-10
CF2855,KY,SecurityMaturity,Inflow,28753.1,8-30d,1.0,0.8842476646135613,2024-01-15
CF2856,KY,DerivativesCF,Outflow,-25037.08,<2d,1.0,0.13835372957962977,2022-03-14
CF2857,BM,CommitmentDraw,Inflow,171876.18,8-30d,1.0,0.6359088175873014,2023-04-29
CF2858,BM,LoanRepayment,Outflow,-135624.29,2-7d,1.0,0.980233210647511,2021-09-18
CF2859,GU,CommitmentDraw,Outflow,-3901.95,8-30d,1.0,0.7728255555520156,2020-07-09
CF2860,BM,CommitmentDraw,Outflow,-106582.88,8-30d,1.0,0.1519273515368531,2022-12-21
CF2861,KY,LoanRepayment,Outflow,-7951.29,<2d,1.0,0.44531682439970643,2023-05-27
CF2862,KY,LoanRepayment,Outflow,-177185.51,91-180d,0.5,0.7491214260973555,2021-08-11
CF2863,BM,DerivativesCF,Inflow,183148.6,>1y,0.0,0.6974301224456328,2020-01-31
CF2864,BM,RetailDeposit,Outflow,-255399.03,>1y,0.0,0.6156751658460156,2024-06-20
CF2865,KY,CommitmentDraw,Inflow,445487.33,<2d,1.0,0.9269770646574974,2023-08-17
CF2866,JE,SecurityMaturity,Outflow,-208567.84,<2d,1.0,0.2612613726487377,2023-11-27
CF2867,KY,DerivativesCF,Outflow,-24130.99,31-90d,0.5,0.1841856298526381,2019-07-10
CF2868,BM,CorporateDeposit,Outflow,-243486.82,91-180d,0.5,0.9134218927368619,2020-07-06
CF2869,KY,CommitmentDraw,Inflow,119381.95,181-365d,0.25,0.9497831930151277,2023-09-07
CF2870,BM,RetailDeposit,Inflow,381270.28,31-90d,0.5,0.989293167786879,2021-08-29
CF2871,KY,CorporateDeposit,Outflow,-257288.7,91-180d,0.5,0.9232156768247409,2021-05-13
CF2872,GU,DerivativesCF,Inflow,160720.07,>1y,0.0,0.8275038374481314,2021-07-02
CF2873,GU,CorporateDeposit,Inflow,348730.44,31-90d,0.5,0.9384836324612361,2023-12-16
CF2874,BM,RetailDeposit,Outflow,-45387.12,31-90d,0.5,0.8514276708204517,2019-09-29
CF2875,JE,SecurityMaturity,Inflow,111999.44,91-180d,0.5,0.31771770134396804,2020-05-13
CF2876,KY,CommitmentDraw,Outflow,-4608.37,8-30d,1.0,0.21592920956738793,2024-06-14
CF2877,KY,DerivativesCF,Outflow,-149599.81,<2d,1.0,0.12044013625353789,2022-01-30
CF2878,KY,LoanRepayment,Inflow,223952.11,181-365d,0.25,0.3435921051013803,2020-04-18
CF2879,BM,CorporateDeposit,Outflow,-144974.38,2-7d,1.0,0.7768403523835772,2022-10-12
CF2880,GU,LoanRepayment,Inflow,123231.33,91-180d,0.5,0.431816085984164,2023-10-11
CF2881,KY,CorporateDeposit,Inflow,328292.09,181-365d,0.25,0.4712058730129175,2023-07-22
CF2882,BM,SecurityMaturity,Inflow,551015.41,91-180d,0.5,0.45072155347157916,2019-08-10
CF2883,BM,CommitmentDraw,Inflow,501970.76,31-90d,0.5,0.9880000293306699,2024-01-18
CF2884,JE,CorporateDeposit,Inflow,142612.11,31-90d,0.5,0.2321301363874032,2024-01-23
CF2885,BM,DerivativesCF,Outflow,-450689.53,2-7d,1.0,0.5294474353069646,2020-03-11
CF2886,KY,LoanRepayment,Outflow,-20761.95,>1y,0.0,0.3147566769172869,2021-04-21
CF2887,BM,LoanRepayment,Outflow,-57962.77,2-7d,1.0,0.7448354536845855,2023-09-23
CF2888,JE,CommitmentDraw,Inflow,188475.43,181-365d,0.25,0.17869943869255378,2021-10-03
CF2889,JE,CorporateDeposit,Inflow,326062.36,181-365d,0.25,0.03208793274271038,2020-02-08
CF2890,BM,DerivativesCF,Inflow,290644.0,>1y,0.0,0.23052635959152978,2023-02-11
CF2891,KY,LoanRepayment,Inflow,66837.46,31-90d,0.5,0.40917525557050494,2024-02-23
CF2892,GU,CorporateDeposit,Outflow,-238794.86,<2d,1.0,0.34770029216875353,2022-09-13
CF2893,KY,SecurityMaturity,Outflow,-199062.84,31-90d,0.5,0.655825972194105,2020-12-26
CF2894,BM,SecurityMaturity,Inflow,520271.01,>1y,0.0,0.28623266450805374,2023-04-18
CF2895,BM,CorporateDeposit,Outflow,-93747.91,91-180d,0.5,0.7434113209986564,2021-11-13
CF2896,GU,LoanRepayment,Inflow,39647.09,<2d,1.0,0.6020517395977387,2021-07-01
CF2897,BM,CorporateDeposit,Inflow,58929.92,181-365d,0.25,0.9888624329396671,2021-07-01
CF2898,GU,CorporateDeposit,Outflow,-215086.73,<2d,1.0,0.7122715465299253,2022-11-20
CF2899,BM,LoanRepayment,Inflow,234331.11,<2d,1.0,0.8905100330095159,2024-05-13
CF2900,BM,SecurityMaturity,Outflow,-256071.33,2-7d,1.0,0.23683057363857785,2024-06-05
CF2901,KY,DerivativesCF,Inflow,311670.36,181-365d,0.25,0.5114338339894718,2022-03-02
CF2902,KY,DerivativesCF,Inflow,170225.97,>1y,0.0,0.2915187713310149,2022-01-09
CF2903,KY,CommitmentDraw,Outflow,-427932.56,8-30d,1.0,0.0785818250884388,2020-04-27
CF2904,KY,LoanRepayment,Outflow,-151206.31,8-30d,1.0,0.03551015333032148,2022-10-16
CF2905,BM,CorporateDeposit,Inflow,497358.47,181-365d,0.25,0.9259120676384146,2023-11-08
CF2906,GU,SecurityMaturity,Inflow,5425.46,91-180d,0.5,0.1562022218860063,2023-04-12
CF2907,JE,CommitmentDraw,Outflow,-188701.75,91-180d,0.5,0.0471451673935146,2023-07-04
CF2908,KY,LoanRepayment,Outflow,-127851.91,<2d,1.0,0.09513114235391718,2022-09-02
CF2909,KY,SecurityMaturity,Inflow,251034.74,91-180d,0.5,0.40773696067821497,2021-11-09
CF2910,GU,LoanRepayment,Inflow,448768.95,8-30d,1.0,0.24281624761268605,2024-03-04
CF2911,GU,LoanRepayment,Inflow,66843.27,2-7d,1.0,0.6004858880368207,2024-02-16
CF2912,BM,CommitmentDraw,Inflow,62887.32,2-7d,1.0,0.9053664235764978,2022-05-16
CF2913,BM,CommitmentDraw,Outflow,-173692.22,8-30d,1.0,0.2962324689167539,2020-10-12
CF2914,BM,SecurityMaturity,Inflow,130446.71,31-90d,0.5,0.7827260138750064,2021-01-08
CF2915,JE,CommitmentDraw,Outflow,-322654.0,91-180d,0.5,0.04816296851429358,2020-04-27
CF2916,KY,LoanRepayment,Inflow,104153.9,2-7d,1.0,0.9967401875111627,2022-11-08
CF2917,GU,RetailDeposit,Inflow,510436.44,31-90d,0.5,0.9856354040201127,2023-03-21
CF2918,BM,LoanRepayment,Outflow,-245373.14,8-30d,1.0,0.03920406746530991,2020-04-28
CF2919,KY,DerivativesCF,Inflow,44480.36,2-7d,1.0,0.16000473579080787,2019-10-24
CF2920,JE,CommitmentDraw,Inflow,115832.12,181-365d,0.25,0.18806704107671823,2023-02-07
CF2921,GU,RetailDeposit,Inflow,238773.99,8-30d,1.0,0.3007525424878972,2024-05-09
CF2922,BM,SecurityMaturity,Outflow,-125622.82,31-90d,0.5,0.22994695936604803,2019-11-11
CF2923,KY,CommitmentDraw,Outflow,-47101.37,2-7d,1.0,0.2996607934860853,2021-01-06
CF2924,KY,SecurityMaturity,Inflow,27308.2,31-90d,0.5,0.13703314240493614,2022-06-11
CF2925,KY,CommitmentDraw,Inflow,54958.47,31-90d,0.5,0.07402033501867267,2020-02-29
CF2926,GU,SecurityMaturity,Outflow,-386514.38,<2d,1.0,0.71817101287899,2020-12-15
CF2927,GU,DerivativesCF,Inflow,260754.33,<2d,1.0,0.05642350050179068,2023-03-11
CF2928,JE,SecurityMaturity,Outflow,-105059.81,2-7d,1.0,0.019251443908886445,2019-09-15
CF2929,KY,LoanRepayment,Inflow,348830.63,181-365d,0.25,0.1639793621341148,2022-10-02
CF2930,BM,CommitmentDraw,Outflow,-19442.22,>1y,0.0,0.20258191724280472,2020-08-30
CF2931,BM,DerivativesCF,Outflow,-60720.65,91-180d,0.5,0.2839594223301969,2021-11-13
CF2932,KY,RetailDeposit,Outflow,-326405.39,<2d,1.0,0.09900429838560121,2021-08-01
CF2933,JE,RetailDeposit,Inflow,250302.44,2-7d,1.0,0.17568942506364738,2024-06-05
CF2934,KY,LoanRepayment,Outflow,-67134.17,2-7d,1.0,0.6522538609672651,2024-04-19
CF2935,KY,LoanRepayment,Outflow,-277135.8,91-180d,0.5,0.4014528018165635,2020-05-13
CF2936,KY,SecurityMaturity,Inflow,182917.34,>1y,0.0,0.17922848519035572,2020-05-15
CF2937,BM,SecurityMaturity,Inflow,240530.96,181-365d,0.25,0.30291279493982526,2023-05-22
CF2938,KY,CorporateDeposit,Outflow,-70429.46,181-365d,0.25,0.30293368068872173,2019-12-04
CF2939,BM,CommitmentDraw,Outflow,-293033.99,<2d,1.0,0.5378310244293742,2024-06-08
CF2940,BM,LoanRepayment,Inflow,102166.44,31-90d,0.5,0.6152507086656185,2022-01-20
CF2941,BM,DerivativesCF,Outflow,-271939.58,181-365d,0.25,0.9990694623416666,2023-01-01
CF2942,KY,DerivativesCF,Outflow,-162157.03,31-90d,0.5,0.9259549121576598,2021-09-14
CF2943,JE,DerivativesCF,Outflow,-451366.64,181-365d,0.25,0.24531987582857695,2021-11-17
CF2944,KY,LoanRepayment,Outflow,-324214.96,91-180d,0.5,0.2938629895374736,2022-07-15
CF2945,KY,CommitmentDraw,Outflow,-158440.46,>1y,0.0,0.004997520601731642,2020-06-06
CF2946,KY,LoanRepayment,Outflow,-430411.1,31-90d,0.5,0.5515649653753492,2021-11-21
CF2947,KY,RetailDeposit,Inflow,56501.95,181-365d,0.25,0.4135002424786487,2023-12-11
CF2948,GU,RetailDeposit,Outflow,-304067.12,8-30d,1.0,0.30940414007025285,2021-12-05
CF2949,GU,SecurityMaturity,Inflow,199353.0,91-180d,0.5,0.6289863792532783,2024-02-14
CF2950,GU,RetailDeposit,Inflow,300650.42,181-365d,0.25,0.6293689084694145,2022-05-23
CF2951,KY,CorporateDeposit,Inflow,194238.16,91-180d,0.5,0.41136677735641214,2020-01-05
CF2952,KY,DerivativesCF,Outflow,-38387.35,2-7d,1.0,0.25550399989317163,2019-12-30
CF2953,BM,DerivativesCF,Inflow,1577.02,8-30d,1.0,0.7501464256760442,2019-09-04
CF2954,JE,CommitmentDraw,Outflow,-226472.47,181-365d,0.25,0.6573554548768255,2020-02-13
CF2955,JE,CorporateDeposit,Inflow,435774.01,181-365d,0.25,0.9074446383973982,2020-03-23
CF2956,KY,SecurityMaturity,Outflow,-258299.09,31-90d,0.5,0.5814404931106867,2022-04-19
CF2957,GU,DerivativesCF,Outflow,-59753.54,91-180d,0.5,0.20316105628373438,2020-10-17
CF2958,KY,LoanRepayment,Inflow,277663.45,91-180d,0.5,0.17189385577527616,2023-09-05
CF2959,BM,CorporateDeposit,Outflow,-113151.91,<2d,1.0,0.5590132961628411,2022-05-03
CF2960,BM,CommitmentDraw,Outflow,-224857.37,>1y,0.0,0.3192230843538689,2023-03-21
CF2961,GU,CorporateDeposit,Inflow,233845.4,<2d,1.0,0.1628515683086167,2023-01-12
CF2962,BM,CorporateDeposit,Outflow,-216761.91,<2d,1.0,0.8532697389346654,2024-04-11
CF2963,KY,SecurityMaturity,Inflow,40935.32,181-365d,0.25,0.8240682530218294,2022-05-27
CF2964,BM,CorporateDeposit,Inflow,129856.74,>1y,0.0,0.2884829352638836,2023-04-15
CF2965,BM,DerivativesCF,Outflow,-525186.88,8-30d,1.0,0.20414375006180463,2022-11-30
CF2966,BM,SecurityMaturity,Inflow,118349.3,91-180d,0.5,0.4884169527938681,2024-03-14
CF2967,KY,CommitmentDraw,Outflow,-377735.49,2-7d,1.0,0.3710671487907877,2020-04-10
CF2968,KY,CommitmentDraw,Outflow,-40966.59,91-180d,0.5,0.7675940456195872,2024-02-07
CF2969,KY,CommitmentDraw,Inflow,124382.81,<2d,1.0,0.7990839102933951,2020-09-07
CF2970,BM,CommitmentDraw,Inflow,444165.96,91-180d,0.5,0.4488138236148568,2021-03-09
CF2971,BM,LoanRepayment,Outflow,-169228.22,31-90d,0.5,0.14101575680767553,2023-05-06
CF2972,JE,DerivativesCF,Outflow,-240052.58,91-180d,0.5,0.2209695697261861,2022-01-03
CF2973,BM,CommitmentDraw,Inflow,184051.45,31-90d,0.5,0.423547163899059,2020-04-14
CF2974,KY,SecurityMaturity,Inflow,87242.85,91-180d,0.5,0.2551311560673869,2022-05-21
CF2975,BM,CommitmentDraw,Outflow,-168341.36,2-7d,1.0,0.26178991742090585,2019-09-10
CF2976,BM,CommitmentDraw,Outflow,-291031.96,2-7d,1.0,0.26169428842776965,2022-09-12
CF2977,KY,LoanRepayment,Outflow,-117430.91,31-90d,0.5,0.6558566223493626,2020-06-14
CF2978,JE,RetailDeposit,Outflow,-374514.9,2-7d,1.0,0.06334382695099028,2022-07-26
CF2979,BM,CommitmentDraw,Inflow,238704.49,181-365d,0.25,0.35215972231354575,2021-08-17
CF2980,BM,LoanRepayment,Outflow,-156394.67,181-365d,0.25,0.1253029889649626,2021-05-14
CF2981,GU,DerivativesCF,Inflow,351886.34,>1y,0.0,0.18408110289006896,2019-08-19
CF2982,KY,LoanRepayment,Inflow,8687.78,91-180d,0.5,0.9250877574760814,2023-02-15
CF2983,BM,RetailDeposit,Outflow,-159617.45,<2d,1.0,0.9925914034627142,2024-04-26
CF2984,GU,DerivativesCF,Inflow,47972.04,91-180d,0.5,0.45979534802576283,2024-04-04
CF2985,BM,RetailDeposit,Outflow,-37327.05,8-30d,1.0,0.5776484522699363,2019-08-20
CF2986,BM,CommitmentDraw,Outflow,-71520.42,2-7d,1.0,0.33779413351965626,2021-12-20
CF2987,BM,CommitmentDraw,Inflow,93888.07,<2d,1.0,0.6059439432458372,2023-02-01
CF2988,GU,SecurityMaturity,Inflow,18023.9,2-7d,1.0,0.20184783764907865,2020-06-11
CF2989,BM,CorporateDeposit,Inflow,133833.3,2-7d,1.0,0.5065939580827872,2022-10-27
CF2990,KY,LoanRepayment,Inflow,490440.81,>1y,0.0,0.09412599801646593,2024-02-23
CF2991,GU,SecurityMaturity,Inflow,204173.56,8-30d,1.0,0.3415468211225108,2023-10-21
CF2992,KY,SecurityMaturity,Outflow,-149190.91,>1y,0.0,0.14324068504480003,2019-08-12
CF2993,BM,RetailDeposit,Outflow,-109589.2,>1y,0.0,0.04928132524979556,2020-03-28
CF2994,GU,SecurityMaturity,Outflow,-46116.68,31-90d,0.5,0.4111799543675071,2021-02-06
CF2995,JE,CommitmentDraw,Outflow,-4340.87,>1y,0.0,0.7924784760630956,2020-06-02
CF2996,KY,CommitmentDraw,Inflow,15740.27,8-30d,1.0,0.23317499502760508,2021-01-29
CF2997,BM,RetailDeposit,Inflow,147410.55,2-7d,1.0,0.30812219605566216,2021-09-21
CF2998,KY,LoanRepayment,Outflow,-257587.94,2-7d,1.0,0.29432481119829956,2021-06-17
CF2999,BM,CommitmentDraw,Outflow,-278245.86,>1y,0.0,0.026747648253983125,2022-08-03
CF3000,JE,LoanRepayment,Inflow,133069.37,<2d,1.0,0.5450292646028055,2024-05-21
CF3001,JE,CommitmentDraw,Outflow,-90168.23,181-365d,0.25,0.21205189595956542,2021-04-25
CF3002,BM,CorporateDeposit,Inflow,351765.22,31-90d,0.5,0.7573428033800947,2023-09-10
CF3003,KY,CommitmentDraw,Outflow,-210723.3,8-30d,1.0,0.4177153598678618,2019-08-22
CF3004,JE,DerivativesCF,Inflow,324948.69,181-365d,0.25,0.08649683350715098,2022-04-25
CF3005,BM,SecurityMaturity,Outflow,-126633.95,>1y,0.0,0.0037456908573590963,2020-07-30
CF3006,JE,LoanRepayment,Inflow,277437.93,181-365d,0.25,0.6942375907395504,2023-12-25
CF3007,BM,CorporateDeposit,Outflow,-13195.98,91-180d,0.5,0.38558848509768173,2021-10-19
CF3008,BM,SecurityMaturity,Outflow,-13936.22,<2d,1.0,0.9112107053150644,2024-03-17
CF3009,BM,CommitmentDraw,Outflow,-203339.02,31-90d,0.5,0.21867693078552775,2021-07-08
CF3010,KY,DerivativesCF,Inflow,106882.07,181-365d,0.25,0.5343445757613329,2022-01-20
CF3011,GU,CorporateDeposit,Outflow,-227010.9,2-7d,1.0,0.5338059724120567,2022-01-08
CF3012,BM,SecurityMaturity,Inflow,235236.1,91-180d,0.5,0.6753231009060541,2021-11-26
CF3013,KY,SecurityMaturity,Inflow,120806.59,<2d,1.0,0.22672498936324004,2023-10-23
CF3014,BM,DerivativesCF,Inflow,9531.66,2-7d,1.0,0.3357211027076311,2021-04-19
CF3015,GU,CommitmentDraw,Outflow,-136325.32,2-7d,1.0,0.4164929708969115,2019-08-11
CF3016,GU,SecurityMaturity,Inflow,96313.76,91-180d,0.5,0.9961417506161385,2022-05-15
CF3017,KY,RetailDeposit,Inflow,80356.2,181-365d,0.25,0.08821360044048832,2020-10-06
CF3018,KY,SecurityMaturity,Outflow,-94678.72,>1y,0.0,0.5342901631297985,2020-12-04
CF3019,BM,CorporateDeposit,Inflow,14968.95,<2d,1.0,0.012761335228357429,2020-11-14
CF3020,KY,SecurityMaturity,Outflow,-222939.71,31-90d,0.5,0.44012239379916485,2020-02-26
CF3021,KY,LoanRepayment,Outflow,-222469.03,2-7d,1.0,0.5946843670042944,2022-08-11
CF3022,KY,LoanRepayment,Inflow,338823.3,2-7d,1.0,0.45068321935204825,2023-05-26
CF3023,KY,RetailDeposit,Inflow,39616.85,<2d,1.0,0.6839446258986824,2023-04-08
CF3024,KY,DerivativesCF,Outflow,-156178.65,91-180d,0.5,0.23291238896493716,2020-12-04
CF3025,BM,LoanRepayment,Outflow,-79362.42,>1y,0.0,0.5848792286819596,2022-02-14
CF3026,GU,LoanRepayment,Outflow,-161509.53,8-30d,1.0,0.5270382583867663,2020-05-12
CF3027,BM,DerivativesCF,Inflow,213449.67,91-180d,0.5,0.5116203562263,2022-03-04
CF3028,KY,LoanRepayment,Inflow,55031.71,91-180d,0.5,0.5921937318666922,2021-02-16
CF3029,KY,CommitmentDraw,Outflow,-36613.25,181-365d,0.25,0.3686407437570566,2022-12-22
CF3030,KY,CommitmentDraw,Outflow,-132377.48,91-180d,0.5,0.6612445008121843,2023-07-01
CF3031,BM,DerivativesCF,Outflow,-289897.3,<2d,1.0,0.3215418674474214,2023-09-15
CF3032,BM,SecurityMaturity,Outflow,-128940.02,2-7d,1.0,0.19096946688956795,2021-09-08
CF3033,BM,CommitmentDraw,Inflow,206906.8,31-90d,0.5,0.3555163009967197,2023-05-04
CF3034,BM,CommitmentDraw,Outflow,-524486.41,31-90d,0.5,0.6148343539524759,2020-01-20
CF3035,KY,LoanRepayment,Outflow,-128306.91,31-90d,0.5,0.957086164650989,2022-08-29
CF3036,KY,SecurityMaturity,Outflow,-314403.51,31-90d,0.5,0.7683289294060582,2019-07-11
CF3037,BM,DerivativesCF,Outflow,-16309.47,8-30d,1.0,0.796062916501236,2023-09-11
CF3038,KY,SecurityMaturity,Inflow,45897.25,8-30d,1.0,0.9542760707905842,2022-11-19
CF3039,BM,DerivativesCF,Inflow,169129.26,2-7d,1.0,0.2236765428183879,2023-11-15
CF3040,BM,CorporateDeposit,Outflow,-40166.42,2-7d,1.0,0.4378512574975326,2022-07-23
CF3041,BM,LoanRepayment,Outflow,-175989.1,31-90d,0.5,0.6805860393771399,2024-01-27
CF3042,BM,SecurityMaturity,Inflow,313301.52,2-7d,1.0,0.4259598180504419,2022-10-13
CF3043,BM,LoanRepayment,Outflow,-82857.0,>1y,0.0,0.15656176779699427,2020-05-26
CF3044,BM,LoanRepayment,Outflow,-644445.56,>1y,0.0,0.47311540100789506,2019-10-19
CF3045,BM,CommitmentDraw,Inflow,83011.97,8-30d,1.0,0.47223558146834943,2020-11-14
CF3046,KY,RetailDeposit,Outflow,-384276.72,181-365d,0.25,0.9681404219140538,2022-11-22
CF3047,KY,CommitmentDraw,Outflow,-184742.97,>1y,0.0,0.587834571160302,2022-02-13
CF3048,BM,CommitmentDraw,Inflow,275308.23,31-90d,0.5,0.7308575781874933,2023-01-29
CF3049,KY,RetailDeposit,Inflow,13718.14,31-90d,0.5,0.9590842649076513,2023-05-15
CF3050,BM,CommitmentDraw,Inflow,607828.46,91-180d,0.5,0.6113460704701456,2021-09-06
CF3051,KY,RetailDeposit,Outflow,-185204.28,<2d,1.0,0.23165216804720945,2024-02-27
CF3052,BM,LoanRepayment,Outflow,-491288.44,<2d,1.0,0.4477360652979302,2021-07-20
CF3053,GU,DerivativesCF,Inflow,213414.04,>1y,0.0,0.7415087562896342,2020-09-13
CF3054,KY,RetailDeposit,Outflow,-184453.23,>1y,0.0,0.32167835103427755,2020-12-20
CF3055,KY,CorporateDeposit,Outflow,-127478.38,31-90d,0.5,0.47497218012943176,2021-02-22
CF3056,GU,DerivativesCF,Inflow,22827.44,91-180d,0.5,0.2526166335465817,2021-10-25
CF3057,BM,CommitmentDraw,Inflow,107597.08,91-180d,0.5,0.25707468388624544,2023-03-30
CF3058,GU,CorporateDeposit,Inflow,193150.08,>1y,0.0,0.08522310992993853,2023-02-13
CF3059,BM,CorporateDeposit,Outflow,-275978.42,91-180d,0.5,0.5780351942967826,2021-07-17
CF3060,GU,DerivativesCF,Outflow,-222191.16,31-90d,0.5,0.25183814710454844,2021-08-16
CF3061,KY,SecurityMaturity,Outflow,-327379.57,2-7d,1.0,0.07342849030053655,2021-07-27
CF3062,GU,CorporateDeposit,Inflow,137256.62,91-180d,0.5,0.6910129583819347,2022-07-24
CF3063,BM,SecurityMaturity,Inflow,145081.78,91-180d,0.5,0.278004391184859,2023-04-27
CF3064,GU,SecurityMaturity,Inflow,208828.35,91-180d,0.5,0.6746259994622514,2021-06-24
CF3065,JE,SecurityMaturity,Inflow,13695.86,<2d,1.0,0.15365944573491086,2022-07-18
CF3066,KY,CorporateDeposit,Inflow,144057.82,2-7d,1.0,0.5322601734661714,2022-08-19
CF3067,KY,CommitmentDraw,Outflow,-117210.87,<2d,1.0,0.393265273275745,2021-02-11
CF3068,KY,DerivativesCF,Outflow,-134964.91,>1y,0.0,0.213903121611269,2023-03-06
CF3069,KY,SecurityMaturity,Inflow,10240.83,31-90d,0.5,0.9227928218812357,2023-03-12
CF3070,KY,CorporateDeposit,Outflow,-86537.24,181-365d,0.25,0.4906539263905215,2023-11-10
CF3071,KY,RetailDeposit,Outflow,-157838.71,91-180d,0.5,0.2738928524799914,2022-05-21
CF3072,BM,DerivativesCF,Inflow,138.16,91-180d,0.5,0.10592291304227242,2022-03-26
CF3073,KY,CorporateDeposit,Inflow,221106.43,<2d,1.0,0.07039561513469739,2022-11-16
CF3074,KY,DerivativesCF,Inflow,105946.11,2-7d,1.0,0.8885886682651111,2020-06-07
CF3075,BM,SecurityMaturity,Inflow,203347.19,8-30d,1.0,0.8591432308062871,2021-11-24
CF3076,JE,CorporateDeposit,Inflow,91425.21,2-7d,1.0,0.1601249020939297,2022-03-17
CF3077,KY,CorporateDeposit,Inflow,152198.99,181-365d,0.25,0.9612644634056426,2021-07-02
CF3078,JE,SecurityMaturity,Outflow,-429186.59,<2d,1.0,0.5677808337698247,2022-03-26
CF3079,KY,SecurityMaturity,Inflow,114423.89,31-90d,0.5,0.27866020371271105,2019-12-23
CF3080,KY,SecurityMaturity,Outflow,-33568.25,>1y,0.0,0.09486347072845958,2022-01-05
CF3081,KY,CommitmentDraw,Outflow,-60708.39,181-365d,0.25,0.652686508332129,2021-02-14
CF3082,BM,RetailDeposit,Inflow,218352.07,31-90d,0.5,0.7219977415454943,2021-01-31
CF3083,BM,DerivativesCF,Inflow,113593.79,<2d,1.0,0.4603702980558113,2022-01-16
CF3084,JE,DerivativesCF,Outflow,-489932.87,8-30d,1.0,0.10447514672845726,2020-01-31
CF3085,JE,CorporateDeposit,Outflow,-268477.74,91-180d,0.5,0.10539923090201042,2023-04-13
CF3086,BM,CommitmentDraw,Inflow,92348.77,<2d,1.0,0.8214192792332694,2021-10-09
CF3087,BM,SecurityMaturity,Inflow,262150.86,8-30d,1.0,0.4210826641275538,2023-08-12
CF3088,BM,RetailDeposit,Inflow,277518.54,8-30d,1.0,0.8666714762636532,2024-03-09
CF3089,BM,CorporateDeposit,Outflow,-108243.93,181-365d,0.25,0.038016120954861066,2022-12-06
CF3090,KY,SecurityMaturity,Outflow,-223222.69,91-180d,0.5,0.20103981599138354,2023-06-12
CF3091,BM,DerivativesCF,Inflow,50714.95,31-90d,0.5,0.19566649294838445,2021-06-28
CF3092,GU,RetailDeposit,Outflow,-154507.94,8-30d,1.0,0.620507080985308,2021-01-20
CF3093,GU,SecurityMaturity,Outflow,-241947.68,91-180d,0.5,0.2601897624137455,2024-01-16
CF3094,BM,LoanRepayment,Outflow,-9036.54,2-7d,1.0,0.4896101659769626,2024-05-18
CF3095,BM,LoanRepayment,Outflow,-80344.38,31-90d,0.5,0.7713656981745182,2021-11-06
CF3096,BM,SecurityMaturity,Inflow,81377.26,2-7d,1.0,0.5986995088539712,2019-09-28
CF3097,KY,LoanRepayment,Inflow,22552.28,2-7d,1.0,0.8705098742522478,2021-10-30
CF3098,BM,SecurityMaturity,Outflow,-24037.26,>1y,0.0,0.9050092326275958,2020-10-17
CF3099,KY,RetailDeposit,Outflow,-3728.29,181-365d,0.25,0.5024776116313089,2024-06-07
CF3100,BM,CommitmentDraw,Outflow,-230387.54,31-90d,0.5,0.36513680997190645,2020-07-14
CF3101,GU,DerivativesCF,Inflow,32749.1,8-30d,1.0,0.9908203798063367,2020-11-11
CF3102,KY,DerivativesCF,Outflow,-189287.31,181-365d,0.25,0.26846443843776513,2020-02-26
CF3103,GU,RetailDeposit,Outflow,-240798.97,>1y,0.0,0.31520663886398537,2021-04-02
CF3104,GU,DerivativesCF,Outflow,-182586.05,91-180d,0.5,0.4078542739685168,2022-02-03
CF3105,JE,CommitmentDraw,Inflow,475012.12,31-90d,0.5,0.7085535589972828,2021-04-23
CF3106,GU,LoanRepayment,Outflow,-7325.99,2-7d,1.0,0.028697842552823705,2020-11-18
CF3107,GU,LoanRepayment,Outflow,-17586.17,>1y,0.0,0.3334486099849666,2020-08-17
CF3108,JE,RetailDeposit,Inflow,294691.04,<2d,1.0,0.8949497199883023,2019-08-12
CF3109,KY,LoanRepayment,Inflow,118997.3,8-30d,1.0,0.6867295544740362,2021-09-04
CF3110,KY,CorporateDeposit,Inflow,28217.23,>1y,0.0,0.3945827221394189,2022-07-25
CF3111,KY,LoanRepayment,Outflow,-113358.74,181-365d,0.25,0.7170267252550171,2022-12-19
CF3112,GU,LoanRepayment,Inflow,475175.13,2-7d,1.0,0.6993771665044848,2023-03-08
CF3113,GU,DerivativesCF,Inflow,366745.43,31-90d,0.5,0.6454433170876579,2021-04-30
CF3114,BM,RetailDeposit,Inflow,58783.13,31-90d,0.5,0.8912218787270207,2021-10-06
CF3115,KY,DerivativesCF,Outflow,-146735.36,31-90d,0.5,0.3039505942989167,2021-02-07
CF3116,KY,CorporateDeposit,Inflow,245301.08,181-365d,0.25,0.6695944361273723,2023-08-29
CF3117,BM,SecurityMaturity,Inflow,369952.81,2-7d,1.0,0.8214766554797025,2022-10-10
CF3118,JE,CommitmentDraw,Inflow,66022.78,>1y,0.0,0.8552005835130785,2020-09-17
CF3119,KY,LoanRepayment,Inflow,85458.97,<2d,1.0,0.3036633541264242,2023-02-21
CF3120,JE,RetailDeposit,Outflow,-95134.81,2-7d,1.0,0.9498287992450709,2023-09-02
CF3121,BM,SecurityMaturity,Outflow,-479878.35,31-90d,0.5,0.9282565088611769,2020-02-25
CF3122,KY,SecurityMaturity,Inflow,233837.5,8-30d,1.0,0.9570848419555888,2019-10-10
CF3123,GU,DerivativesCF,Inflow,23113.13,31-90d,0.5,0.22150247857156546,2021-11-10
CF3124,JE,SecurityMaturity,Outflow,-79132.69,>1y,0.0,0.22202175536015312,2020-08-10
CF3125,BM,DerivativesCF,Inflow,30600.46,91-180d,0.5,0.19196271893213834,2020-08-14
CF3126,JE,RetailDeposit,Inflow,122542.66,<2d,1.0,0.166302742568333,2023-01-31
CF3127,BM,DerivativesCF,Outflow,-9502.01,8-30d,1.0,0.7318240951557047,2022-05-20
CF3128,KY,RetailDeposit,Inflow,121345.69,181-365d,0.25,0.6430435352327423,2023-11-04
CF3129,KY,RetailDeposit,Inflow,7201.28,31-90d,0.5,0.750227602231484,2023-08-18
CF3130,JE,RetailDeposit,Inflow,356756.52,>1y,0.0,0.08415237956687649,2021-09-15
CF3131,GU,RetailDeposit,Inflow,100312.65,8-30d,1.0,0.707832521088084,2024-05-10
CF3132,KY,DerivativesCF,Inflow,120517.36,31-90d,0.5,0.6350081130844576,2020-08-30
CF3133,JE,LoanRepayment,Outflow,-50947.07,<2d,1.0,0.38418822628124616,2021-07-12
CF3134,JE,CorporateDeposit,Outflow,-62613.04,8-30d,1.0,0.7903910269927751,2019-08-22
CF3135,JE,CorporateDeposit,Outflow,-153480.62,91-180d,0.5,0.9808359127656828,2019-08-25
CF3136,GU,LoanRepayment,Inflow,453175.51,2-7d,1.0,0.8194624869248304,2022-09-17
CF3137,JE,LoanRepayment,Outflow,-254836.21,8-30d,1.0,0.9698826448363337,2023-06-22
CF3138,BM,RetailDeposit,Inflow,384758.06,2-7d,1.0,0.47519573888584565,2022-10-18
CF3139,JE,DerivativesCF,Inflow,134717.04,181-365d,0.25,0.9242712866789148,2022-10-06
CF3140,GU,CorporateDeposit,Outflow,-123033.0,8-30d,1.0,0.38912107241353266,2021-01-04
CF3141,GU,DerivativesCF,Inflow,190821.02,>1y,0.0,0.8030959045440925,2022-05-27
CF3142,BM,SecurityMaturity,Inflow,13637.84,181-365d,0.25,0.828076018870358,2022-03-30
CF3143,KY,CorporateDeposit,Outflow,-396844.0,91-180d,0.5,0.17304816290360758,2024-03-16
CF3144,KY,LoanRepayment,Inflow,227615.76,2-7d,1.0,0.23453321829518803,2022-01-24
CF3145,BM,RetailDeposit,Outflow,-227694.86,91-180d,0.5,0.2194008997104543,2021-10-18
CF3146,BM,CommitmentDraw,Outflow,-220823.5,<2d,1.0,0.9966771256303619,2020-09-20
CF3147,KY,LoanRepayment,Inflow,277791.79,>1y,0.0,0.9597165982154574,2020-07-11
CF3148,BM,SecurityMaturity,Outflow,-580373.2,<2d,1.0,0.07802707446239354,2019-11-21
CF3149,BM,RetailDeposit,Outflow,-458130.04,>1y,0.0,0.8021468183167226,2020-11-06
CF3150,BM,CorporateDeposit,Outflow,-109598.77,>1y,0.0,0.5597278337933563,2021-08-03
CF3151,KY,RetailDeposit,Inflow,271961.35,>1y,0.0,0.9935094224058305,2020-07-18
CF3152,KY,RetailDeposit,Inflow,65884.94,>1y,0.0,0.452898505035791,2024-02-21
CF3153,GU,RetailDeposit,Inflow,42053.76,31-90d,0.5,0.42784202854498543,2020-08-24
CF3154,KY,DerivativesCF,Outflow,-341437.97,31-90d,0.5,0.7620250188178664,2023-03-19
CF3155,KY,RetailDeposit,Inflow,56301.3,>1y,0.0,0.2664957379313706,2022-12-14
CF3156,BM,SecurityMaturity,Outflow,-337895.49,8-30d,1.0,0.2594351906400143,2019-07-06
CF3157,KY,DerivativesCF,Inflow,175457.22,>1y,0.0,0.8553105681992433,2020-04-01
CF3158,GU,SecurityMaturity,Inflow,139532.25,91-180d,0.5,0.3254585981809355,2023-09-28
CF3159,KY,CorporateDeposit,Inflow,309445.49,91-180d,0.5,0.13277783281874223,2024-06-15
CF3160,KY,DerivativesCF,Outflow,-127224.08,>1y,0.0,0.19992372581392703,2022-11-21
CF3161,BM,RetailDeposit,Outflow,-42973.34,<2d,1.0,0.5067158333988054,2021-09-05
CF3162,BM,SecurityMaturity,Outflow,-332152.57,8-30d,1.0,0.42414872753039157,2019-08-26
CF3163,KY,CorporateDeposit,Outflow,-282984.2,<2d,1.0,0.8339672257287363,2020-04-29
CF3164,KY,CorporateDeposit,Inflow,165458.37,<2d,1.0,0.7813884502230876,2020-11-02
CF3165,BM,CommitmentDraw,Inflow,85378.12,31-90d,0.5,0.7702224732105739,2020-05-28
CF3166,BM,DerivativesCF,Inflow,332138.26,91-180d,0.5,0.8004804625469853,2021-04-26
CF3167,BM,DerivativesCF,Inflow,285067.62,31-90d,0.5,0.6256361999047728,2021-05-28
CF3168,KY,LoanRepayment,Outflow,-227760.82,<2d,1.0,0.0949227979975561,2022-12-21
CF3169,KY,CorporateDeposit,Outflow,-194049.5,<2d,1.0,0.21134052217849553,2021-06-13
CF3170,KY,LoanRepayment,Outflow,-277326.69,>1y,0.0,0.003372981410087683,2021-12-03
CF3171,KY,CorporateDeposit,Outflow,-83078.34,<2d,1.0,0.5446080820992779,2021-09-11
CF3172,GU,RetailDeposit,Outflow,-170781.89,181-365d,0.25,0.7430281955133883,2020-08-23
CF3173,BM,SecurityMaturity,Outflow,-151679.9,8-30d,1.0,0.1700120390268327,2022-10-13
CF3174,KY,LoanRepayment,Outflow,-16767.28,91-180d,0.5,0.007922749854419098,2022-04-05
CF3175,BM,RetailDeposit,Outflow,-83621.04,31-90d,0.5,0.8681586057886865,2019-09-09
CF3176,JE,RetailDeposit,Outflow,-27258.41,>1y,0.0,0.5319846149950617,2019-10-28
CF3177,BM,RetailDeposit,Inflow,168551.91,8-30d,1.0,0.2519928980756624,2021-03-22
CF3178,JE,LoanRepayment,Outflow,-140071.1,181-365d,0.25,0.3792797057503672,2020-12-26
CF3179,GU,LoanRepayment,Outflow,-85991.78,31-90d,0.5,0.6641944843985512,2024-06-09
CF3180,BM,CommitmentDraw,Inflow,320132.65,>1y,0.0,0.9308900380655176,2020-02-18
CF3181,BM,LoanRepayment,Outflow,-59607.43,181-365d,0.25,0.857098498854555,2024-03-15
CF3182,BM,LoanRepayment,Outflow,-426821.68,31-90d,0.5,0.5807080431503187,2019-09-05
CF3183,KY,RetailDeposit,Outflow,-49545.44,31-90d,0.5,0.18635723874254162,2019-10-02
CF3184,BM,LoanRepayment,Inflow,23329.32,>1y,0.0,0.5679065635207281,2021-01-13
CF3185,GU,LoanRepayment,Inflow,93076.83,<2d,1.0,0.05197949946251634,2020-11-20
CF3186,KY,SecurityMaturity,Outflow,-12825.02,8-30d,1.0,0.6967300553924662,2022-08-25
CF3187,KY,DerivativesCF,Outflow,-182431.13,31-90d,0.5,0.30377313301468045,2023-04-22
CF3188,GU,DerivativesCF,Outflow,-84786.66,>1y,0.0,0.15167085071698982,2020-07-29
CF3189,KY,DerivativesCF,Outflow,-256845.95,2-7d,1.0,0.20238364093510974,2022-10-08
CF3190,BM,SecurityMaturity,Inflow,53626.5,31-90d,0.5,0.31143954794975093,2023-08-24
CF3191,GU,RetailDeposit,Inflow,395252.47,91-180d,0.5,0.44859728598388937,2020-07-18
CF3192,BM,CorporateDeposit,Inflow,490052.81,2-7d,1.0,0.5811653207943253,2024-01-13
CF3193,GU,DerivativesCF,Inflow,163467.27,181-365d,0.25,0.033427860019623834,2020-05-24
CF3194,GU,RetailDeposit,Inflow,76468.74,31-90d,0.5,0.3465109570138857,2021-03-05
CF3195,BM,SecurityMaturity,Inflow,356721.34,<2d,1.0,0.2760348961233968,2022-02-16
CF3196,BM,RetailDeposit,Outflow,-110730.87,>1y,0.0,0.3776775965085528,2020-03-18
CF3197,GU,CorporateDeposit,Outflow,-28394.63,>1y,0.0,0.5615899447409559,2023-02-02
CF3198,KY,CorporateDeposit,Outflow,-180583.01,181-365d,0.25,0.9528193746353286,2024-01-17
CF3199,BM,CommitmentDraw,Outflow,-412805.43,<2d,1.0,0.6927101706408125,2021-03-29
CF3200,BM,CommitmentDraw,Outflow,-299991.76,<2d,1.0,0.9507740619951945,2022-02-28
CF3201,KY,CorporateDeposit,Inflow,59069.24,>1y,0.0,0.7336418059918351,2021-10-11
CF3202,BM,CommitmentDraw,Inflow,88332.82,31-90d,0.5,0.7470548225384244,2021-05-27
CF3203,GU,CorporateDeposit,Inflow,120749.44,<2d,1.0,0.05763749464347523,2024-06-15
CF3204,JE,DerivativesCF,Outflow,-48124.6,91-180d,0.5,0.6769675708617142,2023-02-18
CF3205,JE,LoanRepayment,Outflow,-37287.74,<2d,1.0,0.09053827658062286,2023-08-03
CF3206,KY,RetailDeposit,Inflow,26289.4,2-7d,1.0,0.935084360159907,2023-05-03
CF3207,BM,CorporateDeposit,Inflow,286683.16,8-30d,1.0,0.48716632964012396,2020-05-11
CF3208,KY,LoanRepayment,Outflow,-347377.66,2-7d,1.0,0.32944223887401725,2020-12-12
CF3209,GU,SecurityMaturity,Outflow,-347268.27,2-7d,1.0,0.5520429796938616,2022-09-14
CF3210,JE,DerivativesCF,Inflow,152869.57,31-90d,0.5,0.5823651129711502,2022-04-18
CF3211,KY,RetailDeposit,Inflow,200914.96,31-90d,0.5,0.7906150237231395,2020-04-21
CF3212,JE,DerivativesCF,Inflow,108512.78,181-365d,0.25,0.3304548942576565,2024-04-08
CF3213,BM,LoanRepayment,Inflow,23936.47,<2d,1.0,0.3399197076336966,2021-05-18
CF3214,KY,CommitmentDraw,Inflow,195218.42,91-180d,0.5,0.8210455200042917,2020-04-09
CF3215,KY,LoanRepayment,Inflow,50855.93,2-7d,1.0,0.4476125690005377,2021-11-13
CF3216,BM,RetailDeposit,Inflow,161861.19,>1y,0.0,0.10299160613586333,2023-12-24
CF3217,BM,CorporateDeposit,Inflow,132404.37,>1y,0.0,0.6468835394877032,2020-08-28
CF3218,JE,CommitmentDraw,Outflow,-185082.65,91-180d,0.5,0.04994268556564552,2019-12-26
CF3219,KY,RetailDeposit,Outflow,-5592.05,8-30d,1.0,0.8099235383248936,2021-05-11
CF3220,BM,SecurityMaturity,Outflow,-107487.15,181-365d,0.25,0.6528609008377321,2021-12-14
CF3221,JE,CommitmentDraw,Outflow,-157178.01,91-180d,0.5,0.4818545294641998,2020-01-05
CF3222,KY,CommitmentDraw,Outflow,-92343.92,8-30d,1.0,0.9161100057609023,2023-11-25
CF3223,BM,DerivativesCF,Outflow,-72032.58,>1y,0.0,0.9661604319297621,2021-08-01
CF3224,GU,LoanRepayment,Inflow,244669.93,>1y,0.0,0.01561743021386297,2020-09-28
CF3225,GU,RetailDeposit,Outflow,-11336.99,>1y,0.0,0.48147948323682,2022-11-04
CF3226,KY,RetailDeposit,Inflow,50023.31,8-30d,1.0,0.5282422797285724,2019-07-08
CF3227,KY,LoanRepayment,Outflow,-166233.07,91-180d,0.5,0.34763469226916455,2023-01-30
CF3228,KY,RetailDeposit,Outflow,-289706.95,<2d,1.0,0.824941030218685,2024-06-23
CF3229,GU,LoanRepayment,Inflow,298327.6,>1y,0.0,0.02587075368756353,2022-03-04
CF3230,BM,SecurityMaturity,Inflow,137610.58,>1y,0.0,0.3859857071723404,2022-04-22
CF3231,KY,LoanRepayment,Outflow,-67861.39,31-90d,0.5,0.30540588388969037,2022-11-14
CF3232,GU,CommitmentDraw,Outflow,-273601.17,>1y,0.0,0.9660050985708668,2022-08-19
CF3233,GU,CommitmentDraw,Inflow,118969.96,2-7d,1.0,0.17273399802529976,2020-08-28
CF3234,BM,SecurityMaturity,Outflow,-265613.92,31-90d,0.5,0.3294991652211653,2022-02-10
CF3235,BM,DerivativesCF,Inflow,220321.89,31-90d,0.5,0.417854179342413,2019-07-06
CF3236,KY,RetailDeposit,Outflow,-20751.6,8-30d,1.0,0.5719373465933215,2023-07-21
CF3237,BM,LoanRepayment,Inflow,205569.37,181-365d,0.25,0.07570537184108395,2020-02-28
CF3238,BM,DerivativesCF,Inflow,27233.35,>1y,0.0,0.18891639583633857,2023-12-04
CF3239,KY,CorporateDeposit,Outflow,-153281.32,>1y,0.0,0.19881440436837916,2022-05-12
CF3240,JE,DerivativesCF,Outflow,-111126.49,31-90d,0.5,0.10334762418970678,2019-10-02
CF3241,KY,RetailDeposit,Outflow,-41004.52,8-30d,1.0,0.9817475138623194,2021-07-18
CF3242,BM,LoanRepayment,Outflow,-115328.43,181-365d,0.25,0.3665308744856616,2022-05-04
CF3243,KY,CorporateDeposit,Outflow,-423240.67,2-7d,1.0,0.8937921998790683,2022-03-26
CF3244,KY,DerivativesCF,Outflow,-28921.67,2-7d,1.0,0.2759443603767484,2024-02-29
CF3245,BM,CorporateDeposit,Inflow,239698.53,181-365d,0.25,0.25952415652577443,2023-05-16
CF3246,KY,RetailDeposit,Outflow,-132818.26,<2d,1.0,0.3185994236158979,2020-12-18
CF3247,BM,CorporateDeposit,Outflow,-189615.89,2-7d,1.0,0.4259189266973863,2022-07-24
CF3248,BM,RetailDeposit,Outflow,-203550.33,31-90d,0.5,0.3308123243765262,2022-01-03
CF3249,BM,DerivativesCF,Outflow,-467226.69,<2d,1.0,0.07001468641747521,2022-11-16
CF3250,BM,LoanRepayment,Outflow,-72725.28,31-90d,0.5,0.6449214220942692,2021-12-09
CF3251,KY,CorporateDeposit,Outflow,-196801.62,>1y,0.0,0.40874148024642,2021-12-31
CF3252,KY,CorporateDeposit,Outflow,-230314.91,2-7d,1.0,0.6305949226102988,2020-03-07
CF3253,GU,CommitmentDraw,Inflow,152169.02,91-180d,0.5,0.2170490260247142,2023-11-18
CF3254,KY,RetailDeposit,Outflow,-207120.12,31-90d,0.5,0.32373707528874907,2021-01-28
CF3255,JE,SecurityMaturity,Inflow,253747.95,181-365d,0.25,0.9636944697366028,2021-05-16
CF3256,GU,LoanRepayment,Outflow,-62695.22,2-7d,1.0,0.10169043561098201,2021-07-27
CF3257,BM,DerivativesCF,Outflow,-163525.44,91-180d,0.5,0.406796644462186,2019-12-08
CF3258,KY,RetailDeposit,Outflow,-134837.96,8-30d,1.0,0.5858779009107463,2023-04-16
CF3259,KY,LoanRepayment,Outflow,-168259.16,181-365d,0.25,0.19347044737683006,2020-08-05
CF3260,KY,LoanRepayment,Outflow,-18370.64,181-365d,0.25,0.6158695685560764,2024-05-31
CF3261,KY,SecurityMaturity,Inflow,401814.63,91-180d,0.5,0.455265171191779,2022-12-18
CF3262,GU,CorporateDeposit,Outflow,-258855.57,<2d,1.0,0.12836072328837722,2021-01-28
CF3263,BM,CommitmentDraw,Inflow,220887.4,31-90d,0.5,0.5334813446077379,2022-02-22
CF3264,KY,LoanRepayment,Outflow,-185778.42,<2d,1.0,0.7912009340071049,2022-03-19
CF3265,KY,DerivativesCF,Outflow,-229201.07,8-30d,1.0,0.668015205636386,2021-04-17
CF3266,GU,SecurityMaturity,Outflow,-166502.63,>1y,0.0,0.031766429690492815,2023-10-19
CF3267,JE,CommitmentDraw,Outflow,-50086.75,91-180d,0.5,0.2949671481418138,2022-11-16
CF3268,BM,RetailDeposit,Inflow,340561.5,8-30d,1.0,0.34160235934708105,2024-01-06
CF3269,BM,LoanRepayment,Inflow,125029.37,91-180d,0.5,0.9464629165560584,2023-01-14
CF3270,BM,DerivativesCF,Inflow,152231.99,8-30d,1.0,0.13693764935968822,2020-10-13
CF3271,BM,LoanRepayment,Outflow,-117328.61,2-7d,1.0,0.5490157093111278,2023-10-10
CF3272,JE,CorporateDeposit,Inflow,68554.17,91-180d,0.5,0.7196418918820622,2022-10-02
CF3273,BM,RetailDeposit,Inflow,59295.89,91-180d,0.5,0.8166604871059937,2022-02-09
CF3274,GU,CommitmentDraw,Outflow,-232114.84,>1y,0.0,0.8432034965501606,2021-12-19
CF3275,JE,CommitmentDraw,Outflow,-493090.85,<2d,1.0,0.16697702719998375,2020-10-02
CF3276,BM,RetailDeposit,Outflow,-429178.33,31-90d,0.5,0.5449694724523282,2022-10-16
CF3277,BM,CorporateDeposit,Outflow,-163444.57,8-30d,1.0,0.8277707721511215,2021-09-26
CF3278,JE,CorporateDeposit,Inflow,410163.3,181-365d,0.25,0.8260013232028637,2024-05-20
CF3279,GU,SecurityMaturity,Inflow,192034.71,<2d,1.0,0.8633054896704183,2021-01-22
CF3280,BM,CommitmentDraw,Inflow,48878.14,<2d,1.0,0.9426496239131894,2023-11-20
CF3281,KY,LoanRepayment,Outflow,-261230.46,31-90d,0.5,0.31220976299750325,2024-01-26
CF3282,GU,CorporateDeposit,Outflow,-378650.16,8-30d,1.0,0.5804666746940218,2023-06-12
CF3283,KY,DerivativesCF,Outflow,-166429.05,31-90d,0.5,0.29904229004981864,2022-12-25
CF3284,KY,RetailDeposit,Outflow,-62624.02,<2d,1.0,0.9914343635518896,2023-05-15
CF3285,BM,SecurityMaturity,Outflow,-170135.06,8-30d,1.0,0.8038184085073723,2021-08-28
CF3286,BM,RetailDeposit,Outflow,-175059.42,<2d,1.0,0.6095246739052891,2021-10-07
CF3287,KY,SecurityMaturity,Outflow,-27136.25,<2d,1.0,0.8064458161010846,2020-11-23
CF3288,KY,LoanRepayment,Outflow,-267333.41,<2d,1.0,0.483304108711076,2022-07-25
CF3289,BM,LoanRepayment,Outflow,-195918.96,<2d,1.0,0.7636571449298775,2023-12-11
CF3290,KY,CommitmentDraw,Outflow,-285661.94,8-30d,1.0,0.6558853981718576,2020-11-04
CF3291,BM,CorporateDeposit,Outflow,-323185.23,8-30d,1.0,0.101766563701299,2021-06-15
CF3292,GU,SecurityMaturity,Inflow,17527.41,31-90d,0.5,0.7285664095414733,2021-06-02
CF3293,JE,SecurityMaturity,Outflow,-12707.87,<2d,1.0,0.5815931779890514,2023-07-08
CF3294,BM,CommitmentDraw,Inflow,182994.05,91-180d,0.5,0.2924101337506162,2024-01-23
CF3295,GU,RetailDeposit,Inflow,24221.35,>1y,0.0,0.2956276794139706,2021-07-01
CF3296,BM,DerivativesCF,Outflow,-22049.29,8-30d,1.0,0.7700145007592653,2021-08-03
CF3297,BM,DerivativesCF,Inflow,134039.35,<2d,1.0,0.6900111750388396,2022-10-03
CF3298,BM,SecurityMaturity,Inflow,162084.2,91-180d,0.5,0.621187303714596,2020-06-30
CF3299,JE,CommitmentDraw,Outflow,-279201.33,2-7d,1.0,0.6560054997862359,2019-07-14
CF3300,GU,DerivativesCF,Inflow,312128.47,<2d,1.0,0.67555791857362,2024-04-27
CF3301,JE,LoanRepayment,Outflow,-535383.41,31-90d,0.5,0.504596671976792,2020-06-10
CF3302,BM,LoanRepayment,Outflow,-163407.32,31-90d,0.5,0.5970973478860049,2024-06-24
CF3303,BM,RetailDeposit,Inflow,329182.15,2-7d,1.0,0.4618028805085548,2022-05-19
CF3304,BM,LoanRepayment,Outflow,-97396.25,181-365d,0.25,0.7367802507200681,2020-07-01
CF3305,BM,DerivativesCF,Inflow,114345.47,181-365d,0.25,0.2783000235515555,2021-01-19
CF3306,KY,DerivativesCF,Inflow,133412.93,<2d,1.0,0.6202520068057206,2021-10-23
CF3307,BM,RetailDeposit,Outflow,-169360.31,2-7d,1.0,0.11432463586575492,2023-07-03
CF3308,KY,SecurityMaturity,Outflow,-67548.81,31-90d,0.5,0.41707818714646827,2023-02-27
CF3309,JE,SecurityMaturity,Inflow,174082.49,181-365d,0.25,0.008257722270494261,2023-06-21
CF3310,BM,SecurityMaturity,Inflow,359861.4,2-7d,1.0,0.5306716815755304,2023-04-03
CF3311,KY,LoanRepayment,Inflow,474464.34,>1y,0.0,0.8177018487689572,2024-03-01
CF3312,GU,CorporateDeposit,Outflow,-84410.19,8-30d,1.0,0.9175040533453154,2020-11-09
CF3313,JE,LoanRepayment,Inflow,56677.85,31-90d,0.5,0.8805957364502072,2021-03-20
CF3314,BM,CorporateDeposit,Outflow,-97450.52,<2d,1.0,0.7254642579037621,2022-07-01
CF3315,BM,CorporateDeposit,Inflow,89881.5,2-7d,1.0,0.3066969287388198,2023-07-30
CF3316,KY,CommitmentDraw,Inflow,101588.63,31-90d,0.5,0.32904917150643287,2022-06-12
CF3317,KY,RetailDeposit,Inflow,618010.64,8-30d,1.0,0.04598876878283931,2020-01-18
CF3318,KY,CorporateDeposit,Inflow,115015.24,>1y,0.0,0.3247772434516457,2021-05-04
CF3319,GU,LoanRepayment,Outflow,-261671.24,31-90d,0.5,0.9959292648487428,2019-10-08
CF3320,BM,CommitmentDraw,Outflow,-329764.6,8-30d,1.0,0.5162117963900379,2020-10-21
CF3321,GU,DerivativesCF,Outflow,-329819.38,8-30d,1.0,0.6645421819926128,2022-01-23
CF3322,BM,RetailDeposit,Outflow,-527928.09,8-30d,1.0,0.05744053043322628,2020-12-11
CF3323,GU,CommitmentDraw,Inflow,443298.55,31-90d,0.5,0.4416531832663616,2024-05-09
CF3324,KY,CommitmentDraw,Outflow,-33332.51,91-180d,0.5,0.6568095781180907,2021-12-05
CF3325,KY,RetailDeposit,Inflow,170918.84,2-7d,1.0,0.4084027464923893,2020-07-27
CF3326,BM,CommitmentDraw,Outflow,-286657.29,8-30d,1.0,0.9162895850419838,2020-07-30
CF3327,BM,SecurityMaturity,Outflow,-22340.97,2-7d,1.0,0.14096240694239837,2022-11-13
CF3328,GU,DerivativesCF,Inflow,382089.03,<2d,1.0,0.21798428279779214,2021-01-18
CF3329,BM,CorporateDeposit,Inflow,52735.95,>1y,0.0,0.9932442426652017,2022-01-23
CF3330,KY,CommitmentDraw,Inflow,89780.71,8-30d,1.0,0.9743035345888305,2024-03-21
CF3331,JE,CorporateDeposit,Inflow,360622.49,181-365d,0.25,0.11325073184443424,2020-08-01
CF3332,JE,CorporateDeposit,Outflow,-171775.23,8-30d,1.0,0.6191072127130999,2022-02-05
CF3333,BM,CorporateDeposit,Inflow,50433.99,<2d,1.0,0.11463978713817513,2021-06-21
CF3334,KY,CommitmentDraw,Outflow,-18103.8,>1y,0.0,0.34412994354829907,2023-06-21
CF3335,BM,LoanRepayment,Inflow,109814.6,2-7d,1.0,0.134407175941458,2023-05-10
CF3336,GU,DerivativesCF,Outflow,-59969.76,8-30d,1.0,0.46696626621698567,2021-01-16
CF3337,KY,DerivativesCF,Inflow,194960.99,2-7d,1.0,0.2828692354290583,2022-09-16
CF3338,BM,DerivativesCF,Inflow,7616.48,91-180d,0.5,0.018070391843534872,2021-04-30
CF3339,BM,RetailDeposit,Inflow,1947.28,2-7d,1.0,0.3983914927700244,2020-11-26
CF3340,BM,SecurityMaturity,Inflow,43041.36,31-90d,0.5,0.14451886561992144,2022-09-10
CF3341,KY,DerivativesCF,Inflow,202306.04,2-7d,1.0,0.27958868467162723,2022-01-01
CF3342,BM,LoanRepayment,Inflow,2522.1,31-90d,0.5,0.9882648828031195,2022-09-25
CF3343,BM,DerivativesCF,Outflow,-149406.23,<2d,1.0,0.28509248997069403,2020-09-21
CF3344,KY,SecurityMaturity,Inflow,122030.92,91-180d,0.5,0.6469104027185077,2023-05-14
CF3345,BM,SecurityMaturity,Inflow,363987.73,91-180d,0.5,0.2565598601915664,2022-03-18
CF3346,BM,SecurityMaturity,Outflow,-350628.71,31-90d,0.5,0.5444815632969843,2024-03-03
CF3347,BM,RetailDeposit,Inflow,140878.97,2-7d,1.0,0.20647572444465034,2024-01-22
CF3348,BM,RetailDeposit,Outflow,-470477.09,2-7d,1.0,0.25267312330330116,2023-02-14
CF3349,KY,CommitmentDraw,Inflow,1995.47,2-7d,1.0,0.251920491163104,2021-08-09
CF3350,BM,CorporateDeposit,Inflow,516119.77,31-90d,0.5,0.16069297448896713,2020-11-26
CF3351,KY,LoanRepayment,Outflow,-18407.94,>1y,0.0,0.3820356526788171,2023-07-01
CF3352,BM,CommitmentDraw,Inflow,164968.24,<2d,1.0,0.30292514640647816,2021-08-18
CF3353,GU,LoanRepayment,Inflow,252400.18,2-7d,1.0,0.28193119698461655,2022-11-18
CF3354,GU,LoanRepayment,Outflow,-60325.32,181-365d,0.25,0.7198475608945278,2020-04-07
CF3355,KY,DerivativesCF,Inflow,87496.53,>1y,0.0,0.7059570792205813,2021-08-28
CF3356,KY,CorporateDeposit,Inflow,182436.55,91-180d,0.5,0.8031693652513093,2021-01-11
CF3357,GU,CorporateDeposit,Inflow,84410.2,31-90d,0.5,0.9644804932495405,2021-05-07
CF3358,BM,CorporateDeposit,Inflow,125124.37,181-365d,0.25,0.6271511577946295,2022-05-31
CF3359,BM,RetailDeposit,Outflow,-17324.1,>1y,0.0,0.8296174524790121,2021-01-01
CF3360,BM,LoanRepayment,Inflow,13248.67,>1y,0.0,0.8419290851103958,2020-08-19
CF3361,JE,LoanRepayment,Outflow,-151019.9,2-7d,1.0,0.5734295073022474,2023-07-12
CF3362,BM,SecurityMaturity,Outflow,-46844.34,<2d,1.0,0.34604819710132595,2023-05-27
CF3363,JE,SecurityMaturity,Outflow,-570676.22,181-365d,0.25,0.7272156648102651,2022-02-21
CF3364,BM,SecurityMaturity,Inflow,253700.72,>1y,0.0,0.9126139594963126,2021-07-06
CF3365,KY,DerivativesCF,Inflow,20926.46,181-365d,0.25,0.44046410420170923,2019-12-17
CF3366,KY,CorporateDeposit,Outflow,-29357.48,181-365d,0.25,0.474370081431678,2020-04-19
CF3367,KY,LoanRepayment,Outflow,-255004.39,8-30d,1.0,0.4412150434097183,2021-10-30
CF3368,BM,RetailDeposit,Outflow,-177895.11,>1y,0.0,0.6582031412883836,2024-05-26
CF3369,BM,RetailDeposit,Inflow,211007.61,91-180d,0.5,0.9304392173445895,2024-04-12
CF3370,BM,RetailDeposit,Outflow,-93120.17,>1y,0.0,0.4793154333595403,2023-08-03
CF3371,JE,CommitmentDraw,Inflow,212074.72,2-7d,1.0,0.07677818196319186,2023-09-18
CF3372,KY,LoanRepayment,Inflow,519492.7,2-7d,1.0,0.8873850739467873,2023-11-25
CF3373,BM,SecurityMaturity,Inflow,76144.63,2-7d,1.0,0.9742372658703333,2021-02-25
CF3374,BM,CorporateDeposit,Outflow,-69787.12,91-180d,0.5,0.49290095300600567,2023-08-22
CF3375,BM,LoanRepayment,Outflow,-126606.64,91-180d,0.5,0.3446120877084278,2023-12-11
CF3376,JE,CorporateDeposit,Inflow,26258.58,8-30d,1.0,0.855542230976747,2022-03-15
CF3377,BM,CorporateDeposit,Inflow,304325.61,>1y,0.0,0.21788146805496422,2022-03-09
CF3378,JE,CorporateDeposit,Inflow,177057.52,181-365d,0.25,0.036907967553720944,2023-11-10
CF3379,BM,CorporateDeposit,Outflow,-137678.49,8-30d,1.0,0.707489950546079,2021-11-01
CF3380,BM,RetailDeposit,Outflow,-37600.73,<2d,1.0,0.3090641262754882,2023-01-01
CF3381,BM,DerivativesCF,Inflow,246007.29,8-30d,1.0,0.563900116985053,2022-04-18
CF3382,KY,SecurityMaturity,Inflow,228017.21,31-90d,0.5,0.31176414889925785,2021-09-23
CF3383,KY,RetailDeposit,Inflow,205298.4,91-180d,0.5,0.8638881563299218,2020-03-15
CF3384,JE,CommitmentDraw,Inflow,415346.54,>1y,0.0,0.445685254548136,2023-10-19
CF3385,BM,DerivativesCF,Outflow,-260003.95,181-365d,0.25,0.14965307747743317,2023-12-08
CF3386,BM,DerivativesCF,Outflow,-149268.49,2-7d,1.0,0.6646527284645719,2022-10-28
CF3387,BM,CorporateDeposit,Outflow,-546241.81,2-7d,1.0,0.0892368633314985,2020-07-15
CF3388,BM,LoanRepayment,Inflow,508041.05,181-365d,0.25,0.9653728026649294,2022-07-04
CF3389,BM,DerivativesCF,Inflow,203244.81,>1y,0.0,0.033015473792988526,2020-09-06
CF3390,BM,CommitmentDraw,Outflow,-339817.07,<2d,1.0,0.4832039363515531,2022-04-30
CF3391,KY,CommitmentDraw,Inflow,364910.33,>1y,0.0,0.6701921321221759,2023-06-11
CF3392,BM,LoanRepayment,Inflow,66326.56,<2d,1.0,0.7082280959077438,2022-01-02
CF3393,KY,CorporateDeposit,Outflow,-16640.1,<2d,1.0,0.8944721809923716,2023-07-06
CF3394,KY,RetailDeposit,Inflow,191632.32,2-7d,1.0,0.004570632018419896,2022-07-06
CF3395,BM,CorporateDeposit,Outflow,-70062.89,8-30d,1.0,0.02594193769094799,2021-12-14
CF3396,KY,SecurityMaturity,Outflow,-79982.11,91-180d,0.5,0.5319525045907862,2020-11-30
CF3397,BM,SecurityMaturity,Outflow,-48526.87,>1y,0.0,0.251066460748691,2024-06-17
CF3398,GU,LoanRepayment,Inflow,138489.11,2-7d,1.0,0.22312939112840202,2022-02-02
CF3399,BM,CommitmentDraw,Outflow,-8104.67,8-30d,1.0,0.319241004909221,2021-03-24
CF3400,BM,DerivativesCF,Outflow,-67459.86,2-7d,1.0,0.6881799662956697,2020-03-27
CF3401,KY,DerivativesCF,Inflow,132669.05,91-180d,0.5,0.998327105993944,2021-02-03
CF3402,KY,LoanRepayment,Inflow,162982.05,<2d,1.0,0.11208387353701921,2024-06-05
CF3403,KY,SecurityMaturity,Outflow,-120563.08,31-90d,0.5,0.8825740577387076,2021-09-20
CF3404,JE,DerivativesCF,Inflow,138784.21,91-180d,0.5,0.45577156169521826,2021-04-17
CF3405,KY,CommitmentDraw,Inflow,301876.4,91-180d,0.5,0.165583757429569,2021-07-22
CF3406,JE,CommitmentDraw,Outflow,-66224.49,<2d,1.0,0.6230962244877705,2023-10-22
CF3407,KY,DerivativesCF,Inflow,234074.51,181-365d,0.25,0.39395195336820277,2019-11-29
CF3408,KY,SecurityMaturity,Outflow,-14920.54,181-365d,0.25,0.22743711239482278,2023-11-02
CF3409,BM,CommitmentDraw,Inflow,242074.4,2-7d,1.0,0.8326286087181944,2024-01-12
CF3410,KY,RetailDeposit,Inflow,46904.95,91-180d,0.5,0.5794535801468258,2024-04-18
CF3411,BM,LoanRepayment,Outflow,-495446.31,2-7d,1.0,0.7074514397997864,2022-08-11
CF3412,KY,LoanRepayment,Inflow,139349.45,<2d,1.0,0.8834304405863665,2021-08-01
CF3413,BM,CorporateDeposit,Inflow,56419.16,>1y,0.0,0.7991070921495371,2021-12-16
CF3414,BM,CorporateDeposit,Inflow,62283.2,2-7d,1.0,0.5359699442864234,2023-07-27
CF3415,BM,DerivativesCF,Inflow,76276.71,31-90d,0.5,0.47046457504309724,2020-02-25
CF3416,KY,SecurityMaturity,Outflow,-325728.6,>1y,0.0,0.5379666737555708,2022-03-17
CF3417,KY,DerivativesCF,Outflow,-36118.36,31-90d,0.5,0.08501761317482726,2022-06-06
CF3418,KY,CommitmentDraw,Outflow,-98038.66,>1y,0.0,0.9689279284718769,2022-12-28
CF3419,BM,SecurityMaturity,Inflow,62294.35,2-7d,1.0,0.20909794561053985,2023-08-05
CF3420,BM,CommitmentDraw,Inflow,151614.83,<2d,1.0,0.4739985889078493,2020-08-09
CF3421,BM,RetailDeposit,Outflow,-37050.62,31-90d,0.5,0.31518553251772163,2022-10-15
CF3422,KY,SecurityMaturity,Inflow,47975.29,181-365d,0.25,0.8082517019910482,2023-05-04
CF3423,KY,SecurityMaturity,Inflow,40960.3,>1y,0.0,0.3176940330631173,2020-05-19
CF3424,KY,LoanRepayment,Outflow,-74407.23,8-30d,1.0,0.8911279771347078,2020-04-18
CF3425,BM,LoanRepayment,Inflow,259686.85,2-7d,1.0,0.4308959036677332,2022-07-07
CF3426,KY,CommitmentDraw,Outflow,-10909.32,31-90d,0.5,0.30306805054308483,2024-03-30
CF3427,KY,CommitmentDraw,Inflow,338890.86,2-7d,1.0,0.43511783230765,2020-03-01
CF3428,KY,DerivativesCF,Outflow,-462528.29,2-7d,1.0,0.07003863207726202,2022-03-05
CF3429,KY,CommitmentDraw,Outflow,-141987.49,<2d,1.0,0.7099238910469222,2021-06-09
CF3430,KY,DerivativesCF,Inflow,191914.27,91-180d,0.5,0.7984733780338826,2022-05-08
CF3431,KY,CorporateDeposit,Outflow,-181422.77,91-180d,0.5,0.6996524592485087,2022-08-21
CF3432,KY,CorporateDeposit,Inflow,55564.76,>1y,0.0,0.6398604894163604,2023-01-24
CF3433,BM,LoanRepayment,Inflow,154928.57,2-7d,1.0,0.44561160164739344,2021-04-26
CF3434,GU,CorporateDeposit,Inflow,160526.46,8-30d,1.0,0.145733554290994,2020-05-03
CF3435,BM,CommitmentDraw,Outflow,-300025.44,<2d,1.0,0.02349681984178076,2019-08-15
CF3436,KY,SecurityMaturity,Outflow,-310252.26,91-180d,0.5,0.6758482044509193,2023-09-20
CF3437,JE,RetailDeposit,Outflow,-4286.38,181-365d,0.25,0.8652474200248081,2020-04-03
CF3438,JE,RetailDeposit,Outflow,-35976.99,91-180d,0.5,0.8973076025243172,2021-05-28
CF3439,KY,RetailDeposit,Inflow,26787.83,<2d,1.0,0.5590624965890214,2020-11-01
CF3440,GU,CommitmentDraw,Inflow,372903.09,91-180d,0.5,0.34295047094455666,2020-05-30
CF3441,GU,DerivativesCF,Outflow,-514616.98,181-365d,0.25,0.6252633889724728,2023-11-07
CF3442,BM,LoanRepayment,Inflow,55309.96,8-30d,1.0,0.38483543064297465,2020-04-26
CF3443,BM,LoanRepayment,Outflow,-396014.38,<2d,1.0,0.33863293862478194,2020-01-31
CF3444,KY,RetailDeposit,Outflow,-160720.39,<2d,1.0,0.07428852665341379,2020-10-07
CF3445,KY,CommitmentDraw,Inflow,134037.35,<2d,1.0,0.3064510852718003,2023-01-02
CF3446,KY,CommitmentDraw,Inflow,85202.19,31-90d,0.5,0.705267510997554,2023-08-05
CF3447,KY,CorporateDeposit,Inflow,262589.96,91-180d,0.5,0.5247316682261429,2020-02-08
CF3448,BM,CorporateDeposit,Inflow,12381.32,31-90d,0.5,0.2638480599997989,2023-07-15
CF3449,BM,SecurityMaturity,Outflow,-245494.35,>1y,0.0,0.6873996120900091,2023-09-27
CF3450,KY,CommitmentDraw,Inflow,148508.83,8-30d,1.0,0.10497197291689297,2023-04-09
CF3451,KY,CorporateDeposit,Outflow,-510410.44,181-365d,0.25,0.7301843522439077,2022-11-24
CF3452,BM,CommitmentDraw,Outflow,-406567.14,8-30d,1.0,0.9577169289580283,2022-04-08
CF3453,GU,CorporateDeposit,Inflow,149698.41,<2d,1.0,0.08444905173637351,2023-01-28
CF3454,KY,RetailDeposit,Outflow,-45801.87,<2d,1.0,0.4121090599740048,2021-12-15
CF3455,KY,LoanRepayment,Inflow,72394.93,8-30d,1.0,0.03760651594818165,2023-09-21
CF3456,KY,DerivativesCF,Inflow,198811.86,8-30d,1.0,0.6367909624109949,2020-07-29
CF3457,GU,SecurityMaturity,Outflow,-365439.49,181-365d,0.25,0.7270967535633711,2021-07-15
CF3458,BM,CommitmentDraw,Outflow,-45742.4,181-365d,0.25,0.4542180547118011,2023-06-16
CF3459,GU,SecurityMaturity,Inflow,231398.64,31-90d,0.5,0.05888900095380367,2021-09-04
CF3460,BM,DerivativesCF,Outflow,-42304.21,>1y,0.0,0.2509821295439535,2023-12-13
CF3461,KY,RetailDeposit,Outflow,-519411.29,91-180d,0.5,0.35298188083113213,2023-07-28
CF3462,BM,SecurityMaturity,Inflow,160929.08,2-7d,1.0,0.722075238011033,2022-04-24
CF3463,JE,CorporateDeposit,Outflow,-24472.42,<2d,1.0,0.7194041212319866,2020-02-16
CF3464,KY,DerivativesCF,Inflow,8585.22,>1y,0.0,0.46451346557386364,2019-12-27
CF3465,BM,RetailDeposit,Inflow,218812.91,31-90d,0.5,0.020385798355654572,2021-02-01
CF3466,GU,DerivativesCF,Inflow,141731.6,>1y,0.0,0.7689255708642643,2020-07-16
CF3467,KY,CommitmentDraw,Inflow,91431.66,<2d,1.0,0.25828803186651106,2023-02-11
CF3468,GU,RetailDeposit,Outflow,-136197.75,8-30d,1.0,0.16850715244261727,2019-11-03
CF3469,KY,DerivativesCF,Outflow,-25808.11,>1y,0.0,0.9505447104697337,2024-01-24
CF3470,KY,CommitmentDraw,Outflow,-361387.41,<2d,1.0,0.4671495613779608,2023-04-21
CF3471,BM,RetailDeposit,Outflow,-331309.69,2-7d,1.0,0.17212050494091835,2023-09-27
CF3472,GU,CorporateDeposit,Outflow,-488882.31,181-365d,0.25,0.8976819774854974,2023-02-27
CF3473,KY,RetailDeposit,Inflow,107065.97,31-90d,0.5,0.9599197760180149,2021-07-08
CF3474,BM,CommitmentDraw,Outflow,-251000.23,31-90d,0.5,0.8624338479602665,2023-03-06
CF3475,KY,LoanRepayment,Inflow,533204.95,31-90d,0.5,0.8751590879385351,2021-05-30
CF3476,BM,LoanRepayment,Inflow,4597.48,31-90d,0.5,0.05838678922261786,2023-05-21
CF3477,BM,CorporateDeposit,Inflow,15793.31,31-90d,0.5,0.7407372309292984,2024-04-19
CF3478,BM,CorporateDeposit,Inflow,195138.28,181-365d,0.25,0.0724947421056027,2023-02-25
CF3479,BM,CorporateDeposit,Outflow,-127345.36,2-7d,1.0,0.3244634568219491,2019-08-17
CF3480,BM,SecurityMaturity,Inflow,261494.27,2-7d,1.0,0.9916926227272704,2021-04-09
CF3481,KY,SecurityMaturity,Inflow,895.88,>1y,0.0,0.33438228182581986,2020-03-20
CF3482,JE,RetailDeposit,Outflow,-357302.9,8-30d,1.0,0.8042844319487094,2023-06-06
CF3483,BM,RetailDeposit,Outflow,-70120.11,2-7d,1.0,0.5178054127153102,2022-07-01
CF3484,KY,DerivativesCF,Outflow,-446730.92,<2d,1.0,0.9177848596768318,2023-03-24
CF3485,BM,DerivativesCF,Inflow,62109.1,91-180d,0.5,0.8879331699632469,2020-04-15
CF3486,KY,CorporateDeposit,Inflow,227294.21,>1y,0.0,0.8236590684449495,2023-09-16
CF3487,KY,CorporateDeposit,Outflow,-296286.79,31-90d,0.5,0.75863329966706,2024-01-05
CF3488,BM,CorporateDeposit,Inflow,139972.85,8-30d,1.0,0.9617152685098354,2024-05-25
CF3489,GU,DerivativesCF,Outflow,-227820.14,91-180d,0.5,0.14736893242497728,2024-05-01
CF3490,KY,CommitmentDraw,Inflow,212715.87,2-7d,1.0,0.4201495423799695,2022-10-02
CF3491,KY,CorporateDeposit,Outflow,-665603.58,181-365d,0.25,0.8190038140406365,2024-01-27
CF3492,GU,CommitmentDraw,Inflow,195944.67,8-30d,1.0,0.950732006745004,2022-07-30
CF3493,GU,CommitmentDraw,Outflow,-197337.5,2-7d,1.0,0.5176953372734053,2022-05-16
CF3494,KY,CorporateDeposit,Outflow,-202955.7,31-90d,0.5,0.9610385928035141,2022-04-01
CF3495,KY,CommitmentDraw,Inflow,57136.51,8-30d,1.0,0.7758133941816173,2023-05-27
CF3496,BM,LoanRepayment,Outflow,-97932.05,8-30d,1.0,0.06069625192885297,2022-09-04
CF3497,BM,CommitmentDraw,Outflow,-197949.63,2-7d,1.0,0.9634996192697649,2023-09-27
CF3498,BM,LoanRepayment,Inflow,107723.82,2-7d,1.0,0.044979602701178734,2020-08-24
CF3499,GU,DerivativesCF,Outflow,-35964.22,2-7d,1.0,0.2999018629846998,2020-10-18
CF3500,KY,CommitmentDraw,Inflow,181001.99,8-30d,1.0,0.8151990351501184,2021-02-27
CF3501,KY,DerivativesCF,Outflow,-119017.69,31-90d,0.5,0.47045756154198437,2023-04-24
CF3502,BM,SecurityMaturity,Inflow,76225.89,181-365d,0.25,0.7807804713672349,2022-07-04
CF3503,KY,DerivativesCF,Inflow,88049.32,31-90d,0.5,0.8796276403327938,2023-02-25
CF3504,BM,CorporateDeposit,Outflow,-94328.01,181-365d,0.25,0.7490728733652051,2023-10-30
CF3505,KY,RetailDeposit,Outflow,-137727.26,181-365d,0.25,0.4038910075078579,2020-08-31
CF3506,BM,SecurityMaturity,Inflow,373226.32,31-90d,0.5,0.9910619025212201,2022-11-18
CF3507,BM,CommitmentDraw,Outflow,-45451.31,<2d,1.0,0.8755619840464117,2020-02-01
CF3508,KY,LoanRepayment,Outflow,-575201.42,181-365d,0.25,0.06620067516859363,2022-12-03
CF3509,BM,LoanRepayment,Outflow,-178955.55,<2d,1.0,0.9399342285795205,2021-12-01
CF3510,BM,SecurityMaturity,Inflow,31214.91,91-180d,0.5,0.5622945179487286,2019-07-05
CF3511,BM,SecurityMaturity,Outflow,-27360.42,8-30d,1.0,0.24831102500449198,2023-05-24
CF3512,KY,RetailDeposit,Inflow,61473.91,2-7d,1.0,0.9757306665634846,2023-06-08
CF3513,BM,RetailDeposit,Outflow,-139282.41,181-365d,0.25,0.36125328599547846,2023-01-30
CF3514,GU,CommitmentDraw,Outflow,-333355.05,<2d,1.0,0.32014424999927105,2022-07-22
CF3515,BM,DerivativesCF,Outflow,-291598.22,2-7d,1.0,0.4177474050997406,2020-12-21
CF3516,BM,SecurityMaturity,Outflow,-193433.01,31-90d,0.5,0.7822037668929697,2022-10-30
CF3517,KY,CorporateDeposit,Outflow,-269116.81,2-7d,1.0,0.7387310928920475,2020-05-27
CF3518,BM,SecurityMaturity,Inflow,42697.86,<2d,1.0,0.9895236527929253,2023-01-12
CF3519,BM,LoanRepayment,Inflow,179437.9,181-365d,0.25,0.44280871300873226,2023-05-12
CF3520,KY,DerivativesCF,Outflow,-54182.27,31-90d,0.5,0.5469485135330447,2020-11-12
CF3521,KY,SecurityMaturity,Inflow,172622.75,>1y,0.0,0.03622787719409337,2021-10-24
CF3522,BM,SecurityMaturity,Inflow,103386.23,181-365d,0.25,0.1708698222085464,2020-12-19
CF3523,JE,SecurityMaturity,Outflow,-116935.29,>1y,0.0,0.3454876005040012,2021-02-26
CF3524,BM,CorporateDeposit,Inflow,67021.98,91-180d,0.5,0.8854688669691064,2024-06-21
CF3525,BM,CorporateDeposit,Outflow,-239084.18,>1y,0.0,0.5449453661800268,2023-05-05
CF3526,BM,DerivativesCF,Inflow,93649.61,2-7d,1.0,0.3765823993302039,2020-02-26
CF3527,KY,CommitmentDraw,Outflow,-301104.12,91-180d,0.5,0.9358300269328462,2021-05-31
CF3528,GU,SecurityMaturity,Inflow,254387.11,2-7d,1.0,0.17537991773315686,2024-06-28
CF3529,KY,SecurityMaturity,Outflow,-14341.97,2-7d,1.0,0.24178022611461825,2020-10-05
CF3530,KY,DerivativesCF,Inflow,350367.33,>1y,0.0,0.394493612666754,2021-04-27
CF3531,BM,DerivativesCF,Inflow,192142.03,31-90d,0.5,0.2360859647043454,2022-11-29
CF3532,BM,DerivativesCF,Outflow,-171931.27,91-180d,0.5,0.36895571730925947,2022-07-11
CF3533,BM,SecurityMaturity,Inflow,74453.81,<2d,1.0,0.7441308886320378,2022-07-05
CF3534,JE,SecurityMaturity,Inflow,121435.54,31-90d,0.5,0.8512194747216292,2020-05-09
CF3535,GU,DerivativesCF,Outflow,-253999.42,<2d,1.0,0.1757157825998007,2022-11-29
CF3536,JE,CommitmentDraw,Inflow,85520.5,91-180d,0.5,0.07458254120274199,2023-08-28
CF3537,BM,SecurityMaturity,Inflow,236776.17,31-90d,0.5,0.6370619865995196,2021-08-10
CF3538,GU,DerivativesCF,Inflow,381787.48,2-7d,1.0,0.39431179789273085,2021-12-05
CF3539,BM,SecurityMaturity,Outflow,-2651.89,91-180d,0.5,0.013240640206945375,2024-02-05
CF3540,GU,RetailDeposit,Outflow,-171734.02,8-30d,1.0,0.6828169368255301,2021-04-29
CF3541,BM,CommitmentDraw,Outflow,-42263.1,31-90d,0.5,0.2779298073213161,2022-06-07
CF3542,BM,CorporateDeposit,Outflow,-132920.64,91-180d,0.5,0.37153101850099535,2023-08-12
CF3543,BM,SecurityMaturity,Outflow,-68468.04,181-365d,0.25,0.6731796009325699,2021-07-16
CF3544,BM,DerivativesCF,Inflow,252740.25,91-180d,0.5,0.3430746674768522,2021-09-01
CF3545,GU,RetailDeposit,Outflow,-231025.43,8-30d,1.0,0.47367422895346223,2022-02-14
CF3546,BM,RetailDeposit,Inflow,559040.06,91-180d,0.5,0.5275845277768529,2019-12-08
CF3547,GU,CorporateDeposit,Inflow,442117.68,181-365d,0.25,0.7699326596415494,2022-11-24
CF3548,KY,SecurityMaturity,Outflow,-106885.71,181-365d,0.25,0.3474876901603907,2020-05-14
CF3549,GU,CommitmentDraw,Outflow,-11451.85,>1y,0.0,0.1298627399837219,2024-02-06
CF3550,BM,CorporateDeposit,Outflow,-197276.17,<2d,1.0,0.11785614299139291,2021-11-13
CF3551,BM,CommitmentDraw,Outflow,-259700.58,2-7d,1.0,0.4626908292290012,2023-09-20
CF3552,GU,CommitmentDraw,Outflow,-207886.9,2-7d,1.0,0.11081176148554517,2019-12-05
CF3553,KY,LoanRepayment,Inflow,259518.31,8-30d,1.0,0.3487335642677061,2020-07-23
CF3554,GU,CommitmentDraw,Inflow,224341.45,>1y,0.0,0.6342474219193115,2020-08-23
CF3555,KY,CorporateDeposit,Inflow,449206.89,2-7d,1.0,0.12242590165159595,2024-04-19
CF3556,BM,CorporateDeposit,Inflow,84790.61,31-90d,0.5,0.1063478895239639,2024-03-29
CF3557,BM,LoanRepayment,Inflow,171574.08,>1y,0.0,0.7933993314217063,2020-05-15
CF3558,BM,CorporateDeposit,Outflow,-57107.15,91-180d,0.5,0.9579809388963948,2021-04-07
CF3559,KY,LoanRepayment,Outflow,-367019.23,91-180d,0.5,0.9885248132602947,2024-02-13
CF3560,KY,CorporateDeposit,Inflow,452542.07,<2d,1.0,0.32833331808406885,2020-12-25
CF3561,JE,DerivativesCF,Inflow,141322.04,>1y,0.0,0.284476408341248,2021-09-16
CF3562,KY,CorporateDeposit,Inflow,1852.97,>1y,0.0,0.9975086043257051,2021-06-18
CF3563,KY,DerivativesCF,Outflow,-204539.68,>1y,0.0,0.6948456295609052,2023-08-13
CF3564,KY,SecurityMaturity,Outflow,-65391.51,31-90d,0.5,0.8026464760984869,2022-04-24
CF3565,JE,CorporateDeposit,Inflow,102231.52,31-90d,0.5,0.7146512987325402,2023-02-13
CF3566,BM,DerivativesCF,Outflow,-184971.05,31-90d,0.5,0.11082696484703947,2020-06-29
CF3567,BM,DerivativesCF,Inflow,76317.3,8-30d,1.0,0.3817634760352846,2020-03-06
CF3568,GU,SecurityMaturity,Outflow,-16664.02,31-90d,0.5,0.8561683181497945,2022-08-27
CF3569,BM,CommitmentDraw,Inflow,47945.66,<2d,1.0,0.3724188160191235,2023-01-15
CF3570,KY,LoanRepayment,Inflow,253202.82,>1y,0.0,0.6056427484910722,2021-12-02
CF3571,BM,SecurityMaturity,Outflow,-17721.33,8-30d,1.0,0.28440584019175597,2023-08-18
CF3572,BM,DerivativesCF,Inflow,84130.81,>1y,0.0,0.951653169463144,2024-02-19
CF3573,KY,DerivativesCF,Inflow,77248.31,8-30d,1.0,0.9993960745797399,2020-12-06
CF3574,GU,DerivativesCF,Inflow,211917.55,8-30d,1.0,0.2026881028048486,2020-12-26
CF3575,KY,CommitmentDraw,Outflow,-103486.16,<2d,1.0,0.6672959471781142,2022-01-13
CF3576,BM,DerivativesCF,Inflow,179916.51,2-7d,1.0,0.1986312673699061,2021-08-13
CF3577,BM,RetailDeposit,Inflow,181413.15,<2d,1.0,0.953626374338282,2020-03-29
CF3578,KY,CorporateDeposit,Outflow,-150569.32,<2d,1.0,0.9933690125630932,2020-11-14
CF3579,KY,LoanRepayment,Inflow,190246.55,2-7d,1.0,0.5434709415691974,2024-01-10
CF3580,KY,RetailDeposit,Inflow,239988.1,91-180d,0.5,0.9704937361650987,2020-04-07
CF3581,KY,CommitmentDraw,Outflow,-205549.29,<2d,1.0,0.36618937455111067,2022-01-15
CF3582,BM,CorporateDeposit,Inflow,72228.93,91-180d,0.5,0.7330872721378483,2024-05-18
CF3583,BM,RetailDeposit,Outflow,-264601.01,181-365d,0.25,0.9615506916241726,2021-12-13
CF3584,JE,DerivativesCF,Outflow,-249257.8,>1y,0.0,0.2238220303242029,2022-08-05
CF3585,GU,LoanRepayment,Inflow,204048.86,<2d,1.0,0.7895438762357837,2023-02-27
CF3586,GU,SecurityMaturity,Inflow,193063.01,>1y,0.0,0.5249309128266184,2023-12-15
CF3587,GU,CorporateDeposit,Inflow,122381.78,>1y,0.0,0.17417710930205665,2021-04-19
CF3588,GU,RetailDeposit,Outflow,-31049.05,91-180d,0.5,0.5563073644351146,2023-09-14
CF3589,KY,CommitmentDraw,Inflow,82497.89,181-365d,0.25,0.041552851730421225,2023-01-07
CF3590,JE,SecurityMaturity,Inflow,43780.8,>1y,0.0,0.445692717087532,2024-01-05
CF3591,BM,CorporateDeposit,Inflow,34788.92,181-365d,0.25,0.32788324296129023,2020-08-30
CF3592,GU,LoanRepayment,Outflow,-458262.71,31-90d,0.5,0.2322041273687132,2019-11-03
CF3593,KY,DerivativesCF,Inflow,18395.96,<2d,1.0,0.9593039293148906,2020-03-13
CF3594,JE,RetailDeposit,Inflow,153153.96,8-30d,1.0,0.11500236065352887,2019-07-03
CF3595,KY,CorporateDeposit,Outflow,-218565.31,181-365d,0.25,0.41786405063319876,2023-10-03
CF3596,KY,CorporateDeposit,Inflow,59279.93,2-7d,1.0,0.6516492537159193,2021-10-01
CF3597,JE,CommitmentDraw,Inflow,57194.12,<2d,1.0,0.576813887815181,2022-09-14
CF3598,KY,LoanRepayment,Inflow,59727.85,31-90d,0.5,0.11270563737980555,2024-01-26
CF3599,BM,SecurityMaturity,Outflow,-220296.08,<2d,1.0,0.865549094618832,2023-08-10
CF3600,BM,CommitmentDraw,Outflow,-188085.86,2-7d,1.0,0.1825290173455385,2022-08-15
CF3601,BM,CommitmentDraw,Outflow,-242360.96,91-180d,0.5,0.3270730682669105,2022-09-01
CF3602,BM,DerivativesCF,Inflow,98327.9,2-7d,1.0,0.3686053429041607,2023-04-27
CF3603,BM,SecurityMaturity,Outflow,-65857.33,91-180d,0.5,0.6948722860954032,2023-03-09
CF3604,KY,RetailDeposit,Outflow,-218497.92,8-30d,1.0,0.4637471473616861,2020-01-07
CF3605,BM,LoanRepayment,Outflow,-106372.61,<2d,1.0,0.7253317623921952,2020-06-28
CF3606,BM,DerivativesCF,Inflow,538147.52,31-90d,0.5,0.9575966298405292,2022-12-16
CF3607,KY,CorporateDeposit,Inflow,1410.66,>1y,0.0,0.7834394756238849,2023-07-17
CF3608,JE,RetailDeposit,Inflow,53725.65,181-365d,0.25,0.4865355955581716,2020-01-21
CF3609,GU,CorporateDeposit,Outflow,-178888.31,<2d,1.0,0.03284797284274943,2019-10-31
CF3610,KY,LoanRepayment,Inflow,129651.64,91-180d,0.5,0.3196204632610037,2021-07-29
CF3611,GU,CommitmentDraw,Inflow,72949.03,>1y,0.0,0.561393781804506,2019-08-31
CF3612,KY,RetailDeposit,Outflow,-26574.21,8-30d,1.0,0.29129390301527425,2021-05-29
CF3613,KY,RetailDeposit,Inflow,189516.07,8-30d,1.0,0.12035292532654418,2019-11-12
CF3614,BM,SecurityMaturity,Outflow,-231509.73,<2d,1.0,0.18282827609153196,2024-03-29
CF3615,BM,CommitmentDraw,Inflow,36332.9,2-7d,1.0,0.38515527222180745,2022-06-02
CF3616,GU,CommitmentDraw,Inflow,221905.32,2-7d,1.0,0.7885088397452892,2020-02-04
CF3617,JE,DerivativesCF,Inflow,271966.07,91-180d,0.5,0.7291905940010811,2023-08-02
CF3618,KY,RetailDeposit,Outflow,-157024.46,91-180d,0.5,0.41051351041861883,2020-02-06
CF3619,JE,DerivativesCF,Outflow,-104273.93,8-30d,1.0,0.5859214578217632,2023-11-11
CF3620,BM,CorporateDeposit,Inflow,79916.03,>1y,0.0,0.5076098439156824,2022-08-11
CF3621,BM,RetailDeposit,Inflow,233001.79,31-90d,0.5,0.5511323633966485,2022-04-05
CF3622,GU,SecurityMaturity,Inflow,143573.82,31-90d,0.5,0.12085070836870704,2024-03-22
CF3623,KY,SecurityMaturity,Outflow,-135894.09,2-7d,1.0,0.057836610932919474,2021-05-09
CF3624,BM,DerivativesCF,Inflow,268413.25,91-180d,0.5,0.10989621992312992,2020-12-12
CF3625,KY,SecurityMaturity,Inflow,90412.16,91-180d,0.5,0.3428739993885741,2021-08-16
CF3626,KY,SecurityMaturity,Inflow,12511.92,>1y,0.0,0.1771513452584471,2023-12-30
CF3627,BM,DerivativesCF,Inflow,183332.55,91-180d,0.5,0.6004175655908166,2023-05-20
CF3628,JE,CorporateDeposit,Inflow,87671.83,>1y,0.0,0.25650344576377704,2022-10-10
CF3629,KY,SecurityMaturity,Inflow,22554.01,31-90d,0.5,0.16226083239911715,2020-04-22
CF3630,BM,RetailDeposit,Outflow,-21989.61,<2d,1.0,0.9716249709190761,2024-06-05
CF3631,GU,CommitmentDraw,Inflow,122481.83,181-365d,0.25,0.6705716742433236,2020-06-24
CF3632,KY,RetailDeposit,Inflow,44942.32,8-30d,1.0,0.4802956046046539,2020-12-24
CF3633,BM,DerivativesCF,Inflow,125138.25,91-180d,0.5,0.3052313223227503,2023-07-29
CF3634,BM,CommitmentDraw,Outflow,-129702.39,<2d,1.0,0.014520830784829686,2024-01-21
CF3635,BM,DerivativesCF,Inflow,1882.53,181-365d,0.25,0.8091972023103605,2023-07-13
CF3636,KY,RetailDeposit,Outflow,-350848.04,8-30d,1.0,0.36594738282656836,2019-11-03
CF3637,BM,CorporateDeposit,Inflow,38728.46,181-365d,0.25,0.568675338469147,2024-05-19
CF3638,KY,LoanRepayment,Outflow,-108688.37,8-30d,1.0,0.09551123031645348,2022-05-11
CF3639,KY,CommitmentDraw,Outflow,-277090.29,91-180d,0.5,0.5844099564156514,2021-03-13
CF3640,BM,LoanRepayment,Inflow,7645.74,8-30d,1.0,0.6914797608994734,2021-05-05
CF3641,BM,DerivativesCF,Inflow,616564.46,31-90d,0.5,0.49097668957374807,2019-10-23
CF3642,BM,RetailDeposit,Outflow,-153729.98,>1y,0.0,0.5069573699963364,2023-12-26
CF3643,KY,DerivativesCF,Inflow,71561.09,91-180d,0.5,0.5406346766273235,2020-06-17
CF3644,KY,CorporateDeposit,Inflow,120861.94,181-365d,0.25,0.4182874710122493,2022-12-12
CF3645,BM,LoanRepayment,Outflow,-83156.99,8-30d,1.0,0.8179180950105027,2023-12-01
CF3646,BM,CommitmentDraw,Inflow,151248.99,91-180d,0.5,0.4698838343329138,2024-01-05
CF3647,KY,CorporateDeposit,Inflow,85045.29,2-7d,1.0,0.5012757360136871,2024-05-08
CF3648,GU,SecurityMaturity,Outflow,-84951.23,31-90d,0.5,0.40896405346628384,2024-02-07
CF3649,BM,CommitmentDraw,Inflow,315064.08,31-90d,0.5,0.7176116200129884,2023-11-26
CF3650,KY,SecurityMaturity,Outflow,-450022.95,31-90d,0.5,0.38312674337233066,2021-05-18
CF3651,BM,SecurityMaturity,Outflow,-76785.67,181-365d,0.25,0.7953251286026473,2022-10-03
CF3652,KY,CommitmentDraw,Outflow,-43547.74,>1y,0.0,0.9972843947312234,2023-09-27
CF3653,KY,RetailDeposit,Inflow,314547.62,>1y,0.0,0.8368566547391453,2021-02-19
CF3654,KY,DerivativesCF,Inflow,36791.42,91-180d,0.5,0.2655223632018836,2022-10-06
CF3655,KY,RetailDeposit,Outflow,-45650.2,>1y,0.0,0.38411820502431593,2021-08-17
CF3656,KY,DerivativesCF,Inflow,115406.25,<2d,1.0,0.6720672483036627,2022-04-17
CF3657,BM,LoanRepayment,Outflow,-80276.8,91-180d,0.5,0.0819985252371962,2023-01-26
CF3658,BM,LoanRepayment,Outflow,-199854.35,8-30d,1.0,0.8583314637336639,2022-01-12
CF3659,GU,LoanRepayment,Inflow,45780.4,2-7d,1.0,0.16795843356192408,2021-09-14
CF3660,KY,RetailDeposit,Inflow,405.83,>1y,0.0,0.18621441779674153,2020-01-24
CF3661,GU,SecurityMaturity,Inflow,62159.52,2-7d,1.0,0.900336949956496,2019-09-18
CF3662,KY,SecurityMaturity,Outflow,-245268.59,2-7d,1.0,0.28572118546380276,2023-08-23
CF3663,KY,DerivativesCF,Inflow,358304.1,<2d,1.0,0.36211918310911617,2024-01-30
CF3664,BM,CommitmentDraw,Inflow,16878.79,31-90d,0.5,0.06646349239263283,2022-12-20
CF3665,KY,LoanRepayment,Outflow,-231591.68,91-180d,0.5,0.8616449443745582,2023-11-19
CF3666,KY,CorporateDeposit,Inflow,81279.48,31-90d,0.5,0.3286019480495095,2019-08-27
CF3667,BM,DerivativesCF,Outflow,-50159.96,2-7d,1.0,0.14296407152418267,2024-05-03
CF3668,KY,CommitmentDraw,Inflow,265745.07,<2d,1.0,0.5303925243177413,2020-01-01
CF3669,KY,DerivativesCF,Outflow,-187278.87,31-90d,0.5,0.8176376656714212,2022-05-23
CF3670,GU,CorporateDeposit,Outflow,-155247.51,2-7d,1.0,0.9721994916347751,2023-12-09
CF3671,KY,LoanRepayment,Inflow,153995.92,181-365d,0.25,0.0087486196542792,2020-02-01
CF3672,KY,LoanRepayment,Outflow,-19089.49,91-180d,0.5,0.6042150484767217,2021-08-14
CF3673,KY,CommitmentDraw,Inflow,75166.93,8-30d,1.0,0.9725222221665648,2024-03-18
CF3674,GU,SecurityMaturity,Outflow,-992.1,>1y,0.0,0.22539695047079722,2024-04-11
CF3675,GU,LoanRepayment,Outflow,-296830.93,>1y,0.0,0.4031851680701256,2020-08-10
CF3676,BM,CorporateDeposit,Outflow,-298457.44,31-90d,0.5,0.09078156495151701,2019-11-01
CF3677,BM,LoanRepayment,Inflow,260402.17,31-90d,0.5,0.4286319953627411,2022-05-06
CF3678,JE,LoanRepayment,Outflow,-50274.79,>1y,0.0,0.16780941178877884,2023-12-07
CF3679,KY,SecurityMaturity,Outflow,-158031.2,181-365d,0.25,0.42956613045738057,2022-04-24
CF3680,KY,LoanRepayment,Inflow,119507.28,31-90d,0.5,0.6012495462383421,2021-12-05
CF3681,GU,RetailDeposit,Inflow,70282.94,>1y,0.0,0.8083687628427432,2024-01-12
CF3682,BM,RetailDeposit,Outflow,-369021.32,>1y,0.0,0.43979705689913506,2021-09-22
CF3683,BM,CommitmentDraw,Inflow,74382.45,<2d,1.0,0.318448995635666,2020-10-24
CF3684,KY,CommitmentDraw,Outflow,-256254.75,<2d,1.0,0.44858770269007153,2021-07-18
CF3685,KY,LoanRepayment,Inflow,322654.11,>1y,0.0,0.7615245680038909,2021-04-21
CF3686,KY,DerivativesCF,Inflow,140650.13,31-90d,0.5,0.10825782537017148,2019-12-19
CF3687,GU,SecurityMaturity,Outflow,-141686.77,2-7d,1.0,0.9274782967495484,2023-06-23
CF3688,KY,LoanRepayment,Outflow,-130807.55,8-30d,1.0,0.9031969723753469,2023-09-23
CF3689,KY,RetailDeposit,Inflow,351791.42,8-30d,1.0,0.936888119969566,2022-07-16
CF3690,KY,CorporateDeposit,Outflow,-129118.45,<2d,1.0,0.1313918029337675,2023-06-12
CF3691,GU,DerivativesCF,Outflow,-141713.29,8-30d,1.0,0.3426440989712536,2020-01-09
CF3692,KY,LoanRepayment,Inflow,612600.14,181-365d,0.25,0.5510887873647128,2021-06-30
CF3693,GU,SecurityMaturity,Inflow,34705.16,<2d,1.0,0.056449160638183504,2024-02-17
CF3694,KY,CommitmentDraw,Inflow,203969.09,91-180d,0.5,0.2504159080884685,2020-08-15
CF3695,KY,CorporateDeposit,Outflow,-79308.74,181-365d,0.25,0.19018799283244892,2020-04-13
CF3696,GU,CorporateDeposit,Outflow,-71426.25,<2d,1.0,0.37370415180571026,2022-12-05
CF3697,BM,DerivativesCF,Outflow,-296558.62,2-7d,1.0,0.011802274344311914,2019-08-06
CF3698,GU,DerivativesCF,Outflow,-135700.99,181-365d,0.25,0.9818846074723431,2022-05-27
CF3699,BM,RetailDeposit,Outflow,-5130.5,2-7d,1.0,0.1291800923567088,2020-08-15
CF3700,BM,CommitmentDraw,Inflow,174154.1,181-365d,0.25,0.30643739385997326,2023-02-24
CF3701,JE,DerivativesCF,Inflow,151789.41,2-7d,1.0,0.6884453863588483,2021-04-30
CF3702,BM,DerivativesCF,Inflow,304.41,>1y,0.0,0.008008638409802482,2024-06-02
CF3703,BM,CorporateDeposit,Inflow,58165.64,8-30d,1.0,0.025066807520468082,2021-10-01
CF3704,GU,LoanRepayment,Outflow,-133240.6,>1y,0.0,0.6127509117776039,2021-05-23
CF3705,GU,CommitmentDraw,Inflow,331456.93,8-30d,1.0,0.8241967150707465,2021-04-26
CF3706,GU,RetailDeposit,Outflow,-24367.23,181-365d,0.25,0.20025142578865784,2022-10-17
CF3707,GU,SecurityMaturity,Outflow,-254975.38,<2d,1.0,0.8080354961346154,2022-08-19
CF3708,BM,LoanRepayment,Outflow,-51794.03,181-365d,0.25,0.6163313946594833,2021-12-22
CF3709,KY,CommitmentDraw,Outflow,-46540.99,91-180d,0.5,0.7296014971182873,2020-05-08
CF3710,GU,RetailDeposit,Inflow,571767.96,>1y,0.0,0.09443403371568548,2021-01-27
CF3711,KY,CorporateDeposit,Outflow,-206959.86,8-30d,1.0,0.38243877931412795,2020-09-02
CF3712,KY,DerivativesCF,Inflow,134652.18,31-90d,0.5,0.020673810159156036,2024-06-16
CF3713,BM,SecurityMaturity,Outflow,-180340.91,8-30d,1.0,0.3456214437255577,2021-02-08
CF3714,BM,DerivativesCF,Outflow,-123515.82,>1y,0.0,0.08216728574651944,2020-03-21
CF3715,JE,DerivativesCF,Inflow,103704.1,91-180d,0.5,0.08919439570007204,2020-03-17
CF3716,GU,SecurityMaturity,Inflow,324158.79,2-7d,1.0,0.09734817494177583,2019-07-23
CF3717,KY,DerivativesCF,Outflow,-180290.12,8-30d,1.0,0.342967823151911,2023-06-12
CF3718,BM,DerivativesCF,Inflow,63966.23,31-90d,0.5,0.08903553614326143,2022-03-04
CF3719,BM,CorporateDeposit,Inflow,245715.39,<2d,1.0,0.5846888134528881,2022-04-26
CF3720,KY,SecurityMaturity,Inflow,344234.65,31-90d,0.5,0.2530388519468989,2019-07-14
CF3721,KY,CommitmentDraw,Inflow,292074.21,<2d,1.0,0.6512653626733437,2021-12-06
CF3722,BM,SecurityMaturity,Inflow,191985.11,8-30d,1.0,0.7581431417459835,2020-06-25
CF3723,KY,LoanRepayment,Outflow,-293772.33,181-365d,0.25,0.9752275277859048,2020-09-21
CF3724,BM,SecurityMaturity,Outflow,-166490.95,>1y,0.0,0.08329051462206172,2021-01-02
CF3725,BM,LoanRepayment,Outflow,-374615.77,<2d,1.0,0.4928017681875083,2020-07-13
CF3726,KY,SecurityMaturity,Inflow,327051.07,91-180d,0.5,0.6613724818554269,2021-06-21
CF3727,KY,CommitmentDraw,Inflow,411681.98,91-180d,0.5,0.8238132354540042,2020-12-05
CF3728,BM,CorporateDeposit,Inflow,194286.05,8-30d,1.0,0.13985490982848336,2023-01-19
CF3729,GU,SecurityMaturity,Outflow,-175519.88,8-30d,1.0,0.5239382827408914,2020-04-12
CF3730,KY,LoanRepayment,Outflow,-94392.57,>1y,0.0,0.9576745034262886,2024-04-13
CF3731,KY,SecurityMaturity,Inflow,369236.55,>1y,0.0,0.15102409779463666,2022-08-09
CF3732,BM,SecurityMaturity,Inflow,450723.5,8-30d,1.0,0.2640659558797469,2023-08-02
CF3733,BM,DerivativesCF,Outflow,-133070.23,8-30d,1.0,0.8245157590884312,2024-01-18
CF3734,KY,CommitmentDraw,Outflow,-106635.23,91-180d,0.5,0.017512808087349563,2019-08-05
CF3735,JE,DerivativesCF,Inflow,124845.77,181-365d,0.25,0.8376412581603965,2020-10-19
CF3736,JE,SecurityMaturity,Inflow,186106.97,>1y,0.0,0.5128779717093782,2021-08-08
CF3737,KY,RetailDeposit,Inflow,77869.07,91-180d,0.5,0.8726014736759313,2023-12-06
CF3738,GU,RetailDeposit,Inflow,281522.71,2-7d,1.0,0.10141264143835627,2021-04-06
CF3739,KY,RetailDeposit,Inflow,193411.24,2-7d,1.0,0.476417097639501,2022-01-15
CF3740,GU,RetailDeposit,Inflow,278276.52,8-30d,1.0,0.13791746781048397,2022-10-28
CF3741,BM,CorporateDeposit,Inflow,178734.22,2-7d,1.0,0.00731175746304602,2022-12-12
CF3742,KY,CommitmentDraw,Inflow,278939.17,>1y,0.0,0.7121576588683598,2020-01-26
CF3743,GU,CorporateDeposit,Outflow,-347690.91,91-180d,0.5,0.26691925910253955,2021-05-27
CF3744,BM,CommitmentDraw,Outflow,-100080.48,181-365d,0.25,0.5190388465972134,2020-03-18
CF3745,JE,LoanRepayment,Outflow,-144146.88,<2d,1.0,0.08578459121051529,2024-05-27
CF3746,BM,LoanRepayment,Inflow,33882.34,8-30d,1.0,0.0020211266153520313,2021-11-01
CF3747,KY,CommitmentDraw,Inflow,187556.78,91-180d,0.5,0.5805749483035125,2023-05-26
CF3748,BM,SecurityMaturity,Inflow,215885.92,>1y,0.0,0.7774788157375226,2020-04-11
CF3749,BM,CommitmentDraw,Inflow,230695.41,2-7d,1.0,0.017566008568526414,2023-08-03
CF3750,JE,CorporateDeposit,Outflow,-148146.94,31-90d,0.5,0.1971712589593888,2024-03-25
CF3751,KY,RetailDeposit,Inflow,12870.86,91-180d,0.5,0.8472395304221203,2023-02-21
CF3752,BM,LoanRepayment,Inflow,14918.16,8-30d,1.0,0.010064892607747566,2022-10-05
CF3753,KY,LoanRepayment,Inflow,96488.58,31-90d,0.5,0.589485570449812,2019-12-29
CF3754,JE,CorporateDeposit,Outflow,-60957.21,2-7d,1.0,0.5461145895259406,2019-10-25
CF3755,JE,RetailDeposit,Outflow,-38747.15,<2d,1.0,0.8218904751968792,2019-08-24
CF3756,BM,DerivativesCF,Inflow,102466.95,91-180d,0.5,0.20314495798826515,2022-04-30
CF3757,KY,SecurityMaturity,Inflow,39466.83,91-180d,0.5,0.34495253049805974,2021-11-30
CF3758,KY,CorporateDeposit,Outflow,-154133.99,>1y,0.0,0.584722330935957,2024-03-05
CF3759,JE,DerivativesCF,Inflow,238081.29,>1y,0.0,0.25949818092921073,2024-06-24
CF3760,KY,CommitmentDraw,Inflow,181453.03,91-180d,0.5,0.14286255401087233,2019-08-14
CF3761,KY,CommitmentDraw,Outflow,-232459.5,181-365d,0.25,0.3150699225645823,2020-12-12
CF3762,GU,DerivativesCF,Inflow,4241.94,181-365d,0.25,0.647218463062352,2019-10-05
CF3763,GU,LoanRepayment,Outflow,-287813.87,>1y,0.0,0.20460309193186554,2022-04-10
CF3764,KY,SecurityMaturity,Inflow,162788.73,31-90d,0.5,0.5363122686147334,2024-05-22
CF3765,KY,RetailDeposit,Outflow,-156423.75,91-180d,0.5,0.5912952021823029,2023-12-24
CF3766,BM,CommitmentDraw,Inflow,552871.52,>1y,0.0,0.9982709384903806,2019-10-15
CF3767,BM,CorporateDeposit,Inflow,26509.4,8-30d,1.0,0.08207638745332924,2022-09-17
CF3768,KY,CorporateDeposit,Inflow,410865.6,31-90d,0.5,0.6144551433380341,2024-02-10
CF3769,JE,CommitmentDraw,Inflow,165065.53,<2d,1.0,0.5727204147274242,2020-12-27
CF3770,BM,DerivativesCF,Inflow,202510.98,91-180d,0.5,0.5378308097886373,2024-05-09
CF3771,KY,DerivativesCF,Outflow,-91299.22,8-30d,1.0,0.2732560752420954,2020-07-22
CF3772,BM,RetailDeposit,Outflow,-2122.94,8-30d,1.0,0.9306919588671768,2019-12-28
CF3773,GU,LoanRepayment,Outflow,-225412.18,<2d,1.0,0.7578853464635348,2022-12-17
CF3774,BM,SecurityMaturity,Outflow,-43349.44,<2d,1.0,0.13780777286924006,2020-09-07
CF3775,BM,LoanRepayment,Inflow,766.37,2-7d,1.0,0.9680638412711758,2020-06-02
CF3776,JE,SecurityMaturity,Outflow,-300205.77,31-90d,0.5,0.6260889999045376,2022-05-29
CF3777,BM,CorporateDeposit,Inflow,149465.67,31-90d,0.5,0.0014003652174343628,2024-05-17
CF3778,BM,LoanRepayment,Inflow,399957.68,2-7d,1.0,0.5972232285971087,2021-06-19
CF3779,BM,DerivativesCF,Inflow,98137.25,91-180d,0.5,0.4280035881051878,2023-04-23
CF3780,KY,LoanRepayment,Inflow,323060.41,91-180d,0.5,0.17836734857047687,2023-05-30
CF3781,BM,CommitmentDraw,Inflow,290603.35,31-90d,0.5,0.9995424978887416,2023-03-24
CF3782,KY,SecurityMaturity,Outflow,-402204.24,181-365d,0.25,0.7782112882305232,2020-07-23
CF3783,BM,CommitmentDraw,Inflow,457427.54,181-365d,0.25,0.8889377280075205,2021-12-09
CF3784,BM,CorporateDeposit,Outflow,-46842.11,2-7d,1.0,0.9552861929323611,2023-08-23
CF3785,BM,DerivativesCF,Inflow,137310.89,181-365d,0.25,0.5211332157244174,2023-06-01
CF3786,GU,CorporateDeposit,Outflow,-134645.24,>1y,0.0,0.10027583516428373,2020-11-11
CF3787,JE,SecurityMaturity,Inflow,185378.28,31-90d,0.5,0.7037507669760207,2022-06-13
CF3788,KY,DerivativesCF,Outflow,-382304.56,31-90d,0.5,0.23281703955230593,2022-12-24
CF3789,BM,DerivativesCF,Inflow,27588.79,31-90d,0.5,0.6388510723699861,2022-09-04
CF3790,GU,LoanRepayment,Inflow,176119.73,2-7d,1.0,0.7935339624977461,2023-11-04
CF3791,BM,LoanRepayment,Inflow,196315.53,>1y,0.0,0.4228280675230838,2023-08-16
CF3792,KY,DerivativesCF,Outflow,-392248.97,31-90d,0.5,0.09660069337726851,2021-02-09
CF3793,JE,CommitmentDraw,Inflow,15212.73,91-180d,0.5,0.4077141416653929,2024-04-19
CF3794,KY,SecurityMaturity,Outflow,-30224.49,31-90d,0.5,0.5770215163866828,2019-08-18
CF3795,JE,SecurityMaturity,Outflow,-23061.56,181-365d,0.25,0.6101885739791929,2020-01-19
CF3796,KY,CommitmentDraw,Inflow,169907.0,8-30d,1.0,0.05527428877452156,2020-04-17
CF3797,KY,SecurityMaturity,Outflow,-197526.25,31-90d,0.5,0.931288650079975,2019-11-22
CF3798,BM,CommitmentDraw,Inflow,226899.49,8-30d,1.0,0.2955166547265673,2021-03-27
CF3799,BM,SecurityMaturity,Outflow,-222096.85,2-7d,1.0,0.8540283915166283,2021-04-25
CF3800,BM,DerivativesCF,Inflow,44064.66,2-7d,1.0,0.9974713361089421,2020-09-04
CF3801,GU,DerivativesCF,Inflow,277489.92,2-7d,1.0,0.4347879968348728,2020-10-01
CF3802,JE,RetailDeposit,Inflow,245378.09,91-180d,0.5,0.7640651515967635,2022-04-06
CF3803,BM,CommitmentDraw,Outflow,-257143.05,8-30d,1.0,0.11668445227944202,2021-07-29
CF3804,JE,CorporateDeposit,Inflow,174145.32,31-90d,0.5,0.8557160329589687,2022-09-01
CF3805,BM,SecurityMaturity,Inflow,22611.55,<2d,1.0,0.7301506512026257,2021-10-20
CF3806,BM,LoanRepayment,Outflow,-16035.79,91-180d,0.5,0.700393298833654,2020-12-24
CF3807,BM,DerivativesCF,Inflow,95819.82,<2d,1.0,0.6092079052125408,2021-10-25
CF3808,KY,LoanRepayment,Inflow,32811.94,181-365d,0.25,0.5113182536796154,2022-01-01
CF3809,GU,DerivativesCF,Outflow,-181115.83,31-90d,0.5,0.4494222812070572,2021-12-31
CF3810,KY,RetailDeposit,Inflow,241975.49,181-365d,0.25,0.5128769002608448,2023-06-01
CF3811,KY,SecurityMaturity,Inflow,314037.09,<2d,1.0,0.31951194416597894,2019-09-19
CF3812,JE,CorporateDeposit,Inflow,18222.25,>1y,0.0,0.9505897076904957,2021-09-16
CF3813,GU,SecurityMaturity,Inflow,105772.66,31-90d,0.5,0.34802632455151217,2024-03-10
CF3814,BM,DerivativesCF,Inflow,245737.74,>1y,0.0,0.7698744091045778,2021-08-30
CF3815,KY,SecurityMaturity,Inflow,326223.12,>1y,0.0,0.7796766023056473,2022-01-15
CF3816,KY,LoanRepayment,Outflow,-43463.68,181-365d,0.25,0.7998606307822935,2020-05-27
CF3817,JE,LoanRepayment,Outflow,-316583.45,2-7d,1.0,0.45145513316468733,2020-08-25
CF3818,BM,LoanRepayment,Inflow,37137.64,181-365d,0.25,0.35752372768717666,2021-11-10
CF3819,JE,SecurityMaturity,Inflow,42974.2,91-180d,0.5,0.9820071666184421,2023-07-07
CF3820,GU,SecurityMaturity,Outflow,-166471.25,2-7d,1.0,0.45931254105394226,2023-04-29
CF3821,GU,LoanRepayment,Outflow,-255402.01,8-30d,1.0,0.6278204408765482,2023-12-24
CF3822,KY,LoanRepayment,Inflow,240927.29,91-180d,0.5,0.5935824923758901,2020-03-03
CF3823,BM,RetailDeposit,Inflow,64885.83,<2d,1.0,0.8017214095533173,2023-10-03
CF3824,BM,RetailDeposit,Inflow,35184.29,<2d,1.0,0.5480061542572788,2020-09-14
CF3825,BM,DerivativesCF,Inflow,531452.37,>1y,0.0,0.012598139852355472,2023-10-18
CF3826,KY,CommitmentDraw,Inflow,172059.13,181-365d,0.25,0.8017334678058764,2019-10-12
CF3827,KY,DerivativesCF,Outflow,-165922.53,31-90d,0.5,0.971792843566599,2020-04-19
CF3828,KY,CommitmentDraw,Outflow,-160263.9,>1y,0.0,0.6322001132366492,2021-08-23
CF3829,BM,RetailDeposit,Outflow,-400054.22,31-90d,0.5,0.36737245164274035,2020-11-30
CF3830,KY,SecurityMaturity,Outflow,-420286.72,8-30d,1.0,0.6894127933705996,2019-12-20
CF3831,GU,RetailDeposit,Inflow,228093.26,<2d,1.0,0.01842004811503295,2021-09-22
CF3832,GU,CommitmentDraw,Outflow,-237502.94,<2d,1.0,0.07837827406571718,2022-07-15
CF3833,BM,SecurityMaturity,Outflow,-48596.85,91-180d,0.5,0.36604456762477844,2021-11-25
CF3834,BM,CommitmentDraw,Inflow,133084.36,<2d,1.0,0.7727361975381181,2022-08-15
CF3835,KY,CorporateDeposit,Inflow,360722.32,8-30d,1.0,0.9151009720069815,2023-06-20
CF3836,BM,CommitmentDraw,Outflow,-177432.46,31-90d,0.5,0.9578498533220046,2023-10-01
CF3837,JE,LoanRepayment,Inflow,379478.42,8-30d,1.0,0.8142894379358993,2022-08-15
CF3838,KY,CommitmentDraw,Outflow,-74486.46,2-7d,1.0,0.918494940488776,2021-02-15
CF3839,KY,DerivativesCF,Outflow,-77387.43,8-30d,1.0,0.8730001646892765,2021-12-17
CF3840,JE,CorporateDeposit,Outflow,-465503.76,>1y,0.0,0.6117106584456402,2022-09-20
CF3841,BM,CorporateDeposit,Outflow,-40984.27,<2d,1.0,0.05765206700507819,2023-09-19
CF3842,JE,CorporateDeposit,Outflow,-422194.06,<2d,1.0,0.11490047908865375,2023-08-10
CF3843,GU,CommitmentDraw,Outflow,-15040.63,>1y,0.0,0.21124552671881547,2023-10-20
CF3844,BM,RetailDeposit,Outflow,-16045.12,<2d,1.0,0.41969873886599096,2021-09-10
CF3845,BM,RetailDeposit,Inflow,39538.13,<2d,1.0,0.9766699831654041,2020-04-23
CF3846,KY,RetailDeposit,Outflow,-101032.21,8-30d,1.0,0.5035805066049144,2024-04-26
CF3847,KY,DerivativesCF,Outflow,-458672.83,181-365d,0.25,0.6587841094992682,2023-01-27
CF3848,JE,LoanRepayment,Inflow,252157.53,31-90d,0.5,0.9865623555669382,2019-12-04
CF3849,BM,SecurityMaturity,Inflow,114981.71,>1y,0.0,0.383525017715143,2020-08-29
CF3850,BM,CommitmentDraw,Inflow,426737.21,31-90d,0.5,0.7833479271670887,2020-11-17
CF3851,BM,CorporateDeposit,Outflow,-138606.86,2-7d,1.0,0.3901005203292224,2023-03-20
CF3852,BM,CorporateDeposit,Outflow,-53317.13,91-180d,0.5,0.928163958445807,2020-10-13
CF3853,JE,DerivativesCF,Inflow,41181.48,181-365d,0.25,0.0759608726029386,2020-01-21
CF3854,KY,SecurityMaturity,Outflow,-157029.78,>1y,0.0,0.050758777160296864,2022-04-23
CF3855,GU,LoanRepayment,Outflow,-169535.13,91-180d,0.5,0.9633181877516267,2020-12-31
CF3856,BM,DerivativesCF,Outflow,-306820.67,91-180d,0.5,0.4095333401481347,2021-08-15
CF3857,BM,LoanRepayment,Inflow,136906.18,181-365d,0.25,0.8970016291254564,2022-04-24
CF3858,KY,SecurityMaturity,Outflow,-86364.09,91-180d,0.5,0.3942857223905226,2023-05-05
CF3859,KY,SecurityMaturity,Outflow,-148852.92,2-7d,1.0,0.14258825894991578,2022-09-23
CF3860,BM,LoanRepayment,Outflow,-91975.73,91-180d,0.5,0.6428612907281376,2022-02-07
CF3861,KY,CommitmentDraw,Outflow,-21212.63,2-7d,1.0,0.8921275107686847,2023-06-08
CF3862,BM,CorporateDeposit,Outflow,-338709.87,31-90d,0.5,0.1118061746439567,2023-01-16
CF3863,BM,DerivativesCF,Outflow,-54341.67,8-30d,1.0,0.6537617697743444,2021-07-21
CF3864,BM,DerivativesCF,Outflow,-231917.07,8-30d,1.0,0.9749609299435621,2021-01-19
CF3865,BM,RetailDeposit,Outflow,-103915.36,181-365d,0.25,0.2864761937716138,2022-05-15
CF3866,JE,RetailDeposit,Outflow,-225399.3,31-90d,0.5,0.36402889449016074,2021-04-13
CF3867,KY,CorporateDeposit,Inflow,240907.65,8-30d,1.0,0.8218052374108357,2024-03-11
CF3868,KY,SecurityMaturity,Inflow,105078.11,>1y,0.0,0.2639006222429855,2022-11-13
CF3869,KY,LoanRepayment,Outflow,-354677.78,31-90d,0.5,0.002043077652346126,2021-09-06
CF3870,JE,DerivativesCF,Inflow,179937.06,91-180d,0.5,0.7614033030091258,2021-05-24
CF3871,BM,LoanRepayment,Outflow,-34876.38,31-90d,0.5,0.39135567815449046,2022-12-30
CF3872,BM,CorporateDeposit,Inflow,223899.14,>1y,0.0,0.3085401015645064,2024-01-14
CF3873,KY,CommitmentDraw,Outflow,-27294.84,2-7d,1.0,0.2991749074186457,2022-12-05
CF3874,BM,RetailDeposit,Inflow,180669.15,>1y,0.0,0.04627884660335979,2021-04-01
CF3875,KY,DerivativesCF,Inflow,45949.44,2-7d,1.0,0.5373232948917367,2023-02-13
CF3876,KY,RetailDeposit,Outflow,-49196.33,181-365d,0.25,0.10294539664510893,2021-03-12
CF3877,BM,RetailDeposit,Inflow,53314.13,91-180d,0.5,0.30763747159956434,2023-09-11
CF3878,BM,RetailDeposit,Outflow,-218376.47,2-7d,1.0,0.09372617263642591,2022-08-02
CF3879,BM,CorporateDeposit,Outflow,-191093.39,181-365d,0.25,0.45454784887878985,2020-11-17
CF3880,KY,RetailDeposit,Outflow,-289323.28,181-365d,0.25,0.19533885919517946,2023-04-27
CF3881,KY,RetailDeposit,Inflow,70913.84,31-90d,0.5,0.09067602066217717,2022-09-05
CF3882,GU,CommitmentDraw,Outflow,-69870.58,8-30d,1.0,0.43195504291665165,2022-04-28
CF3883,BM,CorporateDeposit,Inflow,186898.28,181-365d,0.25,0.8038203883275787,2021-10-04
CF3884,BM,DerivativesCF,Inflow,63981.62,<2d,1.0,0.9512630270346567,2019-09-05
CF3885,KY,LoanRepayment,Inflow,163672.91,31-90d,0.5,0.42970956993274734,2024-01-24
CF3886,BM,RetailDeposit,Outflow,-229061.6,91-180d,0.5,0.7584829160527905,2023-05-06
CF3887,BM,CommitmentDraw,Outflow,-9611.16,2-7d,1.0,0.3231723228788326,2022-01-30
CF3888,KY,LoanRepayment,Inflow,184323.11,<2d,1.0,0.555143698884479,2020-03-27
CF3889,KY,CommitmentDraw,Inflow,22078.42,>1y,0.0,0.5165794147253273,2022-11-21
CF3890,BM,SecurityMaturity,Inflow,242200.54,2-7d,1.0,0.7656825304224087,2023-01-22
CF3891,BM,LoanRepayment,Inflow,545760.55,91-180d,0.5,0.730747028800014,2020-12-06
CF3892,BM,RetailDeposit,Outflow,-240057.21,2-7d,1.0,0.9622127091468563,2019-12-01
CF3893,JE,CorporateDeposit,Inflow,213757.59,>1y,0.0,0.5975112405234372,2023-04-10
CF3894,KY,CommitmentDraw,Outflow,-91911.53,2-7d,1.0,0.4506051577831296,2019-12-20
CF3895,GU,CorporateDeposit,Outflow,-52133.02,8-30d,1.0,0.7503322341401699,2021-12-29
CF3896,KY,SecurityMaturity,Outflow,-29367.87,181-365d,0.25,0.02713598204008627,2023-03-05
CF3897,KY,DerivativesCF,Outflow,-130535.15,<2d,1.0,0.002745083762795586,2022-07-29
CF3898,BM,DerivativesCF,Inflow,145110.2,91-180d,0.5,0.6920581962840286,2022-02-16
CF3899,BM,LoanRepayment,Inflow,133758.5,181-365d,0.25,0.3236603597566684,2021-02-13
CF3900,KY,CorporateDeposit,Inflow,201949.54,91-180d,0.5,0.8460898972729365,2023-09-21
CF3901,BM,CorporateDeposit,Outflow,-70597.31,8-30d,1.0,0.30028481084872816,2020-09-06
CF3902,GU,CorporateDeposit,Inflow,106033.54,181-365d,0.25,0.13802829241241865,2022-07-03
CF3903,JE,DerivativesCF,Outflow,-265396.39,8-30d,1.0,0.2465703191970483,2021-01-21
CF3904,BM,DerivativesCF,Outflow,-68676.27,91-180d,0.5,0.7230312504722061,2023-07-22
CF3905,BM,SecurityMaturity,Inflow,585977.58,181-365d,0.25,0.5166732524578206,2021-06-14
CF3906,BM,CorporateDeposit,Outflow,-163510.56,<2d,1.0,0.41872537144250166,2020-02-24
CF3907,BM,RetailDeposit,Outflow,-117353.84,>1y,0.0,0.4974513163964229,2020-10-12
CF3908,KY,RetailDeposit,Outflow,-148402.47,31-90d,0.5,0.8937357691983004,2021-12-07
CF3909,GU,CommitmentDraw,Outflow,-172252.95,31-90d,0.5,0.968938628339039,2020-09-18
CF3910,JE,CommitmentDraw,Inflow,249888.68,181-365d,0.25,0.3415342862067501,2019-12-01
CF3911,BM,LoanRepayment,Outflow,-328203.0,181-365d,0.25,0.5742790997607432,2023-01-28
CF3912,GU,LoanRepayment,Outflow,-70600.4,181-365d,0.25,0.3639709976468235,2020-05-15
CF3913,JE,LoanRepayment,Outflow,-284791.02,>1y,0.0,0.8768986874245221,2020-10-30
CF3914,JE,RetailDeposit,Outflow,-104820.47,91-180d,0.5,0.5170128988019145,2023-12-02
CF3915,GU,LoanRepayment,Outflow,-128103.98,2-7d,1.0,0.41588592711065053,2019-12-19
CF3916,KY,SecurityMaturity,Inflow,64649.29,>1y,0.0,0.09563190939434996,2020-01-04
CF3917,GU,CorporateDeposit,Inflow,269075.84,91-180d,0.5,0.7366617048466496,2023-11-04
CF3918,BM,LoanRepayment,Inflow,305527.47,181-365d,0.25,0.7813138317107143,2023-08-13
CF3919,GU,LoanRepayment,Inflow,183278.19,31-90d,0.5,0.8984490778824974,2021-02-15
CF3920,GU,CorporateDeposit,Inflow,118631.24,181-365d,0.25,0.7048606533142199,2021-04-16
CF3921,JE,DerivativesCF,Outflow,-467039.61,8-30d,1.0,0.36628075731513965,2022-11-21
CF3922,KY,CommitmentDraw,Inflow,181908.99,8-30d,1.0,0.9335478475025861,2023-12-10
CF3923,BM,DerivativesCF,Outflow,-81461.37,>1y,0.0,0.4376913024130993,2024-06-01
CF3924,GU,DerivativesCF,Outflow,-464010.95,2-7d,1.0,0.034987620886882675,2020-09-08
CF3925,KY,SecurityMaturity,Outflow,-148696.44,8-30d,1.0,0.3384130073360605,2023-09-28
CF3926,BM,CorporateDeposit,Outflow,-148726.31,31-90d,0.5,0.8966697465679241,2020-08-07
CF3927,KY,RetailDeposit,Inflow,16371.17,>1y,0.0,0.5943707347700887,2019-10-18
CF3928,KY,RetailDeposit,Outflow,-64693.28,2-7d,1.0,0.07459129719566637,2021-02-06
CF3929,BM,CorporateDeposit,Outflow,-335387.05,2-7d,1.0,0.1731447775746061,2023-11-17
CF3930,BM,CorporateDeposit,Outflow,-157604.43,181-365d,0.25,0.7134765363419248,2021-06-01
CF3931,KY,CorporateDeposit,Inflow,35886.85,>1y,0.0,0.5844157616059792,2019-09-16
CF3932,JE,DerivativesCF,Outflow,-118709.14,91-180d,0.5,0.9970742347806889,2024-04-28
CF3933,BM,SecurityMaturity,Outflow,-131151.72,31-90d,0.5,0.019557249342230687,2020-05-12
CF3934,KY,LoanRepayment,Inflow,12727.83,>1y,0.0,0.9679148815539594,2021-04-22
CF3935,BM,CommitmentDraw,Outflow,-81320.57,31-90d,0.5,0.016322652877907906,2020-12-29
CF3936,BM,CommitmentDraw,Outflow,-268767.99,>1y,0.0,0.5913367506586628,2021-01-07
CF3937,KY,CommitmentDraw,Inflow,48544.46,<2d,1.0,0.28151000083137523,2020-12-17
CF3938,KY,SecurityMaturity,Inflow,130575.15,<2d,1.0,0.11373732467080722,2020-10-12
CF3939,GU,CorporateDeposit,Inflow,376668.9,181-365d,0.25,0.3631340869549239,2020-04-26
CF3940,JE,CorporateDeposit,Outflow,-229601.32,181-365d,0.25,0.5985928243813073,2022-07-24
CF3941,BM,DerivativesCF,Outflow,-413232.25,31-90d,0.5,0.6413139388770214,2022-08-18
CF3942,BM,RetailDeposit,Outflow,-524627.91,>1y,0.0,0.28953532201203247,2019-07-05
CF3943,GU,DerivativesCF,Inflow,33128.0,<2d,1.0,0.3753551960620245,2021-11-08
CF3944,KY,RetailDeposit,Inflow,123999.21,<2d,1.0,0.2092686809851153,2024-04-09
CF3945,GU,CorporateDeposit,Outflow,-503208.35,91-180d,0.5,0.49409594664779755,2023-10-13
CF3946,BM,CorporateDeposit,Inflow,674270.58,<2d,1.0,0.9032857209457841,2020-04-17
CF3947,BM,DerivativesCF,Inflow,125217.89,2-7d,1.0,0.14783537365222066,2023-03-07
CF3948,KY,SecurityMaturity,Inflow,252794.3,91-180d,0.5,0.22594771388784607,2020-03-14
CF3949,KY,DerivativesCF,Inflow,178125.41,<2d,1.0,0.9497956104095333,2024-04-29
CF3950,KY,RetailDeposit,Inflow,89205.64,8-30d,1.0,0.814991024250856,2019-09-26
CF3951,BM,RetailDeposit,Outflow,-140100.06,31-90d,0.5,0.8844223447974289,2019-08-26
CF3952,BM,DerivativesCF,Outflow,-217938.11,<2d,1.0,0.14426918697332025,2023-06-25
CF3953,GU,LoanRepayment,Inflow,225278.27,8-30d,1.0,0.36521811411698657,2021-04-30
CF3954,KY,RetailDeposit,Inflow,196254.06,91-180d,0.5,0.5507480712611711,2021-10-07
CF3955,KY,SecurityMaturity,Outflow,-480215.99,2-7d,1.0,0.466551138172941,2022-02-24
CF3956,BM,SecurityMaturity,Outflow,-314315.64,8-30d,1.0,0.14507955214841184,2021-08-11
CF3957,KY,DerivativesCF,Outflow,-69793.96,91-180d,0.5,0.3054340223230072,2022-06-14
CF3958,KY,RetailDeposit,Outflow,-216358.21,31-90d,0.5,0.7301792784643959,2023-06-22
CF3959,JE,CorporateDeposit,Inflow,26786.24,31-90d,0.5,0.20715101875982067,2023-10-26
CF3960,BM,LoanRepayment,Outflow,-17262.01,31-90d,0.5,0.9681879042142815,2024-03-14
CF3961,KY,LoanRepayment,Outflow,-264078.44,2-7d,1.0,0.5897843267813682,2024-05-30
CF3962,GU,CorporateDeposit,Inflow,225237.8,31-90d,0.5,0.5805031834108847,2023-10-15
CF3963,KY,RetailDeposit,Inflow,568.49,181-365d,0.25,0.5048401568036016,2020-08-16
CF3964,KY,CorporateDeposit,Inflow,140198.47,181-365d,0.25,0.029185148933358662,2019-10-06
CF3965,JE,CommitmentDraw,Inflow,89251.78,8-30d,1.0,0.08913892255967759,2022-02-06
CF3966,GU,CommitmentDraw,Outflow,-411121.35,91-180d,0.5,0.9817183345462519,2020-04-30
CF3967,KY,LoanRepayment,Inflow,186595.87,8-30d,1.0,0.48345939917888003,2022-05-11
CF3968,KY,SecurityMaturity,Inflow,240817.06,91-180d,0.5,0.695249862829689,2022-04-10
CF3969,KY,CommitmentDraw,Outflow,-121123.36,>1y,0.0,0.9059403697058537,2020-05-23
CF3970,BM,DerivativesCF,Outflow,-207672.25,181-365d,0.25,0.16438943155703656,2019-09-11
CF3971,BM,CommitmentDraw,Inflow,49059.46,<2d,1.0,0.7222591746793986,2021-08-31
CF3972,BM,RetailDeposit,Inflow,281255.27,8-30d,1.0,0.519365448194699,2019-10-25
CF3973,GU,RetailDeposit,Inflow,50733.11,<2d,1.0,0.02537905018912512,2023-04-24
CF3974,JE,SecurityMaturity,Inflow,48830.67,>1y,0.0,0.21941225990073188,2023-01-09
CF3975,KY,LoanRepayment,Inflow,229818.92,2-7d,1.0,0.5773084591602832,2021-10-03
CF3976,BM,SecurityMaturity,Inflow,128626.83,181-365d,0.25,0.5677940837528499,2023-02-24
CF3977,GU,CorporateDeposit,Inflow,387698.44,91-180d,0.5,0.005968994413788509,2023-06-27
CF3978,BM,CommitmentDraw,Inflow,87860.18,2-7d,1.0,0.11661483749811574,2020-10-12
CF3979,KY,CorporateDeposit,Outflow,-182993.05,181-365d,0.25,0.359053027566146,2023-03-31
CF3980,KY,CorporateDeposit,Inflow,113757.01,31-90d,0.5,0.9480899838036947,2020-11-23
CF3981,BM,CorporateDeposit,Inflow,236892.18,181-365d,0.25,0.15096614707306633,2020-06-16
CF3982,BM,RetailDeposit,Inflow,311506.61,2-7d,1.0,0.24347577119532837,2023-11-07
CF3983,BM,SecurityMaturity,Outflow,-27248.7,8-30d,1.0,0.6345139857054004,2021-09-23
CF3984,BM,DerivativesCF,Inflow,122519.13,31-90d,0.5,0.4795390710743267,2022-02-18
CF3985,KY,RetailDeposit,Outflow,-53850.94,>1y,0.0,0.9598754752806763,2020-07-31
CF3986,BM,RetailDeposit,Outflow,-12268.91,181-365d,0.25,0.1812715130319673,2019-07-11
CF3987,KY,RetailDeposit,Inflow,26916.39,8-30d,1.0,0.4070233971313517,2021-07-12
CF3988,BM,CommitmentDraw,Inflow,65323.39,31-90d,0.5,0.7724168379017502,2022-12-29
CF3989,KY,CorporateDeposit,Inflow,117144.18,31-90d,0.5,0.2464978610825539,2021-01-01
CF3990,KY,CorporateDeposit,Inflow,47703.77,2-7d,1.0,0.07262170316375616,2022-10-22
CF3991,KY,RetailDeposit,Outflow,-39747.88,91-180d,0.5,0.052589250029731804,2022-11-24
CF3992,BM,DerivativesCF,Outflow,-97612.62,<2d,1.0,0.5556567983963575,2020-11-23
CF3993,BM,CorporateDeposit,Inflow,237829.1,181-365d,0.25,0.8384511131189433,2024-01-06
CF3994,JE,LoanRepayment,Inflow,116288.69,8-30d,1.0,0.23771399693205408,2020-12-11
CF3995,KY,RetailDeposit,Outflow,-229790.0,8-30d,1.0,0.07180638431111208,2020-11-10
CF3996,KY,LoanRepayment,Outflow,-346973.66,<2d,1.0,0.2726832178695666,2021-09-14
CF3997,BM,LoanRepayment,Inflow,518735.71,>1y,0.0,0.4019552941670559,2023-12-12
CF3998,BM,DerivativesCF,Outflow,-186358.29,181-365d,0.25,0.8758348214057337,2020-03-22
CF3999,KY,DerivativesCF,Outflow,-99928.9,2-7d,1.0,0.7823699169615225,2023-09-26
CF4000,KY,CommitmentDraw,Inflow,283465.68,2-7d,1.0,0.7040373471696911,2020-05-03
CF4001,BM,LoanRepayment,Inflow,179229.31,91-180d,0.5,0.15902526216102908,2022-04-28
CF4002,JE,LoanRepayment,Outflow,-43790.09,91-180d,0.5,0.820016079127554,2024-05-28
CF4003,KY,CommitmentDraw,Inflow,387739.01,<2d,1.0,0.7274421742593143,2021-06-17
CF4004,BM,LoanRepayment,Inflow,285521.84,<2d,1.0,0.12307945824097499,2020-06-27
CF4005,BM,RetailDeposit,Outflow,-31082.5,181-365d,0.25,0.24974223616726798,2021-06-02
CF4006,BM,CorporateDeposit,Outflow,-9992.09,8-30d,1.0,0.23423520909748585,2023-08-06
CF4007,KY,LoanRepayment,Outflow,-327384.25,31-90d,0.5,0.5299695483669878,2021-12-15
CF4008,BM,SecurityMaturity,Outflow,-55062.83,<2d,1.0,0.08711333446205027,2023-02-05
CF4009,GU,SecurityMaturity,Inflow,91260.41,2-7d,1.0,0.33262052515285234,2020-10-16
CF4010,BM,SecurityMaturity,Outflow,-165305.9,<2d,1.0,0.7296619746661963,2022-06-21
CF4011,BM,LoanRepayment,Outflow,-97634.72,2-7d,1.0,0.14786780477360806,2022-11-05
CF4012,KY,DerivativesCF,Outflow,-38427.28,>1y,0.0,0.8524294774697966,2021-10-08
CF4013,BM,DerivativesCF,Outflow,-9170.21,<2d,1.0,0.921223340271236,2023-03-11
CF4014,KY,DerivativesCF,Outflow,-46123.81,<2d,1.0,0.31619815246472527,2023-08-16
CF4015,BM,CommitmentDraw,Outflow,-61494.63,31-90d,0.5,0.15836941498685175,2021-10-20
CF4016,BM,CommitmentDraw,Outflow,-151704.57,31-90d,0.5,0.901140509832573,2021-02-22
CF4017,KY,CommitmentDraw,Outflow,-3015.26,91-180d,0.5,0.2684481985966245,2024-06-30
CF4018,KY,LoanRepayment,Outflow,-147349.91,31-90d,0.5,0.5550319000284772,2023-11-06
CF4019,KY,SecurityMaturity,Outflow,-221672.57,91-180d,0.5,0.8520193645193893,2024-06-09
CF4020,JE,SecurityMaturity,Inflow,198924.82,91-180d,0.5,0.2484103674035022,2022-03-28
CF4021,GU,RetailDeposit,Inflow,3656.71,>1y,0.0,0.6499158777709592,2019-11-25
CF4022,GU,CorporateDeposit,Inflow,115609.93,181-365d,0.25,0.9833511406280274,2021-05-30
CF4023,BM,RetailDeposit,Outflow,-613608.06,91-180d,0.5,0.18646710048200166,2020-07-15
CF4024,JE,LoanRepayment,Outflow,-157131.44,<2d,1.0,0.20661255089727204,2021-09-05
CF4025,BM,LoanRepayment,Outflow,-216886.01,31-90d,0.5,0.29648355885127775,2021-05-06
CF4026,BM,DerivativesCF,Inflow,171963.98,>1y,0.0,0.742440613759889,2021-09-25
CF4027,BM,CorporateDeposit,Inflow,148730.88,8-30d,1.0,0.7561194756439824,2020-08-15
CF4028,BM,LoanRepayment,Outflow,-1898.73,31-90d,0.5,0.5665100442950881,2021-04-03
CF4029,JE,CorporateDeposit,Outflow,-129592.88,>1y,0.0,0.3359030710848224,2021-09-07
CF4030,KY,DerivativesCF,Outflow,-57351.67,181-365d,0.25,0.5047681391293658,2023-12-20
CF4031,KY,RetailDeposit,Outflow,-219931.12,91-180d,0.5,0.656153067233077,2020-10-19
CF4032,BM,SecurityMaturity,Outflow,-15751.93,31-90d,0.5,0.5204425665680957,2021-06-09
CF4033,BM,LoanRepayment,Outflow,-91466.13,31-90d,0.5,0.7932990201711334,2020-10-19
CF4034,GU,SecurityMaturity,Inflow,113681.77,8-30d,1.0,0.20017249301008178,2022-12-06
CF4035,KY,CorporateDeposit,Inflow,152650.01,181-365d,0.25,0.21980929196489196,2024-05-03
CF4036,GU,DerivativesCF,Outflow,-29008.51,31-90d,0.5,0.5985868732923812,2019-07-03
CF4037,KY,CorporateDeposit,Outflow,-101862.71,>1y,0.0,0.3704117920155804,2022-08-08
CF4038,BM,CorporateDeposit,Outflow,-144600.21,>1y,0.0,0.7343822512352192,2024-03-11
CF4039,BM,LoanRepayment,Outflow,-186492.48,<2d,1.0,0.32650676560843184,2021-07-01
CF4040,KY,CommitmentDraw,Outflow,-238210.75,<2d,1.0,0.9115960597859173,2021-05-27
CF4041,KY,SecurityMaturity,Outflow,-195227.43,>1y,0.0,0.9999627416047049,2020-12-26
CF4042,BM,LoanRepayment,Inflow,58737.76,2-7d,1.0,0.5016689639522953,2021-01-14
CF4043,KY,RetailDeposit,Inflow,177607.34,<2d,1.0,0.1421074909977894,2021-08-27
CF4044,BM,CorporateDeposit,Inflow,26398.57,91-180d,0.5,0.7522321925583852,2022-11-14
CF4045,JE,CorporateDeposit,Outflow,-96631.77,91-180d,0.5,0.9670634996603976,2024-01-08
CF4046,GU,CorporateDeposit,Inflow,78087.48,91-180d,0.5,0.9565133342607669,2022-01-10
CF4047,JE,SecurityMaturity,Inflow,259800.95,181-365d,0.25,0.2663268522903124,2019-10-04
CF4048,JE,DerivativesCF,Outflow,-32224.91,>1y,0.0,0.16012484977558228,2020-02-08
CF4049,BM,SecurityMaturity,Outflow,-163110.67,2-7d,1.0,0.9646296075355008,2021-03-25
CF4050,KY,CorporateDeposit,Inflow,128731.47,>1y,0.0,0.5653186563589805,2023-09-23
CF4051,BM,DerivativesCF,Inflow,17928.45,91-180d,0.5,0.7291547590481489,2023-12-31
CF4052,KY,RetailDeposit,Outflow,-9481.97,31-90d,0.5,0.00896229478382049,2021-09-29
CF4053,KY,RetailDeposit,Inflow,106574.65,31-90d,0.5,0.951680067399808,2024-06-17
CF4054,BM,CorporateDeposit,Inflow,215759.97,2-7d,1.0,0.10583880615388241,2024-03-13
CF4055,GU,SecurityMaturity,Inflow,139383.62,31-90d,0.5,0.9305026057981353,2024-02-16
CF4056,BM,SecurityMaturity,Outflow,-243641.78,31-90d,0.5,0.3461327021641192,2020-04-02
CF4057,BM,CommitmentDraw,Outflow,-33167.67,8-30d,1.0,0.25159585263198414,2021-01-21
CF4058,KY,CommitmentDraw,Outflow,-277597.37,<2d,1.0,0.6516787053368976,2021-07-14
CF4059,BM,RetailDeposit,Inflow,91116.69,<2d,1.0,0.5191823028200635,2024-05-04
CF4060,BM,RetailDeposit,Inflow,225747.64,>1y,0.0,0.19840059955057343,2023-03-22
CF4061,BM,CommitmentDraw,Outflow,-326548.7,2-7d,1.0,0.14210964800755477,2020-12-01
CF4062,KY,LoanRepayment,Inflow,282272.42,2-7d,1.0,0.028214580402654343,2019-11-16
CF4063,KY,LoanRepayment,Outflow,-134282.5,91-180d,0.5,0.03921393976944043,2024-06-14
CF4064,BM,CorporateDeposit,Inflow,90346.94,<2d,1.0,0.6781515651493463,2019-10-26
CF4065,GU,DerivativesCF,Inflow,159442.07,>1y,0.0,0.04673616862160379,2023-08-04
CF4066,BM,CommitmentDraw,Inflow,163885.52,<2d,1.0,0.6784722348226712,2021-05-14
CF4067,KY,RetailDeposit,Outflow,-150039.03,>1y,0.0,0.9517384207506572,2021-03-30
CF4068,KY,SecurityMaturity,Inflow,83681.11,2-7d,1.0,0.3550018668885454,2023-09-03
CF4069,BM,CommitmentDraw,Inflow,159629.73,8-30d,1.0,0.5030847361155848,2021-12-25
CF4070,KY,LoanRepayment,Inflow,136639.14,181-365d,0.25,0.1535699001103188,2022-09-09
CF4071,BM,CommitmentDraw,Outflow,-75824.45,31-90d,0.5,0.042824098925923204,2020-05-04
CF4072,KY,DerivativesCF,Outflow,-528.32,8-30d,1.0,0.29680149625609575,2019-07-06
CF4073,BM,CommitmentDraw,Inflow,92541.45,<2d,1.0,0.8979602213488685,2020-12-07
CF4074,KY,CorporateDeposit,Inflow,16960.83,91-180d,0.5,0.019259554287480163,2023-05-05
CF4075,JE,DerivativesCF,Inflow,222362.94,31-90d,0.5,0.9764169265823469,2020-03-27
CF4076,BM,RetailDeposit,Outflow,-260494.89,31-90d,0.5,0.34954789647592743,2020-12-19
CF4077,BM,DerivativesCF,Inflow,37396.72,91-180d,0.5,0.771107031816452,2021-11-29
CF4078,JE,RetailDeposit,Outflow,-138063.41,181-365d,0.25,0.5495298430584753,2021-02-11
CF4079,KY,DerivativesCF,Inflow,266506.45,2-7d,1.0,0.4792242892918852,2020-04-09
CF4080,GU,CorporateDeposit,Outflow,-311351.96,<2d,1.0,0.10922187212576351,2023-04-01
CF4081,GU,CommitmentDraw,Outflow,-62880.86,91-180d,0.5,0.5937704345886843,2022-05-23
CF4082,KY,DerivativesCF,Outflow,-182668.65,8-30d,1.0,0.5222527051405514,2021-11-11
CF4083,KY,DerivativesCF,Inflow,512073.43,91-180d,0.5,0.36802905720638923,2022-05-17
CF4084,GU,CorporateDeposit,Inflow,75166.9,91-180d,0.5,0.8981497257404413,2022-05-20
CF4085,BM,DerivativesCF,Inflow,106653.83,31-90d,0.5,0.14191538041191898,2021-03-30
CF4086,BM,DerivativesCF,Inflow,138553.29,<2d,1.0,0.6303386811237099,2019-10-07
CF4087,GU,CommitmentDraw,Inflow,181106.34,91-180d,0.5,0.8089953636956303,2020-06-23
CF4088,GU,CommitmentDraw,Inflow,270448.89,31-90d,0.5,0.10623274048095632,2024-05-07
CF4089,GU,CommitmentDraw,Outflow,-210288.18,181-365d,0.25,0.4887355948600669,2022-02-12
CF4090,GU,LoanRepayment,Outflow,-20428.63,181-365d,0.25,0.388959674204408,2021-12-10
CF4091,BM,DerivativesCF,Outflow,-17896.4,>1y,0.0,0.30101360348602113,2020-05-21
CF4092,BM,DerivativesCF,Outflow,-59061.53,31-90d,0.5,0.25127759423692386,2021-12-22
CF4093,KY,LoanRepayment,Inflow,170044.67,31-90d,0.5,0.7533162547993194,2021-02-17
CF4094,KY,SecurityMaturity,Inflow,113236.9,31-90d,0.5,0.11478298101733575,2023-04-19
CF4095,KY,CommitmentDraw,Outflow,-5674.96,181-365d,0.25,0.17694664756835898,2021-08-27
CF4096,BM,SecurityMaturity,Inflow,369577.54,<2d,1.0,0.829549510920141,2022-09-18
CF4097,KY,SecurityMaturity,Outflow,-157058.09,<2d,1.0,0.9433874348075864,2021-07-22
CF4098,BM,CommitmentDraw,Inflow,524871.59,2-7d,1.0,0.32217358924007955,2023-02-08
CF4099,KY,CorporateDeposit,Outflow,-256937.63,>1y,0.0,0.7184185064983832,2021-04-28
CF4100,BM,LoanRepayment,Outflow,-167355.91,2-7d,1.0,0.3763132405063584,2020-08-15
CF4101,JE,CommitmentDraw,Outflow,-76883.23,<2d,1.0,0.07970418299958282,2023-07-07
CF4102,KY,DerivativesCF,Inflow,67542.54,31-90d,0.5,0.013957608953923728,2022-03-25
CF4103,BM,RetailDeposit,Inflow,216944.95,>1y,0.0,0.3047007106454478,2021-12-29
CF4104,KY,DerivativesCF,Outflow,-281216.78,2-7d,1.0,0.14545143425919693,2022-06-08
CF4105,GU,RetailDeposit,Inflow,210404.06,8-30d,1.0,0.6459493584137944,2020-04-29
CF4106,KY,CorporateDeposit,Outflow,-80528.9,181-365d,0.25,0.7055037343382249,2024-01-16
CF4107,JE,CorporateDeposit,Outflow,-6387.45,31-90d,0.5,0.9756267386726828,2023-09-27
CF4108,BM,RetailDeposit,Outflow,-196835.72,<2d,1.0,0.6576094773115767,2020-12-01
CF4109,KY,SecurityMaturity,Inflow,120690.16,8-30d,1.0,0.9139934570698416,2020-09-06
CF4110,KY,CommitmentDraw,Inflow,50233.75,91-180d,0.5,0.30920328795915686,2021-08-25
CF4111,GU,CorporateDeposit,Outflow,-400983.04,91-180d,0.5,0.928383621750055,2020-06-29
CF4112,KY,CorporateDeposit,Inflow,39701.82,>1y,0.0,0.170262569528274,2021-03-13
CF4113,GU,LoanRepayment,Outflow,-154172.56,181-365d,0.25,0.4622680215874363,2020-02-21
CF4114,GU,SecurityMaturity,Inflow,325421.25,>1y,0.0,0.20403127489667594,2022-04-07
CF4115,KY,RetailDeposit,Outflow,-82931.43,91-180d,0.5,0.912749179082571,2021-08-17
CF4116,KY,SecurityMaturity,Inflow,312277.82,91-180d,0.5,0.6840882802258161,2019-12-07
CF4117,BM,DerivativesCF,Outflow,-426983.08,181-365d,0.25,0.20992459238959393,2020-05-24
CF4118,KY,CommitmentDraw,Outflow,-423356.41,91-180d,0.5,0.4853084821617537,2020-09-23
CF4119,GU,RetailDeposit,Inflow,146817.37,91-180d,0.5,0.9244215934864072,2022-02-27
CF4120,BM,CommitmentDraw,Outflow,-15919.51,2-7d,1.0,0.21267269848984705,2020-11-09
CF4121,BM,LoanRepayment,Inflow,259526.94,<2d,1.0,0.06436423288753901,2023-03-28
CF4122,BM,DerivativesCF,Inflow,81518.97,>1y,0.0,0.7727738933546441,2024-01-21
CF4123,GU,LoanRepayment,Outflow,-253524.37,91-180d,0.5,0.6655530969528618,2019-09-25
CF4124,BM,DerivativesCF,Inflow,222485.9,31-90d,0.5,0.6329604868916906,2019-07-05
CF4125,KY,SecurityMaturity,Inflow,22884.21,8-30d,1.0,0.663448287690147,2021-10-05
CF4126,BM,SecurityMaturity,Inflow,259996.4,<2d,1.0,0.5124215519501046,2020-04-07
CF4127,BM,DerivativesCF,Outflow,-95594.97,>1y,0.0,0.11578950591116821,2021-07-14
CF4128,BM,DerivativesCF,Inflow,27890.62,181-365d,0.25,0.538125552312579,2022-05-20
CF4129,BM,SecurityMaturity,Outflow,-209477.38,2-7d,1.0,0.6486041544784071,2022-05-27
CF4130,GU,CommitmentDraw,Outflow,-120911.79,>1y,0.0,0.5043027036262587,2019-09-08
CF4131,JE,LoanRepayment,Outflow,-4687.51,<2d,1.0,0.3646334899328397,2023-11-30
CF4132,JE,CommitmentDraw,Outflow,-98702.25,31-90d,0.5,0.8881319869082938,2020-08-05
CF4133,KY,SecurityMaturity,Inflow,210381.75,>1y,0.0,0.30454082342298316,2021-12-11
CF4134,BM,DerivativesCF,Outflow,-253866.79,2-7d,1.0,0.9879573151427798,2021-02-04
CF4135,BM,CommitmentDraw,Inflow,62440.65,31-90d,0.5,0.5281761047274608,2021-09-26
CF4136,BM,CommitmentDraw,Inflow,93605.58,<2d,1.0,0.18791481264079357,2023-02-11
CF4137,GU,LoanRepayment,Inflow,113542.14,2-7d,1.0,0.3655345001829743,2019-08-05
CF4138,BM,SecurityMaturity,Inflow,150458.74,>1y,0.0,0.8707450049125616,2024-02-25
CF4139,KY,DerivativesCF,Outflow,-190878.77,<2d,1.0,0.37413103272965786,2024-01-26
CF4140,KY,SecurityMaturity,Outflow,-281395.67,91-180d,0.5,0.797351043562648,2023-11-16
CF4141,BM,LoanRepayment,Outflow,-171953.94,<2d,1.0,0.35482412815267406,2020-06-26
CF4142,KY,DerivativesCF,Inflow,266530.91,91-180d,0.5,0.38953258396110824,2023-08-10
CF4143,JE,SecurityMaturity,Inflow,176793.91,181-365d,0.25,0.08157335626436868,2019-12-16
CF4144,JE,DerivativesCF,Inflow,333325.52,<2d,1.0,0.7317896186164432,2021-05-30
CF4145,JE,CorporateDeposit,Outflow,-23483.76,181-365d,0.25,0.7475071667888614,2023-07-13
CF4146,BM,DerivativesCF,Inflow,82033.52,<2d,1.0,0.29474013025714507,2021-03-25
CF4147,BM,LoanRepayment,Outflow,-39047.49,181-365d,0.25,0.5844902664752327,2024-04-20
CF4148,JE,SecurityMaturity,Inflow,31533.08,2-7d,1.0,0.7858477823427374,2023-11-20
CF4149,JE,RetailDeposit,Inflow,5211.41,>1y,0.0,0.19428531363768575,2021-11-03
CF4150,BM,SecurityMaturity,Inflow,63594.55,2-7d,1.0,0.48607999476786057,2020-07-14
CF4151,JE,LoanRepayment,Outflow,-260917.5,8-30d,1.0,0.5878888358023561,2022-03-19
CF4152,JE,LoanRepayment,Inflow,206030.45,>1y,0.0,0.519338290985634,2022-10-25
CF4153,BM,CorporateDeposit,Outflow,-273823.68,8-30d,1.0,0.04167900888239573,2023-02-10
CF4154,BM,LoanRepayment,Inflow,199332.53,>1y,0.0,0.7774276687332143,2022-06-16
CF4155,BM,LoanRepayment,Inflow,40604.38,91-180d,0.5,0.7659558473205995,2020-04-25
CF4156,BM,CommitmentDraw,Outflow,-370448.98,91-180d,0.5,0.9011854261861976,2022-03-12
CF4157,BM,CommitmentDraw,Outflow,-331866.59,31-90d,0.5,0.6480760310570172,2023-05-25
CF4158,BM,DerivativesCF,Inflow,107425.56,31-90d,0.5,0.598426044047315,2022-03-10
CF4159,BM,SecurityMaturity,Inflow,22658.07,181-365d,0.25,0.04219234906287095,2022-08-19
CF4160,BM,LoanRepayment,Outflow,-52175.14,<2d,1.0,0.7946135369824453,2023-01-11
CF4161,BM,LoanRepayment,Outflow,-55014.31,2-7d,1.0,0.061177059599581085,2019-09-30
CF4162,BM,DerivativesCF,Outflow,-117600.89,181-365d,0.25,0.8770479628209161,2024-01-03
CF4163,BM,SecurityMaturity,Outflow,-77512.6,31-90d,0.5,0.4068056183140698,2023-01-16
CF4164,BM,SecurityMaturity,Inflow,433243.91,31-90d,0.5,0.9979045983729261,2020-11-05
CF4165,KY,CommitmentDraw,Outflow,-236236.8,31-90d,0.5,0.2313624986465289,2020-02-16
CF4166,KY,DerivativesCF,Inflow,105184.9,181-365d,0.25,0.4312827596827068,2020-12-28
CF4167,GU,CorporateDeposit,Outflow,-126741.18,<2d,1.0,0.2392495490035358,2023-01-05
CF4168,BM,LoanRepayment,Outflow,-340239.05,<2d,1.0,0.05831002353158887,2023-08-29
CF4169,JE,LoanRepayment,Outflow,-214681.46,8-30d,1.0,0.8975088173504828,2021-06-05
CF4170,BM,DerivativesCF,Outflow,-35463.98,31-90d,0.5,0.6931262481380819,2024-02-19
CF4171,GU,CorporateDeposit,Inflow,114720.17,181-365d,0.25,0.2876247395270567,2022-07-23
CF4172,KY,CommitmentDraw,Inflow,111930.1,<2d,1.0,0.9549637368665792,2023-01-04
CF4173,JE,CommitmentDraw,Outflow,-190872.27,2-7d,1.0,0.41818585804404196,2020-04-02
CF4174,GU,LoanRepayment,Inflow,260125.88,<2d,1.0,0.3508986942918476,2024-04-11
CF4175,JE,DerivativesCF,Inflow,315131.65,31-90d,0.5,0.41043380845717836,2023-08-21
CF4176,KY,CommitmentDraw,Inflow,51884.64,91-180d,0.5,0.7371596035436028,2020-05-24
CF4177,BM,CorporateDeposit,Inflow,309014.95,31-90d,0.5,0.2192497077890011,2023-09-08
CF4178,BM,RetailDeposit,Inflow,171134.02,31-90d,0.5,0.4345193879178658,2022-10-27
CF4179,KY,RetailDeposit,Inflow,8303.12,91-180d,0.5,0.9799279420576905,2019-08-24
CF4180,KY,LoanRepayment,Inflow,10566.99,2-7d,1.0,0.4028384912694104,2020-04-11
CF4181,JE,LoanRepayment,Inflow,96496.71,2-7d,1.0,0.46142525278544644,2020-04-04
CF4182,KY,CommitmentDraw,Inflow,258137.22,31-90d,0.5,0.7853948500518931,2021-01-28
CF4183,BM,CorporateDeposit,Outflow,-78342.0,91-180d,0.5,0.24053375610508132,2020-11-13
CF4184,BM,DerivativesCF,Inflow,117708.0,<2d,1.0,0.8892190923591767,2023-12-19
CF4185,GU,CorporateDeposit,Inflow,722844.04,31-90d,0.5,0.7174589940129139,2021-04-27
CF4186,KY,CorporateDeposit,Outflow,-233916.9,181-365d,0.25,0.08279441107239804,2020-10-20
CF4187,GU,SecurityMaturity,Outflow,-67113.64,2-7d,1.0,0.4191254460257584,2023-10-14
CF4188,KY,CorporateDeposit,Inflow,356976.04,8-30d,1.0,0.30263509875492756,2023-09-30
CF4189,KY,LoanRepayment,Inflow,236725.9,>1y,0.0,0.1888027518986899,2021-10-02
CF4190,GU,RetailDeposit,Inflow,438722.46,181-365d,0.25,0.9566025952619727,2020-08-08
CF4191,JE,CorporateDeposit,Outflow,-159646.94,>1y,0.0,0.5159562822782112,2020-07-11
CF4192,JE,CommitmentDraw,Outflow,-283290.19,8-30d,1.0,0.8053061192880757,2023-11-22
CF4193,KY,CommitmentDraw,Outflow,-497638.83,2-7d,1.0,0.3676153904524032,2020-03-01
CF4194,BM,RetailDeposit,Outflow,-75358.61,2-7d,1.0,0.9966999642972988,2022-02-06
CF4195,GU,DerivativesCF,Inflow,334925.99,2-7d,1.0,0.20669165702213,2023-11-13
CF4196,BM,CommitmentDraw,Outflow,-157753.92,91-180d,0.5,0.4707385838517024,2021-01-02
CF4197,BM,RetailDeposit,Outflow,-161275.91,2-7d,1.0,0.6767701595125101,2022-03-05
CF4198,KY,SecurityMaturity,Inflow,444806.19,31-90d,0.5,0.06086598537566801,2021-12-22
CF4199,BM,CommitmentDraw,Outflow,-198064.17,31-90d,0.5,0.4763269103826885,2021-04-14
CF4200,BM,DerivativesCF,Outflow,-165539.6,31-90d,0.5,0.01186924368760689,2019-12-16
CF4201,BM,CorporateDeposit,Outflow,-17782.42,<2d,1.0,0.1765729550179611,2021-01-22
CF4202,BM,CorporateDeposit,Inflow,10680.78,>1y,0.0,0.27746146406823013,2020-07-21
CF4203,KY,CorporateDeposit,Inflow,117362.16,8-30d,1.0,0.9368628616850165,2020-05-24
CF4204,BM,RetailDeposit,Inflow,16871.82,2-7d,1.0,0.1019800257469834,2022-05-28
CF4205,BM,CorporateDeposit,Inflow,10617.72,2-7d,1.0,0.6095730635060845,2020-07-04
CF4206,KY,SecurityMaturity,Inflow,152959.17,>1y,0.0,0.6161120177722779,2020-06-18
CF4207,KY,LoanRepayment,Inflow,141425.64,2-7d,1.0,0.15340659655214473,2020-08-01
CF4208,KY,LoanRepayment,Inflow,54062.07,>1y,0.0,0.06663535416899613,2020-06-20
CF4209,BM,LoanRepayment,Outflow,-379797.89,181-365d,0.25,0.8064029832475519,2023-12-01
CF4210,GU,CommitmentDraw,Inflow,202296.24,8-30d,1.0,0.28175137586901844,2021-09-18
CF4211,KY,SecurityMaturity,Inflow,10907.62,<2d,1.0,0.004834096735350957,2021-05-30
CF4212,KY,DerivativesCF,Inflow,61763.72,2-7d,1.0,0.7568308366974268,2021-06-24
CF4213,BM,CommitmentDraw,Inflow,439039.89,2-7d,1.0,0.5191283476639278,2023-10-11
CF4214,BM,DerivativesCF,Inflow,265819.19,8-30d,1.0,0.662423875514017,2023-08-06
CF4215,JE,SecurityMaturity,Inflow,12303.37,>1y,0.0,0.3165829278486204,2023-05-29
CF4216,BM,SecurityMaturity,Outflow,-111721.34,31-90d,0.5,0.49335987574717444,2024-06-22
CF4217,KY,CommitmentDraw,Inflow,249651.12,2-7d,1.0,0.06876286901373252,2022-11-25
CF4218,GU,CommitmentDraw,Inflow,100099.11,181-365d,0.25,0.1823036702623797,2020-11-30
CF4219,KY,CorporateDeposit,Inflow,87045.83,181-365d,0.25,0.8687563010410511,2023-09-15
CF4220,BM,CorporateDeposit,Outflow,-83885.78,181-365d,0.25,0.35777373460503137,2023-09-22
CF4221,BM,SecurityMaturity,Inflow,211359.6,8-30d,1.0,0.4901091937276796,2023-05-18
CF4222,JE,DerivativesCF,Inflow,95597.82,31-90d,0.5,0.929682269729404,2020-06-07
CF4223,BM,CommitmentDraw,Inflow,547149.68,2-7d,1.0,0.7020558660070936,2024-01-22
CF4224,BM,RetailDeposit,Outflow,-174358.91,2-7d,1.0,0.057037558121731724,2022-11-07
CF4225,JE,DerivativesCF,Inflow,4027.53,8-30d,1.0,0.4830699128027731,2020-02-19
CF4226,JE,DerivativesCF,Outflow,-417467.33,31-90d,0.5,0.6111552323033306,2022-12-05
CF4227,BM,RetailDeposit,Outflow,-274804.08,31-90d,0.5,0.2239977448267899,2022-12-10
CF4228,KY,CommitmentDraw,Outflow,-84368.29,8-30d,1.0,0.31714914664117655,2023-12-29
CF4229,KY,CorporateDeposit,Outflow,-441694.29,31-90d,0.5,0.15772201369195415,2022-12-19
CF4230,BM,LoanRepayment,Outflow,-248381.43,8-30d,1.0,0.1997885858650591,2021-12-05
CF4231,BM,CommitmentDraw,Outflow,-162897.88,91-180d,0.5,0.02693280377444851,2024-04-23
CF4232,KY,CorporateDeposit,Outflow,-398489.58,31-90d,0.5,0.6095828035890295,2020-04-05
CF4233,BM,DerivativesCF,Outflow,-102554.66,8-30d,1.0,0.24210329767524796,2023-02-11
CF4234,BM,LoanRepayment,Outflow,-73524.1,181-365d,0.25,0.9106054726870504,2019-10-24
CF4235,KY,CorporateDeposit,Inflow,56446.46,8-30d,1.0,0.9499511024378275,2022-12-10
CF4236,BM,DerivativesCF,Outflow,-95880.0,181-365d,0.25,0.7416681590998347,2021-03-16
CF4237,BM,RetailDeposit,Inflow,153306.49,8-30d,1.0,0.17115629101661345,2020-04-09
CF4238,KY,DerivativesCF,Inflow,258132.71,91-180d,0.5,0.35965917711282247,2021-12-23
CF4239,BM,LoanRepayment,Inflow,15564.47,31-90d,0.5,0.5316000469843074,2021-09-23
CF4240,KY,RetailDeposit,Inflow,81703.35,2-7d,1.0,0.1401014913879941,2020-04-29
CF4241,KY,RetailDeposit,Outflow,-271226.06,8-30d,1.0,0.6916257593946576,2022-02-05
CF4242,BM,CommitmentDraw,Outflow,-411409.68,31-90d,0.5,0.6444928958246673,2024-06-29
CF4243,KY,CorporateDeposit,Outflow,-5263.79,<2d,1.0,0.17156815751241372,2023-06-13
CF4244,BM,CommitmentDraw,Outflow,-176313.32,<2d,1.0,0.35939895154889756,2019-10-30
CF4245,KY,RetailDeposit,Outflow,-308452.84,31-90d,0.5,0.7923929881802821,2023-01-17
CF4246,GU,DerivativesCF,Outflow,-268928.4,91-180d,0.5,0.4223575029094314,2021-10-30
CF4247,BM,LoanRepayment,Outflow,-81606.33,2-7d,1.0,0.24693387332259187,2021-03-22
CF4248,KY,LoanRepayment,Outflow,-170927.52,2-7d,1.0,0.3361661870047531,2023-07-14
CF4249,GU,CommitmentDraw,Inflow,227740.28,91-180d,0.5,0.7556962949541969,2020-09-10
CF4250,BM,SecurityMaturity,Outflow,-306733.12,2-7d,1.0,0.8685929872941026,2021-06-01
CF4251,KY,DerivativesCF,Outflow,-24241.04,2-7d,1.0,0.1610375833966149,2019-09-14
CF4252,KY,RetailDeposit,Inflow,369694.36,<2d,1.0,0.5796172832493935,2020-06-08
CF4253,KY,RetailDeposit,Outflow,-16677.09,31-90d,0.5,0.5484864268638234,2021-03-02
CF4254,KY,CorporateDeposit,Inflow,202596.76,91-180d,0.5,0.9999305836700014,2023-07-16
CF4255,KY,CorporateDeposit,Outflow,-47117.38,<2d,1.0,0.9704191510002318,2022-07-02
CF4256,KY,RetailDeposit,Outflow,-44466.2,2-7d,1.0,0.09127049529206832,2020-11-14
CF4257,GU,LoanRepayment,Outflow,-182984.37,181-365d,0.25,0.12964536788555503,2020-03-12
CF4258,BM,LoanRepayment,Inflow,421105.41,2-7d,1.0,0.5937745800296294,2020-09-09
CF4259,KY,RetailDeposit,Inflow,98742.38,8-30d,1.0,0.5121045351875808,2023-04-24
CF4260,KY,SecurityMaturity,Inflow,206516.3,<2d,1.0,0.22984623588629682,2019-08-24
CF4261,KY,DerivativesCF,Outflow,-155311.96,>1y,0.0,0.46526782066599204,2019-10-03
CF4262,BM,LoanRepayment,Inflow,94323.48,91-180d,0.5,0.6797355386784908,2024-01-05
CF4263,BM,CommitmentDraw,Inflow,55122.39,<2d,1.0,0.1823674042142306,2023-07-23
CF4264,KY,DerivativesCF,Outflow,-173811.61,2-7d,1.0,0.708786944158448,2020-01-09
CF4265,GU,SecurityMaturity,Outflow,-49531.12,2-7d,1.0,0.6036077721402711,2021-04-16
CF4266,KY,DerivativesCF,Inflow,93477.22,>1y,0.0,0.2192631300648129,2021-07-20
CF4267,BM,DerivativesCF,Outflow,-24811.82,2-7d,1.0,0.8659120032472029,2020-08-15
CF4268,KY,LoanRepayment,Outflow,-14964.7,>1y,0.0,0.44248486392263253,2023-04-24
CF4269,KY,RetailDeposit,Outflow,-372771.49,2-7d,1.0,0.9928881664143143,2023-03-13
CF4270,GU,LoanRepayment,Outflow,-371137.51,2-7d,1.0,0.06612579083941983,2024-03-22
CF4271,BM,CommitmentDraw,Outflow,-303745.83,91-180d,0.5,0.11206568048568089,2021-11-15
CF4272,KY,RetailDeposit,Inflow,178057.95,31-90d,0.5,0.12763250091860523,2023-03-11
CF4273,GU,RetailDeposit,Inflow,139541.95,31-90d,0.5,0.20224166609193117,2021-09-30
CF4274,GU,RetailDeposit,Outflow,-96759.69,<2d,1.0,0.09699477223251163,2022-05-15
CF4275,BM,LoanRepayment,Outflow,-10642.19,91-180d,0.5,0.4835540768279565,2022-05-12
CF4276,KY,DerivativesCF,Inflow,236369.11,<2d,1.0,0.564883210186027,2020-01-13
CF4277,BM,DerivativesCF,Outflow,-240379.88,91-180d,0.5,0.6632564232402928,2023-08-04
CF4278,BM,LoanRepayment,Outflow,-144013.58,181-365d,0.25,0.9173393953235128,2023-11-04
CF4279,BM,CorporateDeposit,Outflow,-370687.12,8-30d,1.0,0.5252165991885189,2023-09-17
CF4280,GU,SecurityMaturity,Outflow,-419564.93,181-365d,0.25,0.12280347609391529,2022-05-08
CF4281,BM,DerivativesCF,Inflow,316372.65,<2d,1.0,0.4755782488015706,2021-03-24
CF4282,KY,CommitmentDraw,Outflow,-16059.71,91-180d,0.5,0.006252845925935779,2022-11-15
CF4283,BM,RetailDeposit,Inflow,52908.16,91-180d,0.5,0.19665638386770945,2023-12-03
CF4284,KY,LoanRepayment,Outflow,-207522.57,>1y,0.0,0.5004384413278412,2021-03-25
CF4285,BM,LoanRepayment,Inflow,7804.9,<2d,1.0,0.5844340579291366,2019-10-30
CF4286,KY,CorporateDeposit,Inflow,115482.57,91-180d,0.5,0.26239329700104985,2021-11-08
CF4287,KY,DerivativesCF,Outflow,-80160.2,2-7d,1.0,0.761798265222245,2020-09-21
CF4288,KY,RetailDeposit,Outflow,-103001.71,>1y,0.0,0.6939971989859061,2020-04-07
CF4289,BM,DerivativesCF,Inflow,2784.81,<2d,1.0,0.11036311731744186,2021-04-08
CF4290,KY,DerivativesCF,Inflow,393976.61,31-90d,0.5,0.7942481117599964,2020-08-18
CF4291,BM,CorporateDeposit,Outflow,-93871.21,2-7d,1.0,0.9768284501077893,2020-07-31
CF4292,JE,CommitmentDraw,Inflow,16207.6,2-7d,1.0,0.7259585701027008,2020-08-22
CF4293,KY,CommitmentDraw,Inflow,57942.34,31-90d,0.5,0.9858709725242071,2022-02-08
CF4294,KY,LoanRepayment,Inflow,17813.93,181-365d,0.25,0.04907336205067425,2022-09-30
CF4295,GU,CommitmentDraw,Outflow,-500060.42,181-365d,0.25,0.06533483321070999,2019-11-21
CF4296,KY,LoanRepayment,Inflow,215672.58,91-180d,0.5,0.5430817287066122,2020-09-21
CF4297,JE,DerivativesCF,Outflow,-158411.17,91-180d,0.5,0.49295305896838326,2020-03-29
CF4298,GU,RetailDeposit,Inflow,290512.33,8-30d,1.0,0.36820703462042415,2020-01-30
CF4299,BM,CommitmentDraw,Outflow,-198542.54,91-180d,0.5,0.4475046291393886,2019-08-16
CF4300,KY,RetailDeposit,Outflow,-38640.2,181-365d,0.25,0.7946252550046958,2021-11-16
CF4301,KY,RetailDeposit,Inflow,209319.86,<2d,1.0,0.9928814434251663,2020-05-03
CF4302,KY,RetailDeposit,Inflow,159228.34,181-365d,0.25,0.317367642870234,2023-03-13
CF4303,BM,SecurityMaturity,Inflow,377881.25,8-30d,1.0,0.7509859972183631,2019-12-06
CF4304,JE,DerivativesCF,Inflow,333115.19,2-7d,1.0,0.1276188433217761,2023-08-31
CF4305,KY,SecurityMaturity,Inflow,193608.74,<2d,1.0,0.32201326025735055,2023-06-29
CF4306,BM,LoanRepayment,Inflow,243384.54,2-7d,1.0,0.2833611523578221,2020-04-10
CF4307,BM,LoanRepayment,Outflow,-565303.78,181-365d,0.25,0.4288409053332598,2021-07-05
CF4308,JE,CommitmentDraw,Inflow,169740.84,181-365d,0.25,0.37740904284560206,2022-01-24
CF4309,BM,RetailDeposit,Inflow,142983.3,31-90d,0.5,0.62373565179604,2020-10-21
CF4310,BM,CorporateDeposit,Inflow,146475.75,181-365d,0.25,0.10665708276551511,2021-06-17
CF4311,BM,RetailDeposit,Inflow,22947.15,31-90d,0.5,0.25328367406697094,2024-02-20
CF4312,BM,RetailDeposit,Outflow,-354240.82,8-30d,1.0,0.17411794189787655,2023-11-13
CF4313,JE,DerivativesCF,Inflow,461397.25,>1y,0.0,0.1426372948535034,2020-03-27
CF4314,KY,LoanRepayment,Outflow,-67352.88,91-180d,0.5,0.5230887899662282,2021-01-24
CF4315,KY,RetailDeposit,Inflow,304024.54,8-30d,1.0,0.7169285633730007,2020-12-31
CF4316,KY,SecurityMaturity,Inflow,230670.01,2-7d,1.0,0.4168860431839777,2022-09-03
CF4317,KY,RetailDeposit,Outflow,-196785.18,181-365d,0.25,0.6764471144150619,2021-10-30
CF4318,BM,CommitmentDraw,Outflow,-294938.7,2-7d,1.0,0.6500178809252628,2022-04-24
CF4319,BM,RetailDeposit,Outflow,-146137.26,31-90d,0.5,0.41946658372627343,2022-12-08
CF4320,BM,SecurityMaturity,Outflow,-7648.8,2-7d,1.0,0.7399529987573471,2023-01-07
CF4321,JE,CommitmentDraw,Outflow,-14775.15,<2d,1.0,0.6844891447663877,2024-06-29
CF4322,BM,DerivativesCF,Outflow,-114128.4,181-365d,0.25,0.9648924948757465,2024-03-04
CF4323,GU,RetailDeposit,Inflow,364045.18,<2d,1.0,0.7490942160556227,2022-03-14
CF4324,KY,CorporateDeposit,Inflow,355139.44,2-7d,1.0,0.8860664350523365,2022-12-18
CF4325,BM,CorporateDeposit,Inflow,153799.58,>1y,0.0,0.593826254749452,2022-05-05
CF4326,GU,DerivativesCF,Inflow,320473.68,8-30d,1.0,0.13346211454750911,2019-11-19
CF4327,BM,CommitmentDraw,Outflow,-49101.62,181-365d,0.25,0.6638091594099087,2021-08-13
CF4328,KY,DerivativesCF,Inflow,224936.99,91-180d,0.5,0.1555079369308192,2023-10-28
CF4329,KY,DerivativesCF,Inflow,512032.32,181-365d,0.25,0.3080369178655674,2020-10-30
CF4330,BM,LoanRepayment,Inflow,71155.55,181-365d,0.25,0.8768152714232387,2024-02-18
CF4331,KY,LoanRepayment,Inflow,66817.36,31-90d,0.5,0.6986099618564784,2022-11-25
CF4332,BM,DerivativesCF,Inflow,69893.77,>1y,0.0,0.9902103758885563,2021-05-15
CF4333,BM,CommitmentDraw,Inflow,26537.97,>1y,0.0,0.8657230053733628,2023-04-20
CF4334,BM,CommitmentDraw,Inflow,230477.62,8-30d,1.0,0.17463139147601126,2023-01-22
CF4335,JE,CorporateDeposit,Outflow,-79713.88,91-180d,0.5,0.9638706115801156,2024-05-03
CF4336,KY,RetailDeposit,Outflow,-196010.91,8-30d,1.0,0.86220954625081,2021-07-22
CF4337,KY,RetailDeposit,Outflow,-49264.29,<2d,1.0,0.9564734735216602,2024-04-23
CF4338,KY,LoanRepayment,Outflow,-4024.49,<2d,1.0,0.17678344721408934,2022-04-02
CF4339,KY,DerivativesCF,Outflow,-16147.16,91-180d,0.5,0.1905210459463753,2021-06-29
CF4340,BM,CorporateDeposit,Inflow,146518.68,181-365d,0.25,0.11689894137925694,2024-01-07
CF4341,KY,CorporateDeposit,Inflow,177005.76,31-90d,0.5,0.330843234148388,2022-04-25
CF4342,BM,RetailDeposit,Inflow,30789.29,>1y,0.0,0.3560308301376086,2020-03-22
CF4343,KY,CommitmentDraw,Outflow,-100083.33,>1y,0.0,0.09372829304680097,2024-03-24
CF4344,BM,LoanRepayment,Outflow,-37632.65,31-90d,0.5,0.5830826267171442,2021-05-03
CF4345,KY,RetailDeposit,Inflow,313460.05,>1y,0.0,0.48465772339984703,2020-10-27
CF4346,BM,DerivativesCF,Inflow,267559.64,31-90d,0.5,0.015699681533604126,2023-11-07
CF4347,BM,RetailDeposit,Inflow,132175.35,<2d,1.0,0.457451342988355,2024-03-05
CF4348,BM,DerivativesCF,Outflow,-30878.61,91-180d,0.5,0.7943738158378444,2022-05-23
CF4349,BM,LoanRepayment,Inflow,266946.74,8-30d,1.0,0.24736425003730367,2021-02-07
CF4350,GU,RetailDeposit,Inflow,38400.08,2-7d,1.0,0.6335471322793028,2021-06-20
CF4351,BM,CommitmentDraw,Outflow,-248140.68,31-90d,0.5,0.6656727890172951,2021-09-13
CF4352,KY,LoanRepayment,Inflow,96894.32,8-30d,1.0,0.2740166972177236,2020-08-16
CF4353,KY,CorporateDeposit,Outflow,-44839.15,8-30d,1.0,0.5686546381926895,2021-03-02
CF4354,BM,LoanRepayment,Inflow,93346.63,2-7d,1.0,0.7052336718094556,2019-08-19
CF4355,KY,SecurityMaturity,Inflow,226772.57,>1y,0.0,0.5597868029687865,2020-05-21
CF4356,BM,DerivativesCF,Inflow,336797.93,181-365d,0.25,0.06092635071028207,2023-02-13
CF4357,JE,DerivativesCF,Outflow,-259637.25,8-30d,1.0,0.4201343394617031,2023-11-26
CF4358,BM,SecurityMaturity,Inflow,252528.12,>1y,0.0,0.2992018402622565,2021-08-06
CF4359,KY,RetailDeposit,Outflow,-532607.51,91-180d,0.5,0.5180243416577669,2024-06-16
CF4360,KY,CommitmentDraw,Outflow,-16986.73,31-90d,0.5,0.5665839639074103,2020-05-04
CF4361,GU,CommitmentDraw,Inflow,323808.08,91-180d,0.5,0.25908927257502135,2020-12-24
CF4362,BM,RetailDeposit,Outflow,-106205.82,181-365d,0.25,0.08499746381861273,2024-01-17
CF4363,KY,CommitmentDraw,Outflow,-137610.71,91-180d,0.5,0.012749481837600607,2019-12-04
CF4364,BM,CommitmentDraw,Inflow,97289.84,2-7d,1.0,0.7942011630325051,2020-02-22
CF4365,BM,CommitmentDraw,Inflow,137519.38,91-180d,0.5,0.5172359494744206,2022-02-14
CF4366,BM,CommitmentDraw,Inflow,177381.64,2-7d,1.0,0.2562390286918783,2023-07-13
CF4367,BM,DerivativesCF,Outflow,-65918.47,8-30d,1.0,0.8553249108586067,2021-06-12
CF4368,BM,CommitmentDraw,Inflow,155254.11,<2d,1.0,0.1784955874033396,2020-06-24
CF4369,KY,RetailDeposit,Outflow,-431793.9,>1y,0.0,0.23253460241859825,2023-07-28
CF4370,KY,SecurityMaturity,Inflow,430234.86,181-365d,0.25,0.6848361985670453,2023-12-12
CF4371,GU,DerivativesCF,Outflow,-10159.18,8-30d,1.0,0.6504166206055085,2024-05-01
CF4372,JE,LoanRepayment,Inflow,219309.73,31-90d,0.5,0.19697586427088476,2022-10-02
CF4373,BM,SecurityMaturity,Outflow,-108256.33,2-7d,1.0,0.14062442801197494,2022-01-22
CF4374,KY,RetailDeposit,Outflow,-1913.75,>1y,0.0,0.9763803700684773,2024-02-26
CF4375,GU,CorporateDeposit,Inflow,264506.02,8-30d,1.0,0.31867774851883657,2019-12-27
CF4376,KY,SecurityMaturity,Inflow,123700.19,8-30d,1.0,0.46566782237494075,2022-09-23
CF4377,BM,LoanRepayment,Inflow,227931.44,31-90d,0.5,0.2925631699544282,2023-01-22
CF4378,GU,DerivativesCF,Outflow,-104255.33,8-30d,1.0,0.3835460963568953,2022-10-22
CF4379,JE,DerivativesCF,Inflow,185766.53,>1y,0.0,0.06130200567546007,2020-10-08
CF4380,BM,DerivativesCF,Inflow,329868.64,>1y,0.0,0.4146821098343956,2022-04-22
CF4381,BM,DerivativesCF,Outflow,-132111.39,<2d,1.0,0.9291901665648484,2024-05-25
CF4382,BM,CommitmentDraw,Outflow,-212901.28,>1y,0.0,0.39236628360322867,2020-07-20
CF4383,BM,DerivativesCF,Outflow,-97155.28,8-30d,1.0,0.8689649433907874,2024-05-18
CF4384,BM,CommitmentDraw,Inflow,198877.84,8-30d,1.0,0.017122449282690688,2022-10-24
CF4385,GU,SecurityMaturity,Outflow,-134292.78,8-30d,1.0,0.7044506377028797,2023-07-18
CF4386,KY,LoanRepayment,Outflow,-44276.79,181-365d,0.25,0.3194266330255403,2023-09-08
CF4387,BM,LoanRepayment,Outflow,-163136.41,>1y,0.0,0.23994961674808923,2023-02-12
CF4388,JE,DerivativesCF,Outflow,-331436.75,91-180d,0.5,0.5935770656059646,2021-12-08
CF4389,GU,CommitmentDraw,Inflow,385633.23,>1y,0.0,0.6966722255245306,2023-04-13
CF4390,KY,CommitmentDraw,Inflow,170258.79,>1y,0.0,0.6521597725285903,2024-03-24
CF4391,JE,SecurityMaturity,Inflow,118288.49,31-90d,0.5,0.40532969244079875,2020-05-01
CF4392,KY,CommitmentDraw,Outflow,-158479.9,31-90d,0.5,0.45709058308468653,2023-08-25
CF4393,BM,LoanRepayment,Outflow,-72254.95,>1y,0.0,0.6051772226835035,2023-06-24
CF4394,JE,CorporateDeposit,Outflow,-154069.53,<2d,1.0,0.5998850871438572,2023-12-01
CF4395,JE,LoanRepayment,Outflow,-201564.42,>1y,0.0,0.44399278094529704,2021-10-20
CF4396,KY,RetailDeposit,Inflow,325740.03,91-180d,0.5,0.44651302346678223,2022-03-25
CF4397,GU,RetailDeposit,Inflow,52060.44,8-30d,1.0,0.5650290765059554,2023-12-04
CF4398,BM,RetailDeposit,Outflow,-238361.76,2-7d,1.0,0.07091165761934126,2020-01-14
CF4399,KY,CorporateDeposit,Inflow,234715.51,31-90d,0.5,0.4386289276806685,2022-01-20
CF4400,BM,CommitmentDraw,Outflow,-17009.32,2-7d,1.0,0.43835920335647294,2020-01-10
CF4401,KY,DerivativesCF,Outflow,-552980.01,91-180d,0.5,0.010490754508565292,2024-03-23
CF4402,BM,CorporateDeposit,Outflow,-472411.05,>1y,0.0,0.0720800039516939,2023-09-05
CF4403,BM,SecurityMaturity,Inflow,175739.85,31-90d,0.5,0.3167623298536658,2022-03-03
CF4404,BM,DerivativesCF,Inflow,237163.97,2-7d,1.0,0.5994308245312157,2020-11-15
CF4405,BM,SecurityMaturity,Inflow,162654.74,2-7d,1.0,0.764849555113765,2024-06-28
CF4406,KY,CommitmentDraw,Outflow,-239678.15,<2d,1.0,0.9898415540544312,2021-12-27
CF4407,GU,LoanRepayment,Inflow,199683.82,2-7d,1.0,0.36286985575570463,2022-08-13
CF4408,BM,CorporateDeposit,Outflow,-267077.01,91-180d,0.5,0.906844240401001,2023-10-14
CF4409,JE,RetailDeposit,Outflow,-78751.44,>1y,0.0,0.02327248997063147,2023-06-08
CF4410,KY,LoanRepayment,Inflow,151797.86,8-30d,1.0,0.6745438976717737,2023-09-25
CF4411,KY,RetailDeposit,Inflow,575470.52,>1y,0.0,0.35900216785513916,2024-01-14
CF4412,JE,DerivativesCF,Inflow,219913.19,181-365d,0.25,0.9118310801828294,2023-10-12
CF4413,BM,CorporateDeposit,Outflow,-145117.89,2-7d,1.0,0.7222734384231091,2020-11-20
CF4414,JE,RetailDeposit,Outflow,-142779.71,181-365d,0.25,0.2687079436889048,2023-07-26
CF4415,GU,CommitmentDraw,Inflow,149201.73,8-30d,1.0,0.003934413192987374,2023-04-01
CF4416,BM,CommitmentDraw,Outflow,-53070.9,<2d,1.0,0.5665841401981739,2022-04-05
CF4417,KY,RetailDeposit,Inflow,324182.2,31-90d,0.5,0.6767164923195598,2020-02-13
CF4418,BM,CommitmentDraw,Outflow,-174522.7,31-90d,0.5,0.8231722440561884,2020-01-13
CF4419,BM,RetailDeposit,Outflow,-104465.57,8-30d,1.0,0.14917206381415737,2020-03-27
CF4420,BM,LoanRepayment,Inflow,114432.46,<2d,1.0,0.7882158524250217,2020-08-03
CF4421,BM,SecurityMaturity,Inflow,30120.51,91-180d,0.5,0.03340526161817492,2023-07-03
CF4422,JE,DerivativesCF,Outflow,-42802.81,>1y,0.0,0.22152352060798775,2019-07-22
CF4423,BM,CommitmentDraw,Inflow,152018.83,31-90d,0.5,0.6650150978693408,2023-11-25
CF4424,KY,DerivativesCF,Outflow,-72207.72,>1y,0.0,0.13983729583026905,2019-09-28
CF4425,BM,LoanRepayment,Inflow,446209.12,2-7d,1.0,0.6885524797156531,2021-05-05
CF4426,BM,CorporateDeposit,Outflow,-1640.88,2-7d,1.0,0.5836094223675224,2019-11-24
CF4427,GU,DerivativesCF,Outflow,-138567.34,181-365d,0.25,0.08753608281783998,2022-03-04
CF4428,BM,DerivativesCF,Inflow,88805.04,8-30d,1.0,0.6560113245561965,2021-11-17
CF4429,BM,SecurityMaturity,Inflow,18829.8,>1y,0.0,0.7738528911703176,2023-05-30
CF4430,KY,CommitmentDraw,Outflow,-66108.84,181-365d,0.25,0.4635510799844583,2024-03-26
CF4431,JE,CorporateDeposit,Inflow,57318.4,2-7d,1.0,0.5473606610821176,2023-12-17
CF4432,KY,DerivativesCF,Outflow,-208819.3,31-90d,0.5,0.9940665730019949,2020-07-01
CF4433,KY,SecurityMaturity,Outflow,-97815.32,>1y,0.0,0.7530041672672874,2024-06-24
CF4434,KY,RetailDeposit,Inflow,360254.23,<2d,1.0,0.8271711262073335,2019-11-01
CF4435,GU,LoanRepayment,Outflow,-12705.52,181-365d,0.25,0.843586632289998,2022-08-12
CF4436,BM,CommitmentDraw,Outflow,-247618.6,31-90d,0.5,0.9660442520496332,2024-01-03
CF4437,JE,LoanRepayment,Inflow,288660.36,2-7d,1.0,0.631347566186795,2023-12-08
CF4438,BM,DerivativesCF,Inflow,73911.76,2-7d,1.0,0.9002000496298134,2023-06-06
CF4439,BM,RetailDeposit,Inflow,292208.91,181-365d,0.25,0.3896026304953376,2019-09-15
CF4440,BM,DerivativesCF,Inflow,416416.79,181-365d,0.25,0.7989080019572223,2020-07-01
CF4441,KY,LoanRepayment,Outflow,-222239.44,<2d,1.0,0.3518384643868757,2023-01-02
CF4442,KY,CommitmentDraw,Inflow,97151.7,181-365d,0.25,0.7457551380277336,2022-06-13
CF4443,JE,CommitmentDraw,Outflow,-64643.92,31-90d,0.5,0.7007568398633377,2022-04-27
CF4444,KY,SecurityMaturity,Outflow,-74099.96,91-180d,0.5,0.3184477177685231,2023-08-27
CF4445,BM,SecurityMaturity,Inflow,136808.55,8-30d,1.0,0.18836936722799003,2019-10-29
CF4446,BM,RetailDeposit,Outflow,-46619.93,<2d,1.0,0.24659121982585264,2020-04-17
CF4447,BM,LoanRepayment,Inflow,174870.81,2-7d,1.0,0.8834637054297274,2022-06-10
CF4448,JE,CommitmentDraw,Outflow,-396779.33,181-365d,0.25,0.37037948636680484,2022-12-29
CF4449,KY,SecurityMaturity,Inflow,104746.97,<2d,1.0,0.5584860912130938,2022-08-03
CF4450,BM,DerivativesCF,Outflow,-181102.96,31-90d,0.5,0.5659819287715165,2020-06-15
CF4451,BM,RetailDeposit,Inflow,256331.4,2-7d,1.0,0.5420161839263368,2024-03-26
CF4452,BM,CorporateDeposit,Inflow,9996.43,2-7d,1.0,0.7251749267276784,2023-10-10
CF4453,JE,SecurityMaturity,Outflow,-87611.75,2-7d,1.0,0.05581354803188876,2023-12-26
CF4454,JE,LoanRepayment,Outflow,-154842.78,31-90d,0.5,0.1648481325121227,2023-03-22
CF4455,KY,CorporateDeposit,Outflow,-241302.52,2-7d,1.0,0.15216567952320825,2020-05-15
CF4456,GU,CommitmentDraw,Inflow,99076.38,>1y,0.0,0.6652573009942165,2022-07-03
CF4457,GU,DerivativesCF,Outflow,-214608.27,<2d,1.0,0.8218189820586544,2021-01-07
CF4458,KY,CorporateDeposit,Outflow,-200483.08,31-90d,0.5,0.4569855812458179,2024-02-17
CF4459,BM,CorporateDeposit,Outflow,-171502.31,<2d,1.0,0.24502681708438045,2021-01-21
CF4460,KY,RetailDeposit,Inflow,53146.11,2-7d,1.0,0.7313961701513357,2019-10-18
CF4461,JE,CommitmentDraw,Inflow,307299.03,>1y,0.0,0.5063390346872539,2021-04-03
CF4462,KY,SecurityMaturity,Inflow,254071.36,2-7d,1.0,0.2599546462378618,2019-12-12
CF4463,KY,LoanRepayment,Outflow,-131149.45,31-90d,0.5,0.4969256717722781,2023-10-17
CF4464,KY,CommitmentDraw,Inflow,320463.89,<2d,1.0,0.8479511676775385,2020-07-31
CF4465,BM,RetailDeposit,Inflow,79992.54,>1y,0.0,0.34898883885439425,2021-09-13
CF4466,GU,CorporateDeposit,Inflow,23083.5,>1y,0.0,0.36334755076723024,2024-01-29
CF4467,BM,DerivativesCF,Outflow,-202073.37,<2d,1.0,0.7687049587918379,2019-08-18
CF4468,BM,CommitmentDraw,Inflow,113366.53,<2d,1.0,0.697684136810695,2020-03-15
CF4469,BM,RetailDeposit,Outflow,-213006.56,8-30d,1.0,0.6227243727432484,2019-11-24
CF4470,BM,RetailDeposit,Outflow,-278526.66,8-30d,1.0,0.9989249191498348,2022-10-02
CF4471,BM,SecurityMaturity,Outflow,-135107.77,91-180d,0.5,0.2682991560895487,2022-02-26
CF4472,GU,CommitmentDraw,Outflow,-347264.19,91-180d,0.5,0.9312170797506836,2022-07-22
CF4473,BM,DerivativesCF,Outflow,-177010.57,<2d,1.0,0.006549885667352151,2019-10-11
CF4474,BM,SecurityMaturity,Inflow,56556.16,91-180d,0.5,0.4495887391524085,2020-08-26
CF4475,BM,SecurityMaturity,Outflow,-198345.23,181-365d,0.25,0.6468131477681393,2020-03-01
CF4476,GU,CorporateDeposit,Outflow,-89142.9,181-365d,0.25,0.7466890452968792,2019-11-13
CF4477,JE,CommitmentDraw,Inflow,540574.7,91-180d,0.5,0.3059899389030749,2021-02-17
CF4478,BM,CorporateDeposit,Outflow,-250242.93,<2d,1.0,0.8111218231486894,2023-06-25
CF4479,BM,DerivativesCF,Inflow,104222.59,8-30d,1.0,0.10705840223537866,2021-06-12
CF4480,JE,SecurityMaturity,Inflow,30295.58,>1y,0.0,0.5070409031572841,2020-02-29
CF4481,KY,CommitmentDraw,Outflow,-53567.24,31-90d,0.5,0.5893300328632965,2020-07-06
CF4482,BM,SecurityMaturity,Inflow,124322.18,31-90d,0.5,0.3708947620232924,2020-01-17
CF4483,BM,CorporateDeposit,Outflow,-520308.64,31-90d,0.5,0.4993956335426486,2021-04-16
CF4484,JE,CorporateDeposit,Inflow,302135.14,8-30d,1.0,0.2735895835484816,2021-05-23
CF4485,BM,SecurityMaturity,Outflow,-129173.62,91-180d,0.5,0.013010256118334507,2023-03-05
CF4486,BM,CommitmentDraw,Outflow,-229579.91,>1y,0.0,0.7174703443816908,2020-03-04
CF4487,BM,CorporateDeposit,Outflow,-260012.34,8-30d,1.0,0.58976054990784,2023-01-17
CF4488,BM,CommitmentDraw,Outflow,-37538.5,31-90d,0.5,0.6965463929025449,2020-09-06
CF4489,GU,RetailDeposit,Outflow,-270899.97,>1y,0.0,0.8183372987048861,2022-03-22
CF4490,KY,LoanRepayment,Outflow,-78244.7,<2d,1.0,0.4087274366460443,2020-09-09
CF4491,KY,CommitmentDraw,Inflow,241146.26,>1y,0.0,0.30518516149791863,2023-10-28
CF4492,BM,CorporateDeposit,Outflow,-25388.55,91-180d,0.5,0.8171799781178313,2023-04-20
CF4493,KY,CommitmentDraw,Inflow,289388.94,181-365d,0.25,0.3959377005387289,2022-12-23
CF4494,KY,LoanRepayment,Outflow,-118662.67,181-365d,0.25,0.20285389177481916,2022-12-08
CF4495,GU,CommitmentDraw,Outflow,-297063.57,31-90d,0.5,0.7411858480004254,2020-01-12
CF4496,KY,DerivativesCF,Outflow,-32222.09,8-30d,1.0,0.9791948458631108,2022-07-04
CF4497,KY,DerivativesCF,Outflow,-30262.8,>1y,0.0,0.554936785719532,2020-01-23
CF4498,KY,LoanRepayment,Inflow,244934.46,>1y,0.0,0.025567599469367486,2022-08-28
CF4499,KY,CorporateDeposit,Inflow,428718.54,<2d,1.0,0.8700426191539052,2023-11-02
CF4500,BM,CorporateDeposit,Inflow,121723.64,181-365d,0.25,0.6466628740451771,2021-01-06
CF4501,KY,LoanRepayment,Inflow,69660.71,181-365d,0.25,0.9983026740789197,2023-10-03
CF4502,KY,SecurityMaturity,Outflow,-124955.26,31-90d,0.5,0.2145688843770479,2024-02-20
CF4503,BM,DerivativesCF,Outflow,-39875.14,2-7d,1.0,0.7656907322777861,2024-01-08
CF4504,BM,DerivativesCF,Outflow,-265163.96,8-30d,1.0,0.9680611725443392,2023-10-09
CF4505,BM,LoanRepayment,Outflow,-148371.15,31-90d,0.5,0.5067586143189448,2020-10-11
CF4506,BM,CorporateDeposit,Inflow,154256.01,31-90d,0.5,0.4878461335770642,2023-04-24
CF4507,KY,LoanRepayment,Outflow,-465504.24,181-365d,0.25,0.605565860356946,2023-01-07
CF4508,KY,CommitmentDraw,Outflow,-150325.94,8-30d,1.0,0.7514080133894612,2023-09-03
CF4509,KY,RetailDeposit,Inflow,288584.52,8-30d,1.0,0.08150440333476605,2019-10-23
CF4510,KY,RetailDeposit,Inflow,1404.88,2-7d,1.0,0.23160943834609105,2019-11-17
CF4511,GU,SecurityMaturity,Outflow,-105442.34,31-90d,0.5,0.8112076501713902,2020-12-01
CF4512,KY,RetailDeposit,Outflow,-21795.94,>1y,0.0,0.593686194911882,2021-01-07
CF4513,KY,RetailDeposit,Inflow,45143.71,181-365d,0.25,0.010334057648368034,2023-02-23
CF4514,KY,CommitmentDraw,Inflow,255429.97,>1y,0.0,0.5848910060692784,2023-04-20
CF4515,BM,SecurityMaturity,Inflow,48774.22,8-30d,1.0,0.18321621416493572,2023-08-06
CF4516,KY,LoanRepayment,Inflow,377303.92,<2d,1.0,0.956847517077402,2023-04-23
CF4517,BM,DerivativesCF,Outflow,-146736.46,91-180d,0.5,0.23247149026496372,2024-01-04
CF4518,KY,CommitmentDraw,Inflow,304324.48,>1y,0.0,0.9950502550866753,2021-03-26
CF4519,KY,CorporateDeposit,Outflow,-62915.62,2-7d,1.0,0.3573312855151827,2021-08-07
CF4520,KY,RetailDeposit,Outflow,-110472.04,181-365d,0.25,0.8236866395211353,2021-08-21
CF4521,KY,CommitmentDraw,Inflow,175620.54,>1y,0.0,0.42874459303013723,2022-09-13
CF4522,KY,DerivativesCF,Outflow,-300240.58,<2d,1.0,0.5562006250227719,2021-09-10
CF4523,KY,LoanRepayment,Inflow,86940.69,8-30d,1.0,0.7373870887982961,2022-08-05
CF4524,BM,SecurityMaturity,Outflow,-247452.49,<2d,1.0,0.049081860705972424,2021-08-22
CF4525,BM,CommitmentDraw,Outflow,-306407.72,<2d,1.0,0.2512126672304169,2024-01-05
CF4526,BM,SecurityMaturity,Outflow,-145417.47,8-30d,1.0,0.004648948861251001,2021-09-06
CF4527,BM,CommitmentDraw,Inflow,2048.94,8-30d,1.0,0.7807957580292106,2022-03-20
CF4528,BM,CommitmentDraw,Outflow,-94521.57,2-7d,1.0,0.8590020680623542,2020-04-09
CF4529,JE,CommitmentDraw,Inflow,166201.96,31-90d,0.5,0.5832416010525271,2021-11-27
CF4530,BM,CorporateDeposit,Inflow,196163.98,181-365d,0.25,0.277112029421378,2019-11-29
CF4531,GU,LoanRepayment,Outflow,-58520.99,91-180d,0.5,0.8702383524879791,2022-12-27
CF4532,BM,LoanRepayment,Outflow,-173154.86,>1y,0.0,0.6227233163808978,2024-01-12
CF4533,GU,LoanRepayment,Outflow,-59287.61,181-365d,0.25,0.3503061388486336,2021-03-05
CF4534,KY,CorporateDeposit,Inflow,285021.24,91-180d,0.5,0.9689454307495886,2020-11-07
CF4535,BM,LoanRepayment,Outflow,-128621.38,<2d,1.0,0.9757706995763137,2022-05-04
CF4536,BM,DerivativesCF,Inflow,267610.11,181-365d,0.25,0.6234281018138936,2023-01-12
CF4537,BM,LoanRepayment,Outflow,-45018.3,8-30d,1.0,0.5158912002246973,2020-01-06
CF4538,BM,CommitmentDraw,Inflow,323674.28,<2d,1.0,0.8233487867371172,2023-09-13
CF4539,BM,DerivativesCF,Inflow,152085.85,2-7d,1.0,0.16490408919145982,2020-08-24
CF4540,KY,DerivativesCF,Outflow,-358804.93,>1y,0.0,0.5823922660082511,2022-10-31
CF4541,BM,RetailDeposit,Outflow,-70750.69,91-180d,0.5,0.5171044784387776,2023-10-12
CF4542,JE,DerivativesCF,Outflow,-63007.61,<2d,1.0,0.8861743289255283,2023-02-15
CF4543,KY,DerivativesCF,Inflow,59606.16,<2d,1.0,0.1142723198378236,2021-01-13
CF4544,BM,DerivativesCF,Outflow,-145965.12,181-365d,0.25,0.5905775549959142,2020-07-25
CF4545,KY,CorporateDeposit,Inflow,9384.33,2-7d,1.0,0.535339193558977,2023-08-25
CF4546,BM,CommitmentDraw,Outflow,-235780.05,181-365d,0.25,0.7712046005886826,2022-10-07
CF4547,GU,SecurityMaturity,Outflow,-22674.2,<2d,1.0,0.5972881803667396,2022-03-19
CF4548,KY,RetailDeposit,Inflow,547270.73,>1y,0.0,0.17282210727025726,2019-11-25
CF4549,JE,CommitmentDraw,Inflow,113805.37,>1y,0.0,0.5809651822442907,2022-03-26
CF4550,KY,CommitmentDraw,Outflow,-530230.0,>1y,0.0,0.3377717522467544,2021-06-05
CF4551,KY,SecurityMaturity,Outflow,-389447.57,2-7d,1.0,0.21512648218030106,2020-07-13
CF4552,KY,RetailDeposit,Outflow,-295061.61,31-90d,0.5,0.6530330088669584,2020-08-30
CF4553,KY,DerivativesCF,Inflow,343919.98,<2d,1.0,0.8517759752462299,2020-10-11
CF4554,KY,LoanRepayment,Inflow,34891.55,31-90d,0.5,0.6221267645434945,2020-08-16
CF4555,BM,CommitmentDraw,Inflow,360263.7,>1y,0.0,0.6676548983573504,2022-03-15
CF4556,BM,DerivativesCF,Outflow,-196602.36,2-7d,1.0,0.8145616931698016,2022-07-15
CF4557,BM,RetailDeposit,Inflow,9252.21,91-180d,0.5,0.5778141943047763,2023-09-15
CF4558,BM,LoanRepayment,Inflow,207715.13,<2d,1.0,0.24905914476882152,2023-06-10
CF4559,BM,LoanRepayment,Outflow,-376447.11,<2d,1.0,0.6535383531814547,2023-04-03
CF4560,KY,CorporateDeposit,Inflow,144368.67,8-30d,1.0,0.16276783889426238,2022-01-28
CF4561,BM,SecurityMaturity,Outflow,-218205.94,181-365d,0.25,0.9158384025101168,2021-03-28
CF4562,KY,SecurityMaturity,Outflow,-204766.46,2-7d,1.0,0.9925223945545146,2021-10-31
CF4563,BM,SecurityMaturity,Outflow,-22798.0,181-365d,0.25,0.658482959425169,2022-10-28
CF4564,BM,CommitmentDraw,Outflow,-153648.65,8-30d,1.0,0.8006155574578876,2024-01-06
CF4565,KY,CorporateDeposit,Outflow,-254210.37,8-30d,1.0,0.5926508022862893,2023-10-30
CF4566,KY,LoanRepayment,Outflow,-199007.75,<2d,1.0,0.24625275666051483,2020-01-01
CF4567,JE,CommitmentDraw,Outflow,-142439.94,8-30d,1.0,0.14264917130390586,2021-09-23
CF4568,BM,LoanRepayment,Outflow,-187167.1,2-7d,1.0,0.9920585441192907,2022-05-25
CF4569,JE,CorporateDeposit,Inflow,30169.3,8-30d,1.0,0.16680379318058347,2023-12-07
CF4570,GU,CommitmentDraw,Inflow,161226.45,31-90d,0.5,0.011459064706719868,2020-05-13
CF4571,JE,DerivativesCF,Inflow,17965.72,181-365d,0.25,0.6783069863550896,2019-10-16
CF4572,GU,LoanRepayment,Outflow,-176821.36,8-30d,1.0,0.029570261076094728,2022-09-20
CF4573,BM,DerivativesCF,Inflow,41957.25,<2d,1.0,0.2730934200055469,2022-11-25
CF4574,BM,LoanRepayment,Inflow,236511.41,>1y,0.0,0.939553458231023,2021-07-26
CF4575,BM,SecurityMaturity,Outflow,-318090.43,>1y,0.0,0.19229193680234036,2024-03-12
CF4576,BM,DerivativesCF,Inflow,8261.21,31-90d,0.5,0.42563468455533937,2021-09-05
CF4577,GU,DerivativesCF,Outflow,-78154.8,8-30d,1.0,0.9403473629013962,2023-05-19
CF4578,BM,CommitmentDraw,Outflow,-176753.09,91-180d,0.5,0.35103789053142787,2019-11-12
CF4579,KY,DerivativesCF,Inflow,67314.5,91-180d,0.5,0.7212317265234758,2020-05-26
CF4580,KY,SecurityMaturity,Outflow,-322086.42,181-365d,0.25,0.626783981701829,2021-08-30
CF4581,KY,RetailDeposit,Outflow,-29449.53,91-180d,0.5,0.8963695617103975,2024-04-28
CF4582,KY,LoanRepayment,Outflow,-167701.69,31-90d,0.5,0.16294836922800982,2020-03-09
CF4583,BM,LoanRepayment,Inflow,5744.64,181-365d,0.25,0.9480233448509524,2022-11-25
CF4584,KY,RetailDeposit,Outflow,-72872.58,8-30d,1.0,0.4712928993161113,2022-09-26
CF4585,KY,CommitmentDraw,Inflow,137647.96,2-7d,1.0,0.9197189490435413,2022-02-11
CF4586,JE,RetailDeposit,Inflow,335573.67,<2d,1.0,0.11634556131784957,2022-01-27
CF4587,GU,CorporateDeposit,Inflow,149618.35,>1y,0.0,0.8198862768222526,2020-11-02
CF4588,BM,CommitmentDraw,Inflow,200102.59,31-90d,0.5,0.9752569523234245,2023-08-04
CF4589,JE,CommitmentDraw,Outflow,-139351.15,31-90d,0.5,0.06866523833354532,2023-09-19
CF4590,BM,CommitmentDraw,Inflow,161300.48,<2d,1.0,0.060104100730257626,2019-07-12
CF4591,KY,LoanRepayment,Outflow,-215985.67,>1y,0.0,0.9736539975128591,2024-03-14
CF4592,KY,LoanRepayment,Inflow,13203.69,2-7d,1.0,0.3628275463021323,2019-12-28
CF4593,BM,SecurityMaturity,Outflow,-155065.94,>1y,0.0,0.4596661083178236,2021-04-20
CF4594,JE,DerivativesCF,Outflow,-222248.21,91-180d,0.5,0.5256918307117713,2022-01-06
CF4595,KY,DerivativesCF,Inflow,9621.03,31-90d,0.5,0.09905967201850374,2019-10-05
CF4596,BM,LoanRepayment,Inflow,317475.99,<2d,1.0,0.5701373722070492,2021-08-25
CF4597,KY,LoanRepayment,Inflow,248681.28,8-30d,1.0,0.07314007486235052,2020-03-02
CF4598,BM,LoanRepayment,Outflow,-241862.55,91-180d,0.5,0.35426498384120275,2019-08-26
CF4599,BM,LoanRepayment,Inflow,205496.5,8-30d,1.0,0.4333560923821491,2021-05-19
CF4600,KY,LoanRepayment,Outflow,-208758.2,>1y,0.0,0.7199180220376242,2020-12-12
CF4601,BM,LoanRepayment,Inflow,87848.03,<2d,1.0,0.5429233927318423,2021-09-12
CF4602,BM,CommitmentDraw,Outflow,-203841.77,<2d,1.0,0.2742065614044774,2021-08-16
CF4603,KY,DerivativesCF,Inflow,131585.54,>1y,0.0,0.7087044283596142,2021-11-25
CF4604,GU,LoanRepayment,Outflow,-81485.52,31-90d,0.5,0.405980024379353,2019-10-01
CF4605,BM,CommitmentDraw,Inflow,146794.36,>1y,0.0,0.724032481941659,2022-04-02
CF4606,KY,CorporateDeposit,Outflow,-5257.02,91-180d,0.5,0.3236504891475669,2023-09-30
CF4607,BM,CommitmentDraw,Inflow,115087.74,91-180d,0.5,0.6974050949666892,2023-05-19
CF4608,KY,DerivativesCF,Outflow,-110038.74,31-90d,0.5,0.6574322545837207,2024-04-22
CF4609,BM,DerivativesCF,Inflow,98746.2,181-365d,0.25,0.9980212914635647,2021-07-24
CF4610,KY,LoanRepayment,Outflow,-60937.49,8-30d,1.0,0.22124319643501766,2020-07-30
CF4611,GU,CommitmentDraw,Outflow,-416165.95,31-90d,0.5,0.15853429529128604,2023-03-06
CF4612,BM,DerivativesCF,Inflow,169654.68,2-7d,1.0,0.15109388194445594,2020-08-14
CF4613,BM,CommitmentDraw,Outflow,-256492.22,91-180d,0.5,0.5634805665637556,2021-02-25
CF4614,BM,LoanRepayment,Inflow,165225.15,<2d,1.0,0.8310004738118093,2020-10-29
CF4615,KY,DerivativesCF,Outflow,-32361.58,>1y,0.0,0.6176949500114506,2022-10-21
CF4616,KY,SecurityMaturity,Outflow,-125274.52,2-7d,1.0,0.06717313987916029,2021-09-30
CF4617,GU,LoanRepayment,Inflow,156549.44,>1y,0.0,0.40014533008335385,2023-12-04
CF4618,BM,SecurityMaturity,Inflow,137424.57,31-90d,0.5,0.23707290925640734,2022-12-05
CF4619,KY,SecurityMaturity,Inflow,141914.43,31-90d,0.5,0.7001989648797449,2021-05-19
CF4620,GU,CorporateDeposit,Inflow,115555.08,8-30d,1.0,0.8519179752795432,2020-08-30
CF4621,BM,LoanRepayment,Outflow,-133109.86,31-90d,0.5,0.8196132963672967,2023-03-04
CF4622,BM,CommitmentDraw,Inflow,32268.42,31-90d,0.5,0.5157492621810682,2023-11-11
CF4623,JE,DerivativesCF,Outflow,-207078.6,<2d,1.0,0.4598892694980493,2022-06-06
CF4624,GU,CorporateDeposit,Outflow,-133637.07,91-180d,0.5,0.3392277922806921,2022-10-03
CF4625,JE,RetailDeposit,Outflow,-653663.45,<2d,1.0,0.13397416743729862,2022-01-31
CF4626,KY,SecurityMaturity,Inflow,91996.3,91-180d,0.5,0.7712965101224925,2021-06-05
CF4627,BM,CommitmentDraw,Inflow,713586.33,2-7d,1.0,0.031754435389926505,2023-02-09
CF4628,KY,CorporateDeposit,Outflow,-14652.64,8-30d,1.0,0.38794073290846665,2023-07-12
CF4629,BM,RetailDeposit,Outflow,-12468.63,8-30d,1.0,0.9105268923165646,2019-09-21
CF4630,BM,CommitmentDraw,Outflow,-102622.86,<2d,1.0,0.1211704062090928,2019-12-28
CF4631,KY,CommitmentDraw,Inflow,449970.17,91-180d,0.5,0.9866423381960683,2023-11-03
CF4632,BM,CommitmentDraw,Inflow,155125.09,>1y,0.0,0.3031559440615773,2020-02-29
CF4633,BM,RetailDeposit,Inflow,61868.65,<2d,1.0,0.6707129297216627,2024-01-09
CF4634,KY,RetailDeposit,Inflow,121677.68,<2d,1.0,0.569992425295431,2019-12-23
CF4635,KY,LoanRepayment,Outflow,-9546.96,<2d,1.0,0.43136438180555736,2021-11-16
CF4636,KY,RetailDeposit,Inflow,88110.45,8-30d,1.0,0.8927164806702179,2022-09-28
CF4637,KY,SecurityMaturity,Inflow,21446.38,181-365d,0.25,0.4299094091676614,2023-12-16
CF4638,GU,LoanRepayment,Outflow,-137918.96,91-180d,0.5,0.2817261932515628,2019-07-13
CF4639,BM,DerivativesCF,Outflow,-225922.13,2-7d,1.0,0.8419232493687744,2024-03-07
CF4640,KY,CorporateDeposit,Outflow,-127720.73,2-7d,1.0,0.7714446970113786,2023-01-20
CF4641,GU,DerivativesCF,Inflow,52937.64,8-30d,1.0,0.6958816382663691,2023-08-20
CF4642,GU,SecurityMaturity,Inflow,169677.12,8-30d,1.0,0.26671424122794796,2020-04-17
CF4643,KY,RetailDeposit,Outflow,-145198.05,<2d,1.0,0.8914835249015799,2020-04-18
CF4644,BM,CorporateDeposit,Outflow,-320086.55,31-90d,0.5,0.3078354099048056,2021-11-29
CF4645,KY,LoanRepayment,Outflow,-344634.77,91-180d,0.5,0.9881722725667935,2021-12-25
CF4646,KY,SecurityMaturity,Inflow,117590.25,8-30d,1.0,0.43261543041416284,2020-08-09
CF4647,BM,LoanRepayment,Inflow,165873.41,8-30d,1.0,0.9641018776821071,2023-07-01
CF4648,BM,SecurityMaturity,Outflow,-7906.86,181-365d,0.25,0.4022249772957702,2024-02-27
CF4649,BM,RetailDeposit,Inflow,128012.52,2-7d,1.0,0.04364662800940744,2020-12-20
CF4650,GU,CommitmentDraw,Inflow,284342.0,8-30d,1.0,0.16638698969442411,2022-11-10
CF4651,BM,DerivativesCF,Outflow,-83199.05,31-90d,0.5,0.13537744974746868,2020-12-27
CF4652,JE,RetailDeposit,Inflow,338467.08,2-7d,1.0,0.7328420475292547,2021-10-14
CF4653,KY,DerivativesCF,Outflow,-288392.99,>1y,0.0,0.0732689688541237,2021-12-03
CF4654,BM,CorporateDeposit,Outflow,-121469.25,2-7d,1.0,0.41606428564815623,2020-07-26
CF4655,KY,DerivativesCF,Outflow,-231606.52,<2d,1.0,0.04658657603740546,2020-11-11
CF4656,JE,DerivativesCF,Inflow,167238.79,31-90d,0.5,0.628822861893842,2019-07-26
CF4657,JE,CorporateDeposit,Inflow,86513.34,31-90d,0.5,0.33442498697503764,2023-05-01
CF4658,JE,CommitmentDraw,Outflow,-217096.73,>1y,0.0,0.09227994568403652,2022-12-12
CF4659,BM,SecurityMaturity,Inflow,400100.66,8-30d,1.0,0.14120343154988868,2022-06-24
CF4660,GU,DerivativesCF,Inflow,43108.59,>1y,0.0,0.4754958481701722,2023-07-13
CF4661,JE,RetailDeposit,Outflow,-113183.68,91-180d,0.5,0.8168169561059218,2020-08-21
CF4662,JE,CommitmentDraw,Inflow,178144.06,2-7d,1.0,0.5208587518899234,2022-09-10
CF4663,KY,DerivativesCF,Outflow,-449187.29,31-90d,0.5,0.8816550725086829,2021-09-07
CF4664,JE,DerivativesCF,Outflow,-45118.59,<2d,1.0,0.24889581363645252,2022-10-19
CF4665,BM,CorporateDeposit,Outflow,-517.52,8-30d,1.0,0.26445586860301384,2021-12-20
CF4666,BM,CommitmentDraw,Outflow,-184488.42,91-180d,0.5,0.08699337625390968,2023-10-04
CF4667,BM,CommitmentDraw,Inflow,96248.81,181-365d,0.25,0.17432927794690345,2022-12-13
CF4668,JE,RetailDeposit,Outflow,-36286.15,91-180d,0.5,0.27489594582820076,2020-08-28
CF4669,GU,SecurityMaturity,Inflow,11948.87,181-365d,0.25,0.12039783268653192,2021-02-19
CF4670,BM,SecurityMaturity,Inflow,76314.3,<2d,1.0,0.716048505309192,2022-09-01
CF4671,BM,SecurityMaturity,Outflow,-373788.12,<2d,1.0,0.4921942711375774,2020-12-12
CF4672,BM,CommitmentDraw,Outflow,-451665.36,91-180d,0.5,0.04679905720005162,2024-05-25
CF4673,KY,RetailDeposit,Inflow,209649.47,>1y,0.0,0.4652578113281609,2021-06-21
CF4674,GU,CorporateDeposit,Outflow,-208180.45,>1y,0.0,0.9466337451799864,2023-02-06
CF4675,KY,RetailDeposit,Inflow,67125.42,181-365d,0.25,0.8743760993882511,2020-09-01
CF4676,BM,CommitmentDraw,Inflow,123581.84,<2d,1.0,0.9142559595819224,2023-07-14
CF4677,KY,RetailDeposit,Inflow,46757.41,91-180d,0.5,0.9162894789597213,2022-02-19
CF4678,KY,DerivativesCF,Outflow,-61278.11,181-365d,0.25,0.993446377403596,2023-09-20
CF4679,BM,LoanRepayment,Outflow,-87517.24,181-365d,0.25,0.6793647538499412,2020-12-15
CF4680,BM,DerivativesCF,Inflow,46875.85,8-30d,1.0,0.2556943322611449,2023-09-03
CF4681,BM,CorporateDeposit,Inflow,183766.71,2-7d,1.0,0.6221512311201057,2023-10-27
CF4682,KY,RetailDeposit,Inflow,181896.07,2-7d,1.0,0.4238630108194533,2022-04-06
CF4683,BM,LoanRepayment,Outflow,-117538.19,91-180d,0.5,0.6804895360283543,2019-11-26
CF4684,GU,CorporateDeposit,Outflow,-348786.44,91-180d,0.5,0.9909356412034286,2020-06-23
CF4685,BM,SecurityMaturity,Inflow,296024.27,2-7d,1.0,0.9152789942638736,2023-09-10
CF4686,BM,CorporateDeposit,Inflow,416012.05,2-7d,1.0,0.5890516739174745,2022-12-30
CF4687,JE,SecurityMaturity,Inflow,23134.05,<2d,1.0,0.6498950812753491,2019-09-25
CF4688,KY,DerivativesCF,Outflow,-239001.85,<2d,1.0,0.6729473388762502,2021-07-21
CF4689,KY,LoanRepayment,Outflow,-452376.28,181-365d,0.25,0.4956122839930941,2020-04-01
CF4690,KY,DerivativesCF,Inflow,60141.02,91-180d,0.5,0.31819564996652616,2022-12-23
CF4691,JE,CorporateDeposit,Inflow,82007.53,91-180d,0.5,0.18442076868151625,2020-09-26
CF4692,BM,CorporateDeposit,Inflow,121559.14,2-7d,1.0,0.07971763498182616,2023-10-15
CF4693,KY,CommitmentDraw,Outflow,-199327.87,2-7d,1.0,0.2859081879198674,2022-10-23
CF4694,KY,SecurityMaturity,Inflow,38784.62,31-90d,0.5,0.08255526167579785,2023-10-30
CF4695,KY,SecurityMaturity,Inflow,78370.25,91-180d,0.5,0.9836341872238575,2024-01-16
CF4696,KY,RetailDeposit,Outflow,-6738.09,<2d,1.0,0.4084975914452763,2020-03-15
CF4697,BM,CorporateDeposit,Inflow,133150.03,91-180d,0.5,0.795754538012856,2023-11-16
CF4698,KY,SecurityMaturity,Outflow,-227232.2,2-7d,1.0,0.3600857912313449,2020-04-11
CF4699,BM,CommitmentDraw,Outflow,-50534.55,181-365d,0.25,0.9209675765325651,2019-09-14
CF4700,BM,LoanRepayment,Inflow,134639.62,2-7d,1.0,0.5122253779625707,2022-07-25
CF4701,BM,LoanRepayment,Outflow,-289970.41,181-365d,0.25,0.17599897422140343,2023-01-20
CF4702,BM,SecurityMaturity,Outflow,-356708.84,31-90d,0.5,0.8242729698906824,2024-05-04
CF4703,BM,LoanRepayment,Inflow,242711.83,181-365d,0.25,0.2166955633444022,2021-08-09
CF4704,JE,CommitmentDraw,Outflow,-42705.63,91-180d,0.5,0.9940490163084055,2021-01-11
CF4705,GU,LoanRepayment,Inflow,139446.64,31-90d,0.5,0.5372349407638317,2023-07-28
CF4706,KY,DerivativesCF,Outflow,-199313.72,2-7d,1.0,0.8798222773233778,2020-09-01
CF4707,KY,RetailDeposit,Outflow,-258520.23,>1y,0.0,0.7995168480898133,2023-04-10
CF4708,BM,LoanRepayment,Outflow,-195990.33,31-90d,0.5,0.9911295061417479,2020-11-12
CF4709,KY,SecurityMaturity,Outflow,-573340.94,<2d,1.0,0.9282980289238031,2019-10-16
CF4710,GU,CorporateDeposit,Inflow,287241.29,8-30d,1.0,0.5409674844118658,2020-05-19
CF4711,KY,RetailDeposit,Inflow,155720.59,<2d,1.0,0.44832841562918724,2022-04-03
CF4712,BM,CommitmentDraw,Outflow,-74813.7,181-365d,0.25,0.532484236748145,2020-02-11
CF4713,BM,CommitmentDraw,Outflow,-293021.3,91-180d,0.5,0.8716738419494863,2021-12-12
CF4714,BM,SecurityMaturity,Outflow,-296316.06,31-90d,0.5,0.328883523329348,2020-04-23
CF4715,BM,LoanRepayment,Outflow,-3219.82,181-365d,0.25,0.22328705177181896,2021-08-26
CF4716,KY,SecurityMaturity,Outflow,-139280.54,8-30d,1.0,0.9858751381742547,2021-10-08
CF4717,KY,CommitmentDraw,Inflow,47496.92,<2d,1.0,0.7287283972525861,2022-09-20
CF4718,GU,CorporateDeposit,Inflow,34297.29,31-90d,0.5,0.0984542083029385,2023-03-12
CF4719,JE,DerivativesCF,Outflow,-17516.14,8-30d,1.0,0.4145637488845989,2023-04-24
CF4720,GU,DerivativesCF,Outflow,-100370.59,31-90d,0.5,0.9390511808261108,2024-04-15
CF4721,BM,CommitmentDraw,Outflow,-82658.85,2-7d,1.0,0.08990906637465512,2020-04-20
CF4722,JE,LoanRepayment,Outflow,-47864.71,91-180d,0.5,0.8323326205852052,2020-02-12
CF4723,BM,SecurityMaturity,Inflow,175403.75,181-365d,0.25,0.021524754011209457,2021-03-02
CF4724,BM,SecurityMaturity,Outflow,-347808.74,181-365d,0.25,0.9684990726830944,2022-05-15
CF4725,BM,DerivativesCF,Outflow,-240425.54,>1y,0.0,0.4143214343722793,2023-07-21
CF4726,JE,DerivativesCF,Inflow,190796.46,31-90d,0.5,0.3656782693630346,2023-10-29
CF4727,KY,RetailDeposit,Inflow,143773.81,2-7d,1.0,0.8787254319725762,2021-11-29
CF4728,KY,CorporateDeposit,Outflow,-216467.33,91-180d,0.5,0.3957915018994077,2022-12-05
CF4729,BM,DerivativesCF,Inflow,68625.01,91-180d,0.5,0.2276169420268851,2020-01-10
CF4730,BM,CorporateDeposit,Inflow,79743.95,91-180d,0.5,0.6222862883481775,2023-01-11
CF4731,BM,SecurityMaturity,Inflow,130932.21,181-365d,0.25,0.8214037681035722,2022-08-29
CF4732,BM,SecurityMaturity,Inflow,239988.37,31-90d,0.5,0.2638336742844425,2020-06-24
CF4733,JE,SecurityMaturity,Inflow,461812.51,2-7d,1.0,0.5967285720189329,2023-08-26
CF4734,BM,CommitmentDraw,Outflow,-79533.94,<2d,1.0,0.010423304588076165,2020-08-11
CF4735,JE,RetailDeposit,Outflow,-228965.64,>1y,0.0,0.909153166582514,2023-11-13
CF4736,BM,LoanRepayment,Inflow,44757.34,31-90d,0.5,0.01914559004506544,2022-08-19
CF4737,BM,SecurityMaturity,Inflow,173359.28,181-365d,0.25,0.9296677418382245,2019-08-10
CF4738,KY,LoanRepayment,Inflow,630233.61,8-30d,1.0,0.8350128971016216,2023-11-14
CF4739,GU,SecurityMaturity,Inflow,76325.4,<2d,1.0,0.3203337484233404,2020-06-26
CF4740,GU,LoanRepayment,Outflow,-452322.02,8-30d,1.0,0.23746359157888886,2020-08-14
CF4741,GU,DerivativesCF,Inflow,42170.61,91-180d,0.5,0.6963421427956354,2021-05-03
CF4742,GU,SecurityMaturity,Inflow,400767.52,<2d,1.0,0.6624420912462626,2023-10-20
CF4743,BM,CommitmentDraw,Inflow,32441.63,181-365d,0.25,0.3670576340804962,2021-09-28
CF4744,JE,CommitmentDraw,Inflow,47770.39,91-180d,0.5,0.47181467220631035,2020-07-04
CF4745,BM,RetailDeposit,Outflow,-258062.76,91-180d,0.5,0.8470556537694056,2019-12-15
CF4746,JE,DerivativesCF,Inflow,78788.05,2-7d,1.0,0.8547020262106275,2019-09-27
CF4747,BM,CommitmentDraw,Inflow,90629.31,2-7d,1.0,0.7086912218606416,2020-05-27
CF4748,JE,RetailDeposit,Inflow,29476.36,<2d,1.0,0.26476048440454736,2021-05-10
CF4749,BM,RetailDeposit,Inflow,344032.59,2-7d,1.0,0.07117260299370376,2021-07-04
CF4750,GU,RetailDeposit,Inflow,50839.42,31-90d,0.5,0.3889514137488652,2020-02-16
CF4751,KY,CommitmentDraw,Inflow,226992.04,8-30d,1.0,0.7956770493492487,2024-05-24
CF4752,BM,CommitmentDraw,Outflow,-381117.59,>1y,0.0,0.9047463008177976,2023-05-30
CF4753,GU,CorporateDeposit,Inflow,37491.79,<2d,1.0,0.5134846008890438,2021-08-22
CF4754,JE,CorporateDeposit,Outflow,-502288.71,>1y,0.0,0.8262194608242849,2020-04-13
CF4755,BM,RetailDeposit,Inflow,121047.65,8-30d,1.0,0.19162785850192354,2019-11-11
CF4756,KY,CorporateDeposit,Outflow,-259264.83,2-7d,1.0,0.3450415687032866,2023-11-20
CF4757,JE,DerivativesCF,Inflow,7657.34,2-7d,1.0,0.29192556938726144,2022-06-05
CF4758,KY,LoanRepayment,Inflow,182040.8,>1y,0.0,0.8603668701450875,2021-05-29
CF4759,KY,CommitmentDraw,Outflow,-118020.59,91-180d,0.5,0.6462181712711459,2021-06-09
CF4760,GU,DerivativesCF,Outflow,-232291.97,<2d,1.0,0.21238813180626093,2021-09-13
CF4761,BM,DerivativesCF,Outflow,-197742.37,181-365d,0.25,0.12972167975632287,2021-11-26
CF4762,BM,CorporateDeposit,Outflow,-402239.23,2-7d,1.0,0.24338797529908596,2020-11-23
CF4763,BM,SecurityMaturity,Inflow,77291.84,91-180d,0.5,0.8390070199699092,2021-07-21
CF4764,KY,CorporateDeposit,Outflow,-258201.68,<2d,1.0,0.12726158042504332,2021-07-28
CF4765,GU,CommitmentDraw,Inflow,65850.31,2-7d,1.0,0.666190324011863,2020-10-12
CF4766,GU,SecurityMaturity,Inflow,407919.76,91-180d,0.5,0.560343792845115,2023-04-26
CF4767,KY,CommitmentDraw,Outflow,-23040.65,>1y,0.0,0.6566206817230283,2024-04-12
CF4768,BM,LoanRepayment,Outflow,-395110.44,31-90d,0.5,0.40269674963162994,2022-02-03
CF4769,KY,SecurityMaturity,Outflow,-270568.01,>1y,0.0,0.016416981216249793,2023-05-25
CF4770,GU,DerivativesCF,Inflow,93427.9,<2d,1.0,0.42785530358014134,2024-02-21
CF4771,BM,RetailDeposit,Inflow,71115.74,>1y,0.0,0.6547593641779074,2021-04-17
CF4772,BM,SecurityMaturity,Inflow,61678.49,>1y,0.0,0.9545953764210299,2021-10-22
CF4773,KY,SecurityMaturity,Outflow,-168347.16,<2d,1.0,0.7261249499073954,2020-07-31
CF4774,JE,CommitmentDraw,Outflow,-80763.02,91-180d,0.5,0.6542134154824817,2022-03-20
CF4775,GU,LoanRepayment,Inflow,204725.29,>1y,0.0,0.43452489931018823,2022-12-20
CF4776,BM,RetailDeposit,Outflow,-278212.68,>1y,0.0,0.3387768838023142,2023-10-29
CF4777,BM,RetailDeposit,Outflow,-227954.16,91-180d,0.5,0.48491871432589884,2023-11-27
CF4778,BM,CorporateDeposit,Outflow,-198867.45,8-30d,1.0,0.6637743698713928,2022-01-11
CF4779,JE,LoanRepayment,Inflow,172322.48,>1y,0.0,0.47567440640639136,2022-08-16
CF4780,BM,CommitmentDraw,Inflow,253418.36,31-90d,0.5,0.2619187680987356,2023-12-04
CF4781,KY,DerivativesCF,Outflow,-477057.48,91-180d,0.5,0.07998388127504708,2021-09-22
CF4782,BM,LoanRepayment,Outflow,-121991.82,2-7d,1.0,0.6359963374487099,2023-07-07
CF4783,BM,CorporateDeposit,Outflow,-29480.3,>1y,0.0,0.7450863077617257,2023-08-05
CF4784,KY,CorporateDeposit,Outflow,-106380.74,181-365d,0.25,0.3069963716381011,2021-10-12
CF4785,JE,LoanRepayment,Outflow,-404077.77,181-365d,0.25,0.5940157326788665,2023-08-11
CF4786,KY,CorporateDeposit,Inflow,64039.59,<2d,1.0,0.10708507899415942,2021-10-07
CF4787,JE,CommitmentDraw,Inflow,206440.32,>1y,0.0,0.3601460098719952,2023-09-03
CF4788,BM,RetailDeposit,Inflow,321044.19,2-7d,1.0,0.4219155636398536,2020-07-26
CF4789,BM,RetailDeposit,Outflow,-101782.85,8-30d,1.0,0.6181756198212905,2020-05-31
CF4790,BM,CorporateDeposit,Inflow,12481.91,31-90d,0.5,0.5218293005856833,2021-06-16
CF4791,KY,SecurityMaturity,Outflow,-49795.82,2-7d,1.0,0.07686685536637317,2020-04-02
CF4792,GU,SecurityMaturity,Outflow,-30959.1,8-30d,1.0,0.9262066021005015,2023-10-04
CF4793,KY,RetailDeposit,Inflow,235843.03,31-90d,0.5,0.2524993203458693,2020-10-31
CF4794,KY,LoanRepayment,Inflow,617613.82,91-180d,0.5,0.2972086398619903,2022-03-19
CF4795,BM,CommitmentDraw,Outflow,-105079.73,<2d,1.0,0.7223854058967651,2022-10-23
CF4796,JE,LoanRepayment,Outflow,-212511.64,31-90d,0.5,0.7358824579768822,2020-12-01
CF4797,BM,RetailDeposit,Outflow,-280075.11,31-90d,0.5,0.10586153172070434,2021-01-21
CF4798,GU,CorporateDeposit,Outflow,-102745.86,31-90d,0.5,0.3854166236324893,2023-01-16
CF4799,KY,SecurityMaturity,Inflow,419758.21,181-365d,0.25,0.9133688341800126,2020-02-12
CF4800,KY,SecurityMaturity,Inflow,34460.36,181-365d,0.25,0.2261932813758294,2023-12-21
CF4801,KY,SecurityMaturity,Outflow,-11853.21,31-90d,0.5,0.36101622512154474,2020-01-28
CF4802,KY,DerivativesCF,Inflow,149182.13,2-7d,1.0,0.3714738900215758,2023-12-22
CF4803,KY,CorporateDeposit,Outflow,-191593.77,>1y,0.0,0.29989166985710436,2022-04-25
CF4804,BM,CorporateDeposit,Inflow,203939.74,>1y,0.0,0.5719663527574586,2020-04-04
CF4805,KY,DerivativesCF,Inflow,184354.23,>1y,0.0,0.32974190992615937,2024-02-20
CF4806,GU,RetailDeposit,Inflow,141632.63,<2d,1.0,0.42456334625576997,2024-04-26
CF4807,GU,SecurityMaturity,Outflow,-8056.84,31-90d,0.5,0.8999304761354427,2021-06-20
CF4808,JE,RetailDeposit,Outflow,-565405.37,2-7d,1.0,0.45131828347018865,2019-10-23
CF4809,GU,CorporateDeposit,Inflow,9759.36,91-180d,0.5,0.38630537314164115,2020-05-22
CF4810,BM,CommitmentDraw,Inflow,43416.08,31-90d,0.5,0.9906671976703678,2023-02-04
CF4811,KY,SecurityMaturity,Outflow,-115088.62,<2d,1.0,0.6715868118838897,2020-09-09
CF4812,BM,CorporateDeposit,Inflow,200934.29,181-365d,0.25,0.8821399081463146,2023-06-16
CF4813,BM,DerivativesCF,Outflow,-38020.76,8-30d,1.0,0.024047158410979375,2024-01-01
CF4814,BM,DerivativesCF,Inflow,228087.06,91-180d,0.5,0.20420217574223376,2020-09-19
CF4815,BM,LoanRepayment,Outflow,-504098.14,2-7d,1.0,0.9536062401948381,2020-11-10
CF4816,GU,LoanRepayment,Outflow,-238109.54,8-30d,1.0,0.20391878667238117,2020-10-18
CF4817,BM,LoanRepayment,Inflow,66415.33,181-365d,0.25,0.5791990843476611,2020-03-09
CF4818,JE,CorporateDeposit,Outflow,-129001.57,8-30d,1.0,0.2575132054961101,2022-01-04
CF4819,JE,CommitmentDraw,Outflow,-18699.49,91-180d,0.5,0.5041231577109914,2021-02-18
CF4820,BM,LoanRepayment,Inflow,14085.27,>1y,0.0,0.7776052277173191,2020-01-11
CF4821,GU,CommitmentDraw,Outflow,-274294.39,31-90d,0.5,0.4037727400114557,2020-08-25
CF4822,JE,RetailDeposit,Outflow,-337584.4,31-90d,0.5,0.34586802440000275,2021-12-10
CF4823,BM,SecurityMaturity,Outflow,-312650.73,8-30d,1.0,0.3826345334504032,2021-05-15
CF4824,KY,DerivativesCF,Inflow,75268.68,31-90d,0.5,0.32146062613937276,2020-04-25
CF4825,BM,RetailDeposit,Outflow,-202261.65,8-30d,1.0,0.295832673783589,2020-09-05
CF4826,BM,CorporateDeposit,Inflow,28109.52,>1y,0.0,0.358562005510221,2021-11-06
CF4827,KY,DerivativesCF,Outflow,-38943.76,31-90d,0.5,0.6535999692494455,2019-08-18
CF4828,BM,SecurityMaturity,Inflow,224442.81,2-7d,1.0,0.9823093757950159,2024-01-08
CF4829,KY,LoanRepayment,Outflow,-122282.47,>1y,0.0,0.3205953510395795,2020-06-16
CF4830,GU,CorporateDeposit,Inflow,326069.21,91-180d,0.5,0.12269453806335506,2024-05-01
CF4831,KY,SecurityMaturity,Inflow,68978.2,91-180d,0.5,0.5221845832575127,2021-05-03
CF4832,KY,CorporateDeposit,Inflow,139226.02,<2d,1.0,0.2008177490112576,2021-09-10
CF4833,BM,RetailDeposit,Outflow,-277630.49,<2d,1.0,0.7995161872952038,2023-08-05
CF4834,BM,CommitmentDraw,Outflow,-12457.4,31-90d,0.5,0.6767395425917424,2020-01-30
CF4835,BM,SecurityMaturity,Inflow,147538.15,91-180d,0.5,0.23106976325151007,2021-10-25
CF4836,BM,SecurityMaturity,Outflow,-130062.17,<2d,1.0,0.9910499263192728,2023-07-16
CF4837,KY,CommitmentDraw,Outflow,-25329.43,2-7d,1.0,0.684966787893611,2023-12-04
CF4838,BM,LoanRepayment,Inflow,128283.67,91-180d,0.5,0.30357833213338337,2022-02-23
CF4839,GU,DerivativesCF,Outflow,-159573.58,2-7d,1.0,0.6588328262114997,2019-08-25
CF4840,BM,SecurityMaturity,Inflow,55449.38,8-30d,1.0,0.1290724575256993,2020-09-22
CF4841,GU,CorporateDeposit,Inflow,214157.23,2-7d,1.0,0.6766013203649294,2019-07-18
CF4842,BM,CommitmentDraw,Outflow,-307184.48,91-180d,0.5,0.08626634645833053,2023-12-10
CF4843,BM,CommitmentDraw,Outflow,-116404.74,>1y,0.0,0.9117605083318563,2023-10-03
CF4844,BM,CorporateDeposit,Inflow,201664.98,<2d,1.0,0.7935282646074259,2023-06-15
CF4845,KY,RetailDeposit,Inflow,81350.07,<2d,1.0,0.21881733089891064,2021-06-19
CF4846,KY,CommitmentDraw,Outflow,-115163.04,2-7d,1.0,0.6342639200758523,2023-11-02
CF4847,BM,DerivativesCF,Outflow,-344633.59,2-7d,1.0,0.36459962577052074,2022-04-09
CF4848,KY,CommitmentDraw,Inflow,338086.87,181-365d,0.25,0.07338898515156966,2021-11-18
CF4849,BM,CorporateDeposit,Inflow,322828.65,91-180d,0.5,0.9853249859687524,2023-12-14
CF4850,BM,CommitmentDraw,Outflow,-119161.43,31-90d,0.5,0.8268442596227846,2023-01-02
CF4851,KY,CorporateDeposit,Inflow,245214.88,<2d,1.0,0.548086253398521,2019-08-03
CF4852,BM,CorporateDeposit,Outflow,-16683.42,31-90d,0.5,0.3737667126911166,2021-10-07
CF4853,GU,CommitmentDraw,Inflow,376424.87,31-90d,0.5,0.3955237965455214,2021-07-01
CF4854,BM,RetailDeposit,Inflow,141174.36,>1y,0.0,0.725317438650809,2022-10-19
CF4855,KY,CommitmentDraw,Inflow,49278.71,181-365d,0.25,0.7537390703985462,2021-02-27
CF4856,BM,DerivativesCF,Outflow,-145266.46,181-365d,0.25,0.014089781138067914,2021-01-19
CF4857,JE,RetailDeposit,Inflow,54399.48,>1y,0.0,0.18994188764458175,2021-05-18
CF4858,GU,RetailDeposit,Inflow,460455.94,8-30d,1.0,0.7940581667979,2020-12-31
CF4859,BM,CommitmentDraw,Outflow,-55715.05,2-7d,1.0,0.7082625875519705,2022-12-22
CF4860,KY,LoanRepayment,Inflow,89253.02,91-180d,0.5,0.7612298665469844,2023-02-05
CF4861,KY,RetailDeposit,Inflow,35482.53,>1y,0.0,0.02501800884563188,2021-04-20
CF4862,BM,SecurityMaturity,Inflow,418595.65,8-30d,1.0,0.5888547159683193,2021-06-21
CF4863,KY,LoanRepayment,Inflow,339668.34,8-30d,1.0,0.1332635007714975,2020-12-10
CF4864,JE,CorporateDeposit,Outflow,-144775.71,>1y,0.0,0.41984189355864476,2020-08-09
CF4865,BM,RetailDeposit,Inflow,47869.0,8-30d,1.0,0.1157779926268464,2024-03-26
CF4866,KY,CorporateDeposit,Inflow,57243.9,>1y,0.0,0.22080680687597054,2021-06-03
CF4867,KY,DerivativesCF,Outflow,-277515.03,31-90d,0.5,0.19167211911177007,2021-01-13
CF4868,BM,LoanRepayment,Inflow,50972.96,31-90d,0.5,0.820530427737482,2021-11-06
CF4869,KY,CommitmentDraw,Outflow,-19430.26,>1y,0.0,0.45146191207635467,2022-09-12
CF4870,BM,CorporateDeposit,Inflow,132862.06,<2d,1.0,0.8883146891660161,2022-08-12
CF4871,BM,CommitmentDraw,Outflow,-405910.82,91-180d,0.5,0.6327797075867915,2019-12-12
CF4872,KY,CorporateDeposit,Inflow,56414.24,<2d,1.0,0.37049038460115424,2021-11-01
CF4873,BM,LoanRepayment,Inflow,116743.86,2-7d,1.0,0.8339893722576005,2020-09-12
CF4874,KY,LoanRepayment,Inflow,243767.51,>1y,0.0,0.041628616195863555,2022-09-25
CF4875,BM,CommitmentDraw,Outflow,-148476.74,181-365d,0.25,0.6676557089276313,2024-06-03
CF4876,KY,DerivativesCF,Inflow,33453.46,31-90d,0.5,0.9583129518470467,2023-10-03
CF4877,BM,SecurityMaturity,Inflow,323402.06,8-30d,1.0,0.8620332707658793,2021-11-12
CF4878,BM,DerivativesCF,Inflow,246542.76,31-90d,0.5,0.09275179489795893,2022-05-24
CF4879,KY,DerivativesCF,Inflow,372610.88,31-90d,0.5,0.16883108350882137,2023-06-05
CF4880,BM,SecurityMaturity,Outflow,-338121.03,91-180d,0.5,0.6366080637981224,2022-09-15
CF4881,BM,DerivativesCF,Inflow,21209.81,<2d,1.0,0.9899592521389733,2024-06-21
CF4882,KY,SecurityMaturity,Outflow,-18138.31,31-90d,0.5,0.26749867320021703,2020-04-07
CF4883,KY,LoanRepayment,Inflow,196970.59,31-90d,0.5,0.021536706841431497,2024-06-04
CF4884,KY,RetailDeposit,Outflow,-263522.62,91-180d,0.5,0.1814395651432532,2021-12-03
CF4885,KY,CorporateDeposit,Inflow,83673.18,2-7d,1.0,0.4033923516278085,2023-07-19
CF4886,JE,RetailDeposit,Outflow,-49274.47,91-180d,0.5,0.014126954380218826,2021-09-11
CF4887,BM,RetailDeposit,Inflow,405702.48,31-90d,0.5,0.07257908115918166,2023-04-12
CF4888,BM,CommitmentDraw,Inflow,38167.43,31-90d,0.5,0.17398120857631771,2020-10-02
CF4889,BM,LoanRepayment,Inflow,126790.03,>1y,0.0,0.46159617184034374,2024-05-10
CF4890,KY,DerivativesCF,Inflow,450164.92,181-365d,0.25,0.6197613278931355,2024-01-19
CF4891,BM,LoanRepayment,Inflow,285305.35,91-180d,0.5,0.2576142566975297,2024-05-22
CF4892,GU,CommitmentDraw,Outflow,-100157.32,181-365d,0.25,0.494503867982762,2021-07-26
CF4893,KY,RetailDeposit,Inflow,309992.79,8-30d,1.0,0.17859389065588838,2020-11-29
CF4894,KY,CorporateDeposit,Outflow,-396868.09,8-30d,1.0,0.4677124715785722,2021-06-25
CF4895,GU,CommitmentDraw,Outflow,-203772.21,2-7d,1.0,0.6660125315630521,2022-03-31
CF4896,KY,CorporateDeposit,Outflow,-156008.6,<2d,1.0,0.35080713083939186,2019-10-20
CF4897,BM,LoanRepayment,Outflow,-112974.16,91-180d,0.5,0.8786334357994646,2024-02-20
CF4898,KY,LoanRepayment,Outflow,-190074.06,<2d,1.0,0.25065121618469244,2019-07-29
CF4899,KY,CorporateDeposit,Inflow,253502.27,91-180d,0.5,0.6189072870215333,2022-03-03
CF4900,BM,DerivativesCF,Inflow,127805.33,91-180d,0.5,0.22845457171982264,2020-05-17
CF4901,BM,LoanRepayment,Outflow,-84113.55,<2d,1.0,0.8942585079973708,2022-04-20
CF4902,KY,CommitmentDraw,Inflow,185854.2,<2d,1.0,0.14965063355907726,2020-01-17
CF4903,BM,LoanRepayment,Inflow,212176.28,>1y,0.0,0.3963638509866144,2020-09-26
CF4904,BM,LoanRepayment,Inflow,16267.71,181-365d,0.25,0.3381402511355611,2021-02-05
CF4905,BM,CorporateDeposit,Outflow,-102714.08,2-7d,1.0,0.9266045611453945,2022-02-17
CF4906,BM,RetailDeposit,Inflow,83951.44,>1y,0.0,0.5842111203765509,2021-06-18
CF4907,GU,LoanRepayment,Outflow,-1565.11,181-365d,0.25,0.20680010624208844,2022-04-09
CF4908,JE,RetailDeposit,Outflow,-44334.36,2-7d,1.0,0.2795506896491804,2020-04-05
CF4909,KY,DerivativesCF,Outflow,-418358.52,8-30d,1.0,0.3674164490953752,2022-04-09
CF4910,GU,SecurityMaturity,Outflow,-380728.4,<2d,1.0,0.9114423380056911,2022-08-13
CF4911,KY,CommitmentDraw,Inflow,179516.94,<2d,1.0,0.3853109358079596,2021-01-31
CF4912,KY,LoanRepayment,Inflow,292271.06,91-180d,0.5,0.2747071721406007,2021-08-30
CF4913,BM,SecurityMaturity,Inflow,24463.66,>1y,0.0,0.19597271733578825,2021-03-09
CF4914,KY,DerivativesCF,Outflow,-83233.52,91-180d,0.5,0.9399687511097041,2021-08-18
CF4915,BM,CommitmentDraw,Outflow,-81153.79,>1y,0.0,0.6441925355010825,2022-02-23
CF4916,KY,DerivativesCF,Outflow,-86472.01,91-180d,0.5,0.7353146832800672,2022-03-25
CF4917,BM,DerivativesCF,Inflow,344626.82,8-30d,1.0,0.7926132002176264,2021-06-02
CF4918,JE,DerivativesCF,Outflow,-85485.05,>1y,0.0,0.020566194316964603,2021-12-31
CF4919,KY,CommitmentDraw,Inflow,282883.23,8-30d,1.0,0.9421177328983332,2021-11-01
CF4920,GU,RetailDeposit,Outflow,-95754.97,2-7d,1.0,0.9403860629399052,2021-11-01
CF4921,KY,DerivativesCF,Outflow,-110429.81,181-365d,0.25,0.2100291787195424,2020-03-17
CF4922,BM,SecurityMaturity,Inflow,151615.52,8-30d,1.0,0.9648554677501308,2022-11-24
CF4923,JE,SecurityMaturity,Outflow,-188306.39,31-90d,0.5,0.053012180720075075,2024-05-14
CF4924,BM,CommitmentDraw,Outflow,-103213.97,31-90d,0.5,0.6567969616447323,2020-01-16
CF4925,KY,DerivativesCF,Inflow,87738.59,8-30d,1.0,0.8788210243967185,2020-06-14
CF4926,KY,LoanRepayment,Inflow,172344.49,91-180d,0.5,0.9747312502348053,2021-06-20
CF4927,BM,SecurityMaturity,Inflow,189447.32,>1y,0.0,0.9057555204932742,2022-11-28
CF4928,JE,CorporateDeposit,Outflow,-53394.68,>1y,0.0,0.8482685324707032,2023-07-25
CF4929,KY,LoanRepayment,Inflow,182883.34,>1y,0.0,0.8728113940909018,2022-10-08
CF4930,JE,RetailDeposit,Inflow,213220.91,<2d,1.0,0.9419865657872618,2020-06-05
CF4931,BM,LoanRepayment,Inflow,251332.26,>1y,0.0,0.18280602176440375,2023-08-28
CF4932,KY,RetailDeposit,Inflow,362508.72,31-90d,0.5,0.002293392220804713,2020-11-23
CF4933,GU,SecurityMaturity,Inflow,18784.4,8-30d,1.0,0.002766024488049079,2023-08-04
CF4934,BM,DerivativesCF,Inflow,414178.69,31-90d,0.5,0.20603181116805047,2021-05-01
CF4935,BM,RetailDeposit,Inflow,315639.24,91-180d,0.5,0.8555805487949522,2019-11-21
CF4936,BM,DerivativesCF,Inflow,271886.74,8-30d,1.0,0.7584579956704648,2023-08-29
CF4937,BM,LoanRepayment,Outflow,-270853.53,<2d,1.0,0.4970190640386485,2023-01-26
CF4938,BM,RetailDeposit,Outflow,-232356.67,31-90d,0.5,0.2990267587879645,2022-02-16
CF4939,KY,LoanRepayment,Outflow,-125075.44,181-365d,0.25,0.6360187807457827,2020-07-01
CF4940,BM,CommitmentDraw,Inflow,242149.5,31-90d,0.5,0.1471940331981183,2022-03-31
CF4941,BM,CorporateDeposit,Inflow,212326.39,181-365d,0.25,0.22264111575595802,2019-08-31
CF4942,BM,LoanRepayment,Outflow,-217644.84,2-7d,1.0,0.7869708169746528,2022-08-27
CF4943,GU,CorporateDeposit,Outflow,-336510.39,181-365d,0.25,0.4340379704413446,2021-08-10
CF4944,BM,CorporateDeposit,Outflow,-194866.07,91-180d,0.5,0.7297788980612719,2023-03-24
CF4945,BM,DerivativesCF,Inflow,138093.25,181-365d,0.25,0.4781320648108299,2023-02-07
CF4946,BM,LoanRepayment,Outflow,-617523.74,181-365d,0.25,0.10529191114053438,2021-08-19
CF4947,JE,CommitmentDraw,Outflow,-203473.8,8-30d,1.0,0.2796978014502811,2023-07-29
CF4948,GU,CommitmentDraw,Inflow,152061.62,91-180d,0.5,0.5419236152491508,2023-07-10
CF4949,BM,SecurityMaturity,Inflow,41124.41,181-365d,0.25,0.9080726520468962,2022-02-02
CF4950,BM,LoanRepayment,Outflow,-323502.38,31-90d,0.5,0.5833643740624721,2021-09-11
CF4951,KY,CommitmentDraw,Outflow,-158523.05,91-180d,0.5,0.12028697464285099,2020-03-09
CF4952,BM,RetailDeposit,Outflow,-138745.19,<2d,1.0,0.5351092617317191,2024-05-18
CF4953,GU,RetailDeposit,Outflow,-304534.74,2-7d,1.0,0.45937556675698,2024-06-30
CF4954,BM,CorporateDeposit,Outflow,-85286.17,<2d,1.0,0.3969881557862417,2020-04-22
CF4955,BM,RetailDeposit,Outflow,-56019.11,31-90d,0.5,0.29380841262928237,2021-11-18
CF4956,BM,CommitmentDraw,Outflow,-118300.81,91-180d,0.5,0.2102783436735549,2021-08-18
CF4957,BM,LoanRepayment,Inflow,87427.51,>1y,0.0,0.45469640575369974,2022-10-08
CF4958,KY,CommitmentDraw,Outflow,-174142.45,181-365d,0.25,0.7713674222643399,2021-03-30
CF4959,BM,CorporateDeposit,Outflow,-202522.87,<2d,1.0,0.1281573208037602,2021-09-22
CF4960,KY,SecurityMaturity,Outflow,-113455.91,181-365d,0.25,0.1895448266956965,2022-07-24
CF4961,BM,CommitmentDraw,Inflow,275980.63,<2d,1.0,0.47825205469797394,2021-01-30
CF4962,BM,CorporateDeposit,Outflow,-250202.26,>1y,0.0,0.3793072434835284,2022-07-06
CF4963,KY,CorporateDeposit,Inflow,54446.21,<2d,1.0,0.5999612096540704,2023-10-02
CF4964,GU,RetailDeposit,Inflow,124345.73,>1y,0.0,0.5178021843148558,2022-06-21
CF4965,BM,SecurityMaturity,Inflow,128946.51,2-7d,1.0,0.0034358764486690507,2022-08-29
CF4966,JE,CorporateDeposit,Outflow,-127747.81,91-180d,0.5,0.7604133929511399,2021-10-19
CF4967,JE,SecurityMaturity,Inflow,92578.75,<2d,1.0,0.14195039805168486,2019-08-26
CF4968,KY,RetailDeposit,Inflow,90111.91,31-90d,0.5,0.10424305789024124,2022-05-23
CF4969,BM,DerivativesCF,Inflow,318661.41,2-7d,1.0,0.1325087112099682,2020-04-12
CF4970,BM,DerivativesCF,Inflow,105441.98,>1y,0.0,0.879301306377276,2024-05-11
CF4971,GU,RetailDeposit,Inflow,355803.4,<2d,1.0,0.6001688311574146,2020-03-19
CF4972,KY,CommitmentDraw,Outflow,-6708.41,>1y,0.0,0.5557238166319133,2024-03-31
CF4973,KY,LoanRepayment,Outflow,-351494.04,<2d,1.0,0.5527164960780883,2022-10-08
CF4974,BM,CorporateDeposit,Outflow,-187911.55,31-90d,0.5,0.333359500845269,2022-11-02
CF4975,JE,LoanRepayment,Inflow,223549.91,91-180d,0.5,0.7095797107632965,2021-04-11
CF4976,KY,LoanRepayment,Inflow,139481.94,<2d,1.0,0.5091200518715224,2024-06-11
CF4977,KY,CorporateDeposit,Outflow,-218001.66,31-90d,0.5,0.5928602229040328,2023-12-19
CF4978,JE,CorporateDeposit,Inflow,213919.98,2-7d,1.0,0.6152071469320918,2023-11-07
CF4979,BM,CommitmentDraw,Inflow,73506.08,>1y,0.0,0.3043198217818166,2023-03-25
CF4980,KY,SecurityMaturity,Inflow,476119.64,8-30d,1.0,0.7809831447330227,2023-07-12
CF4981,GU,LoanRepayment,Outflow,-212746.45,<2d,1.0,0.5225849114646677,2024-02-05
CF4982,BM,CommitmentDraw,Inflow,17777.37,181-365d,0.25,0.5521985658081983,2023-04-04
CF4983,BM,LoanRepayment,Outflow,-228553.86,31-90d,0.5,0.21004276405533662,2023-11-25
CF4984,BM,CommitmentDraw,Outflow,-259144.34,31-90d,0.5,0.48240368035194636,2020-05-14
CF4985,KY,DerivativesCF,Outflow,-97449.53,31-90d,0.5,0.8989181800824187,2020-08-27
CF4986,KY,CorporateDeposit,Outflow,-169941.04,91-180d,0.5,0.23923969601063444,2021-01-29
CF4987,KY,CorporateDeposit,Inflow,278053.73,181-365d,0.25,0.5485237978007143,2020-11-12
CF4988,KY,SecurityMaturity,Outflow,-398866.41,2-7d,1.0,0.10960885094508965,2024-04-26
CF4989,GU,LoanRepayment,Inflow,15510.83,2-7d,1.0,0.29204705972949807,2020-08-06
CF4990,JE,SecurityMaturity,Outflow,-65696.44,91-180d,0.5,0.567970722512714,2023-04-16
CF4991,BM,LoanRepayment,Inflow,371360.45,8-30d,1.0,0.964911313691305,2020-10-27
CF4992,JE,RetailDeposit,Outflow,-267935.74,181-365d,0.25,0.4255424205629119,2023-09-15
CF4993,KY,CommitmentDraw,Inflow,249007.32,<2d,1.0,0.3771986529731469,2019-12-31
CF4994,GU,LoanRepayment,Outflow,-208149.57,91-180d,0.5,0.0982971904697213,2020-09-14
CF4995,KY,LoanRepayment,Inflow,9104.07,91-180d,0.5,0.3888774658134001,2023-10-10
CF4996,BM,LoanRepayment,Inflow,654614.29,8-30d,1.0,0.20725789381526372,2021-04-06
CF4997,BM,RetailDeposit,Outflow,-208528.71,8-30d,1.0,0.17811861871985235,2024-01-11
CF4998,KY,LoanRepayment,Inflow,287989.17,>1y,0.0,0.13229922469010702,2022-12-22
CF4999,KY,RetailDeposit,Inflow,12333.3,91-180d,0.5,0.30965697128030356,2022-08-11
